state,party,candidate,votes
Alabama,Democrat,Bernie Sanders,76399
Alabama,Democrat,Hillary Clinton,309928
Alabama,Republican,Ben Carson,87517
Alabama,Republican,Donald Trump,371735
Alabama,Republican,John Kasich,37970
Alabama,Republican,Marco Rubio,159802
Alabama,Republican,Ted Cruz,180608
Alaska,Democrat,Bernie Sanders,440
Alaska,Democrat,Hillary Clinton,99
Alaska,Republican,Ben Carson,2401
Alaska,Republican,Donald Trump,7346
Alaska,Republican,John Kasich,892
Alaska,Republican,Marco Rubio,3318
Alaska,Republican,Ted Cruz,7973
Arizona,Democrat,Bernie Sanders,163400
Arizona,Democrat,Hillary Clinton,235697
Arizona,Republican,Donald Trump,249916
Arizona,Republican,John Kasich,53040
Arizona,Republican,Ted Cruz,132147
Arkansas,Democrat,Bernie Sanders,64868
Arkansas,Democrat,Hillary Clinton,144580
Arkansas,Republican,Ben Carson,23173
Arkansas,Republican,Donald Trump,133144
Arkansas,Republican,John Kasich,15098
Arkansas,Republican,Marco Rubio,101235
Arkansas,Republican,Ted Cruz,123873
California,Democrat,Bernie Sanders,1502043
California,Democrat,Hillary Clinton,1940580
California,Republican,Donald Trump,1174829
California,Republican,John Kasich,176620
California,Republican,Ted Cruz,144125
Colorado,Democrat,Bernie Sanders,71928
Colorado,Democrat,Hillary Clinton,49256
Connecticut,Democrat,Bernie Sanders,152410
Connecticut,Democrat,Hillary Clinton,170075
Connecticut,Republican,Donald Trump,123367
Connecticut,Republican,John Kasich,60481
Connecticut,Republican,Ted Cruz,24969
Delaware,Democrat,Bernie Sanders,36659
Delaware,Democrat,Hillary Clinton,55950
Delaware,Republican,Donald Trump,42472
Delaware,Republican,John Kasich,14225
Delaware,Republican,Ted Cruz,11110
Florida,Democrat,Bernie Sanders,566603
Florida,Democrat,Hillary Clinton,1097400
Florida,Republican,Donald Trump,1077221
Florida,Republican,John Kasich,159412
Florida,Republican,Marco Rubio,636653
Florida,Republican,Ted Cruz,403640
Georgia,Democrat,Bernie Sanders,214332
Georgia,Democrat,Hillary Clinton,543008
Georgia,Republican,Ben Carson,80503
Georgia,Republican,Donald Trump,501707
Georgia,Republican,John Kasich,72303
Georgia,Republican,Marco Rubio,315979
Georgia,Republican,Ted Cruz,305109
Hawaii,Democrat,Bernie Sanders,23531
Hawaii,Democrat,Hillary Clinton,10127
Hawaii,Republican,Donald Trump,5677
Hawaii,Republican,John Kasich,1413
Hawaii,Republican,Marco Rubio,1759
Hawaii,Republican,Ted Cruz,4379
Idaho,Democrat,Bernie Sanders,18640
Idaho,Democrat,Hillary Clinton,5065
Idaho,Republican,Donald Trump,62478
Idaho,Republican,John Kasich,16517
Idaho,Republican,Marco Rubio,35347
Idaho,Republican,Ted Cruz,100942
Illinois,Democrat,Bernie Sanders,975659
Illinois,Democrat,Hillary Clinton,1012175
Illinois,Republican,Donald Trump,551464
Illinois,Republican,John Kasich,279778
Illinois,Republican,Marco Rubio,123066
Illinois,Republican,Ted Cruz,430395
Indiana,Democrat,Bernie Sanders,335256
Indiana,Democrat,Hillary Clinton,303382
Indiana,Republican,Donald Trump,590460
Indiana,Republican,John Kasich,83913
Indiana,Republican,Ted Cruz,406280
Iowa,Democrat,Bernie Sanders,69452
Iowa,Democrat,Hillary Clinton,69733
Iowa,Democrat,Martin O'Malley,752
Iowa,Democrat,Uncommitted,43
Iowa,Republican,Ben Carson,17393
Iowa,Republican,Carly Fiorina,3485
Iowa,Republican,Chris Christie,3284
Iowa,Republican,Donald Trump,45419
Iowa,Republican,Jeb Bush,5238
Iowa,Republican,John Kasich,3472
Iowa,Republican,Marco Rubio,43164
Iowa,Republican,Mike Huckabee,3345
Iowa,Republican,Rand Paul,8479
Iowa,Republican,Rick Santorum,1782
Iowa,Republican,Ted Cruz,51663
Kansas,Democrat,Bernie Sanders,26450
Kansas,Democrat,Hillary Clinton,12593
Kansas,Republican,Donald Trump,17062
Kansas,Republican,John Kasich,7795
Kansas,Republican,Marco Rubio,12189
Kansas,Republican,Ted Cruz,35207
Kentucky,Democrat,Bernie Sanders,210626
Kentucky,Democrat,Hillary Clinton,212550
Kentucky,Republican,Donald Trump,82493
Kentucky,Republican,John Kasich,33134
Kentucky,Republican,Marco Rubio,37579
Kentucky,Republican,Ted Cruz,72503
Louisiana,Democrat,Bernie Sanders,72240
Louisiana,Democrat,Hillary Clinton,221615
Louisiana,Republican,Donald Trump,124818
Louisiana,Republican,John Kasich,19355
Louisiana,Republican,Marco Rubio,33804
Louisiana,Republican,Ted Cruz,113949
Maine,Democrat,Bernie Sanders,2201
Maine,Democrat,Hillary Clinton,1214
Maryland,Democrat,Bernie Sanders,281275
Maryland,Democrat,Hillary Clinton,533247
Maryland,Republican,Donald Trump,236623
Maryland,Republican,John Kasich,100089
Maryland,Republican,Ted Cruz,82038
Massachusetts,Democrat,Bernie Sanders,586716
Massachusetts,Democrat,Hillary Clinton,603784
Massachusetts,Democrat,No Preference,8152
Massachusetts,Republican,Ben Carson,16277
Massachusetts,Republican,Donald Trump,311313
Massachusetts,Republican,John Kasich,113783
Massachusetts,Republican,Marco Rubio,112822
Massachusetts,Republican,Ted Cruz,60473
Michigan,Democrat,Bernie Sanders,595222
Michigan,Democrat,Hillary Clinton,576795
Michigan,Republican,Donald Trump,483751
Michigan,Republican,John Kasich,321655
Michigan,Republican,Marco Rubio,123673
Michigan,Republican,Ted Cruz,330015
Mississippi,Democrat,Bernie Sanders,36348
Mississippi,Democrat,Hillary Clinton,182447
Mississippi,Republican,Donald Trump,191755
Mississippi,Republican,John Kasich,35817
Mississippi,Republican,Marco Rubio,20768
Mississippi,Republican,Ted Cruz,147065
Missouri,Democrat,Bernie Sanders,309071
Missouri,Democrat,Hillary Clinton,310602
Missouri,Republican,Donald Trump,382093
Missouri,Republican,John Kasich,92533
Missouri,Republican,Marco Rubio,57006
Missouri,Republican,Ted Cruz,380367
Montana,Democrat,Bernie Sanders,63168
Montana,Democrat,Hillary Clinton,55194
Montana,Republican,Donald Trump,114056
Montana,Republican,John Kasich,10622
Montana,Republican,Ted Cruz,14476
Nebraska,Democrat,Bernie Sanders,19120
Nebraska,Democrat,Hillary Clinton,14340
Nebraska,Republican,Donald Trump,121287
Nebraska,Republican,John Kasich,22526
Nebraska,Republican,Ted Cruz,36418
Nevada,Democrat,Bernie Sanders,5641
Nevada,Democrat,Hillary Clinton,6296
Nevada,Republican,Ben Carson,3619
Nevada,Republican,Donald Trump,34531
Nevada,Republican,John Kasich,2709
Nevada,Republican,Marco Rubio,17940
Nevada,Republican,Ted Cruz,16079
New Hampshire,Democrat,Bernie Sanders,151584
New Hampshire,Democrat,Hillary Clinton,95252
New Hampshire,Republican,Ben Carson,6509
New Hampshire,Republican,Carly Fiorina,11706
New Hampshire,Republican,Chris Christie,21069
New Hampshire,Republican,Donald Trump,100406
New Hampshire,Republican,Jeb Bush,31310
New Hampshire,Republican,John Kasich,44909
New Hampshire,Republican,Marco Rubio,30032
New Hampshire,Republican,Ted Cruz,33189
New Jersey,Democrat,Bernie Sanders,323259
New Jersey,Democrat,Hillary Clinton,554237
New Jersey,Republican,Donald Trump,356697
New Jersey,Republican,John Kasich,59506
New Jersey,Republican,Ted Cruz,27521
New Mexico,Democrat,Bernie Sanders,103856
New Mexico,Democrat,Hillary Clinton,110451
New Mexico,Republican,Donald Trump,73530
New Mexico,Republican,John Kasich,7870
New Mexico,Republican,Ted Cruz,13825
New York,Democrat,Bernie Sanders,763469
New York,Democrat,Hillary Clinton,1054083
New York,Republican,Donald Trump,524932
New York,Republican,John Kasich,217904
New York,Republican,Ted Cruz,126151
North Carolina,Democrat,Bernie Sanders,460316
North Carolina,Democrat,Hillary Clinton,616383
North Carolina,Republican,Donald Trump,458151
North Carolina,Republican,John Kasich,144299
North Carolina,Republican,Marco Rubio,87858
North Carolina,Republican,Ted Cruz,418740
North Dakota,Democrat,Bernie Sanders,253
North Dakota,Democrat,Hillary Clinton,101
Ohio,Democrat,Bernie Sanders,513549
Ohio,Democrat,Hillary Clinton,679266
Ohio,Republican,Donald Trump,727585
Ohio,Republican,John Kasich,956762
Ohio,Republican,Marco Rubio,59418
Ohio,Republican,Ted Cruz,267592
Oklahoma,Democrat,Bernie Sanders,174054
Oklahoma,Democrat,Hillary Clinton,139338
Oklahoma,Republican,Ben Carson,28572
Oklahoma,Republican,Donald Trump,130141
Oklahoma,Republican,John Kasich,16515
Oklahoma,Republican,Marco Rubio,119562
Oklahoma,Republican,Ted Cruz,157941
Oregon,Democrat,Bernie Sanders,320746
Oregon,Democrat,Hillary Clinton,251739
Oregon,Republican,Donald Trump,240804
Oregon,Republican,John Kasich,59096
Oregon,Republican,Ted Cruz,61590
Pennsylvania,Democrat,Bernie Sanders,719955
Pennsylvania,Democrat,Hillary Clinton,918689
Pennsylvania,Republican,Donald Trump,892702
Pennsylvania,Republican,John Kasich,304793
Pennsylvania,Republican,Ted Cruz,340201
Rhode Island,Democrat,Bernie Sanders,66720
Rhode Island,Democrat,Hillary Clinton,52493
Rhode Island,Republican,Donald Trump,39059
Rhode Island,Republican,John Kasich,14929
Rhode Island,Republican,Ted Cruz,6393
South Carolina,Democrat,Bernie Sanders,95977
South Carolina,Democrat,Hillary Clinton,271514
South Carolina,Republican,Ben Carson,53326
South Carolina,Republican,Donald Trump,239851
South Carolina,Republican,Jeb Bush,57863
South Carolina,Republican,John Kasich,56206
South Carolina,Republican,Marco Rubio,165881
South Carolina,Republican,Ted Cruz,164790
South Dakota,Democrat,Bernie Sanders,25958
South Dakota,Democrat,Hillary Clinton,27046
South Dakota,Republican,Donald Trump,44866
South Dakota,Republican,John Kasich,10659
South Dakota,Republican,Ted Cruz,11352
Tennessee,Democrat,Bernie Sanders,120333
Tennessee,Democrat,Hillary Clinton,245304
Tennessee,Republican,Ben Carson,64846
Tennessee,Republican,Donald Trump,332702
Tennessee,Republican,John Kasich,45243
Tennessee,Republican,Marco Rubio,180989
Tennessee,Republican,Ted Cruz,211159
Texas,Democrat,Bernie Sanders,475561
Texas,Democrat,Hillary Clinton,935080
Texas,Republican,Ben Carson,117780
Texas,Republican,Donald Trump,757618
Texas,Republican,John Kasich,120257
Texas,Republican,Marco Rubio,502223
Texas,Republican,Ted Cruz,1239370
Utah,Democrat,Bernie Sanders,61333
Utah,Democrat,Hillary Clinton,15666
Utah,Republican,Donald Trump,24864
Utah,Republican,John Kasich,29773
Utah,Republican,Ted Cruz,122567
Vermont,Democrat,Bernie Sanders,115863
Vermont,Democrat,Hillary Clinton,18335
Vermont,Republican,Ben Carson,2544
Vermont,Republican,Donald Trump,19968
Vermont,Republican,John Kasich,18543
Vermont,Republican,Marco Rubio,11778
Vermont,Republican,Ted Cruz,5929
Virginia,Democrat,Bernie Sanders,275507
Virginia,Democrat,Hillary Clinton,503358
Virginia,Republican,Ben Carson,60093
Virginia,Republican,Donald Trump,355960
Virginia,Republican,John Kasich,96519
Virginia,Republican,Marco Rubio,327042
Virginia,Republican,Ted Cruz,173193
Washington,Democrat,Bernie Sanders,19159
Washington,Democrat,Hillary Clinton,7140
Washington,Republican,Donald Trump,403003
Washington,Republican,John Kasich,52129
Washington,Republican,Ted Cruz,55719
West Virginia,Democrat,Bernie Sanders,123860
West Virginia,Democrat,Hillary Clinton,86354
West Virginia,Republican,Donald Trump,156245
West Virginia,Republican,John Kasich,13685
West Virginia,Republican,Ted Cruz,18208
Wisconsin,Democrat,Bernie Sanders,567936
Wisconsin,Democrat,Hillary Clinton,432767
Wisconsin,Republican,Donald Trump,386370
Wisconsin,Republican,John Kasich,155200
Wisconsin,Republican,Ted Cruz,531129
Wyoming,Democrat,Bernie Sanders,156
Wyoming,Democrat,Hillary Clinton,124
Wyoming,Republican,Donald Trump,70
Wyoming,Republican,John Kasich,0
Wyoming,Republican,Marco Rubio,189
Wyoming,Republican,Ted Cruz,644
