<?xml version="1.0" encoding="UTF-8" standalone="yes"?>
<?xml-stylesheet type="text/xsl" href="lexUnit.xsl"?>
<lexUnit status="Finished_Initial" POS="A" name="galling.a" ID="6376" frame="Stimulus_focus" frameID="364" totalAnnotated="24" xsi:schemaLocation="../schema/lexUnit.xsd" xmlns="http://framenet.icsi.berkeley.edu" xmlns:xsi="http://www.w3.org/2001/XMLSchema-instance">
    <header>
        <corpus description="Wall Street Journal Texts from the PropBank Project" name="PropBank" ID="115">
            <document description="Bell Ringing" name="BellRinging" ID="23009"/>
        </corpus>
        <frame>
            <FE fgColor="FFFFFF" bgColor="808080" type="Extra-Thematic" abbrev="cir" name="Circumstances"/>
            <FE fgColor="FFFFFF" bgColor="0000FF" type="Extra-Thematic" abbrev="C_set" name="Comparison_set"/>
            <FE fgColor="FFFFFF" bgColor="FF69B4" type="Peripheral" abbrev="Degr" name="Degree"/>
            <FE fgColor="FFFFFF" bgColor="008000" type="Peripheral" abbrev="Exp" name="Experiencer"/>
            <FE fgColor="FFFFFF" bgColor="A52A2A" type="Peripheral" abbrev="Par" name="Parameter"/>
            <FE fgColor="FFFFFF" bgColor="800080" type="Extra-Thematic" abbrev="Property" name="Property"/>
            <FE fgColor="FFFFFF" bgColor="FF0000" type="Core" abbrev="Stim" name="Stimulus"/>
        </frame>
    </header>
    <definition>FN: causing annoyance and humiliatoin</definition>
    <lexeme POS="A" name="galling"/>
    <valences>
        <FERealization total="1">
            <FE name="Circumstances"/>
            <pattern total="1">
                <valenceUnit GF="Dep" PT="PP[in]" FE="Circumstances"/>
                <annoSet ID="1400119"/>
            </pattern>
        </FERealization>
        <FERealization total="10">
            <FE name="Degree"/>
            <pattern total="9">
                <valenceUnit GF="Dep" PT="AVP" FE="Degree"/>
                <annoSet ID="1400045"/>
                <annoSet ID="1400049"/>
                <annoSet ID="1400053"/>
                <annoSet ID="1400075"/>
                <annoSet ID="1400079"/>
                <annoSet ID="1400087"/>
                <annoSet ID="1400099"/>
                <annoSet ID="1400119"/>
                <annoSet ID="1400123"/>
            </pattern>
            <pattern total="1">
                <valenceUnit GF="Dep" PT="AJP" FE="Degree"/>
                <annoSet ID="4528950"/>
            </pattern>
        </FERealization>
        <FERealization total="5">
            <FE name="Experiencer"/>
            <pattern total="5">
                <valenceUnit GF="Dep" PT="PP[to]" FE="Experiencer"/>
                <annoSet ID="1400045"/>
                <annoSet ID="1400051"/>
                <annoSet ID="1400087"/>
                <annoSet ID="1400123"/>
                <annoSet ID="4528950"/>
            </pattern>
        </FERealization>
        <FERealization total="24">
            <FE name="Stimulus"/>
            <pattern total="7">
                <valenceUnit GF="Ext" PT="NP" FE="Stimulus"/>
                <annoSet ID="1400045"/>
                <annoSet ID="1400053"/>
                <annoSet ID="1400075"/>
                <annoSet ID="1400087"/>
                <annoSet ID="1400119"/>
                <annoSet ID="1400123"/>
                <annoSet ID="4528950"/>
            </pattern>
            <pattern total="10">
                <valenceUnit GF="Head" PT="N" FE="Stimulus"/>
                <annoSet ID="1400047"/>
                <annoSet ID="1400057"/>
                <annoSet ID="1400071"/>
                <annoSet ID="1400073"/>
                <annoSet ID="1400079"/>
                <annoSet ID="1400083"/>
                <annoSet ID="1400089"/>
                <annoSet ID="1400095"/>
                <annoSet ID="1400115"/>
                <annoSet ID="1400121"/>
            </pattern>
            <pattern total="1">
                <valenceUnit GF="Dep" PT="VPing" FE="Stimulus"/>
                <annoSet ID="1400099"/>
            </pattern>
            <pattern total="6">
                <valenceUnit GF="Dep" PT="VPto" FE="Stimulus"/>
                <annoSet ID="1400043"/>
                <annoSet ID="1400049"/>
                <annoSet ID="1400051"/>
                <annoSet ID="1400065"/>
                <annoSet ID="1400091"/>
                <annoSet ID="1400107"/>
            </pattern>
        </FERealization>
        <FEGroupRealization total="1">
            <FE name="Circumstances"/>
            <FE name="Degree"/>
            <FE name="Stimulus"/>
            <pattern total="1">
                <valenceUnit GF="Dep" PT="PP[in]" FE="Circumstances"/>
                <valenceUnit GF="Dep" PT="AVP" FE="Degree"/>
                <valenceUnit GF="Ext" PT="NP" FE="Stimulus"/>
                <annoSet ID="1400119"/>
            </pattern>
        </FEGroupRealization>
        <FEGroupRealization total="1">
            <FE name="Degree"/>
            <FE name="Degree"/>
            <FE name="Stimulus"/>
            <pattern total="1">
                <valenceUnit GF="Dep" PT="AVP" FE="Degree"/>
                <valenceUnit GF="Dep" PT="AVP" FE="Degree"/>
                <valenceUnit GF="Head" PT="N" FE="Stimulus"/>
                <annoSet ID="1400079"/>
            </pattern>
        </FEGroupRealization>
        <FEGroupRealization total="4">
            <FE name="Degree"/>
            <FE name="Experiencer"/>
            <FE name="Stimulus"/>
            <pattern total="1">
                <valenceUnit GF="Dep" PT="AJP" FE="Degree"/>
                <valenceUnit GF="Dep" PT="PP[to]" FE="Experiencer"/>
                <valenceUnit GF="Ext" PT="NP" FE="Stimulus"/>
                <annoSet ID="4528950"/>
            </pattern>
            <pattern total="3">
                <valenceUnit GF="Dep" PT="AVP" FE="Degree"/>
                <valenceUnit GF="Dep" PT="PP[to]" FE="Experiencer"/>
                <valenceUnit GF="Ext" PT="NP" FE="Stimulus"/>
                <annoSet ID="1400045"/>
                <annoSet ID="1400087"/>
                <annoSet ID="1400123"/>
            </pattern>
        </FEGroupRealization>
        <FEGroupRealization total="4">
            <FE name="Degree"/>
            <FE name="Stimulus"/>
            <pattern total="2">
                <valenceUnit GF="Dep" PT="AVP" FE="Degree"/>
                <valenceUnit GF="Ext" PT="NP" FE="Stimulus"/>
                <annoSet ID="1400053"/>
                <annoSet ID="1400075"/>
            </pattern>
            <pattern total="1">
                <valenceUnit GF="Dep" PT="AVP" FE="Degree"/>
                <valenceUnit GF="Dep" PT="VPing" FE="Stimulus"/>
                <annoSet ID="1400099"/>
            </pattern>
            <pattern total="1">
                <valenceUnit GF="Dep" PT="AVP" FE="Degree"/>
                <valenceUnit GF="Dep" PT="VPto" FE="Stimulus"/>
                <annoSet ID="1400049"/>
            </pattern>
        </FEGroupRealization>
        <FEGroupRealization total="1">
            <FE name="Experiencer"/>
            <FE name="Stimulus"/>
            <pattern total="1">
                <valenceUnit GF="Dep" PT="PP[to]" FE="Experiencer"/>
                <valenceUnit GF="Dep" PT="VPto" FE="Stimulus"/>
                <annoSet ID="1400051"/>
            </pattern>
        </FEGroupRealization>
        <FEGroupRealization total="13">
            <FE name="Stimulus"/>
            <pattern total="9">
                <valenceUnit GF="Head" PT="N" FE="Stimulus"/>
                <annoSet ID="1400047"/>
                <annoSet ID="1400057"/>
                <annoSet ID="1400071"/>
                <annoSet ID="1400073"/>
                <annoSet ID="1400083"/>
                <annoSet ID="1400089"/>
                <annoSet ID="1400095"/>
                <annoSet ID="1400115"/>
                <annoSet ID="1400121"/>
            </pattern>
            <pattern total="4">
                <valenceUnit GF="Dep" PT="VPto" FE="Stimulus"/>
                <annoSet ID="1400043"/>
                <annoSet ID="1400065"/>
                <annoSet ID="1400091"/>
                <annoSet ID="1400107"/>
            </pattern>
        </FEGroupRealization>
    </valences>
    <subCorpus name="A-001-all">
        <sentence sentNo="0" aPos="1796823" ID="973717">
            <text>But if your repertoire includes standards like Wo n't Get Fooled Again , Substitute , and My Generation , it must be galling to be made to justify your desire to go out and play them . </text>
            <annotationSet cDate="01/07/2003 09:31:43 PST Tue" status="UNANN" ID="1400042">
                <layer rank="1" name="BNC">
                    <label end="2" start="0" name="CJC"/>
                    <label end="5" start="4" name="CJS"/>
                    <label end="10" start="7" name="DPS"/>
                    <label end="21" start="12" name="NN1"/>
                    <label end="30" start="23" name="VVZ"/>
                    <label end="40" start="32" name="NN2"/>
                    <label end="45" start="42" name="VVB"/>
                    <label end="48" start="47" name="VM0"/>
                    <label end="52" start="50" name="XX0"/>
                    <label end="56" start="54" name="VVI"/>
                    <label end="63" start="58" name="NP0"/>
                    <label end="69" start="65" name="AV0"/>
                    <label end="71" start="71" name="PUN"/>
                    <label end="82" start="73" name="AJ0-NN1"/>
                    <label end="84" start="84" name="PUN"/>
                    <label end="88" start="86" name="CJC"/>
                    <label end="91" start="90" name="DPS"/>
                    <label end="102" start="93" name="NN1"/>
                    <label end="104" start="104" name="PUN"/>
                    <label end="107" start="106" name="PNP"/>
                    <label end="112" start="109" name="VM0"/>
                    <label end="115" start="114" name="VBI"/>
                    <label end="123" start="117" name="AJ0"/>
                    <label end="126" start="125" name="TO0"/>
                    <label end="129" start="128" name="VBI"/>
                    <label end="134" start="131" name="VVN"/>
                    <label end="137" start="136" name="TO0"/>
                    <label end="145" start="139" name="VVI"/>
                    <label end="150" start="147" name="DPS"/>
                    <label end="157" start="152" name="NN1"/>
                    <label end="160" start="159" name="TO0"/>
                    <label end="163" start="162" name="VVI"/>
                    <label end="167" start="165" name="AVP"/>
                    <label end="171" start="169" name="CJC"/>
                    <label end="176" start="173" name="VVB"/>
                    <label end="181" start="178" name="PNP"/>
                    <label end="183" start="183" name="PUN"/>
                </layer>
                <layer rank="1" name="NER"/>
                <layer rank="1" name="WSL"/>
            </annotationSet>
            <annotationSet cDate="01/07/2003 09:31:43 PST Tue" status="MANUAL" ID="1400043">
                <layer rank="1" name="FE">
                    <label cBy="Sns" feID="3291" end="181" start="125" name="Stimulus"/>
                </layer>
                <layer rank="1" name="GF">
                    <label end="181" start="125" name="Dep"/>
                </layer>
                <layer rank="1" name="PT">
                    <label end="181" start="125" name="VPto"/>
                </layer>
                <layer rank="1" name="Sent"/>
                <layer rank="1" name="Other">
                    <label end="107" start="106" name="Null"/>
                </layer>
                <layer rank="1" name="Target">
                    <label cBy="BoC" end="123" start="117" name="Target"/>
                </layer>
                <layer rank="1" name="Adj">
                    <label end="115" start="114" name="Cop"/>
                </layer>
            </annotationSet>
        </sentence>
        <sentence sentNo="0" aPos="2510542" ID="973718">
            <text>The coverage given to Mr Allen 's remarks must have been particularly galling to Mr Giuliani 's backers in the Republican party who have been unable to make crime an issue in the race . </text>
            <annotationSet cDate="01/07/2003 09:31:43 PST Tue" status="UNANN" ID="1400044">
                <layer rank="1" name="BNC">
                    <label end="2" start="0" name="AT0"/>
                    <label end="11" start="4" name="NN1"/>
                    <label end="17" start="13" name="VVN"/>
                    <label end="20" start="19" name="PRP"/>
                    <label end="23" start="22" name="NP0"/>
                    <label end="29" start="25" name="NP0"/>
                    <label end="32" start="31" name="POS"/>
                    <label end="40" start="34" name="NN2"/>
                    <label end="45" start="42" name="VM0"/>
                    <label end="50" start="47" name="VHI"/>
                    <label end="55" start="52" name="VBN"/>
                    <label end="68" start="57" name="AV0"/>
                    <label end="76" start="70" name="AJ0"/>
                    <label end="79" start="78" name="PRP"/>
                    <label end="82" start="81" name="NP0"/>
                    <label end="91" start="84" name="NP0"/>
                    <label end="94" start="93" name="POS"/>
                    <label end="102" start="96" name="NN2"/>
                    <label end="105" start="104" name="PRP"/>
                    <label end="109" start="107" name="AT0"/>
                    <label end="120" start="111" name="AJ0-NN1"/>
                    <label end="126" start="122" name="NN0"/>
                    <label end="130" start="128" name="PNQ"/>
                    <label end="135" start="132" name="VHB"/>
                    <label end="140" start="137" name="VBN"/>
                    <label end="147" start="142" name="AJ0"/>
                    <label end="150" start="149" name="TO0"/>
                    <label end="155" start="152" name="VVI"/>
                    <label end="161" start="157" name="NN1"/>
                    <label end="164" start="163" name="AT0"/>
                    <label end="170" start="166" name="NN1"/>
                    <label end="173" start="172" name="PRP"/>
                    <label end="177" start="175" name="AT0"/>
                    <label end="182" start="179" name="NN1"/>
                    <label end="184" start="184" name="PUN"/>
                </layer>
                <layer rank="1" name="NER"/>
                <layer rank="1" name="WSL"/>
            </annotationSet>
            <annotationSet cDate="01/07/2003 09:31:43 PST Tue" status="MANUAL" ID="1400045">
                <layer rank="1" name="FE">
                    <label cBy="Sns" feID="3291" end="40" start="0" name="Stimulus"/>
                    <label cBy="Sns" feID="3293" end="68" start="57" name="Degree"/>
                    <label cBy="Sns" feID="3292" end="126" start="78" name="Experiencer"/>
                </layer>
                <layer rank="1" name="GF">
                    <label end="40" start="0" name="Ext"/>
                    <label end="68" start="57" name="Dep"/>
                    <label end="126" start="78" name="Dep"/>
                </layer>
                <layer rank="1" name="PT">
                    <label end="40" start="0" name="NP"/>
                    <label end="68" start="57" name="AVP"/>
                    <label end="126" start="78" name="PP"/>
                </layer>
                <layer rank="1" name="Sent"/>
                <layer rank="1" name="Other"/>
                <layer rank="1" name="Target">
                    <label cBy="BoC" end="76" start="70" name="Target"/>
                </layer>
                <layer rank="1" name="Adj">
                    <label end="55" start="52" name="Cop"/>
                </layer>
            </annotationSet>
        </sentence>
        <sentence sentNo="0" aPos="3393874" ID="973719">
            <text>I find it galling that they seem to keep looking for jam today . </text>
            <annotationSet cDate="01/07/2003 09:31:43 PST Tue" status="UNANN" ID="1400046">
                <layer rank="1" name="BNC">
                    <label end="0" start="0" name="PNP"/>
                    <label end="5" start="2" name="VVB"/>
                    <label end="8" start="7" name="PNP"/>
                    <label end="16" start="10" name="AJ0"/>
                    <label end="21" start="18" name="CJT"/>
                    <label end="26" start="23" name="PNP"/>
                    <label end="31" start="28" name="VVB"/>
                    <label end="34" start="33" name="TO0"/>
                    <label end="39" start="36" name="VVI"/>
                    <label end="47" start="41" name="VVG"/>
                    <label end="51" start="49" name="PRP"/>
                    <label end="55" start="53" name="NN1"/>
                    <label end="61" start="57" name="AV0"/>
                    <label end="63" start="63" name="PUN"/>
                </layer>
                <layer rank="1" name="NER"/>
                <layer rank="1" name="WSL"/>
            </annotationSet>
            <annotationSet cDate="01/07/2003 09:31:43 PST Tue" status="MANUAL" ID="1400047">
                <layer rank="1" name="FE">
                    <label cBy="Sns" feID="3291" end="61" start="18" name="Stimulus"/>
                </layer>
                <layer rank="1" name="GF">
                    <label end="61" start="18" name="Head"/>
                </layer>
                <layer rank="1" name="PT">
                    <label end="61" start="18" name="N"/>
                </layer>
                <layer rank="1" name="Sent"/>
                <layer rank="1" name="Other">
                    <label end="8" start="7" name="Null"/>
                </layer>
                <layer rank="1" name="Target">
                    <label cBy="BoC" end="16" start="10" name="Target"/>
                </layer>
                <layer rank="1" name="Adj"/>
            </annotationSet>
        </sentence>
        <sentence sentNo="0" aPos="6700468" ID="973720">
            <text>Given the demoralisation caused by this neglect , it is somewhat galling to hear Labour spokesmen smugly declare that there is no support for socialism in Northern Ireland . </text>
            <annotationSet cDate="01/07/2003 09:31:43 PST Tue" status="UNANN" ID="1400048">
                <layer rank="1" name="BNC">
                    <label end="4" start="0" name="VVN"/>
                    <label end="8" start="6" name="AT0"/>
                    <label end="23" start="10" name="NN1"/>
                    <label end="30" start="25" name="VVN"/>
                    <label end="33" start="32" name="PRP"/>
                    <label end="38" start="35" name="DT0"/>
                    <label end="46" start="40" name="NN1"/>
                    <label end="48" start="48" name="PUN"/>
                    <label end="51" start="50" name="PNP"/>
                    <label end="54" start="53" name="VBZ"/>
                    <label end="63" start="56" name="AV0"/>
                    <label end="71" start="65" name="AJ0"/>
                    <label end="74" start="73" name="TO0"/>
                    <label end="79" start="76" name="VVI"/>
                    <label end="86" start="81" name="AJ0"/>
                    <label end="96" start="88" name="NN2"/>
                    <label end="103" start="98" name="AV0"/>
                    <label end="111" start="105" name="VVB"/>
                    <label end="116" start="113" name="CJT"/>
                    <label end="122" start="118" name="EX0"/>
                    <label end="125" start="124" name="VBZ"/>
                    <label end="128" start="127" name="AT0"/>
                    <label end="136" start="130" name="NN1"/>
                    <label end="140" start="138" name="PRP"/>
                    <label end="150" start="142" name="NN1"/>
                    <label end="153" start="152" name="PRP"/>
                    <label end="162" start="155" name="NP0"/>
                    <label end="170" start="164" name="NP0"/>
                    <label end="172" start="172" name="PUN"/>
                </layer>
                <layer rank="1" name="NER"/>
                <layer rank="1" name="WSL"/>
            </annotationSet>
            <annotationSet cDate="01/07/2003 09:31:44 PST Tue" status="MANUAL" ID="1400049">
                <layer rank="1" name="FE">
                    <label cBy="Sns" feID="3293" end="63" start="56" name="Degree"/>
                    <label cBy="Sns" feID="3291" end="170" start="73" name="Stimulus"/>
                </layer>
                <layer rank="1" name="GF">
                    <label end="63" start="56" name="Dep"/>
                    <label end="170" start="73" name="Dep"/>
                </layer>
                <layer rank="1" name="PT">
                    <label end="63" start="56" name="AVP"/>
                    <label end="170" start="73" name="VPto"/>
                </layer>
                <layer rank="1" name="Sent"/>
                <layer rank="1" name="Other">
                    <label end="51" start="50" name="Null"/>
                </layer>
                <layer rank="1" name="Target">
                    <label cBy="BoC" end="71" start="65" name="Target"/>
                </layer>
                <layer rank="1" name="Adj">
                    <label end="54" start="53" name="Cop"/>
                </layer>
            </annotationSet>
        </sentence>
        <sentence sentNo="0" aPos="8461770" ID="973721">
            <text>It was galling to her to observe his change in demeanour . </text>
            <annotationSet cDate="01/07/2003 09:31:44 PST Tue" status="UNANN" ID="1400050">
                <layer rank="1" name="BNC">
                    <label end="1" start="0" name="PNP"/>
                    <label end="5" start="3" name="VBD"/>
                    <label end="13" start="7" name="AJ0"/>
                    <label end="16" start="15" name="PRP"/>
                    <label end="20" start="18" name="PNP"/>
                    <label end="23" start="22" name="TO0"/>
                    <label end="31" start="25" name="VVI"/>
                    <label end="35" start="33" name="DPS"/>
                    <label end="42" start="37" name="NN1"/>
                    <label end="45" start="44" name="PRP"/>
                    <label end="55" start="47" name="NN1"/>
                    <label end="57" start="57" name="PUN"/>
                </layer>
                <layer rank="1" name="NER"/>
                <layer rank="1" name="WSL"/>
            </annotationSet>
            <annotationSet cDate="01/07/2003 09:31:44 PST Tue" status="MANUAL" ID="1400051">
                <layer rank="1" name="FE">
                    <label cBy="Sns" feID="3292" end="20" start="15" name="Experiencer"/>
                    <label cBy="Sns" feID="3291" end="55" start="22" name="Stimulus"/>
                </layer>
                <layer rank="1" name="GF">
                    <label end="20" start="15" name="Dep"/>
                    <label end="55" start="22" name="Dep"/>
                </layer>
                <layer rank="1" name="PT">
                    <label end="20" start="15" name="PP"/>
                    <label end="55" start="22" name="VPto"/>
                </layer>
                <layer rank="1" name="Sent"/>
                <layer rank="1" name="Other">
                    <label end="1" start="0" name="Null"/>
                </layer>
                <layer rank="1" name="Target">
                    <label cBy="BoC" end="13" start="7" name="Target"/>
                </layer>
                <layer rank="1" name="Adj">
                    <label end="5" start="3" name="Cop"/>
                </layer>
            </annotationSet>
        </sentence>
        <sentence sentNo="0" aPos="11333556" ID="973722">
            <text>This is particularly galling in areas where Britain is strong . </text>
            <annotationSet cDate="01/07/2003 09:31:44 PST Tue" status="UNANN" ID="1400052">
                <layer rank="1" name="BNC">
                    <label end="3" start="0" name="DT0"/>
                    <label end="6" start="5" name="VBZ"/>
                    <label end="19" start="8" name="AV0"/>
                    <label end="27" start="21" name="AJ0"/>
                    <label end="30" start="29" name="PRP"/>
                    <label end="36" start="32" name="NN2"/>
                    <label end="42" start="38" name="AVQ-CJS"/>
                    <label end="50" start="44" name="NP0"/>
                    <label end="53" start="52" name="VBZ"/>
                    <label end="60" start="55" name="AJ0"/>
                    <label end="62" start="62" name="PUN"/>
                </layer>
                <layer rank="1" name="NER"/>
                <layer rank="1" name="WSL"/>
            </annotationSet>
            <annotationSet cDate="01/07/2003 09:31:44 PST Tue" status="MANUAL" ID="1400053">
                <layer rank="1" name="FE">
                    <label cBy="Sns" feID="3291" end="3" start="0" name="Stimulus"/>
                    <label cBy="Sns" feID="3293" end="19" start="8" name="Degree"/>
                </layer>
                <layer rank="1" name="GF">
                    <label end="3" start="0" name="Ext"/>
                    <label end="19" start="8" name="Dep"/>
                </layer>
                <layer rank="1" name="PT">
                    <label end="3" start="0" name="NP"/>
                    <label end="19" start="8" name="AVP"/>
                </layer>
                <layer rank="1" name="Sent"/>
                <layer rank="1" name="Other"/>
                <layer rank="1" name="Target">
                    <label cBy="BoC" end="27" start="21" name="Target"/>
                </layer>
                <layer rank="1" name="Adj">
                    <label end="6" start="5" name="Cop"/>
                </layer>
            </annotationSet>
        </sentence>
        <sentence sentNo="0" aPos="16152560" ID="973724">
            <text>Each year , a number of employees suffer the galling experience of being subjected to disciplinary proceedings for misconduct which they deny having committed . </text>
            <annotationSet cDate="01/07/2003 09:31:44 PST Tue" status="UNANN" ID="1400056">
                <layer rank="1" name="BNC">
                    <label end="3" start="0" name="DT0"/>
                    <label end="8" start="5" name="NN1"/>
                    <label end="10" start="10" name="PUN"/>
                    <label end="12" start="12" name="AT0"/>
                    <label end="19" start="14" name="NN1"/>
                    <label end="22" start="21" name="PRF"/>
                    <label end="32" start="24" name="NN2"/>
                    <label end="39" start="34" name="VVB"/>
                    <label end="43" start="41" name="AT0"/>
                    <label end="51" start="45" name="AJ0"/>
                    <label end="62" start="53" name="NN1"/>
                    <label end="65" start="64" name="PRF"/>
                    <label end="71" start="67" name="VBG"/>
                    <label end="81" start="73" name="VVN"/>
                    <label end="84" start="83" name="PRP"/>
                    <label end="97" start="86" name="AJ0"/>
                    <label end="109" start="99" name="NN2"/>
                    <label end="113" start="111" name="PRP"/>
                    <label end="124" start="115" name="NN1"/>
                    <label end="130" start="126" name="DTQ"/>
                    <label end="135" start="132" name="PNP"/>
                    <label end="140" start="137" name="VVB"/>
                    <label end="147" start="142" name="VHG"/>
                    <label end="157" start="149" name="VVN"/>
                    <label end="159" start="159" name="PUN"/>
                </layer>
                <layer rank="1" name="NER"/>
                <layer rank="1" name="WSL"/>
            </annotationSet>
            <annotationSet cDate="01/07/2003 09:31:44 PST Tue" status="MANUAL" ID="1400057">
                <layer rank="1" name="FE">
                    <label cBy="Sns" feID="3291" end="157" start="53" name="Stimulus"/>
                </layer>
                <layer rank="1" name="GF">
                    <label end="157" start="53" name="Head"/>
                </layer>
                <layer rank="1" name="PT">
                    <label end="157" start="53" name="N"/>
                </layer>
                <layer rank="1" name="Sent"/>
                <layer rank="1" name="Other"/>
                <layer rank="1" name="Target">
                    <label cBy="BoC" end="51" start="45" name="Target"/>
                </layer>
                <layer rank="1" name="Adj"/>
            </annotationSet>
        </sentence>
        <sentence sentNo="0" aPos="21233231" ID="973728">
            <text>I raced against Cameron Sharp a number of times and beat him , so it was galling to find a few weeks later that he was racing Carl Lewis on the Continent . </text>
            <annotationSet cDate="01/07/2003 09:31:44 PST Tue" status="UNANN" ID="1400064">
                <layer rank="1" name="BNC">
                    <label end="0" start="0" name="PNP"/>
                    <label end="6" start="2" name="VVD"/>
                    <label end="14" start="8" name="PRP"/>
                    <label end="22" start="16" name="NP0"/>
                    <label end="28" start="24" name="NP0"/>
                    <label end="30" start="30" name="AT0"/>
                    <label end="37" start="32" name="NN1"/>
                    <label end="40" start="39" name="PRF"/>
                    <label end="46" start="42" name="NN2"/>
                    <label end="50" start="48" name="CJC"/>
                    <label end="55" start="52" name="VVD"/>
                    <label end="59" start="57" name="PNP"/>
                    <label end="61" start="61" name="PUN"/>
                    <label end="64" start="63" name="CJS"/>
                    <label end="67" start="66" name="PNP"/>
                    <label end="71" start="69" name="VBD"/>
                    <label end="79" start="73" name="AJ0"/>
                    <label end="82" start="81" name="TO0"/>
                    <label end="87" start="84" name="VVI"/>
                    <label end="89" start="89" name="DT0"/>
                    <label end="93" start="91" name="DT0"/>
                    <label end="99" start="95" name="NN2"/>
                    <label end="105" start="101" name="AV0"/>
                    <label end="110" start="107" name="CJT"/>
                    <label end="113" start="112" name="PNP"/>
                    <label end="117" start="115" name="VBD"/>
                    <label end="124" start="119" name="VVG"/>
                    <label end="129" start="126" name="NP0"/>
                    <label end="135" start="131" name="NP0"/>
                    <label end="138" start="137" name="PRP"/>
                    <label end="142" start="140" name="AT0"/>
                    <label end="152" start="144" name="NN1"/>
                    <label end="154" start="154" name="PUN"/>
                </layer>
                <layer rank="1" name="NER"/>
                <layer rank="1" name="WSL"/>
            </annotationSet>
            <annotationSet cDate="01/07/2003 09:31:45 PST Tue" status="MANUAL" ID="1400065">
                <layer rank="1" name="FE">
                    <label cBy="Sns" feID="3291" end="152" start="81" name="Stimulus"/>
                </layer>
                <layer rank="1" name="GF">
                    <label end="152" start="81" name="Dep"/>
                </layer>
                <layer rank="1" name="PT">
                    <label end="152" start="81" name="VPto"/>
                </layer>
                <layer rank="1" name="Sent"/>
                <layer rank="1" name="Other">
                    <label end="67" start="66" name="Null"/>
                </layer>
                <layer rank="1" name="Target">
                    <label cBy="BoC" end="79" start="73" name="Target"/>
                </layer>
                <layer rank="1" name="Adj">
                    <label end="71" start="69" name="Cop"/>
                </layer>
            </annotationSet>
        </sentence>
        <sentence sentNo="0" aPos="31417913" ID="973731">
            <text>The galling thing about ` what is personality ? &quot; is that there are no concrete answers and no absolute truth . </text>
            <annotationSet cDate="01/07/2003 09:31:45 PST Tue" status="UNANN" ID="1400070">
                <layer rank="1" name="BNC">
                    <label end="2" start="0" name="AT0"/>
                    <label end="10" start="4" name="AJ0"/>
                    <label end="16" start="12" name="NN1"/>
                    <label end="22" start="18" name="PRP"/>
                    <label end="24" start="24" name="PUQ"/>
                    <label end="29" start="26" name="DTQ"/>
                    <label end="32" start="31" name="VBZ"/>
                    <label end="44" start="34" name="NN1"/>
                    <label end="46" start="46" name="PUN"/>
                    <label end="48" start="48" name="PUQ"/>
                    <label end="51" start="50" name="VBZ"/>
                    <label end="56" start="53" name="CJT"/>
                    <label end="62" start="58" name="EX0"/>
                    <label end="66" start="64" name="VBB"/>
                    <label end="69" start="68" name="AT0"/>
                    <label end="78" start="71" name="AJ0-NN1"/>
                    <label end="86" start="80" name="NN2"/>
                    <label end="90" start="88" name="CJC"/>
                    <label end="93" start="92" name="AT0"/>
                    <label end="102" start="95" name="AJ0"/>
                    <label end="108" start="104" name="NN1"/>
                    <label end="110" start="110" name="PUN"/>
                </layer>
                <layer rank="1" name="NER"/>
                <layer rank="1" name="WSL"/>
            </annotationSet>
            <annotationSet cDate="01/07/2003 09:31:45 PST Tue" status="MANUAL" ID="1400071">
                <layer rank="1" name="FE">
                    <label cBy="Sns" feID="3291" end="48" start="12" name="Stimulus"/>
                </layer>
                <layer rank="1" name="GF">
                    <label end="48" start="12" name="Head"/>
                </layer>
                <layer rank="1" name="PT">
                    <label end="48" start="12" name="N"/>
                </layer>
                <layer rank="1" name="Sent"/>
                <layer rank="1" name="Other"/>
                <layer rank="1" name="Target">
                    <label cBy="BoC" end="10" start="4" name="Target"/>
                </layer>
                <layer rank="1" name="Adj"/>
            </annotationSet>
        </sentence>
        <sentence sentNo="0" aPos="32486014" ID="973732">
            <text>Behind this superficial and meaningless acknowledgment lay the galling assumption that Irish women had come to England to learn about ` real &quot; feminism . </text>
            <annotationSet cDate="01/07/2003 09:31:45 PST Tue" status="UNANN" ID="1400072">
                <layer rank="1" name="BNC">
                    <label end="5" start="0" name="PRP"/>
                    <label end="10" start="7" name="DT0"/>
                    <label end="22" start="12" name="AJ0"/>
                    <label end="26" start="24" name="CJC"/>
                    <label end="38" start="28" name="AJ0"/>
                    <label end="53" start="40" name="NN1"/>
                    <label end="57" start="55" name="VVD"/>
                    <label end="61" start="59" name="AT0"/>
                    <label end="69" start="63" name="AJ0"/>
                    <label end="80" start="71" name="NN1"/>
                    <label end="85" start="82" name="CJT-DT0"/>
                    <label end="91" start="87" name="AJ0"/>
                    <label end="97" start="93" name="NN2"/>
                    <label end="101" start="99" name="VHD"/>
                    <label end="106" start="103" name="VVN"/>
                    <label end="109" start="108" name="PRP"/>
                    <label end="117" start="111" name="NP0"/>
                    <label end="120" start="119" name="TO0"/>
                    <label end="126" start="122" name="VVI"/>
                    <label end="132" start="128" name="AV0"/>
                    <label end="134" start="134" name="PUQ"/>
                    <label end="139" start="136" name="AJ0"/>
                    <label end="141" start="141" name="PUQ"/>
                    <label end="150" start="143" name="NN1"/>
                    <label end="152" start="152" name="PUN"/>
                </layer>
                <layer rank="1" name="NER"/>
                <layer rank="1" name="WSL"/>
            </annotationSet>
            <annotationSet cDate="01/07/2003 09:31:45 PST Tue" status="MANUAL" ID="1400073">
                <layer rank="1" name="FE">
                    <label cBy="Sns" feID="3291" end="150" start="71" name="Stimulus"/>
                </layer>
                <layer rank="1" name="GF">
                    <label end="150" start="71" name="Head"/>
                </layer>
                <layer rank="1" name="PT">
                    <label end="150" start="71" name="N"/>
                </layer>
                <layer rank="1" name="Sent"/>
                <layer rank="1" name="Other"/>
                <layer rank="1" name="Target">
                    <label cBy="BoC" end="69" start="63" name="Target"/>
                </layer>
                <layer rank="1" name="Adj"/>
            </annotationSet>
        </sentence>
        <sentence sentNo="0" aPos="38067542" ID="973733">
            <text>All these delays are particularly galling , as Jeremy was found less than two kilometres from the glacial lakes where he 'd been walking . </text>
            <annotationSet cDate="01/07/2003 09:31:45 PST Tue" status="UNANN" ID="1400074">
                <layer rank="1" name="BNC">
                    <label end="2" start="0" name="DT0"/>
                    <label end="8" start="4" name="DT0"/>
                    <label end="15" start="10" name="NN2"/>
                    <label end="19" start="17" name="VBB"/>
                    <label end="32" start="21" name="AV0"/>
                    <label end="40" start="34" name="AJ0"/>
                    <label end="42" start="42" name="PUN"/>
                    <label end="45" start="44" name="CJS"/>
                    <label end="52" start="47" name="NP0"/>
                    <label end="56" start="54" name="VBD"/>
                    <label end="62" start="58" name="VVN"/>
                    <label end="67" start="64" name="AV0"/>
                    <label end="72" start="69" name="AV0"/>
                    <label end="76" start="74" name="CRD"/>
                    <label end="87" start="78" name="NN2"/>
                    <label end="92" start="89" name="PRP"/>
                    <label end="96" start="94" name="AT0"/>
                    <label end="104" start="98" name="AJ0"/>
                    <label end="110" start="106" name="NN2"/>
                    <label end="116" start="112" name="AVQ-CJS"/>
                    <label end="119" start="118" name="PNP"/>
                    <label end="122" start="121" name="VHD"/>
                    <label end="127" start="124" name="VBN"/>
                    <label end="135" start="129" name="VVG"/>
                    <label end="137" start="137" name="PUN"/>
                </layer>
                <layer rank="1" name="NER"/>
                <layer rank="1" name="WSL"/>
            </annotationSet>
            <annotationSet cDate="01/07/2003 09:31:45 PST Tue" status="MANUAL" ID="1400075">
                <layer rank="1" name="FE">
                    <label cBy="Sns" feID="3291" end="15" start="0" name="Stimulus"/>
                    <label cBy="Sns" feID="3293" end="32" start="21" name="Degree"/>
                </layer>
                <layer rank="1" name="GF">
                    <label end="15" start="0" name="Ext"/>
                    <label end="32" start="21" name="Dep"/>
                </layer>
                <layer rank="1" name="PT">
                    <label end="15" start="0" name="NP"/>
                    <label end="32" start="21" name="AVP"/>
                </layer>
                <layer rank="1" name="Sent"/>
                <layer rank="1" name="Other"/>
                <layer rank="1" name="Target">
                    <label cBy="BoC" end="40" start="34" name="Target"/>
                </layer>
                <layer rank="1" name="Adj">
                    <label end="19" start="17" name="Cop"/>
                </layer>
            </annotationSet>
        </sentence>
        <sentence sentNo="0" aPos="45687728" ID="973735">
            <text>Victor Saunders ' expedition to attempt the first ascent of Ultar I -- the highest unclimbed mountain in the Pakistan Karakoram -- has been defeated in the most galling circumstances imaginable . </text>
            <annotationSet cDate="01/07/2003 09:31:46 PST Tue" status="UNANN" ID="1400078">
                <layer rank="1" name="BNC">
                    <label end="5" start="0" name="NN1-NP0"/>
                    <label end="14" start="7" name="NN2"/>
                    <label end="16" start="16" name="POS"/>
                    <label end="27" start="18" name="NN1"/>
                    <label end="30" start="29" name="TO0"/>
                    <label end="38" start="32" name="VVI"/>
                    <label end="42" start="40" name="AT0"/>
                    <label end="48" start="44" name="ORD"/>
                    <label end="55" start="50" name="NN1"/>
                    <label end="58" start="57" name="PRF"/>
                    <label end="64" start="60" name="NN1-NP0"/>
                    <label end="66" start="66" name="NP0"/>
                    <label end="69" start="68" name="PUN"/>
                    <label end="73" start="71" name="AT0"/>
                    <label end="81" start="75" name="AJS"/>
                    <label end="91" start="83" name="AJ0"/>
                    <label end="100" start="93" name="NN1"/>
                    <label end="103" start="102" name="PRP"/>
                    <label end="107" start="105" name="AT0"/>
                    <label end="116" start="109" name="NP0"/>
                    <label end="126" start="118" name="NN1-NP0"/>
                    <label end="129" start="128" name="PUN"/>
                    <label end="133" start="131" name="VHZ"/>
                    <label end="138" start="135" name="VBN"/>
                    <label end="147" start="140" name="VVN"/>
                    <label end="150" start="149" name="PRP"/>
                    <label end="154" start="152" name="AT0"/>
                    <label end="159" start="156" name="AV0"/>
                    <label end="167" start="161" name="AJ0"/>
                    <label end="181" start="169" name="NN2"/>
                    <label end="192" start="183" name="AJ0"/>
                    <label end="194" start="194" name="PUN"/>
                </layer>
                <layer rank="1" name="NER"/>
                <layer rank="1" name="WSL"/>
            </annotationSet>
            <annotationSet cDate="01/07/2003 09:31:46 PST Tue" status="MANUAL" ID="1400079">
                <layer rank="1" name="FE">
                    <label cBy="Sns" feID="3293" end="159" start="156" name="Degree"/>
                    <label cBy="Sns" feID="3291" end="181" start="169" name="Stimulus"/>
                    <label cBy="Sns" feID="3293" end="192" start="183" name="Degree"/>
                </layer>
                <layer rank="1" name="GF">
                    <label end="159" start="156" name="Dep"/>
                    <label end="181" start="169" name="Head"/>
                    <label end="192" start="183" name="Dep"/>
                </layer>
                <layer rank="1" name="PT">
                    <label end="159" start="156" name="AVP"/>
                    <label end="181" start="169" name="N"/>
                    <label end="192" start="183" name="AVP"/>
                </layer>
                <layer rank="1" name="Sent"/>
                <layer rank="1" name="Other"/>
                <layer rank="1" name="Target">
                    <label cBy="BoC" end="167" start="161" name="Target"/>
                </layer>
                <layer rank="1" name="Adj"/>
            </annotationSet>
        </sentence>
        <sentence sentNo="0" aPos="49227064" ID="973737">
            <text>For Raymond , whose county had been held as a fief of Aquitaine since 1173 , the replacement of Richard by his elder brother held out the prospect of release from a galling sense of subordination . </text>
            <annotationSet cDate="01/07/2003 09:31:46 PST Tue" status="UNANN" ID="1400082">
                <layer rank="1" name="BNC">
                    <label end="2" start="0" name="PRP"/>
                    <label end="10" start="4" name="NP0"/>
                    <label end="12" start="12" name="PUN"/>
                    <label end="18" start="14" name="DTQ"/>
                    <label end="25" start="20" name="NN1"/>
                    <label end="29" start="27" name="VHD"/>
                    <label end="34" start="31" name="VBN"/>
                    <label end="39" start="36" name="VVN"/>
                    <label end="42" start="41" name="PRP"/>
                    <label end="44" start="44" name="AT0"/>
                    <label end="49" start="46" name="NN1"/>
                    <label end="52" start="51" name="PRF"/>
                    <label end="62" start="54" name="NN1-NP0"/>
                    <label end="68" start="64" name="PRP"/>
                    <label end="73" start="70" name="CRD"/>
                    <label end="75" start="75" name="PUN"/>
                    <label end="79" start="77" name="AT0"/>
                    <label end="91" start="81" name="NN1"/>
                    <label end="94" start="93" name="PRF"/>
                    <label end="102" start="96" name="NP0"/>
                    <label end="105" start="104" name="PRP"/>
                    <label end="109" start="107" name="DPS"/>
                    <label end="115" start="111" name="AJC"/>
                    <label end="123" start="117" name="NN1"/>
                    <label end="128" start="125" name="VVD-VVN"/>
                    <label end="132" start="130" name="AVP"/>
                    <label end="136" start="134" name="AT0"/>
                    <label end="145" start="138" name="NN1"/>
                    <label end="148" start="147" name="PRF"/>
                    <label end="156" start="150" name="NN1"/>
                    <label end="161" start="158" name="PRP"/>
                    <label end="163" start="163" name="AT0"/>
                    <label end="171" start="165" name="AJ0"/>
                    <label end="177" start="173" name="NN1"/>
                    <label end="180" start="179" name="PRF"/>
                    <label end="194" start="182" name="NN1"/>
                    <label end="196" start="196" name="PUN"/>
                </layer>
                <layer rank="1" name="NER"/>
                <layer rank="1" name="WSL"/>
            </annotationSet>
            <annotationSet cDate="01/07/2003 09:31:46 PST Tue" status="MANUAL" ID="1400083">
                <layer rank="1" name="FE">
                    <label cBy="Sns" feID="3291" end="194" start="173" name="Stimulus"/>
                </layer>
                <layer rank="1" name="GF">
                    <label end="194" start="173" name="Head"/>
                </layer>
                <layer rank="1" name="PT">
                    <label end="194" start="173" name="N"/>
                </layer>
                <layer rank="1" name="Sent"/>
                <layer rank="1" name="Other"/>
                <layer rank="1" name="Target">
                    <label cBy="BoC" end="171" start="165" name="Target"/>
                </layer>
                <layer rank="1" name="Adj"/>
            </annotationSet>
        </sentence>
        <sentence sentNo="0" aPos="66958252" ID="973739">
            <text>This is very galling to Inder Lal 's fellow officers who would do anything --such is their nature --to pull him down . </text>
            <annotationSet cDate="01/07/2003 09:31:46 PST Tue" status="UNANN" ID="1400086">
                <layer rank="1" name="BNC">
                    <label end="3" start="0" name="DT0"/>
                    <label end="6" start="5" name="VBZ"/>
                    <label end="11" start="8" name="AV0"/>
                    <label end="19" start="13" name="AJ0"/>
                    <label end="22" start="21" name="PRP"/>
                    <label end="28" start="24" name="NP0"/>
                    <label end="32" start="30" name="NP0"/>
                    <label end="35" start="34" name="POS"/>
                    <label end="42" start="37" name="AJ0-NN1"/>
                    <label end="51" start="44" name="NN2"/>
                    <label end="55" start="53" name="PNQ"/>
                    <label end="61" start="57" name="VM0"/>
                    <label end="64" start="63" name="VDI"/>
                    <label end="73" start="66" name="PNI"/>
                    <label end="80" start="75" name="NN1"/>
                    <label end="83" start="82" name="VBZ"/>
                    <label end="89" start="85" name="DPS"/>
                    <label end="96" start="91" name="NN1"/>
                    <label end="101" start="98" name="NN1"/>
                    <label end="106" start="103" name="VVB"/>
                    <label end="110" start="108" name="PNP"/>
                    <label end="115" start="112" name="AVP"/>
                    <label end="117" start="117" name="PUN"/>
                </layer>
                <layer rank="1" name="NER"/>
                <layer rank="1" name="WSL"/>
            </annotationSet>
            <annotationSet cDate="01/07/2003 09:31:46 PST Tue" status="MANUAL" ID="1400087">
                <layer rank="1" name="FE">
                    <label cBy="Sns" feID="3291" end="3" start="0" name="Stimulus"/>
                    <label cBy="Sns" feID="3293" end="11" start="8" name="Degree"/>
                    <label cBy="Sns" feID="3292" end="51" start="21" name="Experiencer"/>
                </layer>
                <layer rank="1" name="GF">
                    <label end="3" start="0" name="Ext"/>
                    <label end="11" start="8" name="Dep"/>
                    <label end="51" start="21" name="Dep"/>
                </layer>
                <layer rank="1" name="PT">
                    <label end="3" start="0" name="NP"/>
                    <label end="11" start="8" name="AVP"/>
                    <label end="51" start="21" name="PP"/>
                </layer>
                <layer rank="1" name="Sent"/>
                <layer rank="1" name="Other"/>
                <layer rank="1" name="Target">
                    <label cBy="BoC" end="19" start="13" name="Target"/>
                </layer>
                <layer rank="1" name="Adj">
                    <label end="6" start="5" name="Cop"/>
                </layer>
            </annotationSet>
        </sentence>
        <sentence sentNo="0" aPos="77046582" ID="973740">
            <text>` This way , you get to do both , &quot; he reasoned with galling unconcern . </text>
            <annotationSet cDate="01/07/2003 09:31:46 PST Tue" status="UNANN" ID="1400088">
                <layer rank="1" name="BNC">
                    <label end="0" start="0" name="PUQ"/>
                    <label end="5" start="2" name="DT0"/>
                    <label end="9" start="7" name="NN1"/>
                    <label end="11" start="11" name="PUN"/>
                    <label end="15" start="13" name="PNP"/>
                    <label end="19" start="17" name="VVB"/>
                    <label end="22" start="21" name="TO0"/>
                    <label end="25" start="24" name="VDI"/>
                    <label end="30" start="27" name="AV0"/>
                    <label end="32" start="32" name="PUN"/>
                    <label end="34" start="34" name="PUQ"/>
                    <label end="37" start="36" name="PNP"/>
                    <label end="46" start="39" name="VVD"/>
                    <label end="51" start="48" name="PRP"/>
                    <label end="59" start="53" name="AJ0"/>
                    <label end="69" start="61" name="NN1"/>
                    <label end="71" start="71" name="PUN"/>
                </layer>
                <layer rank="1" name="NER"/>
                <layer rank="1" name="WSL"/>
            </annotationSet>
            <annotationSet cDate="01/07/2003 09:31:46 PST Tue" status="MANUAL" ID="1400089">
                <layer rank="1" name="FE">
                    <label cBy="Sns" feID="3291" end="69" start="61" name="Stimulus"/>
                </layer>
                <layer rank="1" name="GF">
                    <label end="69" start="61" name="Head"/>
                </layer>
                <layer rank="1" name="PT">
                    <label end="69" start="61" name="N"/>
                </layer>
                <layer rank="1" name="Sent"/>
                <layer rank="1" name="Other"/>
                <layer rank="1" name="Target">
                    <label cBy="BoC" end="59" start="53" name="Target"/>
                </layer>
                <layer rank="1" name="Adj"/>
            </annotationSet>
        </sentence>
        <sentence sentNo="0" aPos="77199487" ID="973741">
            <text>He 'd done good work on the drama pilot , and it was galling to hear this woman refer to it so dismissively . </text>
            <annotationSet cDate="01/07/2003 09:31:46 PST Tue" status="UNANN" ID="1400090">
                <layer rank="1" name="BNC">
                    <label end="1" start="0" name="PNP"/>
                    <label end="4" start="3" name="VHD"/>
                    <label end="9" start="6" name="VDN"/>
                    <label end="14" start="11" name="AJ0"/>
                    <label end="19" start="16" name="NN1"/>
                    <label end="22" start="21" name="PRP"/>
                    <label end="26" start="24" name="AT0"/>
                    <label end="32" start="28" name="NN1"/>
                    <label end="38" start="34" name="NN1"/>
                    <label end="40" start="40" name="PUN"/>
                    <label end="44" start="42" name="CJC"/>
                    <label end="47" start="46" name="PNP"/>
                    <label end="51" start="49" name="VBD"/>
                    <label end="59" start="53" name="AJ0"/>
                    <label end="62" start="61" name="TO0"/>
                    <label end="67" start="64" name="VVI"/>
                    <label end="72" start="69" name="DT0"/>
                    <label end="78" start="74" name="NN1"/>
                    <label end="84" start="80" name="VVB"/>
                    <label end="87" start="86" name="PRP"/>
                    <label end="90" start="89" name="PNP"/>
                    <label end="93" start="92" name="AV0"/>
                    <label end="106" start="95" name="AV0"/>
                    <label end="108" start="108" name="PUN"/>
                </layer>
                <layer rank="1" name="NER"/>
                <layer rank="1" name="WSL"/>
            </annotationSet>
            <annotationSet cDate="01/07/2003 09:31:46 PST Tue" status="MANUAL" ID="1400091">
                <layer rank="1" name="FE">
                    <label cBy="Sns" feID="3291" end="106" start="61" name="Stimulus"/>
                </layer>
                <layer rank="1" name="GF">
                    <label end="106" start="61" name="Dep"/>
                </layer>
                <layer rank="1" name="PT">
                    <label end="106" start="61" name="VPto"/>
                </layer>
                <layer rank="1" name="Sent"/>
                <layer rank="1" name="Other">
                    <label end="47" start="46" name="Null"/>
                </layer>
                <layer rank="1" name="Target">
                    <label cBy="BoC" end="59" start="53" name="Target"/>
                </layer>
                <layer rank="1" name="Adj">
                    <label end="51" start="49" name="Cop"/>
                </layer>
            </annotationSet>
        </sentence>
        <sentence sentNo="0" aPos="79290854" ID="973743">
            <text>Shrewsbury had never until then sensed the bitterness of this recoil , or its galling comedy . </text>
            <annotationSet cDate="01/07/2003 09:31:47 PST Tue" status="UNANN" ID="1400094">
                <layer rank="1" name="BNC">
                    <label end="9" start="0" name="NP0"/>
                    <label end="13" start="11" name="VHD"/>
                    <label end="19" start="15" name="AV0"/>
                    <label end="25" start="21" name="CJS"/>
                    <label end="30" start="27" name="AV0"/>
                    <label end="37" start="32" name="VVD"/>
                    <label end="41" start="39" name="AT0"/>
                    <label end="52" start="43" name="NN1"/>
                    <label end="55" start="54" name="PRF"/>
                    <label end="60" start="57" name="DT0"/>
                    <label end="67" start="62" name="NN1"/>
                    <label end="69" start="69" name="PUN"/>
                    <label end="72" start="71" name="CJC"/>
                    <label end="76" start="74" name="DPS"/>
                    <label end="84" start="78" name="AJ0"/>
                    <label end="91" start="86" name="NN1"/>
                    <label end="93" start="93" name="PUN"/>
                </layer>
                <layer rank="1" name="NER"/>
                <layer rank="1" name="WSL"/>
            </annotationSet>
            <annotationSet cDate="01/07/2003 09:31:47 PST Tue" status="MANUAL" ID="1400095">
                <layer rank="1" name="FE">
                    <label cBy="Sns" feID="3291" end="91" start="86" name="Stimulus"/>
                </layer>
                <layer rank="1" name="GF">
                    <label end="91" start="86" name="Head"/>
                </layer>
                <layer rank="1" name="PT">
                    <label end="91" start="86" name="N"/>
                </layer>
                <layer rank="1" name="Sent"/>
                <layer rank="1" name="Other"/>
                <layer rank="1" name="Target">
                    <label cBy="BoC" end="84" start="78" name="Target"/>
                </layer>
                <layer rank="1" name="Adj"/>
            </annotationSet>
        </sentence>
        <sentence sentNo="0" aPos="83653269" ID="973745">
            <text>It was just too galling , seeing him all dressed up for someone else . </text>
            <annotationSet cDate="01/07/2003 09:31:47 PST Tue" status="UNANN" ID="1400098">
                <layer rank="1" name="BNC">
                    <label end="1" start="0" name="PNP"/>
                    <label end="5" start="3" name="VBD"/>
                    <label end="10" start="7" name="AV0"/>
                    <label end="14" start="12" name="AV0"/>
                    <label end="22" start="16" name="AJ0"/>
                    <label end="24" start="24" name="PUN"/>
                    <label end="31" start="26" name="CJS"/>
                    <label end="35" start="33" name="PNP"/>
                    <label end="39" start="37" name="AV0"/>
                    <label end="47" start="41" name="VVN"/>
                    <label end="50" start="49" name="AVP"/>
                    <label end="54" start="52" name="PRP"/>
                    <label end="62" start="56" name="PNI"/>
                    <label end="67" start="64" name="AV0"/>
                    <label end="69" start="69" name="PUN"/>
                </layer>
                <layer rank="1" name="NER"/>
                <layer rank="1" name="WSL"/>
            </annotationSet>
            <annotationSet cDate="01/07/2003 09:31:47 PST Tue" status="MANUAL" ID="1400099">
                <layer rank="1" name="FE">
                    <label cBy="Sns" feID="3293" end="14" start="12" name="Degree"/>
                    <label cBy="Sns" feID="3291" end="67" start="26" name="Stimulus"/>
                </layer>
                <layer rank="1" name="GF">
                    <label end="14" start="12" name="Dep"/>
                    <label end="67" start="26" name="Dep"/>
                </layer>
                <layer rank="1" name="PT">
                    <label end="14" start="12" name="AVP"/>
                    <label end="67" start="26" name="VPing"/>
                </layer>
                <layer rank="1" name="Sent"/>
                <layer rank="1" name="Other">
                    <label end="1" start="0" name="Null"/>
                </layer>
                <layer rank="1" name="Target">
                    <label cBy="BoC" end="22" start="16" name="Target"/>
                </layer>
                <layer rank="1" name="Adj"/>
            </annotationSet>
        </sentence>
        <sentence sentNo="0" aPos="101333767" ID="973749">
            <text>It must be galling to be reduced to wearing denim instead of silk . &quot; </text>
            <annotationSet cDate="01/07/2003 09:31:47 PST Tue" status="UNANN" ID="1400106">
                <layer rank="1" name="BNC">
                    <label end="1" start="0" name="PNP"/>
                    <label end="6" start="3" name="VM0"/>
                    <label end="9" start="8" name="VBI"/>
                    <label end="17" start="11" name="AJ0"/>
                    <label end="20" start="19" name="TO0"/>
                    <label end="23" start="22" name="VBI"/>
                    <label end="31" start="25" name="VVN"/>
                    <label end="34" start="33" name="PRP"/>
                    <label end="42" start="36" name="AJ0-VVG"/>
                    <label end="48" start="44" name="NN1"/>
                    <label end="56" start="50" name="CJC"/>
                    <label end="59" start="58" name="CJC"/>
                    <label end="64" start="61" name="NN1"/>
                    <label end="66" start="66" name="PUN"/>
                    <label end="68" start="68" name="PUQ"/>
                </layer>
                <layer rank="1" name="NER"/>
                <layer rank="1" name="WSL"/>
            </annotationSet>
            <annotationSet cDate="01/07/2003 09:31:47 PST Tue" status="MANUAL" ID="1400107">
                <layer rank="1" name="FE">
                    <label cBy="Sns" feID="3291" end="64" start="19" name="Stimulus"/>
                </layer>
                <layer rank="1" name="GF">
                    <label end="64" start="19" name="Dep"/>
                </layer>
                <layer rank="1" name="PT">
                    <label end="64" start="19" name="VPto"/>
                </layer>
                <layer rank="1" name="Sent"/>
                <layer rank="1" name="Other">
                    <label end="1" start="0" name="Null"/>
                </layer>
                <layer rank="1" name="Target">
                    <label cBy="BoC" end="17" start="11" name="Target"/>
                </layer>
                <layer rank="1" name="Adj">
                    <label end="9" start="8" name="Cop"/>
                </layer>
            </annotationSet>
        </sentence>
        <sentence sentNo="0" aPos="106555298" ID="973753">
            <text>Erase the notion back home that this was an equivalent of football 's Costa Rica , though the galling aspect was that Scottish mistakes were a telling factor . </text>
            <annotationSet cDate="01/07/2003 09:31:48 PST Tue" status="UNANN" ID="1400114">
                <layer rank="1" name="BNC">
                    <label end="4" start="0" name="VVB"/>
                    <label end="8" start="6" name="AT0"/>
                    <label end="15" start="10" name="NN1"/>
                    <label end="20" start="17" name="AVP"/>
                    <label end="25" start="22" name="AV0"/>
                    <label end="30" start="27" name="CJT"/>
                    <label end="35" start="32" name="DT0"/>
                    <label end="39" start="37" name="VBD"/>
                    <label end="42" start="41" name="AT0"/>
                    <label end="53" start="44" name="NN1"/>
                    <label end="56" start="55" name="PRF"/>
                    <label end="65" start="58" name="NN1"/>
                    <label end="68" start="67" name="POS"/>
                    <label end="74" start="70" name="NP0"/>
                    <label end="79" start="76" name="NP0"/>
                    <label end="81" start="81" name="PUN"/>
                    <label end="88" start="83" name="CJS"/>
                    <label end="92" start="90" name="AT0"/>
                    <label end="100" start="94" name="AJ0"/>
                    <label end="107" start="102" name="NN1"/>
                    <label end="111" start="109" name="VBD"/>
                    <label end="116" start="113" name="CJT-DT0"/>
                    <label end="125" start="118" name="AJ0"/>
                    <label end="134" start="127" name="NN2"/>
                    <label end="139" start="136" name="VBD"/>
                    <label end="141" start="141" name="AT0"/>
                    <label end="149" start="143" name="AJ0"/>
                    <label end="156" start="151" name="NN1"/>
                    <label end="158" start="158" name="PUN"/>
                </layer>
                <layer rank="1" name="NER"/>
                <layer rank="1" name="WSL"/>
            </annotationSet>
            <annotationSet cDate="01/07/2003 09:31:48 PST Tue" status="MANUAL" ID="1400115">
                <layer rank="1" name="FE">
                    <label cBy="Sns" feID="3291" end="107" start="102" name="Stimulus"/>
                </layer>
                <layer rank="1" name="GF">
                    <label end="107" start="102" name="Head"/>
                </layer>
                <layer rank="1" name="PT">
                    <label end="107" start="102" name="N"/>
                </layer>
                <layer rank="1" name="Sent"/>
                <layer rank="1" name="Other"/>
                <layer rank="1" name="Target">
                    <label cBy="BoC" end="100" start="94" name="Target"/>
                </layer>
                <layer rank="1" name="Adj"/>
            </annotationSet>
        </sentence>
        <sentence sentNo="0" aPos="106903674" ID="973755">
            <text>The size of the Trident bill is particularly galling in view of the Budget decision to tax gas and electricity . </text>
            <annotationSet cDate="01/07/2003 09:31:48 PST Tue" status="UNANN" ID="1400118">
                <layer rank="1" name="BNC">
                    <label end="2" start="0" name="AT0"/>
                    <label end="7" start="4" name="NN1"/>
                    <label end="10" start="9" name="PRF"/>
                    <label end="14" start="12" name="AT0"/>
                    <label end="22" start="16" name="AJ0"/>
                    <label end="27" start="24" name="NN1"/>
                    <label end="30" start="29" name="VBZ"/>
                    <label end="43" start="32" name="AV0"/>
                    <label end="51" start="45" name="AJ0"/>
                    <label end="54" start="53" name="PRP"/>
                    <label end="59" start="56" name="PRP"/>
                    <label end="62" start="61" name="PRP"/>
                    <label end="66" start="64" name="AT0"/>
                    <label end="73" start="68" name="NN1"/>
                    <label end="82" start="75" name="NN1"/>
                    <label end="85" start="84" name="TO0"/>
                    <label end="89" start="87" name="VVI"/>
                    <label end="93" start="91" name="NN1"/>
                    <label end="97" start="95" name="CJC"/>
                    <label end="109" start="99" name="NN1"/>
                    <label end="111" start="111" name="PUN"/>
                </layer>
                <layer rank="1" name="NER"/>
                <layer rank="1" name="WSL"/>
            </annotationSet>
            <annotationSet cDate="01/07/2003 09:31:48 PST Tue" status="MANUAL" ID="1400119">
                <layer rank="1" name="FE">
                    <label cBy="Sns" feID="3291" end="27" start="0" name="Stimulus"/>
                    <label cBy="Sns" feID="3293" end="43" start="32" name="Degree"/>
                    <label cBy="Sns" feID="3294" end="109" start="53" name="Circumstances"/>
                </layer>
                <layer rank="1" name="GF">
                    <label end="27" start="0" name="Ext"/>
                    <label end="43" start="32" name="Dep"/>
                    <label end="109" start="53" name="Dep"/>
                </layer>
                <layer rank="1" name="PT">
                    <label end="27" start="0" name="NP"/>
                    <label end="43" start="32" name="AVP"/>
                    <label end="109" start="53" name="PP"/>
                </layer>
                <layer rank="1" name="Sent"/>
                <layer rank="1" name="Other"/>
                <layer rank="1" name="Target">
                    <label cBy="BoC" end="51" start="45" name="Target"/>
                </layer>
                <layer rank="1" name="Adj">
                    <label end="30" start="29" name="Cop"/>
                </layer>
            </annotationSet>
        </sentence>
        <sentence sentNo="0" aPos="107610928" ID="973756">
            <text>` Gently , gently ! &quot; protested Isambard with galling mildness . </text>
            <annotationSet cDate="01/07/2003 09:31:48 PST Tue" status="UNANN" ID="1400120">
                <layer rank="1" name="BNC">
                    <label end="0" start="0" name="PUQ"/>
                    <label end="7" start="2" name="NP0"/>
                    <label end="9" start="9" name="PUN"/>
                    <label end="16" start="11" name="AV0"/>
                    <label end="18" start="18" name="PUN"/>
                    <label end="20" start="20" name="PUQ"/>
                    <label end="30" start="22" name="VVD"/>
                    <label end="39" start="32" name="NP0"/>
                    <label end="44" start="41" name="PRP"/>
                    <label end="52" start="46" name="AJ0"/>
                    <label end="61" start="54" name="NN1"/>
                    <label end="63" start="63" name="PUN"/>
                </layer>
                <layer rank="1" name="NER"/>
                <layer rank="1" name="WSL"/>
            </annotationSet>
            <annotationSet cDate="01/07/2003 09:31:48 PST Tue" status="MANUAL" ID="1400121">
                <layer rank="1" name="FE">
                    <label cBy="Sns" feID="3291" end="61" start="54" name="Stimulus"/>
                </layer>
                <layer rank="1" name="GF">
                    <label end="61" start="54" name="Head"/>
                </layer>
                <layer rank="1" name="PT">
                    <label end="61" start="54" name="N"/>
                </layer>
                <layer rank="1" name="Sent"/>
                <layer rank="1" name="Other"/>
                <layer rank="1" name="Target">
                    <label cBy="BoC" end="52" start="46" name="Target"/>
                </layer>
                <layer rank="1" name="Adj"/>
            </annotationSet>
        </sentence>
        <sentence sentNo="0" aPos="107980911" ID="973757">
            <text>To General von Zwehl the slaughter of his triumphant corps was particularly galling . </text>
            <annotationSet cDate="01/07/2003 09:31:48 PST Tue" status="UNANN" ID="1400122">
                <layer rank="1" name="BNC">
                    <label end="1" start="0" name="PRP"/>
                    <label end="9" start="3" name="NP0"/>
                    <label end="13" start="11" name="NP0"/>
                    <label end="19" start="15" name="NP0"/>
                    <label end="23" start="21" name="AT0"/>
                    <label end="33" start="25" name="NN1"/>
                    <label end="36" start="35" name="PRF"/>
                    <label end="40" start="38" name="DPS"/>
                    <label end="51" start="42" name="AJ0"/>
                    <label end="57" start="53" name="NN1"/>
                    <label end="61" start="59" name="VBD"/>
                    <label end="74" start="63" name="AV0"/>
                    <label end="82" start="76" name="AJ0"/>
                    <label end="84" start="84" name="PUN"/>
                </layer>
                <layer rank="1" name="NER"/>
                <layer rank="1" name="WSL"/>
            </annotationSet>
            <annotationSet cDate="01/07/2003 09:31:48 PST Tue" status="MANUAL" ID="1400123">
                <layer rank="1" name="FE">
                    <label cBy="Sns" feID="3291" end="57" start="21" name="Stimulus"/>
                    <label cBy="Sns" feID="3293" end="74" start="63" name="Degree"/>
                    <label cBy="Sns" feID="3292" end="19" start="0" name="Experiencer"/>
                </layer>
                <layer rank="1" name="GF">
                    <label end="57" start="21" name="Ext"/>
                    <label end="74" start="63" name="Dep"/>
                    <label end="19" start="0" name="Dep"/>
                </layer>
                <layer rank="1" name="PT">
                    <label end="57" start="21" name="NP"/>
                    <label end="74" start="63" name="AVP"/>
                    <label end="19" start="0" name="PP"/>
                </layer>
                <layer rank="1" name="Sent"/>
                <layer rank="1" name="Other"/>
                <layer rank="1" name="Target">
                    <label cBy="BoC" end="82" start="76" name="Target"/>
                </layer>
                <layer rank="1" name="Adj">
                    <label end="61" start="59" name="Cop"/>
                </layer>
            </annotationSet>
        </sentence>
    </subCorpus>
    <subCorpus name="manually-added">
        <sentence corpID="115" docID="23009" sentNo="3" paragNo="24" aPos="0" ID="2824259">
            <text>The oldest bell-ringing group in the country , the Ancient Society of College Youths , founded in 1637 , remains male-only , a fact that 's particularly galling to women because the group is the sole source of ringers for Britain 's most prestigious churches , St. Paul 's Cathedral and Westminster Abbey .</text>
            <annotationSet cDate="02/05/2004 08:29:38 PST Thu" status="UNANN" ID="4528254">
                <layer rank="1" name="PENN">
                    <label end="2" start="0" name="dt"/>
                    <label end="9" start="4" name="jjs"/>
                    <label end="22" start="11" name="nn"/>
                    <label end="28" start="24" name="nn"/>
                    <label end="31" start="30" name="in"/>
                    <label end="35" start="33" name="dt"/>
                    <label end="43" start="37" name="nn"/>
                    <label end="45" start="45" name=","/>
                    <label end="49" start="47" name="dt"/>
                    <label end="57" start="51" name="jj"/>
                    <label end="65" start="59" name="NP"/>
                    <label end="68" start="67" name="in"/>
                    <label end="76" start="70" name="NP"/>
                    <label end="83" start="78" name="nns"/>
                    <label end="85" start="85" name=","/>
                    <label end="93" start="87" name="VVN"/>
                    <label end="96" start="95" name="in"/>
                    <label end="101" start="98" name="cd"/>
                    <label end="103" start="103" name=","/>
                    <label end="111" start="105" name="VVZ"/>
                    <label end="121" start="113" name="jj"/>
                    <label end="123" start="123" name=","/>
                    <label end="125" start="125" name="dt"/>
                    <label end="130" start="127" name="nn"/>
                    <label end="135" start="132" name="wdt"/>
                    <label end="138" start="137" name="VBZ"/>
                    <label end="151" start="140" name="rb"/>
                    <label end="159" start="153" name="jj"/>
                    <label end="162" start="161" name="to"/>
                    <label end="168" start="164" name="nns"/>
                    <label end="176" start="170" name="in"/>
                    <label end="180" start="178" name="dt"/>
                    <label end="186" start="182" name="nn"/>
                    <label end="189" start="188" name="VBZ"/>
                    <label end="193" start="191" name="dt"/>
                    <label end="198" start="195" name="jj"/>
                    <label end="205" start="200" name="nn"/>
                    <label end="208" start="207" name="in"/>
                    <label end="216" start="210" name="nns"/>
                    <label end="220" start="218" name="in"/>
                    <label end="228" start="222" name="NP"/>
                    <label end="231" start="230" name="POS"/>
                    <label end="236" start="233" name="rbs"/>
                    <label end="248" start="238" name="jj"/>
                    <label end="257" start="250" name="nns"/>
                    <label end="259" start="259" name=","/>
                    <label end="263" start="261" name="NP"/>
                    <label end="268" start="265" name="NP"/>
                    <label end="271" start="270" name="POS"/>
                    <label end="281" start="273" name="NP"/>
                    <label end="285" start="283" name="cc"/>
                    <label end="297" start="287" name="NP"/>
                    <label end="303" start="299" name="NP"/>
                    <label end="305" start="305" name="sent"/>
                </layer>
                <layer rank="1" name="NER">
                    <label end="83" start="51" name="organization"/>
                    <label end="101" start="98" name="date"/>
                    <label end="281" start="261" name="organization"/>
                    <label end="303" start="287" name="organization"/>
                </layer>
                <layer rank="1" name="WSL">
                    <label end="31" start="30" name="NT"/>
                    <label end="45" start="45" name="NT"/>
                    <label end="85" start="85" name="NT"/>
                    <label end="96" start="95" name="NT"/>
                    <label end="103" start="103" name="NT"/>
                    <label end="123" start="123" name="NT"/>
                    <label end="138" start="137" name="NT"/>
                    <label end="151" start="140" name="NT"/>
                    <label end="162" start="161" name="NT"/>
                    <label end="189" start="188" name="NT"/>
                    <label end="236" start="233" name="NT"/>
                    <label end="259" start="259" name="NT"/>
                    <label end="305" start="305" name="NT"/>
                    <label end="2" start="0" name="NT"/>
                    <label end="35" start="33" name="NT"/>
                    <label end="49" start="47" name="NT"/>
                    <label end="65" start="59" name="NT"/>
                    <label end="68" start="67" name="NT"/>
                    <label end="76" start="70" name="NT"/>
                    <label end="101" start="98" name="NT"/>
                    <label end="125" start="125" name="NT"/>
                    <label end="135" start="132" name="NT"/>
                    <label end="180" start="178" name="NT"/>
                    <label end="193" start="191" name="NT"/>
                    <label end="208" start="207" name="NT"/>
                    <label end="220" start="218" name="NT"/>
                    <label end="228" start="222" name="NT"/>
                    <label end="231" start="230" name="NT"/>
                    <label end="263" start="261" name="NT"/>
                    <label end="268" start="265" name="NT"/>
                    <label end="271" start="270" name="NT"/>
                    <label end="281" start="273" name="NT"/>
                    <label end="285" start="283" name="NT"/>
                    <label end="297" start="287" name="NT"/>
                    <label end="303" start="299" name="NT"/>
                </layer>
            </annotationSet>
            <annotationSet cDate="07/07/2004 04:40:55 PDT Wed" status="MANUAL" ID="4528950">
                <layer rank="1" name="Target">
                    <label cBy="MiL" end="159" start="153" name="Target"/>
                </layer>
                <layer rank="1" name="FE">
                    <label cBy="MiL" feID="3291" end="135" start="125" name="Stimulus"/>
                    <label cBy="MiL" feID="3293" end="151" start="140" name="Degree"/>
                    <label cBy="MiL" feID="3292" end="168" start="161" name="Experiencer"/>
                    <label cBy="MiL" feID="3372" end="303" start="170" name="Property"/>
                </layer>
                <layer rank="1" name="GF">
                    <label end="135" start="125" name="Ext"/>
                    <label end="151" start="140" name="Dep"/>
                    <label end="168" start="161" name="Dep"/>
                    <label end="303" start="170" name="Dep"/>
                </layer>
                <layer rank="1" name="PT">
                    <label end="135" start="125" name="NP"/>
                    <label end="151" start="140" name="AJP"/>
                    <label end="168" start="161" name="PP"/>
                    <label end="303" start="170" name="PP"/>
                </layer>
                <layer rank="1" name="Other"/>
                <layer rank="1" name="Sent"/>
                <layer rank="1" name="Adj"/>
            </annotationSet>
        </sentence>
    </subCorpus>
</lexUnit>