<?xml version="1.0" encoding="UTF-8" standalone="yes"?>
<?xml-stylesheet type="text/xsl" href="lexUnit.xsl"?>
<lexUnit status="Finished_Initial" POS="A" name="vexatious.a" ID="6377" frame="Stimulus_focus" frameID="364" totalAnnotated="11" xsi:schemaLocation="../schema/lexUnit.xsd" xmlns="http://framenet.icsi.berkeley.edu" xmlns:xsi="http://www.w3.org/2001/XMLSchema-instance">
    <header>
        <frame>
            <FE fgColor="FFFFFF" bgColor="808080" type="Extra-Thematic" abbrev="cir" name="Circumstances"/>
            <FE fgColor="FFFFFF" bgColor="0000FF" type="Extra-Thematic" abbrev="C_set" name="Comparison_set"/>
            <FE fgColor="FFFFFF" bgColor="FF69B4" type="Peripheral" abbrev="Degr" name="Degree"/>
            <FE fgColor="FFFFFF" bgColor="008000" type="Peripheral" abbrev="Exp" name="Experiencer"/>
            <FE fgColor="FFFFFF" bgColor="A52A2A" type="Peripheral" abbrev="Par" name="Parameter"/>
            <FE fgColor="FFFFFF" bgColor="800080" type="Extra-Thematic" abbrev="Property" name="Property"/>
            <FE fgColor="FFFFFF" bgColor="FF0000" type="Core" abbrev="Stim" name="Stimulus"/>
        </frame>
    </header>
    <definition>COD: causing annoyance or worry.</definition>
    <lexeme POS="A" name="vexatious"/>
    <valences>
        <FERealization total="3">
            <FE name="Degree"/>
            <pattern total="3">
                <valenceUnit GF="Dep" PT="AVP" FE="Degree"/>
                <annoSet ID="1400131"/>
                <annoSet ID="1400153"/>
                <annoSet ID="1400155"/>
            </pattern>
        </FERealization>
        <FERealization total="2">
            <FE name="Experiencer"/>
            <pattern total="2">
                <valenceUnit GF="Dep" PT="PP[to]" FE="Experiencer"/>
                <annoSet ID="1400131"/>
                <annoSet ID="1400153"/>
            </pattern>
        </FERealization>
        <FERealization total="11">
            <FE name="Stimulus"/>
            <pattern total="5">
                <valenceUnit GF="Ext" PT="NP" FE="Stimulus"/>
                <annoSet ID="1400131"/>
                <annoSet ID="1400139"/>
                <annoSet ID="1400153"/>
                <annoSet ID="1400169"/>
                <annoSet ID="1400171"/>
            </pattern>
            <pattern total="6">
                <valenceUnit GF="Head" PT="N" FE="Stimulus"/>
                <annoSet ID="1400135"/>
                <annoSet ID="1400147"/>
                <annoSet ID="1400155"/>
                <annoSet ID="1400161"/>
                <annoSet ID="1400177"/>
                <annoSet ID="1400193"/>
            </pattern>
        </FERealization>
        <FEGroupRealization total="2">
            <FE name="Degree"/>
            <FE name="Experiencer"/>
            <FE name="Stimulus"/>
            <pattern total="2">
                <valenceUnit GF="Dep" PT="AVP" FE="Degree"/>
                <valenceUnit GF="Dep" PT="PP[to]" FE="Experiencer"/>
                <valenceUnit GF="Ext" PT="NP" FE="Stimulus"/>
                <annoSet ID="1400131"/>
                <annoSet ID="1400153"/>
            </pattern>
        </FEGroupRealization>
        <FEGroupRealization total="1">
            <FE name="Degree"/>
            <FE name="Stimulus"/>
            <pattern total="1">
                <valenceUnit GF="Dep" PT="AVP" FE="Degree"/>
                <valenceUnit GF="Head" PT="N" FE="Stimulus"/>
                <annoSet ID="1400155"/>
            </pattern>
        </FEGroupRealization>
        <FEGroupRealization total="8">
            <FE name="Stimulus"/>
            <pattern total="5">
                <valenceUnit GF="Head" PT="N" FE="Stimulus"/>
                <annoSet ID="1400135"/>
                <annoSet ID="1400147"/>
                <annoSet ID="1400161"/>
                <annoSet ID="1400177"/>
                <annoSet ID="1400193"/>
            </pattern>
            <pattern total="3">
                <valenceUnit GF="Ext" PT="NP" FE="Stimulus"/>
                <annoSet ID="1400139"/>
                <annoSet ID="1400169"/>
                <annoSet ID="1400171"/>
            </pattern>
        </FEGroupRealization>
    </valences>
    <subCorpus name="A-001-all">
        <sentence sentNo="0" aPos="8013577" ID="973761">
            <text>Among her policy advisers , the best-known was Sir Alan Walters , whose wraith-like presence as her adviser on the economy proved so vexatious to the Chancellor of the Exchequer , Nigel Lawson , that he resigned . </text>
            <annotationSet cDate="01/07/2003 09:31:49 PST Tue" status="UNANN" ID="1400130">
                <layer rank="1" name="BNC">
                    <label end="4" start="0" name="PRP"/>
                    <label end="8" start="6" name="DPS"/>
                    <label end="15" start="10" name="NN1"/>
                    <label end="24" start="17" name="NN2"/>
                    <label end="26" start="26" name="PUN"/>
                    <label end="30" start="28" name="AT0"/>
                    <label end="41" start="32" name="NN1"/>
                    <label end="45" start="43" name="VBD"/>
                    <label end="49" start="47" name="NP0"/>
                    <label end="54" start="51" name="NP0"/>
                    <label end="62" start="56" name="NP0"/>
                    <label end="64" start="64" name="PUN"/>
                    <label end="70" start="66" name="DTQ"/>
                    <label end="82" start="72" name="AJ0"/>
                    <label end="91" start="84" name="NN1"/>
                    <label end="94" start="93" name="CJS-PRP"/>
                    <label end="98" start="96" name="DPS"/>
                    <label end="106" start="100" name="NN1"/>
                    <label end="109" start="108" name="PRP"/>
                    <label end="113" start="111" name="AT0"/>
                    <label end="121" start="115" name="NN1"/>
                    <label end="128" start="123" name="VVD-VVN"/>
                    <label end="131" start="130" name="AV0"/>
                    <label end="141" start="133" name="AJ0"/>
                    <label end="144" start="143" name="PRP"/>
                    <label end="148" start="146" name="AT0"/>
                    <label end="159" start="150" name="NN1"/>
                    <label end="162" start="161" name="PRF"/>
                    <label end="166" start="164" name="AT0"/>
                    <label end="176" start="168" name="NN1"/>
                    <label end="178" start="178" name="PUN"/>
                    <label end="184" start="180" name="NP0"/>
                    <label end="191" start="186" name="NP0"/>
                    <label end="193" start="193" name="PUN"/>
                    <label end="198" start="195" name="CJT"/>
                    <label end="201" start="200" name="PNP"/>
                    <label end="210" start="203" name="VVD"/>
                    <label end="212" start="212" name="PUN"/>
                </layer>
                <layer rank="1" name="NER"/>
                <layer rank="1" name="WSL"/>
            </annotationSet>
            <annotationSet cDate="01/07/2003 09:31:49 PST Tue" status="MANUAL" ID="1400131">
                <layer rank="1" name="FE">
                    <label cBy="gGK" feID="3291" end="121" start="72" name="Stimulus"/>
                    <label cBy="gGK" feID="3293" end="131" start="130" name="Degree"/>
                    <label cBy="gGK" feID="3292" end="191" start="143" name="Experiencer"/>
                    <label cBy="gGK" feID="3293" end="210" start="195" name="Degree"/>
                </layer>
                <layer rank="1" name="GF">
                    <label end="121" start="72" name="Ext"/>
                    <label end="131" start="130" name="Dep"/>
                    <label end="191" start="143" name="Dep"/>
                    <label end="210" start="195" name="Dep"/>
                </layer>
                <layer rank="1" name="PT">
                    <label end="121" start="72" name="NP"/>
                    <label end="131" start="130" name="AVP"/>
                    <label end="191" start="143" name="PP"/>
                    <label end="210" start="195" name="PP"/>
                </layer>
                <layer rank="1" name="Sent"/>
                <layer rank="1" name="Other"/>
                <layer rank="1" name="Target">
                    <label cBy="BoC" end="141" start="133" name="Target"/>
                </layer>
                <layer rank="1" name="Adj">
                    <label end="128" start="123" name="Cop"/>
                </layer>
            </annotationSet>
        </sentence>
        <sentence sentNo="0" aPos="23236770" ID="973763">
            <text>They were not authorized to sell the goods pledged to them however perishable , which meant that many vexatious and expensive lawsuits were commenced against them every day . </text>
            <annotationSet cDate="01/07/2003 09:31:49 PST Tue" status="UNANN" ID="1400134">
                <layer rank="1" name="BNC">
                    <label end="3" start="0" name="PNP"/>
                    <label end="8" start="5" name="VBD"/>
                    <label end="12" start="10" name="XX0"/>
                    <label end="23" start="14" name="AJ0-VVN"/>
                    <label end="26" start="25" name="TO0"/>
                    <label end="31" start="28" name="VVI"/>
                    <label end="35" start="33" name="AT0"/>
                    <label end="41" start="37" name="NN2"/>
                    <label end="49" start="43" name="VVD-VVN"/>
                    <label end="52" start="51" name="PRP"/>
                    <label end="57" start="54" name="PNP"/>
                    <label end="65" start="59" name="AV0"/>
                    <label end="76" start="67" name="AJ0"/>
                    <label end="78" start="78" name="PUN"/>
                    <label end="84" start="80" name="DTQ"/>
                    <label end="90" start="86" name="VVD"/>
                    <label end="95" start="92" name="CJT"/>
                    <label end="100" start="97" name="DT0"/>
                    <label end="110" start="102" name="AJ0"/>
                    <label end="114" start="112" name="CJC"/>
                    <label end="124" start="116" name="AJ0"/>
                    <label end="133" start="126" name="NN2"/>
                    <label end="138" start="135" name="VBD"/>
                    <label end="148" start="140" name="VVN"/>
                    <label end="156" start="150" name="PRP"/>
                    <label end="161" start="158" name="PNP"/>
                    <label end="167" start="163" name="AT0"/>
                    <label end="171" start="169" name="NN1"/>
                    <label end="173" start="173" name="PUN"/>
                </layer>
                <layer rank="1" name="NER"/>
                <layer rank="1" name="WSL"/>
            </annotationSet>
            <annotationSet cDate="01/07/2003 09:31:49 PST Tue" status="MANUAL" ID="1400135">
                <layer rank="1" name="FE">
                    <label cBy="gGK" feID="3291" end="133" start="126" name="Stimulus"/>
                </layer>
                <layer rank="1" name="GF">
                    <label end="133" start="126" name="Head"/>
                </layer>
                <layer rank="1" name="PT">
                    <label end="133" start="126" name="N"/>
                </layer>
                <layer rank="1" name="Sent"/>
                <layer rank="1" name="Other"/>
                <layer rank="1" name="Target">
                    <label cBy="BoC" end="110" start="102" name="Target"/>
                </layer>
                <layer rank="1" name="Adj"/>
            </annotationSet>
        </sentence>
        <sentence sentNo="0" aPos="28493218" ID="973765">
            <text>It disclosed no reasonable cause of action and was frivolous and vexatious . </text>
            <annotationSet cDate="01/07/2003 09:31:49 PST Tue" status="UNANN" ID="1400138">
                <layer rank="1" name="BNC">
                    <label end="1" start="0" name="PNP"/>
                    <label end="11" start="3" name="VVD"/>
                    <label end="14" start="13" name="AT0"/>
                    <label end="25" start="16" name="AJ0"/>
                    <label end="31" start="27" name="NN1"/>
                    <label end="34" start="33" name="PRF"/>
                    <label end="41" start="36" name="NN1"/>
                    <label end="45" start="43" name="CJC"/>
                    <label end="49" start="47" name="VBD"/>
                    <label end="59" start="51" name="AJ0"/>
                    <label end="63" start="61" name="CJC"/>
                    <label end="73" start="65" name="AJ0"/>
                    <label end="75" start="75" name="PUN"/>
                </layer>
                <layer rank="1" name="NER"/>
                <layer rank="1" name="WSL"/>
            </annotationSet>
            <annotationSet cDate="01/07/2003 09:31:49 PST Tue" status="MANUAL" ID="1400139">
                <layer rank="1" name="FE">
                    <label cBy="gGK" feID="3291" end="1" start="0" name="Stimulus"/>
                </layer>
                <layer rank="1" name="GF">
                    <label end="1" start="0" name="Ext"/>
                </layer>
                <layer rank="1" name="PT">
                    <label end="1" start="0" name="NP"/>
                </layer>
                <layer rank="1" name="Sent"/>
                <layer rank="1" name="Other"/>
                <layer rank="1" name="Target">
                    <label cBy="BoC" end="73" start="65" name="Target"/>
                </layer>
                <layer rank="1" name="Adj">
                    <label end="49" start="47" name="Cop"/>
                </layer>
            </annotationSet>
        </sentence>
        <sentence sentNo="0" aPos="30568271" ID="973769">
            <text>These fees are modest , but a person shown to be appealing in a frivolous or vexatious manner may have the costs of the appeal hearing awarded against him . </text>
            <annotationSet cDate="01/07/2003 09:31:50 PST Tue" status="UNANN" ID="1400146">
                <layer rank="1" name="BNC">
                    <label end="4" start="0" name="DT0"/>
                    <label end="9" start="6" name="NN2"/>
                    <label end="13" start="11" name="VBB"/>
                    <label end="20" start="15" name="AJ0"/>
                    <label end="22" start="22" name="PUN"/>
                    <label end="26" start="24" name="CJC"/>
                    <label end="28" start="28" name="AT0"/>
                    <label end="35" start="30" name="NN1"/>
                    <label end="41" start="37" name="VVN"/>
                    <label end="44" start="43" name="TO0"/>
                    <label end="47" start="46" name="VBI"/>
                    <label end="57" start="49" name="VVG"/>
                    <label end="60" start="59" name="PRP"/>
                    <label end="62" start="62" name="AT0"/>
                    <label end="72" start="64" name="AJ0"/>
                    <label end="75" start="74" name="CJC"/>
                    <label end="85" start="77" name="AJ0"/>
                    <label end="92" start="87" name="NN1"/>
                    <label end="96" start="94" name="VM0"/>
                    <label end="101" start="98" name="VHI"/>
                    <label end="105" start="103" name="AT0"/>
                    <label end="111" start="107" name="NN2"/>
                    <label end="114" start="113" name="PRF"/>
                    <label end="118" start="116" name="AT0"/>
                    <label end="125" start="120" name="NN1"/>
                    <label end="133" start="127" name="NN1"/>
                    <label end="141" start="135" name="VVD-VVN"/>
                    <label end="149" start="143" name="PRP"/>
                    <label end="153" start="151" name="PNP"/>
                    <label end="155" start="155" name="PUN"/>
                </layer>
                <layer rank="1" name="NER"/>
                <layer rank="1" name="WSL"/>
            </annotationSet>
            <annotationSet cDate="01/07/2003 09:31:50 PST Tue" status="MANUAL" ID="1400147">
                <layer rank="1" name="FE">
                    <label cBy="gGK" feID="3291" end="92" start="87" name="Stimulus"/>
                </layer>
                <layer rank="1" name="GF">
                    <label end="92" start="87" name="Head"/>
                </layer>
                <layer rank="1" name="PT">
                    <label end="92" start="87" name="N"/>
                </layer>
                <layer rank="1" name="Sent"/>
                <layer rank="1" name="Other"/>
                <layer rank="1" name="Target">
                    <label cBy="BoC" end="85" start="77" name="Target"/>
                </layer>
                <layer rank="1" name="Adj"/>
            </annotationSet>
        </sentence>
        <sentence sentNo="0" aPos="37483555" ID="973772">
            <text>No doubt it was very vexatious to Lanfranc , especially since he doubted whether their so-called saints deserved this title at all . </text>
            <annotationSet cDate="01/07/2003 09:31:50 PST Tue" status="UNANN" ID="1400152">
                <layer rank="1" name="BNC">
                    <label end="1" start="0" name="AV0"/>
                    <label end="7" start="3" name="AV0"/>
                    <label end="10" start="9" name="PNP"/>
                    <label end="14" start="12" name="VBD"/>
                    <label end="19" start="16" name="AV0"/>
                    <label end="29" start="21" name="AJ0"/>
                    <label end="32" start="31" name="PRP"/>
                    <label end="41" start="34" name="NP0"/>
                    <label end="43" start="43" name="PUN"/>
                    <label end="54" start="45" name="AV0"/>
                    <label end="60" start="56" name="CJS"/>
                    <label end="63" start="62" name="PNP"/>
                    <label end="71" start="65" name="VVD"/>
                    <label end="79" start="73" name="CJS"/>
                    <label end="85" start="81" name="DPS"/>
                    <label end="95" start="87" name="AJ0"/>
                    <label end="102" start="97" name="NN2"/>
                    <label end="111" start="104" name="VVD"/>
                    <label end="116" start="113" name="DT0"/>
                    <label end="122" start="118" name="NN1"/>
                    <label end="125" start="124" name="AV0"/>
                    <label end="129" start="127" name="AV0"/>
                    <label end="131" start="131" name="PUN"/>
                </layer>
                <layer rank="1" name="NER"/>
                <layer rank="1" name="WSL"/>
            </annotationSet>
            <annotationSet cDate="01/07/2003 09:31:50 PST Tue" status="MANUAL" ID="1400153">
                <layer rank="1" name="FE">
                    <label cBy="gGK" feID="3291" end="10" start="9" name="Stimulus"/>
                    <label cBy="gGK" feID="3293" end="19" start="16" name="Degree"/>
                    <label cBy="gGK" feID="3292" end="41" start="31" name="Experiencer"/>
                </layer>
                <layer rank="1" name="GF">
                    <label end="10" start="9" name="Ext"/>
                    <label end="19" start="16" name="Dep"/>
                    <label end="41" start="31" name="Dep"/>
                </layer>
                <layer rank="1" name="PT">
                    <label end="10" start="9" name="NP"/>
                    <label end="19" start="16" name="AVP"/>
                    <label end="41" start="31" name="PP"/>
                </layer>
                <layer rank="1" name="Sent"/>
                <layer rank="1" name="Other"/>
                <layer rank="1" name="Target">
                    <label cBy="BoC" end="29" start="21" name="Target"/>
                </layer>
                <layer rank="1" name="Adj">
                    <label end="14" start="12" name="Cop"/>
                </layer>
            </annotationSet>
        </sentence>
        <sentence sentNo="0" aPos="39242567" ID="973773">
            <text>Furthermore , the young lady will learn the more vexatious lesson that she can forfeit her entitlements , in circumstances of which others will say were well deserved . </text>
            <annotationSet cDate="01/07/2003 09:31:50 PST Tue" status="UNANN" ID="1400154">
                <layer rank="1" name="BNC">
                    <label end="10" start="0" name="AV0"/>
                    <label end="12" start="12" name="PUN"/>
                    <label end="16" start="14" name="AT0"/>
                    <label end="22" start="18" name="AJ0"/>
                    <label end="27" start="24" name="NN1"/>
                    <label end="32" start="29" name="VM0"/>
                    <label end="38" start="34" name="VVI"/>
                    <label end="42" start="40" name="AT0"/>
                    <label end="47" start="44" name="DT0"/>
                    <label end="57" start="49" name="AJ0"/>
                    <label end="64" start="59" name="NN1"/>
                    <label end="69" start="66" name="CJT"/>
                    <label end="73" start="71" name="PNP"/>
                    <label end="77" start="75" name="VM0"/>
                    <label end="85" start="79" name="VVI"/>
                    <label end="89" start="87" name="DPS"/>
                    <label end="102" start="91" name="NN2"/>
                    <label end="104" start="104" name="PUN"/>
                    <label end="107" start="106" name="PRP"/>
                    <label end="121" start="109" name="NN2"/>
                    <label end="124" start="123" name="PRF"/>
                    <label end="130" start="126" name="DTQ"/>
                    <label end="137" start="132" name="NN2"/>
                    <label end="142" start="139" name="VM0"/>
                    <label end="146" start="144" name="VVI"/>
                    <label end="151" start="148" name="VBD"/>
                    <label end="156" start="153" name="AV0"/>
                    <label end="165" start="158" name="VVN"/>
                    <label end="167" start="167" name="PUN"/>
                </layer>
                <layer rank="1" name="NER"/>
                <layer rank="1" name="WSL"/>
            </annotationSet>
            <annotationSet cDate="01/07/2003 09:31:50 PST Tue" status="MANUAL" ID="1400155">
                <layer rank="1" name="FE">
                    <label cBy="gGK" feID="3293" end="47" start="44" name="Degree"/>
                    <label cBy="gGK" feID="3291" end="64" start="59" name="Stimulus"/>
                </layer>
                <layer rank="1" name="GF">
                    <label end="47" start="44" name="Dep"/>
                    <label end="64" start="59" name="Head"/>
                </layer>
                <layer rank="1" name="PT">
                    <label end="47" start="44" name="AVP"/>
                    <label end="64" start="59" name="N"/>
                </layer>
                <layer rank="1" name="Sent"/>
                <layer rank="1" name="Other"/>
                <layer rank="1" name="Target">
                    <label cBy="BoC" end="57" start="49" name="Target"/>
                </layer>
                <layer rank="1" name="Adj"/>
            </annotationSet>
        </sentence>
        <sentence sentNo="0" aPos="44720393" ID="973776">
            <text>One suggested reason is to protect public bodies from vexatious litigants with no real interest in the outcome of the case but just a desire to make things difficult for the government . </text>
            <annotationSet cDate="01/07/2003 09:31:51 PST Tue" status="UNANN" ID="1400160">
                <layer rank="1" name="BNC">
                    <label end="2" start="0" name="CRD-PNI"/>
                    <label end="12" start="4" name="AJ0-VVD"/>
                    <label end="19" start="14" name="NN1"/>
                    <label end="22" start="21" name="VBZ"/>
                    <label end="25" start="24" name="TO0"/>
                    <label end="33" start="27" name="VVI"/>
                    <label end="40" start="35" name="AJ0"/>
                    <label end="47" start="42" name="NN2"/>
                    <label end="52" start="49" name="PRP"/>
                    <label end="62" start="54" name="AJ0"/>
                    <label end="72" start="64" name="NN2"/>
                    <label end="77" start="74" name="PRP"/>
                    <label end="80" start="79" name="AT0"/>
                    <label end="85" start="82" name="AJ0"/>
                    <label end="94" start="87" name="NN1"/>
                    <label end="97" start="96" name="PRP"/>
                    <label end="101" start="99" name="AT0"/>
                    <label end="109" start="103" name="NN1"/>
                    <label end="112" start="111" name="PRF"/>
                    <label end="116" start="114" name="AT0"/>
                    <label end="121" start="118" name="NN1"/>
                    <label end="125" start="123" name="CJC"/>
                    <label end="130" start="127" name="AV0"/>
                    <label end="132" start="132" name="AT0"/>
                    <label end="139" start="134" name="NN1"/>
                    <label end="142" start="141" name="TO0"/>
                    <label end="147" start="144" name="VVI"/>
                    <label end="154" start="149" name="NN2"/>
                    <label end="164" start="156" name="AJ0"/>
                    <label end="168" start="166" name="PRP"/>
                    <label end="172" start="170" name="AT0"/>
                    <label end="183" start="174" name="NN0"/>
                    <label end="185" start="185" name="PUN"/>
                </layer>
                <layer rank="1" name="NER"/>
                <layer rank="1" name="WSL"/>
            </annotationSet>
            <annotationSet cDate="01/07/2003 09:31:51 PST Tue" status="MANUAL" ID="1400161">
                <layer rank="1" name="FE">
                    <label cBy="gGK" feID="3291" end="72" start="64" name="Stimulus"/>
                </layer>
                <layer rank="1" name="GF">
                    <label end="72" start="64" name="Head"/>
                </layer>
                <layer rank="1" name="PT">
                    <label end="72" start="64" name="N"/>
                </layer>
                <layer rank="1" name="Sent"/>
                <layer rank="1" name="Other"/>
                <layer rank="1" name="Target">
                    <label cBy="BoC" end="62" start="54" name="Target"/>
                </layer>
                <layer rank="1" name="Adj"/>
            </annotationSet>
        </sentence>
        <sentence sentNo="0" aPos="54891233" ID="973780">
            <text>It is only if the prosecution amounts to an abuse of the process of the court and is oppressive and vexatious that the judge has the power to intervene . </text>
            <annotationSet cDate="01/07/2003 09:31:51 PST Tue" status="UNANN" ID="1400168">
                <layer rank="1" name="BNC">
                    <label end="1" start="0" name="PNP"/>
                    <label end="4" start="3" name="VBZ"/>
                    <label end="9" start="6" name="AV0"/>
                    <label end="12" start="11" name="CJS"/>
                    <label end="16" start="14" name="AT0"/>
                    <label end="28" start="18" name="NN1"/>
                    <label end="36" start="30" name="NN2-VVZ"/>
                    <label end="39" start="38" name="PRP"/>
                    <label end="42" start="41" name="AT0"/>
                    <label end="48" start="44" name="NN1"/>
                    <label end="51" start="50" name="PRF"/>
                    <label end="55" start="53" name="AT0"/>
                    <label end="63" start="57" name="NN1"/>
                    <label end="66" start="65" name="PRF"/>
                    <label end="70" start="68" name="AT0"/>
                    <label end="76" start="72" name="NN1"/>
                    <label end="80" start="78" name="CJC"/>
                    <label end="83" start="82" name="VBZ"/>
                    <label end="94" start="85" name="AJ0"/>
                    <label end="98" start="96" name="CJC"/>
                    <label end="108" start="100" name="AJ0"/>
                    <label end="113" start="110" name="CJT"/>
                    <label end="117" start="115" name="AT0"/>
                    <label end="123" start="119" name="NN1"/>
                    <label end="127" start="125" name="VHZ"/>
                    <label end="131" start="129" name="AT0"/>
                    <label end="137" start="133" name="NN1"/>
                    <label end="140" start="139" name="TO0"/>
                    <label end="150" start="142" name="VVI"/>
                    <label end="152" start="152" name="PUN"/>
                </layer>
                <layer rank="1" name="NER"/>
                <layer rank="1" name="WSL"/>
            </annotationSet>
            <annotationSet cDate="01/07/2003 09:31:51 PST Tue" status="MANUAL" ID="1400169">
                <layer rank="1" name="FE">
                    <label cBy="gGK" feID="3291" end="28" start="14" name="Stimulus"/>
                </layer>
                <layer rank="1" name="GF">
                    <label end="28" start="14" name="Ext"/>
                </layer>
                <layer rank="1" name="PT">
                    <label end="28" start="14" name="NP"/>
                </layer>
                <layer rank="1" name="Sent"/>
                <layer rank="1" name="Other"/>
                <layer rank="1" name="Target">
                    <label cBy="BoC" end="108" start="100" name="Target"/>
                </layer>
                <layer rank="1" name="Adj">
                    <label end="83" start="82" name="Cop"/>
                </layer>
            </annotationSet>
        </sentence>
        <sentence sentNo="0" aPos="57395372" ID="973781">
            <text>The Board sought to have these claims struck out as frivolous , vexatious and an abuse of the process of the court . </text>
            <annotationSet cDate="01/07/2003 09:31:51 PST Tue" status="UNANN" ID="1400170">
                <layer rank="1" name="BNC">
                    <label end="2" start="0" name="AT0"/>
                    <label end="8" start="4" name="NN0"/>
                    <label end="15" start="10" name="VVD-VVN"/>
                    <label end="18" start="17" name="TO0"/>
                    <label end="23" start="20" name="VHI"/>
                    <label end="29" start="25" name="DT0"/>
                    <label end="36" start="31" name="NN2"/>
                    <label end="43" start="38" name="VVN"/>
                    <label end="47" start="45" name="AVP"/>
                    <label end="50" start="49" name="AV0"/>
                    <label end="60" start="52" name="AJ0"/>
                    <label end="62" start="62" name="PUN"/>
                    <label end="72" start="64" name="AJ0"/>
                    <label end="76" start="74" name="CJC"/>
                    <label end="79" start="78" name="AT0"/>
                    <label end="85" start="81" name="NN1"/>
                    <label end="88" start="87" name="PRF"/>
                    <label end="92" start="90" name="AT0"/>
                    <label end="100" start="94" name="NN1"/>
                    <label end="103" start="102" name="PRF"/>
                    <label end="107" start="105" name="AT0"/>
                    <label end="113" start="109" name="NN1"/>
                    <label end="115" start="115" name="PUN"/>
                </layer>
                <layer rank="1" name="NER"/>
                <layer rank="1" name="WSL"/>
            </annotationSet>
            <annotationSet cDate="01/07/2003 09:31:51 PST Tue" status="MANUAL" ID="1400171">
                <layer rank="1" name="FE">
                    <label cBy="gGK" feID="3291" end="36" start="25" name="Stimulus"/>
                </layer>
                <layer rank="1" name="GF">
                    <label end="36" start="25" name="Ext"/>
                </layer>
                <layer rank="1" name="PT">
                    <label end="36" start="25" name="NP"/>
                </layer>
                <layer rank="1" name="Sent"/>
                <layer rank="1" name="Other"/>
                <layer rank="1" name="Target">
                    <label cBy="BoC" end="72" start="64" name="Target"/>
                </layer>
                <layer rank="1" name="Adj"/>
            </annotationSet>
        </sentence>
        <sentence sentNo="0" aPos="66858492" ID="973784">
            <text>( 4 ) The purpose of the preliminary decision on the question of whether or not a hearing is to be held is to prevent the licence-holder from being harassed by frivolous or vexatious complaints . </text>
            <annotationSet cDate="01/07/2003 09:31:53 PST Tue" status="UNANN" ID="1400176">
                <layer rank="1" name="BNC">
                    <label end="0" start="0" name="PUL"/>
                    <label end="2" start="2" name="CRD"/>
                    <label end="4" start="4" name="PUR"/>
                    <label end="8" start="6" name="AT0"/>
                    <label end="16" start="10" name="NN1"/>
                    <label end="19" start="18" name="PRF"/>
                    <label end="23" start="21" name="AT0"/>
                    <label end="35" start="25" name="AJ0"/>
                    <label end="44" start="37" name="NN1"/>
                    <label end="47" start="46" name="PRP"/>
                    <label end="51" start="49" name="AT0"/>
                    <label end="60" start="53" name="NN1"/>
                    <label end="63" start="62" name="PRF"/>
                    <label end="71" start="65" name="CJS"/>
                    <label end="74" start="73" name="CJS"/>
                    <label end="78" start="76" name="CJS"/>
                    <label end="80" start="80" name="AT0"/>
                    <label end="88" start="82" name="NN1"/>
                    <label end="91" start="90" name="VBZ"/>
                    <label end="94" start="93" name="TO0"/>
                    <label end="97" start="96" name="VBI"/>
                    <label end="102" start="99" name="VVN"/>
                    <label end="105" start="104" name="VBZ"/>
                    <label end="108" start="107" name="TO0"/>
                    <label end="116" start="110" name="VVI"/>
                    <label end="120" start="118" name="AT0"/>
                    <label end="135" start="122" name="AJ0-NN1"/>
                    <label end="140" start="137" name="PRP"/>
                    <label end="146" start="142" name="VBG"/>
                    <label end="155" start="148" name="VVN"/>
                    <label end="158" start="157" name="PRP"/>
                    <label end="168" start="160" name="AJ0"/>
                    <label end="171" start="170" name="CJC"/>
                    <label end="181" start="173" name="AJ0"/>
                    <label end="192" start="183" name="NN2"/>
                    <label end="194" start="194" name="PUN"/>
                </layer>
                <layer rank="1" name="NER"/>
                <layer rank="1" name="WSL"/>
            </annotationSet>
            <annotationSet cDate="01/07/2003 09:31:54 PST Tue" status="MANUAL" ID="1400177">
                <layer rank="1" name="FE">
                    <label cBy="gGK" feID="3291" end="192" start="183" name="Stimulus"/>
                </layer>
                <layer rank="1" name="GF">
                    <label end="192" start="183" name="Head"/>
                </layer>
                <layer rank="1" name="PT">
                    <label end="192" start="183" name="N"/>
                </layer>
                <layer rank="1" name="Sent"/>
                <layer rank="1" name="Other"/>
                <layer rank="1" name="Target">
                    <label cBy="BoC" end="181" start="173" name="Target"/>
                </layer>
                <layer rank="1" name="Adj"/>
            </annotationSet>
        </sentence>
        <sentence sentNo="0" aPos="97892571" ID="973792">
            <text>This provision may be used to prevent a vexatious litigant from making repeated applications for contact which have little chance of success . </text>
            <annotationSet cDate="01/07/2003 09:31:55 PST Tue" status="UNANN" ID="1400192">
                <layer rank="1" name="BNC">
                    <label end="3" start="0" name="DT0"/>
                    <label end="13" start="5" name="NN1"/>
                    <label end="17" start="15" name="VM0"/>
                    <label end="20" start="19" name="VBI"/>
                    <label end="25" start="22" name="VVN"/>
                    <label end="28" start="27" name="TO0"/>
                    <label end="36" start="30" name="VVI"/>
                    <label end="38" start="38" name="AT0"/>
                    <label end="48" start="40" name="AJ0"/>
                    <label end="57" start="50" name="NN1"/>
                    <label end="62" start="59" name="PRP"/>
                    <label end="69" start="64" name="VVG"/>
                    <label end="78" start="71" name="AJ0"/>
                    <label end="91" start="80" name="NN2"/>
                    <label end="95" start="93" name="PRP"/>
                    <label end="103" start="97" name="NN1"/>
                    <label end="109" start="105" name="DTQ"/>
                    <label end="114" start="111" name="VHB"/>
                    <label end="121" start="116" name="DT0"/>
                    <label end="128" start="123" name="NN1"/>
                    <label end="131" start="130" name="PRF"/>
                    <label end="139" start="133" name="NN1"/>
                    <label end="141" start="141" name="PUN"/>
                </layer>
                <layer rank="1" name="NER"/>
                <layer rank="1" name="WSL"/>
            </annotationSet>
            <annotationSet cDate="01/07/2003 09:31:55 PST Tue" status="MANUAL" ID="1400193">
                <layer rank="1" name="FE">
                    <label cBy="gGK" feID="3291" end="57" start="50" name="Stimulus"/>
                </layer>
                <layer rank="1" name="GF">
                    <label end="57" start="50" name="Head"/>
                </layer>
                <layer rank="1" name="PT">
                    <label end="57" start="50" name="N"/>
                </layer>
                <layer rank="1" name="Sent"/>
                <layer rank="1" name="Other"/>
                <layer rank="1" name="Target">
                    <label cBy="BoC" end="48" start="40" name="Target"/>
                </layer>
                <layer rank="1" name="Adj"/>
            </annotationSet>
        </sentence>
    </subCorpus>
</lexUnit>