<?xml version="1.0" encoding="UTF-8" standalone="yes"?>
<?xml-stylesheet type="text/xsl" href="lexUnit.xsl"?>
<lexUnit status="Finished_Initial" POS="A" name="so-so.a" ID="6388" frame="Desirability" frameID="354" totalAnnotated="4" xsi:schemaLocation="../schema/lexUnit.xsd" xmlns="http://framenet.icsi.berkeley.edu" xmlns:xsi="http://www.w3.org/2001/XMLSchema-instance">
    <header>
        <frame>
            <FE fgColor="FFFFFF" bgColor="00008B" type="Extra-Thematic" abbrev="Affected_p" name="Affected_party"/>
            <FE fgColor="FFFFFF" bgColor="FF0000" type="Extra-Thematic" abbrev="Circumstances" name="Circumstances"/>
            <FE fgColor="FFFFFF" bgColor="FF00FF" type="Extra-Thematic" abbrev="" name="Comparison_set"/>
            <FE fgColor="FFFFFF" bgColor="FF69B4" type="Peripheral" abbrev="Degree" name="Degree"/>
            <FE fgColor="FFFFFF" bgColor="9400D3" type="Extra-Thematic" abbrev="Depictive" name="Depictive"/>
            <FE fgColor="FFFFFF" bgColor="9F79EE" type="Core" abbrev="Evaluee" name="Evaluee"/>
            <FE fgColor="FFFFFF" bgColor="1E90FF" type="Core-Unexpressed" abbrev="Parameter" name="Parameter"/>
        </frame>
    </header>
    <definition>FN: of an average quality</definition>
    <lexeme POS="A" name="so-so"/>
    <semType name="Negative_judgment" ID="14"/>
    <valences>
        <FERealization total="4">
            <FE name="Evaluee"/>
            <pattern total="3">
                <valenceUnit GF="Head" PT="N" FE="Evaluee"/>
                <annoSet ID="1475307"/>
                <annoSet ID="1475321"/>
                <annoSet ID="1475331"/>
            </pattern>
            <pattern total="1">
                <valenceUnit GF="Ext" PT="NP" FE="Evaluee"/>
                <annoSet ID="1475311"/>
            </pattern>
        </FERealization>
        <FEGroupRealization total="4">
            <FE name="Evaluee"/>
            <pattern total="3">
                <valenceUnit GF="Head" PT="N" FE="Evaluee"/>
                <annoSet ID="1475307"/>
                <annoSet ID="1475321"/>
                <annoSet ID="1475331"/>
            </pattern>
            <pattern total="1">
                <valenceUnit GF="Ext" PT="NP" FE="Evaluee"/>
                <annoSet ID="1475311"/>
            </pattern>
        </FEGroupRealization>
    </valences>
    <subCorpus name="so-A-001-all">
        <sentence sentNo="0" aPos="26028886" ID="1011349">
            <text>WHAT IS it about Frank Oz that leads him constantly to make so-so films with fabulous trailers ? </text>
            <annotationSet cDate="01/07/2003 10:58:10 PST Tue" status="UNANN" ID="1475306">
                <layer rank="1" name="BNC">
                    <label end="3" start="0" name="DTQ"/>
                    <label end="6" start="5" name="VBZ"/>
                    <label end="9" start="8" name="PNP"/>
                    <label end="15" start="11" name="PRP"/>
                    <label end="21" start="17" name="NP0"/>
                    <label end="24" start="23" name="NP0"/>
                    <label end="29" start="26" name="CJT"/>
                    <label end="35" start="31" name="VVZ"/>
                    <label end="39" start="37" name="PNP"/>
                    <label end="50" start="41" name="AV0"/>
                    <label end="53" start="52" name="TO0"/>
                    <label end="58" start="55" name="VVI"/>
                    <label end="64" start="60" name="CJS"/>
                    <label end="70" start="66" name="NN2"/>
                    <label end="75" start="72" name="PRP"/>
                    <label end="84" start="77" name="AJ0"/>
                    <label end="93" start="86" name="NN2"/>
                    <label end="95" start="95" name="PUN"/>
                </layer>
                <layer rank="1" name="NER"/>
                <layer rank="1" name="WSL"/>
            </annotationSet>
            <annotationSet cDate="01/07/2003 10:58:10 PST Tue" status="MANUAL" ID="1475307">
                <layer rank="1" name="FE">
                    <label cBy="RLG" feID="3153" end="93" start="66" name="Evaluee"/>
                </layer>
                <layer rank="1" name="GF">
                    <label end="93" start="66" name="Head"/>
                </layer>
                <layer rank="1" name="PT">
                    <label end="93" start="66" name="N"/>
                </layer>
                <layer rank="1" name="Sent"/>
                <layer rank="1" name="Other"/>
                <layer rank="1" name="Target">
                    <label cBy="BoC" end="64" start="60" name="Target"/>
                </layer>
                <layer rank="1" name="Adj"/>
            </annotationSet>
        </sentence>
        <sentence sentNo="0" aPos="36767341" ID="1011351">
            <text>The first couple of songs are effective but so-so , the only real interest being the size of Matt 's guitar . </text>
            <annotationSet cDate="01/07/2003 10:58:11 PST Tue" status="UNANN" ID="1475310">
                <layer rank="1" name="BNC">
                    <label end="2" start="0" name="AT0"/>
                    <label end="8" start="4" name="ORD"/>
                    <label end="15" start="10" name="NN1"/>
                    <label end="18" start="17" name="PRF"/>
                    <label end="24" start="20" name="NN2"/>
                    <label end="28" start="26" name="VBB"/>
                    <label end="38" start="30" name="AJ0"/>
                    <label end="42" start="40" name="CJC"/>
                    <label end="48" start="44" name="AV0"/>
                    <label end="50" start="50" name="PUN"/>
                    <label end="54" start="52" name="AT0"/>
                    <label end="59" start="56" name="AJ0-AV0"/>
                    <label end="64" start="61" name="AJ0"/>
                    <label end="73" start="66" name="NN1"/>
                    <label end="79" start="75" name="VBG"/>
                    <label end="83" start="81" name="AT0"/>
                    <label end="88" start="85" name="NN1"/>
                    <label end="91" start="90" name="PRF"/>
                    <label end="96" start="93" name="NP0"/>
                    <label end="99" start="98" name="POS"/>
                    <label end="106" start="101" name="NN1"/>
                    <label end="108" start="108" name="PUN"/>
                </layer>
                <layer rank="1" name="NER"/>
                <layer rank="1" name="WSL"/>
            </annotationSet>
            <annotationSet cDate="01/07/2003 10:58:11 PST Tue" status="MANUAL" ID="1475311">
                <layer rank="1" name="FE">
                    <label cBy="RLG" feID="3153" end="24" start="0" name="Evaluee"/>
                </layer>
                <layer rank="1" name="GF">
                    <label end="24" start="0" name="Ext"/>
                </layer>
                <layer rank="1" name="PT">
                    <label end="24" start="0" name="NP"/>
                </layer>
                <layer rank="1" name="Sent"/>
                <layer rank="1" name="Other"/>
                <layer rank="1" name="Target">
                    <label cBy="BoC" end="48" start="44" name="Target"/>
                </layer>
                <layer rank="1" name="Adj">
                    <label end="28" start="26" name="Cop"/>
                </layer>
            </annotationSet>
        </sentence>
        <sentence sentNo="0" aPos="72626004" ID="1011356">
            <text>To put it at its highest , I was in no more than so-so shape by the time I reached Caduta 's . </text>
            <annotationSet cDate="01/07/2003 10:58:11 PST Tue" status="UNANN" ID="1475320">
                <layer rank="1" name="BNC">
                    <label end="1" start="0" name="TO0"/>
                    <label end="5" start="3" name="VVI"/>
                    <label end="8" start="7" name="PNP"/>
                    <label end="11" start="10" name="PRP"/>
                    <label end="15" start="13" name="DPS"/>
                    <label end="23" start="17" name="AJS"/>
                    <label end="25" start="25" name="PUN"/>
                    <label end="27" start="27" name="PNP"/>
                    <label end="31" start="29" name="VBD"/>
                    <label end="34" start="33" name="PRP"/>
                    <label end="37" start="36" name="AT0"/>
                    <label end="42" start="39" name="AV0"/>
                    <label end="47" start="44" name="CJS"/>
                    <label end="53" start="49" name="AV0"/>
                    <label end="59" start="55" name="NN1-VVB"/>
                    <label end="62" start="61" name="PRP"/>
                    <label end="66" start="64" name="AT0"/>
                    <label end="71" start="68" name="NN1"/>
                    <label end="73" start="73" name="PNP"/>
                    <label end="81" start="75" name="VVD"/>
                    <label end="88" start="83" name="NP0"/>
                    <label end="91" start="90" name="POS"/>
                    <label end="93" start="93" name="PUN"/>
                </layer>
                <layer rank="1" name="NER"/>
                <layer rank="1" name="WSL"/>
            </annotationSet>
            <annotationSet cDate="01/07/2003 10:58:11 PST Tue" status="MANUAL" ID="1475321">
                <layer rank="1" name="FE">
                    <label cBy="RLG" feID="3153" end="59" start="55" name="Evaluee"/>
                </layer>
                <layer rank="1" name="GF">
                    <label end="59" start="55" name="Head"/>
                </layer>
                <layer rank="1" name="PT">
                    <label end="59" start="55" name="N"/>
                </layer>
                <layer rank="1" name="Sent"/>
                <layer rank="1" name="Other"/>
                <layer rank="1" name="Target">
                    <label cBy="BoC" end="53" start="49" name="Target"/>
                </layer>
                <layer rank="1" name="Adj"/>
            </annotationSet>
        </sentence>
        <sentence sentNo="0" aPos="102384966" ID="1011361">
            <text>( WES AD LIB ) ( ANNE ) Still to come on Central News , a happy ending to a so-so season . </text>
            <annotationSet cDate="01/07/2003 10:58:12 PST Tue" status="UNANN" ID="1475330">
                <layer rank="1" name="BNC">
                    <label end="0" start="0" name="PUL"/>
                    <label end="4" start="2" name="NP0"/>
                    <label end="7" start="6" name="NN0"/>
                    <label end="11" start="9" name="NN0"/>
                    <label end="13" start="13" name="PUR"/>
                    <label end="15" start="15" name="PUL"/>
                    <label end="20" start="17" name="NP0"/>
                    <label end="22" start="22" name="PUR"/>
                    <label end="28" start="24" name="AV0"/>
                    <label end="31" start="30" name="TO0"/>
                    <label end="36" start="33" name="VVI"/>
                    <label end="39" start="38" name="PRP"/>
                    <label end="47" start="41" name="AJ0"/>
                    <label end="52" start="49" name="NN1"/>
                    <label end="54" start="54" name="PUN"/>
                    <label end="56" start="56" name="AT0"/>
                    <label end="62" start="58" name="AJ0"/>
                    <label end="69" start="64" name="NN1"/>
                    <label end="72" start="71" name="PRP"/>
                    <label end="74" start="74" name="AT0"/>
                    <label end="80" start="76" name="AV0"/>
                    <label end="87" start="82" name="NN1"/>
                    <label end="89" start="89" name="PUN"/>
                </layer>
                <layer rank="1" name="NER"/>
                <layer rank="1" name="WSL"/>
            </annotationSet>
            <annotationSet cDate="01/07/2003 10:58:12 PST Tue" status="MANUAL" ID="1475331">
                <layer rank="1" name="FE">
                    <label cBy="RLG" feID="3153" end="87" start="82" name="Evaluee"/>
                </layer>
                <layer rank="1" name="GF">
                    <label end="87" start="82" name="Head"/>
                </layer>
                <layer rank="1" name="PT">
                    <label end="87" start="82" name="N"/>
                </layer>
                <layer rank="1" name="Sent"/>
                <layer rank="1" name="Other"/>
                <layer rank="1" name="Target">
                    <label cBy="BoC" end="80" start="76" name="Target"/>
                </layer>
                <layer rank="1" name="Adj"/>
            </annotationSet>
        </sentence>
    </subCorpus>
</lexUnit>