<?xml version="1.0" encoding="UTF-8" standalone="yes"?>
<?xml-stylesheet type="text/xsl" href="lexUnit.xsl"?>
<lexUnit status="Finished_Initial" POS="A" name="white-knuckle.a" ID="6453" frame="Stimulus_focus" frameID="364" totalAnnotated="8" xsi:schemaLocation="../schema/lexUnit.xsd" xmlns="http://framenet.icsi.berkeley.edu" xmlns:xsi="http://www.w3.org/2001/XMLSchema-instance">
    <header>
        <frame>
            <FE fgColor="FFFFFF" bgColor="808080" type="Extra-Thematic" abbrev="cir" name="Circumstances"/>
            <FE fgColor="FFFFFF" bgColor="0000FF" type="Extra-Thematic" abbrev="C_set" name="Comparison_set"/>
            <FE fgColor="FFFFFF" bgColor="FF69B4" type="Peripheral" abbrev="Degr" name="Degree"/>
            <FE fgColor="FFFFFF" bgColor="008000" type="Peripheral" abbrev="Exp" name="Experiencer"/>
            <FE fgColor="FFFFFF" bgColor="A52A2A" type="Peripheral" abbrev="Par" name="Parameter"/>
            <FE fgColor="FFFFFF" bgColor="800080" type="Extra-Thematic" abbrev="Property" name="Property"/>
            <FE fgColor="FFFFFF" bgColor="FF0000" type="Core" abbrev="Stim" name="Stimulus"/>
        </frame>
    </header>
    <definition>COD: causing fear or nervous excitement</definition>
    <lexeme POS="A" name="white-knuckle"/>
    <valences>
        <FERealization total="8">
            <FE name="Stimulus"/>
            <pattern total="8">
                <valenceUnit GF="Head" PT="N" FE="Stimulus"/>
                <annoSet ID="1415383"/>
                <annoSet ID="1415385"/>
                <annoSet ID="1415387"/>
                <annoSet ID="1415389"/>
                <annoSet ID="1415391"/>
                <annoSet ID="1415393"/>
                <annoSet ID="1415397"/>
                <annoSet ID="1415399"/>
            </pattern>
        </FERealization>
        <FEGroupRealization total="8">
            <FE name="Stimulus"/>
            <pattern total="8">
                <valenceUnit GF="Head" PT="N" FE="Stimulus"/>
                <annoSet ID="1415383"/>
                <annoSet ID="1415385"/>
                <annoSet ID="1415387"/>
                <annoSet ID="1415389"/>
                <annoSet ID="1415391"/>
                <annoSet ID="1415393"/>
                <annoSet ID="1415397"/>
                <annoSet ID="1415399"/>
            </pattern>
        </FEGroupRealization>
    </valences>
    <subCorpus name="knuckle-A-001-all">
        <sentence sentNo="0" aPos="19379193" ID="981387">
            <text>This season , we welcome the return of TO FLY , a soaring , white-knuckle aerial exploration of America , from balloon ascension to journey into space . </text>
            <annotationSet cDate="01/07/2003 09:49:34 PST Tue" status="UNANN" ID="1415382">
                <layer rank="1" name="BNC">
                    <label end="3" start="0" name="DT0"/>
                    <label end="10" start="5" name="NN1"/>
                    <label end="12" start="12" name="PUN"/>
                    <label end="15" start="14" name="PNP"/>
                    <label end="23" start="17" name="VVB"/>
                    <label end="27" start="25" name="AT0"/>
                    <label end="34" start="29" name="NN1"/>
                    <label end="37" start="36" name="PRF"/>
                    <label end="40" start="39" name="TO0"/>
                    <label end="44" start="42" name="VVI"/>
                    <label end="46" start="46" name="PUN"/>
                    <label end="48" start="48" name="AT0"/>
                    <label end="56" start="50" name="AJ0-NN1"/>
                    <label end="58" start="58" name="PUN"/>
                    <label end="72" start="60" name="AJ0"/>
                    <label end="79" start="74" name="AJ0"/>
                    <label end="91" start="81" name="NN1"/>
                    <label end="94" start="93" name="PRF"/>
                    <label end="102" start="96" name="NP0"/>
                    <label end="104" start="104" name="PUN"/>
                    <label end="109" start="106" name="PRP"/>
                    <label end="117" start="111" name="NN1"/>
                    <label end="127" start="119" name="NN1"/>
                    <label end="130" start="129" name="TO0"/>
                    <label end="138" start="132" name="VVI"/>
                    <label end="143" start="140" name="PRP"/>
                    <label end="149" start="145" name="NN1"/>
                    <label end="151" start="151" name="PUN"/>
                </layer>
                <layer rank="1" name="NER"/>
                <layer rank="1" name="WSL"/>
            </annotationSet>
            <annotationSet cDate="01/07/2003 09:49:34 PST Tue" status="MANUAL" ID="1415383">
                <layer rank="1" name="FE">
                    <label cBy="Sns" feID="3291" end="102" start="74" name="Stimulus"/>
                </layer>
                <layer rank="1" name="GF">
                    <label end="102" start="74" name="Head"/>
                </layer>
                <layer rank="1" name="PT">
                    <label end="102" start="74" name="N"/>
                </layer>
                <layer rank="1" name="Sent"/>
                <layer rank="1" name="Other"/>
                <layer rank="1" name="Target">
                    <label cBy="BoC" end="72" start="60" name="Target"/>
                </layer>
                <layer rank="1" name="Adj"/>
            </annotationSet>
        </sentence>
        <sentence sentNo="0" aPos="26976952" ID="981388">
            <text>SINGLE WHITE FEMALE Films entirely devoted to murderous women are not exactly common but , when anyone does take the risk , the results can be rewarding , as Barbet Schroeder 's white-knuckle thriller proves . </text>
            <annotationSet cDate="01/07/2003 09:49:34 PST Tue" status="UNANN" ID="1415384">
                <layer rank="1" name="BNC">
                    <label end="5" start="0" name="AJ0"/>
                    <label end="11" start="7" name="AJ0"/>
                    <label end="18" start="13" name="AJ0-NN1"/>
                    <label end="24" start="20" name="NN2"/>
                    <label end="33" start="26" name="AV0"/>
                    <label end="41" start="35" name="AJ0"/>
                    <label end="44" start="43" name="PRP"/>
                    <label end="54" start="46" name="AJ0"/>
                    <label end="60" start="56" name="NN2"/>
                    <label end="64" start="62" name="VBB"/>
                    <label end="68" start="66" name="XX0"/>
                    <label end="76" start="70" name="AV0"/>
                    <label end="83" start="78" name="AJ0"/>
                    <label end="87" start="85" name="CJC"/>
                    <label end="89" start="89" name="PUN"/>
                    <label end="94" start="91" name="CJS"/>
                    <label end="101" start="96" name="PNI"/>
                    <label end="106" start="103" name="VDZ"/>
                    <label end="111" start="108" name="VVI"/>
                    <label end="115" start="113" name="AT0"/>
                    <label end="120" start="117" name="NN1"/>
                    <label end="122" start="122" name="PUN"/>
                    <label end="126" start="124" name="AT0"/>
                    <label end="134" start="128" name="NN2"/>
                    <label end="138" start="136" name="VM0"/>
                    <label end="141" start="140" name="VBI"/>
                    <label end="151" start="143" name="AJ0-VVG"/>
                    <label end="153" start="153" name="PUN"/>
                    <label end="156" start="155" name="CJS"/>
                    <label end="163" start="158" name="NP0"/>
                    <label end="173" start="165" name="NP0"/>
                    <label end="176" start="175" name="POS"/>
                    <label end="190" start="178" name="AJ0-NN1"/>
                    <label end="199" start="192" name="NN1"/>
                    <label end="206" start="201" name="VVZ"/>
                    <label end="208" start="208" name="PUN"/>
                </layer>
                <layer rank="1" name="NER"/>
                <layer rank="1" name="WSL"/>
            </annotationSet>
            <annotationSet cDate="01/07/2003 09:49:34 PST Tue" status="MANUAL" ID="1415385">
                <layer rank="1" name="FE">
                    <label cBy="Sns" feID="3291" end="199" start="192" name="Stimulus"/>
                </layer>
                <layer rank="1" name="GF">
                    <label end="199" start="192" name="Head"/>
                </layer>
                <layer rank="1" name="PT">
                    <label end="199" start="192" name="N"/>
                </layer>
                <layer rank="1" name="Sent"/>
                <layer rank="1" name="Other"/>
                <layer rank="1" name="Target">
                    <label cBy="BoC" end="190" start="178" name="Target"/>
                </layer>
                <layer rank="1" name="Adj"/>
            </annotationSet>
        </sentence>
        <sentence sentNo="0" aPos="34138120" ID="981389">
            <text>WHO needs white-knuckle theme parks when Corsica 's waiting to be explored ? </text>
            <annotationSet cDate="01/07/2003 09:49:34 PST Tue" status="UNANN" ID="1415386">
                <layer rank="1" name="BNC">
                    <label end="2" start="0" name="NP0"/>
                    <label end="8" start="4" name="VVZ"/>
                    <label end="22" start="10" name="AJ0"/>
                    <label end="28" start="24" name="NN1"/>
                    <label end="34" start="30" name="NN2-VVZ"/>
                    <label end="39" start="36" name="AVQ"/>
                    <label end="47" start="41" name="NP0"/>
                    <label end="50" start="49" name="VBZ"/>
                    <label end="58" start="52" name="NN1-VVG"/>
                    <label end="61" start="60" name="TO0"/>
                    <label end="64" start="63" name="VBI"/>
                    <label end="73" start="66" name="VVN"/>
                    <label end="75" start="75" name="PUN"/>
                </layer>
                <layer rank="1" name="NER"/>
                <layer rank="1" name="WSL"/>
            </annotationSet>
            <annotationSet cDate="01/07/2003 09:49:34 PST Tue" status="MANUAL" ID="1415387">
                <layer rank="1" name="FE">
                    <label cBy="Sns" feID="3291" end="34" start="24" name="Stimulus"/>
                </layer>
                <layer rank="1" name="GF">
                    <label end="34" start="24" name="Head"/>
                </layer>
                <layer rank="1" name="PT">
                    <label end="34" start="24" name="N"/>
                </layer>
                <layer rank="1" name="Sent"/>
                <layer rank="1" name="Other"/>
                <layer rank="1" name="Target">
                    <label cBy="BoC" end="22" start="10" name="Target"/>
                </layer>
                <layer rank="1" name="Adj"/>
            </annotationSet>
        </sentence>
        <sentence sentNo="0" aPos="34220077" ID="981390">
            <text>Shows'n'Rides sheets give you three white-knuckle rides . </text>
            <annotationSet cDate="01/07/2003 09:49:34 PST Tue" status="UNANN" ID="1415388">
                <layer rank="1" name="BNC">
                    <label end="12" start="0" name="NP0"/>
                    <label end="19" start="14" name="NN2"/>
                    <label end="24" start="21" name="VVB"/>
                    <label end="28" start="26" name="PNP"/>
                    <label end="34" start="30" name="CRD"/>
                    <label end="48" start="36" name="AJ0"/>
                    <label end="54" start="50" name="NN2"/>
                    <label end="56" start="56" name="PUN"/>
                </layer>
                <layer rank="1" name="NER"/>
                <layer rank="1" name="WSL"/>
            </annotationSet>
            <annotationSet cDate="01/07/2003 09:49:34 PST Tue" status="MANUAL" ID="1415389">
                <layer rank="1" name="FE">
                    <label cBy="Sns" feID="3291" end="54" start="50" name="Stimulus"/>
                </layer>
                <layer rank="1" name="GF">
                    <label end="54" start="50" name="Head"/>
                </layer>
                <layer rank="1" name="PT">
                    <label end="54" start="50" name="N"/>
                </layer>
                <layer rank="1" name="Sent"/>
                <layer rank="1" name="Other"/>
                <layer rank="1" name="Target">
                    <label cBy="BoC" end="48" start="36" name="Target"/>
                </layer>
                <layer rank="1" name="Adj"/>
            </annotationSet>
        </sentence>
        <sentence sentNo="0" aPos="34743357" ID="981391">
            <text>Thrill to the spills of those white-knuckle rides and make it a day you and the kids will never forget . </text>
            <annotationSet cDate="01/07/2003 09:49:34 PST Tue" status="UNANN" ID="1415390">
                <layer rank="1" name="BNC">
                    <label end="5" start="0" name="NN1-VVB"/>
                    <label end="8" start="7" name="PRP"/>
                    <label end="12" start="10" name="AT0"/>
                    <label end="19" start="14" name="NN2"/>
                    <label end="22" start="21" name="PRF"/>
                    <label end="28" start="24" name="DT0"/>
                    <label end="42" start="30" name="AJ0-NN1"/>
                    <label end="48" start="44" name="NN2"/>
                    <label end="52" start="50" name="CJC"/>
                    <label end="57" start="54" name="VVB"/>
                    <label end="60" start="59" name="PNP"/>
                    <label end="62" start="62" name="AT0"/>
                    <label end="66" start="64" name="NN1"/>
                    <label end="70" start="68" name="PNP"/>
                    <label end="74" start="72" name="CJC"/>
                    <label end="78" start="76" name="AT0"/>
                    <label end="83" start="80" name="NN2"/>
                    <label end="88" start="85" name="VM0"/>
                    <label end="94" start="90" name="AV0"/>
                    <label end="101" start="96" name="VVI"/>
                    <label end="103" start="103" name="PUN"/>
                </layer>
                <layer rank="1" name="NER"/>
                <layer rank="1" name="WSL"/>
            </annotationSet>
            <annotationSet cDate="01/07/2003 09:49:34 PST Tue" status="MANUAL" ID="1415391">
                <layer rank="1" name="FE">
                    <label cBy="Sns" feID="3291" end="48" start="44" name="Stimulus"/>
                </layer>
                <layer rank="1" name="GF">
                    <label end="48" start="44" name="Head"/>
                </layer>
                <layer rank="1" name="PT">
                    <label end="48" start="44" name="N"/>
                </layer>
                <layer rank="1" name="Sent"/>
                <layer rank="1" name="Other"/>
                <layer rank="1" name="Target">
                    <label cBy="BoC" end="42" start="30" name="Target"/>
                </layer>
                <layer rank="1" name="Adj"/>
            </annotationSet>
        </sentence>
        <sentence sentNo="0" aPos="36779846" ID="981392">
            <text>This flawless , cork screwed white-knuckle ride should roll and roll into 1993 and your back yard . </text>
            <annotationSet cDate="01/07/2003 09:49:34 PST Tue" status="UNANN" ID="1415392">
                <layer rank="1" name="BNC">
                    <label end="3" start="0" name="DT0"/>
                    <label end="12" start="5" name="AJ0"/>
                    <label end="14" start="14" name="PUN"/>
                    <label end="19" start="16" name="NN1"/>
                    <label end="27" start="21" name="VVD"/>
                    <label end="41" start="29" name="AJ0"/>
                    <label end="46" start="43" name="NN1"/>
                    <label end="53" start="48" name="VM0"/>
                    <label end="58" start="55" name="VVI"/>
                    <label end="62" start="60" name="CJC"/>
                    <label end="67" start="64" name="VVI"/>
                    <label end="72" start="69" name="PRP"/>
                    <label end="77" start="74" name="CRD"/>
                    <label end="81" start="79" name="CJC"/>
                    <label end="86" start="83" name="DPS"/>
                    <label end="91" start="88" name="AJ0-NN1"/>
                    <label end="96" start="93" name="NN1"/>
                    <label end="98" start="98" name="PUN"/>
                </layer>
                <layer rank="1" name="NER"/>
                <layer rank="1" name="WSL"/>
            </annotationSet>
            <annotationSet cDate="01/07/2003 09:49:34 PST Tue" status="MANUAL" ID="1415393">
                <layer rank="1" name="FE">
                    <label cBy="Sns" feID="3291" end="46" start="43" name="Stimulus"/>
                </layer>
                <layer rank="1" name="GF">
                    <label end="46" start="43" name="Head"/>
                </layer>
                <layer rank="1" name="PT">
                    <label end="46" start="43" name="N"/>
                </layer>
                <layer rank="1" name="Sent"/>
                <layer rank="1" name="Other"/>
                <layer rank="1" name="Target">
                    <label cBy="BoC" end="41" start="29" name="Target"/>
                </layer>
                <layer rank="1" name="Adj"/>
            </annotationSet>
        </sentence>
        <sentence sentNo="0" aPos="76918028" ID="981394">
            <text>Once uncomfortably aboard the wizard moved his white-knuckle grip to a convenient piece of harness and prodded K!sdra lightly with the sword . </text>
            <annotationSet cDate="01/07/2003 09:49:35 PST Tue" status="UNANN" ID="1415396">
                <layer rank="1" name="BNC">
                    <label end="3" start="0" name="AV0"/>
                    <label end="17" start="5" name="AV0"/>
                    <label end="24" start="19" name="PRP"/>
                    <label end="28" start="26" name="AT0"/>
                    <label end="35" start="30" name="NN1"/>
                    <label end="41" start="37" name="VVD-VVN"/>
                    <label end="45" start="43" name="DPS"/>
                    <label end="59" start="47" name="AJ0-NN1"/>
                    <label end="64" start="61" name="NN1"/>
                    <label end="67" start="66" name="PRP"/>
                    <label end="69" start="69" name="AT0"/>
                    <label end="80" start="71" name="AJ0"/>
                    <label end="86" start="82" name="NN1"/>
                    <label end="89" start="88" name="PRF"/>
                    <label end="97" start="91" name="NN1"/>
                    <label end="101" start="99" name="CJC"/>
                    <label end="109" start="103" name="VVD"/>
                    <label end="116" start="111" name="NP0"/>
                    <label end="124" start="118" name="AV0"/>
                    <label end="129" start="126" name="PRP"/>
                    <label end="133" start="131" name="AT0"/>
                    <label end="139" start="135" name="NN1"/>
                    <label end="141" start="141" name="PUN"/>
                </layer>
                <layer rank="1" name="NER"/>
                <layer rank="1" name="WSL"/>
            </annotationSet>
            <annotationSet cDate="01/07/2003 09:49:35 PST Tue" status="MANUAL" ID="1415397">
                <layer rank="1" name="FE">
                    <label cBy="Sns" feID="3291" end="64" start="61" name="Stimulus"/>
                </layer>
                <layer rank="1" name="GF">
                    <label end="64" start="61" name="Head"/>
                </layer>
                <layer rank="1" name="PT">
                    <label end="64" start="61" name="N"/>
                </layer>
                <layer rank="1" name="Sent"/>
                <layer rank="1" name="Other"/>
                <layer rank="1" name="Target">
                    <label cBy="BoC" end="59" start="47" name="Target"/>
                </layer>
                <layer rank="1" name="Adj"/>
            </annotationSet>
        </sentence>
        <sentence sentNo="0" aPos="87706869" ID="981395">
            <text>My main problem has been dragging myself away from my favourite armchair , prising my eyes from the television and relinquishing my white-knuckle grip around the remote control . </text>
            <annotationSet cDate="01/07/2003 09:49:35 PST Tue" status="UNANN" ID="1415398">
                <layer rank="1" name="BNC">
                    <label end="1" start="0" name="DPS"/>
                    <label end="6" start="3" name="AJ0"/>
                    <label end="14" start="8" name="NN1"/>
                    <label end="18" start="16" name="VHZ"/>
                    <label end="23" start="20" name="VBN"/>
                    <label end="32" start="25" name="VVG"/>
                    <label end="39" start="34" name="PNX"/>
                    <label end="44" start="41" name="PRP"/>
                    <label end="49" start="46" name="PRP"/>
                    <label end="52" start="51" name="DPS"/>
                    <label end="62" start="54" name="AJ0-NN1"/>
                    <label end="71" start="64" name="NN1"/>
                    <label end="73" start="73" name="PUN"/>
                    <label end="81" start="75" name="VVG"/>
                    <label end="84" start="83" name="DPS"/>
                    <label end="89" start="86" name="NN2"/>
                    <label end="94" start="91" name="PRP"/>
                    <label end="98" start="96" name="AT0"/>
                    <label end="109" start="100" name="NN1"/>
                    <label end="113" start="111" name="CJC"/>
                    <label end="127" start="115" name="VVG"/>
                    <label end="130" start="129" name="DPS"/>
                    <label end="144" start="132" name="AJ0-NN1"/>
                    <label end="149" start="146" name="NN1"/>
                    <label end="156" start="151" name="PRP"/>
                    <label end="160" start="158" name="AT0"/>
                    <label end="167" start="162" name="AJ0"/>
                    <label end="175" start="169" name="NN1"/>
                    <label end="177" start="177" name="PUN"/>
                </layer>
                <layer rank="1" name="NER"/>
                <layer rank="1" name="WSL"/>
            </annotationSet>
            <annotationSet cDate="01/07/2003 09:49:35 PST Tue" status="MANUAL" ID="1415399">
                <layer rank="1" name="FE">
                    <label cBy="Sns" feID="3291" end="175" start="146" name="Stimulus"/>
                </layer>
                <layer rank="1" name="GF">
                    <label end="175" start="146" name="Head"/>
                </layer>
                <layer rank="1" name="PT">
                    <label end="175" start="146" name="N"/>
                </layer>
                <layer rank="1" name="Sent"/>
                <layer rank="1" name="Other"/>
                <layer rank="1" name="Target">
                    <label cBy="BoC" end="144" start="132" name="Target"/>
                </layer>
                <layer rank="1" name="Adj"/>
            </annotationSet>
        </sentence>
    </subCorpus>
</lexUnit>