<?xml version="1.0" encoding="UTF-8" standalone="yes"?>
<?xml-stylesheet type="text/xsl" href="lexUnit.xsl"?>
<lexUnit status="Finished_Initial" POS="A" name="consoling.a" ID="6400" frame="Stimulus_focus" frameID="364" totalAnnotated="11" xsi:schemaLocation="../schema/lexUnit.xsd" xmlns="http://framenet.icsi.berkeley.edu" xmlns:xsi="http://www.w3.org/2001/XMLSchema-instance">
    <header>
        <frame>
            <FE fgColor="FFFFFF" bgColor="808080" type="Extra-Thematic" abbrev="cir" name="Circumstances"/>
            <FE fgColor="FFFFFF" bgColor="0000FF" type="Extra-Thematic" abbrev="C_set" name="Comparison_set"/>
            <FE fgColor="FFFFFF" bgColor="FF69B4" type="Peripheral" abbrev="Degr" name="Degree"/>
            <FE fgColor="FFFFFF" bgColor="008000" type="Peripheral" abbrev="Exp" name="Experiencer"/>
            <FE fgColor="FFFFFF" bgColor="A52A2A" type="Peripheral" abbrev="Par" name="Parameter"/>
            <FE fgColor="FFFFFF" bgColor="800080" type="Extra-Thematic" abbrev="Property" name="Property"/>
            <FE fgColor="FFFFFF" bgColor="FF0000" type="Core" abbrev="Stim" name="Stimulus"/>
        </frame>
    </header>
    <definition>FN: giving consolation </definition>
    <lexeme POS="A" name="consoling"/>
    <valences>
        <FERealization total="11">
            <FE name="Stimulus"/>
            <pattern total="11">
                <valenceUnit GF="Head" PT="N" FE="Stimulus"/>
                <annoSet ID="1409447"/>
                <annoSet ID="1409451"/>
                <annoSet ID="1409457"/>
                <annoSet ID="1409463"/>
                <annoSet ID="1409465"/>
                <annoSet ID="1409467"/>
                <annoSet ID="1409469"/>
                <annoSet ID="1409475"/>
                <annoSet ID="1409487"/>
                <annoSet ID="1409493"/>
                <annoSet ID="1409499"/>
            </pattern>
        </FERealization>
        <FEGroupRealization total="11">
            <FE name="Stimulus"/>
            <pattern total="11">
                <valenceUnit GF="Head" PT="N" FE="Stimulus"/>
                <annoSet ID="1409447"/>
                <annoSet ID="1409451"/>
                <annoSet ID="1409457"/>
                <annoSet ID="1409463"/>
                <annoSet ID="1409465"/>
                <annoSet ID="1409467"/>
                <annoSet ID="1409469"/>
                <annoSet ID="1409475"/>
                <annoSet ID="1409487"/>
                <annoSet ID="1409493"/>
                <annoSet ID="1409499"/>
            </pattern>
        </FEGroupRealization>
    </valences>
    <subCorpus name="A-001-all">
        <sentence sentNo="0" aPos="4399400" ID="978419">
            <text>It was , above all , a consoling art ; one which provided an anchor or escape amid the turbulence of confusingly fast social , technological and political change . </text>
            <annotationSet cDate="01/07/2003 09:42:36 PST Tue" status="UNANN" ID="1409446">
                <layer rank="1" name="BNC">
                    <label end="1" start="0" name="PNP"/>
                    <label end="5" start="3" name="VBD"/>
                    <label end="7" start="7" name="PUN"/>
                    <label end="13" start="9" name="PRP"/>
                    <label end="17" start="15" name="DT0"/>
                    <label end="19" start="19" name="PUN"/>
                    <label end="21" start="21" name="AT0"/>
                    <label end="31" start="23" name="AJ0-NN1"/>
                    <label end="35" start="33" name="NN1"/>
                    <label end="37" start="37" name="PUN"/>
                    <label end="41" start="39" name="CRD-PNI"/>
                    <label end="47" start="43" name="DTQ"/>
                    <label end="56" start="49" name="VVD"/>
                    <label end="59" start="58" name="AT0"/>
                    <label end="66" start="61" name="NN1"/>
                    <label end="69" start="68" name="CJC"/>
                    <label end="76" start="71" name="NN1-VVB"/>
                    <label end="81" start="78" name="PRP"/>
                    <label end="85" start="83" name="AT0"/>
                    <label end="96" start="87" name="NN1"/>
                    <label end="99" start="98" name="PRF"/>
                    <label end="111" start="101" name="AV0"/>
                    <label end="116" start="113" name="AJ0-AV0"/>
                    <label end="123" start="118" name="AJ0"/>
                    <label end="125" start="125" name="PUN"/>
                    <label end="139" start="127" name="AJ0"/>
                    <label end="143" start="141" name="CJC"/>
                    <label end="153" start="145" name="AJ0"/>
                    <label end="160" start="155" name="NN1"/>
                    <label end="162" start="162" name="PUN"/>
                </layer>
                <layer rank="1" name="NER"/>
                <layer rank="1" name="WSL"/>
            </annotationSet>
            <annotationSet cDate="01/07/2003 09:42:36 PST Tue" status="MANUAL" ID="1409447">
                <layer rank="1" name="FE">
                    <label cBy="gGK" feID="3291" end="35" start="33" name="Stimulus"/>
                </layer>
                <layer rank="1" name="GF">
                    <label end="35" start="33" name="Head"/>
                </layer>
                <layer rank="1" name="PT">
                    <label end="35" start="33" name="N"/>
                </layer>
                <layer rank="1" name="Sent"/>
                <layer rank="1" name="Other"/>
                <layer rank="1" name="Target">
                    <label cBy="BoC" end="31" start="23" name="Target"/>
                </layer>
                <layer rank="1" name="Adj"/>
            </annotationSet>
        </sentence>
        <sentence sentNo="0" aPos="8899139" ID="978421">
            <text>It is regrettable , Elisabeth observed to herself as she climbed through the dunes , that clever men do not always make consoling company . </text>
            <annotationSet cDate="01/07/2003 09:42:36 PST Tue" status="UNANN" ID="1409450">
                <layer rank="1" name="BNC">
                    <label end="1" start="0" name="PNP"/>
                    <label end="4" start="3" name="VBZ"/>
                    <label end="16" start="6" name="AJ0"/>
                    <label end="18" start="18" name="PUN"/>
                    <label end="28" start="20" name="NP0"/>
                    <label end="37" start="30" name="VVD"/>
                    <label end="40" start="39" name="PRP"/>
                    <label end="48" start="42" name="PNX"/>
                    <label end="51" start="50" name="CJS"/>
                    <label end="55" start="53" name="PNP"/>
                    <label end="63" start="57" name="VVD"/>
                    <label end="71" start="65" name="PRP"/>
                    <label end="75" start="73" name="AT0"/>
                    <label end="81" start="77" name="NN2"/>
                    <label end="83" start="83" name="PUN"/>
                    <label end="88" start="85" name="CJT-DT0"/>
                    <label end="95" start="90" name="AJ0"/>
                    <label end="99" start="97" name="NN2"/>
                    <label end="102" start="101" name="VDB"/>
                    <label end="106" start="104" name="XX0"/>
                    <label end="113" start="108" name="AV0"/>
                    <label end="118" start="115" name="VVI"/>
                    <label end="128" start="120" name="AJ0-VVG"/>
                    <label end="136" start="130" name="NN1"/>
                    <label end="138" start="138" name="PUN"/>
                </layer>
                <layer rank="1" name="NER"/>
                <layer rank="1" name="WSL"/>
            </annotationSet>
            <annotationSet cDate="01/07/2003 09:42:36 PST Tue" status="MANUAL" ID="1409451">
                <layer rank="1" name="FE">
                    <label cBy="gGK" feID="3291" end="136" start="130" name="Stimulus"/>
                </layer>
                <layer rank="1" name="GF">
                    <label end="136" start="130" name="Head"/>
                </layer>
                <layer rank="1" name="PT">
                    <label end="136" start="130" name="N"/>
                </layer>
                <layer rank="1" name="Sent"/>
                <layer rank="1" name="Other"/>
                <layer rank="1" name="Target">
                    <label cBy="BoC" end="128" start="120" name="Target"/>
                </layer>
                <layer rank="1" name="Adj"/>
            </annotationSet>
        </sentence>
        <sentence sentNo="0" aPos="21365153" ID="978424">
            <text>I put my arm around her in a chaste , consoling embrace . </text>
            <annotationSet cDate="01/07/2003 09:42:36 PST Tue" status="UNANN" ID="1409456">
                <layer rank="1" name="BNC">
                    <label end="0" start="0" name="PNP"/>
                    <label end="4" start="2" name="VVD"/>
                    <label end="7" start="6" name="DPS"/>
                    <label end="11" start="9" name="NN1"/>
                    <label end="18" start="13" name="PRP"/>
                    <label end="22" start="20" name="PNP"/>
                    <label end="25" start="24" name="PRP"/>
                    <label end="27" start="27" name="AT0"/>
                    <label end="34" start="29" name="AJ0"/>
                    <label end="36" start="36" name="PUN"/>
                    <label end="46" start="38" name="AJ0-VVG"/>
                    <label end="54" start="48" name="NN1"/>
                    <label end="56" start="56" name="PUN"/>
                </layer>
                <layer rank="1" name="NER"/>
                <layer rank="1" name="WSL"/>
            </annotationSet>
            <annotationSet cDate="01/07/2003 09:42:37 PST Tue" status="MANUAL" ID="1409457">
                <layer rank="1" name="FE">
                    <label cBy="gGK" feID="3291" end="54" start="48" name="Stimulus"/>
                </layer>
                <layer rank="1" name="GF">
                    <label end="54" start="48" name="Head"/>
                </layer>
                <layer rank="1" name="PT">
                    <label end="54" start="48" name="N"/>
                </layer>
                <layer rank="1" name="Sent"/>
                <layer rank="1" name="Other"/>
                <layer rank="1" name="Target">
                    <label cBy="BoC" end="46" start="38" name="Target"/>
                </layer>
                <layer rank="1" name="Adj"/>
            </annotationSet>
        </sentence>
        <sentence sentNo="0" aPos="25705927" ID="978427">
            <text>When she fills up my glass with water -- for there is not always wine -- it is a protective and consoling gesture . </text>
            <annotationSet cDate="01/07/2003 09:42:37 PST Tue" status="UNANN" ID="1409462">
                <layer rank="1" name="BNC">
                    <label end="3" start="0" name="AVQ-CJS"/>
                    <label end="7" start="5" name="PNP"/>
                    <label end="13" start="9" name="VVZ"/>
                    <label end="16" start="15" name="AVP"/>
                    <label end="19" start="18" name="DPS"/>
                    <label end="25" start="21" name="NN1"/>
                    <label end="30" start="27" name="PRP"/>
                    <label end="36" start="32" name="NN1"/>
                    <label end="39" start="38" name="PUN"/>
                    <label end="43" start="41" name="CJS"/>
                    <label end="49" start="45" name="EX0"/>
                    <label end="52" start="51" name="VBZ"/>
                    <label end="56" start="54" name="XX0"/>
                    <label end="63" start="58" name="AV0"/>
                    <label end="68" start="65" name="NN1"/>
                    <label end="71" start="70" name="PUN"/>
                    <label end="74" start="73" name="PNP"/>
                    <label end="77" start="76" name="VBZ"/>
                    <label end="79" start="79" name="AT0"/>
                    <label end="90" start="81" name="AJ0"/>
                    <label end="94" start="92" name="CJC"/>
                    <label end="104" start="96" name="AJ0-VVG"/>
                    <label end="112" start="106" name="NN1"/>
                    <label end="114" start="114" name="PUN"/>
                </layer>
                <layer rank="1" name="NER"/>
                <layer rank="1" name="WSL"/>
            </annotationSet>
            <annotationSet cDate="01/07/2003 09:42:37 PST Tue" status="MANUAL" ID="1409463">
                <layer rank="1" name="FE">
                    <label cBy="gGK" feID="3291" end="112" start="106" name="Stimulus"/>
                </layer>
                <layer rank="1" name="GF">
                    <label end="112" start="106" name="Head"/>
                </layer>
                <layer rank="1" name="PT">
                    <label end="112" start="106" name="N"/>
                </layer>
                <layer rank="1" name="Sent"/>
                <layer rank="1" name="Other"/>
                <layer rank="1" name="Target">
                    <label cBy="BoC" end="104" start="96" name="Target"/>
                </layer>
                <layer rank="1" name="Adj"/>
            </annotationSet>
        </sentence>
        <sentence sentNo="0" aPos="36920974" ID="978428">
            <text>` We 'll swim in the sea , Grand-mýre , &quot; she promised , putting a small consoling hand on Leonie 's shoulder . </text>
            <annotationSet cDate="01/07/2003 09:42:37 PST Tue" status="UNANN" ID="1409464">
                <layer rank="1" name="BNC">
                    <label end="0" start="0" name="PUQ"/>
                    <label end="3" start="2" name="PNP"/>
                    <label end="7" start="5" name="VM0"/>
                    <label end="12" start="9" name="VVI"/>
                    <label end="15" start="14" name="PRP"/>
                    <label end="19" start="17" name="AT0"/>
                    <label end="23" start="21" name="NN1"/>
                    <label end="25" start="25" name="PUN"/>
                    <label end="36" start="27" name="AJ0-NN1"/>
                    <label end="38" start="38" name="PUN"/>
                    <label end="40" start="40" name="PUQ"/>
                    <label end="44" start="42" name="PNP"/>
                    <label end="53" start="46" name="VVD"/>
                    <label end="55" start="55" name="PUN"/>
                    <label end="63" start="57" name="VVG"/>
                    <label end="65" start="65" name="AT0"/>
                    <label end="71" start="67" name="AJ0"/>
                    <label end="81" start="73" name="AJ0-NN1"/>
                    <label end="86" start="83" name="NN1"/>
                    <label end="89" start="88" name="PRP"/>
                    <label end="96" start="91" name="NP0"/>
                    <label end="99" start="98" name="POS"/>
                    <label end="108" start="101" name="NN1"/>
                    <label end="110" start="110" name="PUN"/>
                </layer>
                <layer rank="1" name="NER"/>
                <layer rank="1" name="WSL"/>
            </annotationSet>
            <annotationSet cDate="01/07/2003 09:42:37 PST Tue" status="MANUAL" ID="1409465">
                <layer rank="1" name="FE">
                    <label cBy="gGK" feID="3291" end="86" start="83" name="Stimulus"/>
                </layer>
                <layer rank="1" name="GF">
                    <label end="86" start="83" name="Head"/>
                </layer>
                <layer rank="1" name="PT">
                    <label end="86" start="83" name="N"/>
                </layer>
                <layer rank="1" name="Sent"/>
                <layer rank="1" name="Other"/>
                <layer rank="1" name="Target">
                    <label cBy="BoC" end="81" start="73" name="Target"/>
                </layer>
                <layer rank="1" name="Adj"/>
            </annotationSet>
        </sentence>
        <sentence sentNo="0" aPos="45860396" ID="978429">
            <text>Diana was treated with kid gloves when all she needed was some sensible advice , a cuddle and a consoling word . </text>
            <annotationSet cDate="01/07/2003 09:42:37 PST Tue" status="UNANN" ID="1409466">
                <layer rank="1" name="BNC">
                    <label end="4" start="0" name="NP0"/>
                    <label end="8" start="6" name="VBD"/>
                    <label end="16" start="10" name="VVN"/>
                    <label end="21" start="18" name="PRP"/>
                    <label end="25" start="23" name="NN1"/>
                    <label end="32" start="27" name="NN2-VVZ"/>
                    <label end="37" start="34" name="AVQ-CJS"/>
                    <label end="41" start="39" name="DT0"/>
                    <label end="45" start="43" name="PNP"/>
                    <label end="52" start="47" name="VVD"/>
                    <label end="56" start="54" name="VBD"/>
                    <label end="61" start="58" name="DT0"/>
                    <label end="70" start="63" name="AJ0"/>
                    <label end="77" start="72" name="NN1"/>
                    <label end="79" start="79" name="PUN"/>
                    <label end="81" start="81" name="AT0"/>
                    <label end="88" start="83" name="NN1"/>
                    <label end="92" start="90" name="CJC"/>
                    <label end="94" start="94" name="AT0"/>
                    <label end="104" start="96" name="AJ0"/>
                    <label end="109" start="106" name="NN1"/>
                    <label end="111" start="111" name="PUN"/>
                </layer>
                <layer rank="1" name="NER"/>
                <layer rank="1" name="WSL"/>
            </annotationSet>
            <annotationSet cDate="01/07/2003 09:42:37 PST Tue" status="MANUAL" ID="1409467">
                <layer rank="1" name="FE">
                    <label cBy="gGK" feID="3291" end="109" start="106" name="Stimulus"/>
                </layer>
                <layer rank="1" name="GF">
                    <label end="109" start="106" name="Head"/>
                </layer>
                <layer rank="1" name="PT">
                    <label end="109" start="106" name="N"/>
                </layer>
                <layer rank="1" name="Sent"/>
                <layer rank="1" name="Other"/>
                <layer rank="1" name="Target">
                    <label cBy="BoC" end="104" start="96" name="Target"/>
                </layer>
                <layer rank="1" name="Adj"/>
            </annotationSet>
        </sentence>
        <sentence sentNo="0" aPos="47025523" ID="978430">
            <text>Would you renounce your love , slip gracefully from the scene , become a goatherd and play mournfully consoling music on your Panpipes all day while your heedless flock chomp the succulent tufts ? </text>
            <annotationSet cDate="01/07/2003 09:42:37 PST Tue" status="UNANN" ID="1409468">
                <layer rank="1" name="BNC">
                    <label end="4" start="0" name="VM0"/>
                    <label end="8" start="6" name="PNP"/>
                    <label end="17" start="10" name="VVI"/>
                    <label end="22" start="19" name="DPS"/>
                    <label end="27" start="24" name="NN1"/>
                    <label end="29" start="29" name="PUN"/>
                    <label end="34" start="31" name="NN1-VVB"/>
                    <label end="45" start="36" name="AV0"/>
                    <label end="50" start="47" name="PRP"/>
                    <label end="54" start="52" name="AT0"/>
                    <label end="60" start="56" name="NN1"/>
                    <label end="62" start="62" name="PUN"/>
                    <label end="69" start="64" name="VVB"/>
                    <label end="71" start="71" name="AT0"/>
                    <label end="80" start="73" name="NN1"/>
                    <label end="84" start="82" name="CJC"/>
                    <label end="89" start="86" name="NN1-VVB"/>
                    <label end="100" start="91" name="AV0"/>
                    <label end="110" start="102" name="AJ0-VVG"/>
                    <label end="116" start="112" name="NN1"/>
                    <label end="119" start="118" name="PRP"/>
                    <label end="124" start="121" name="DPS"/>
                    <label end="133" start="126" name="NN2"/>
                    <label end="137" start="135" name="DT0"/>
                    <label end="141" start="139" name="NN1"/>
                    <label end="147" start="143" name="CJS"/>
                    <label end="152" start="149" name="DPS"/>
                    <label end="161" start="154" name="AJ0"/>
                    <label end="167" start="163" name="NN1"/>
                    <label end="173" start="169" name="VVB"/>
                    <label end="177" start="175" name="AT0"/>
                    <label end="187" start="179" name="AJ0"/>
                    <label end="193" start="189" name="NN2"/>
                    <label end="195" start="195" name="PUN"/>
                </layer>
                <layer rank="1" name="NER"/>
                <layer rank="1" name="WSL"/>
            </annotationSet>
            <annotationSet cDate="01/07/2003 09:42:37 PST Tue" status="MANUAL" ID="1409469">
                <layer rank="1" name="FE">
                    <label cBy="gGK" feID="3291" end="116" start="112" name="Stimulus"/>
                </layer>
                <layer rank="1" name="GF">
                    <label end="116" start="112" name="Head"/>
                </layer>
                <layer rank="1" name="PT">
                    <label end="116" start="112" name="N"/>
                </layer>
                <layer rank="1" name="Sent"/>
                <layer rank="1" name="Other"/>
                <layer rank="1" name="Target">
                    <label cBy="BoC" end="110" start="102" name="Target"/>
                </layer>
                <layer rank="1" name="Adj"/>
            </annotationSet>
        </sentence>
        <sentence sentNo="0" aPos="51650613" ID="978433">
            <text>It was strange , the comfort she got from Ben 's words , a sudden consoling warmth like finding an electric fire to turn on when the central heating failed in winter . </text>
            <annotationSet cDate="01/07/2003 09:42:38 PST Tue" status="UNANN" ID="1409474">
                <layer rank="1" name="BNC">
                    <label end="1" start="0" name="PNP"/>
                    <label end="5" start="3" name="VBD"/>
                    <label end="13" start="7" name="AJ0"/>
                    <label end="15" start="15" name="PUN"/>
                    <label end="19" start="17" name="AT0"/>
                    <label end="27" start="21" name="NN1"/>
                    <label end="31" start="29" name="PNP"/>
                    <label end="35" start="33" name="VVD"/>
                    <label end="40" start="37" name="PRP"/>
                    <label end="44" start="42" name="NP0"/>
                    <label end="47" start="46" name="POS"/>
                    <label end="53" start="49" name="NN2"/>
                    <label end="55" start="55" name="PUN"/>
                    <label end="57" start="57" name="AT0"/>
                    <label end="64" start="59" name="AJ0"/>
                    <label end="74" start="66" name="AJ0-NN1"/>
                    <label end="81" start="76" name="NN1"/>
                    <label end="86" start="83" name="PRP"/>
                    <label end="94" start="88" name="VVG"/>
                    <label end="97" start="96" name="AT0"/>
                    <label end="106" start="99" name="AJ0"/>
                    <label end="111" start="108" name="NN1"/>
                    <label end="114" start="113" name="TO0"/>
                    <label end="119" start="116" name="VVI"/>
                    <label end="122" start="121" name="AVP-PRP"/>
                    <label end="127" start="124" name="AVQ-CJS"/>
                    <label end="131" start="129" name="AT0"/>
                    <label end="139" start="133" name="AJ0"/>
                    <label end="147" start="141" name="NN1"/>
                    <label end="154" start="149" name="VVD-VVN"/>
                    <label end="157" start="156" name="PRP"/>
                    <label end="164" start="159" name="NN1"/>
                    <label end="166" start="166" name="PUN"/>
                </layer>
                <layer rank="1" name="NER"/>
                <layer rank="1" name="WSL"/>
            </annotationSet>
            <annotationSet cDate="01/07/2003 09:42:38 PST Tue" status="MANUAL" ID="1409475">
                <layer rank="1" name="FE">
                    <label cBy="gGK" feID="3291" end="81" start="76" name="Stimulus"/>
                </layer>
                <layer rank="1" name="GF">
                    <label end="81" start="76" name="Head"/>
                </layer>
                <layer rank="1" name="PT">
                    <label end="81" start="76" name="N"/>
                </layer>
                <layer rank="1" name="Sent"/>
                <layer rank="1" name="Other"/>
                <layer rank="1" name="Target">
                    <label cBy="BoC" end="74" start="66" name="Target"/>
                </layer>
                <layer rank="1" name="Adj"/>
            </annotationSet>
        </sentence>
        <sentence sentNo="0" aPos="63514048" ID="978439">
            <text>When she emerged , looking tired and exasperated , he made various consoling remarks , most of which she seemed not to hear . </text>
            <annotationSet cDate="01/07/2003 09:42:38 PST Tue" status="UNANN" ID="1409486">
                <layer rank="1" name="BNC">
                    <label end="3" start="0" name="AVQ-CJS"/>
                    <label end="7" start="5" name="PNP"/>
                    <label end="15" start="9" name="VVD"/>
                    <label end="17" start="17" name="PUN"/>
                    <label end="25" start="19" name="VVG"/>
                    <label end="31" start="27" name="AJ0"/>
                    <label end="35" start="33" name="CJC"/>
                    <label end="47" start="37" name="VVD"/>
                    <label end="49" start="49" name="PUN"/>
                    <label end="52" start="51" name="PNP"/>
                    <label end="57" start="54" name="VVD"/>
                    <label end="65" start="59" name="AJ0"/>
                    <label end="75" start="67" name="AJ0-NN1"/>
                    <label end="83" start="77" name="NN2-VVZ"/>
                    <label end="85" start="85" name="PUN"/>
                    <label end="90" start="87" name="DT0"/>
                    <label end="93" start="92" name="PRF"/>
                    <label end="99" start="95" name="DTQ"/>
                    <label end="103" start="101" name="PNP"/>
                    <label end="110" start="105" name="VVD"/>
                    <label end="114" start="112" name="XX0"/>
                    <label end="117" start="116" name="TO0"/>
                    <label end="122" start="119" name="VVI"/>
                    <label end="124" start="124" name="PUN"/>
                </layer>
                <layer rank="1" name="NER"/>
                <layer rank="1" name="WSL"/>
            </annotationSet>
            <annotationSet cDate="01/07/2003 09:42:38 PST Tue" status="MANUAL" ID="1409487">
                <layer rank="1" name="FE">
                    <label cBy="gGK" feID="3291" end="83" start="77" name="Stimulus"/>
                </layer>
                <layer rank="1" name="GF">
                    <label end="83" start="77" name="Head"/>
                </layer>
                <layer rank="1" name="PT">
                    <label end="83" start="77" name="N"/>
                </layer>
                <layer rank="1" name="Sent"/>
                <layer rank="1" name="Other"/>
                <layer rank="1" name="Target">
                    <label cBy="BoC" end="75" start="67" name="Target"/>
                </layer>
                <layer rank="1" name="Adj"/>
            </annotationSet>
        </sentence>
        <sentence sentNo="0" aPos="75168635" ID="978442">
            <text>At first , especially when she divulged that she was recovering from a nervous breakdown , I assumed that she merely desired a consoling chat with her sister 's old tutor . &quot; </text>
            <annotationSet cDate="01/07/2003 09:42:39 PST Tue" status="UNANN" ID="1409492">
                <layer rank="1" name="BNC">
                    <label end="1" start="0" name="AV0"/>
                    <label end="7" start="3" name="AV0"/>
                    <label end="9" start="9" name="PUN"/>
                    <label end="20" start="11" name="AV0"/>
                    <label end="25" start="22" name="CJS"/>
                    <label end="29" start="27" name="PNP"/>
                    <label end="38" start="31" name="VVD"/>
                    <label end="43" start="40" name="CJT"/>
                    <label end="47" start="45" name="PNP"/>
                    <label end="51" start="49" name="VBD"/>
                    <label end="62" start="53" name="VVG"/>
                    <label end="67" start="64" name="PRP"/>
                    <label end="69" start="69" name="AT0"/>
                    <label end="77" start="71" name="AJ0"/>
                    <label end="87" start="79" name="NN1"/>
                    <label end="89" start="89" name="PUN"/>
                    <label end="91" start="91" name="PNP"/>
                    <label end="99" start="93" name="VVD"/>
                    <label end="104" start="101" name="CJT"/>
                    <label end="108" start="106" name="PNP"/>
                    <label end="115" start="110" name="AV0"/>
                    <label end="123" start="117" name="VVD-VVN"/>
                    <label end="125" start="125" name="AT0"/>
                    <label end="135" start="127" name="AJ0"/>
                    <label end="140" start="137" name="NN1"/>
                    <label end="145" start="142" name="PRP"/>
                    <label end="149" start="147" name="DPS"/>
                    <label end="156" start="151" name="NN1"/>
                    <label end="159" start="158" name="POS"/>
                    <label end="163" start="161" name="AJ0"/>
                    <label end="169" start="165" name="NN1"/>
                    <label end="171" start="171" name="PUN"/>
                    <label end="173" start="173" name="PUQ"/>
                </layer>
                <layer rank="1" name="NER"/>
                <layer rank="1" name="WSL"/>
            </annotationSet>
            <annotationSet cDate="01/07/2003 09:42:39 PST Tue" status="MANUAL" ID="1409493">
                <layer rank="1" name="FE">
                    <label cBy="gGK" feID="3291" end="140" start="137" name="Stimulus"/>
                </layer>
                <layer rank="1" name="GF">
                    <label end="140" start="137" name="Head"/>
                </layer>
                <layer rank="1" name="PT">
                    <label end="140" start="137" name="N"/>
                </layer>
                <layer rank="1" name="Sent"/>
                <layer rank="1" name="Other"/>
                <layer rank="1" name="Target">
                    <label cBy="BoC" end="135" start="127" name="Target"/>
                </layer>
                <layer rank="1" name="Adj"/>
            </annotationSet>
        </sentence>
        <sentence sentNo="0" aPos="101126203" ID="978445">
            <text>Limply she fell back against the unyielding scrubland , sobbing and crying , numb to everything but Fernando 's flutter of consoling kisses across her face and throat . </text>
            <annotationSet cDate="01/07/2003 09:42:39 PST Tue" status="UNANN" ID="1409498">
                <layer rank="1" name="BNC">
                    <label end="5" start="0" name="AV0"/>
                    <label end="9" start="7" name="PNP"/>
                    <label end="14" start="11" name="VVD"/>
                    <label end="19" start="16" name="AVP"/>
                    <label end="27" start="21" name="PRP"/>
                    <label end="31" start="29" name="AT0"/>
                    <label end="42" start="33" name="AJ0"/>
                    <label end="52" start="44" name="NN1"/>
                    <label end="54" start="54" name="PUN"/>
                    <label end="62" start="56" name="VVG"/>
                    <label end="66" start="64" name="CJC"/>
                    <label end="73" start="68" name="NN1-VVG"/>
                    <label end="75" start="75" name="PUN"/>
                    <label end="80" start="77" name="AJ0"/>
                    <label end="83" start="82" name="PRP"/>
                    <label end="94" start="85" name="PNI"/>
                    <label end="98" start="96" name="CJC"/>
                    <label end="107" start="100" name="NP0"/>
                    <label end="110" start="109" name="POS"/>
                    <label end="118" start="112" name="NN1"/>
                    <label end="121" start="120" name="PRF"/>
                    <label end="131" start="123" name="AJ0-VVG"/>
                    <label end="138" start="133" name="NN2"/>
                    <label end="145" start="140" name="PRP"/>
                    <label end="149" start="147" name="DPS"/>
                    <label end="154" start="151" name="NN1"/>
                    <label end="158" start="156" name="CJC"/>
                    <label end="165" start="160" name="NN1"/>
                    <label end="167" start="167" name="PUN"/>
                </layer>
                <layer rank="1" name="NER"/>
                <layer rank="1" name="WSL"/>
            </annotationSet>
            <annotationSet cDate="01/07/2003 09:42:39 PST Tue" status="MANUAL" ID="1409499">
                <layer rank="1" name="FE">
                    <label cBy="gGK" feID="3291" end="138" start="133" name="Stimulus"/>
                </layer>
                <layer rank="1" name="GF">
                    <label end="138" start="133" name="Head"/>
                </layer>
                <layer rank="1" name="PT">
                    <label end="138" start="133" name="N"/>
                </layer>
                <layer rank="1" name="Sent"/>
                <layer rank="1" name="Other"/>
                <layer rank="1" name="Target">
                    <label cBy="BoC" end="131" start="123" name="Target"/>
                </layer>
                <layer rank="1" name="Adj"/>
            </annotationSet>
        </sentence>
    </subCorpus>
</lexUnit>