<?xml version="1.0" encoding="UTF-8" standalone="yes"?>
<?xml-stylesheet type="text/xsl" href="lexUnit.xsl"?>
<lexUnit status="Finished_Initial" POS="A" name="placating.a" ID="6437" frame="Stimulus_focus" frameID="364" totalAnnotated="5" xsi:schemaLocation="../schema/lexUnit.xsd" xmlns="http://framenet.icsi.berkeley.edu" xmlns:xsi="http://www.w3.org/2001/XMLSchema-instance">
    <header>
        <frame>
            <FE fgColor="FFFFFF" bgColor="808080" type="Extra-Thematic" abbrev="cir" name="Circumstances"/>
            <FE fgColor="FFFFFF" bgColor="0000FF" type="Extra-Thematic" abbrev="C_set" name="Comparison_set"/>
            <FE fgColor="FFFFFF" bgColor="FF69B4" type="Peripheral" abbrev="Degr" name="Degree"/>
            <FE fgColor="FFFFFF" bgColor="008000" type="Peripheral" abbrev="Exp" name="Experiencer"/>
            <FE fgColor="FFFFFF" bgColor="A52A2A" type="Peripheral" abbrev="Par" name="Parameter"/>
            <FE fgColor="FFFFFF" bgColor="800080" type="Extra-Thematic" abbrev="Property" name="Property"/>
            <FE fgColor="FFFFFF" bgColor="FF0000" type="Core" abbrev="Stim" name="Stimulus"/>
        </frame>
    </header>
    <definition>FN: calming, pacifying or appeasing</definition>
    <lexeme POS="A" name="placating"/>
    <valences>
        <FERealization total="5">
            <FE name="Stimulus"/>
            <pattern total="5">
                <valenceUnit GF="Head" PT="N" FE="Stimulus"/>
                <annoSet ID="1413191"/>
                <annoSet ID="1413195"/>
                <annoSet ID="1413201"/>
                <annoSet ID="1413203"/>
                <annoSet ID="1413205"/>
            </pattern>
        </FERealization>
        <FEGroupRealization total="5">
            <FE name="Stimulus"/>
            <pattern total="5">
                <valenceUnit GF="Head" PT="N" FE="Stimulus"/>
                <annoSet ID="1413191"/>
                <annoSet ID="1413195"/>
                <annoSet ID="1413201"/>
                <annoSet ID="1413203"/>
                <annoSet ID="1413205"/>
            </pattern>
        </FEGroupRealization>
    </valences>
    <subCorpus name="A-001-all">
        <sentence sentNo="0" aPos="13488557" ID="980291">
            <text>She smiled , her placating smile , and wondered why . </text>
            <annotationSet cDate="01/07/2003 09:47:03 PST Tue" status="UNANN" ID="1413190">
                <layer rank="1" name="BNC">
                    <label end="2" start="0" name="PNP"/>
                    <label end="9" start="4" name="VVD"/>
                    <label end="11" start="11" name="PUN"/>
                    <label end="15" start="13" name="DPS"/>
                    <label end="25" start="17" name="AJ0-VVG"/>
                    <label end="31" start="27" name="NN1"/>
                    <label end="33" start="33" name="PUN"/>
                    <label end="37" start="35" name="CJC"/>
                    <label end="46" start="39" name="VVD"/>
                    <label end="50" start="48" name="AVQ"/>
                    <label end="52" start="52" name="PUN"/>
                </layer>
                <layer rank="1" name="NER"/>
                <layer rank="1" name="WSL"/>
            </annotationSet>
            <annotationSet cDate="01/07/2003 09:47:03 PST Tue" status="MANUAL" ID="1413191">
                <layer rank="1" name="FE">
                    <label cBy="Sns" feID="3291" end="31" start="27" name="Stimulus"/>
                </layer>
                <layer rank="1" name="GF">
                    <label end="31" start="27" name="Head"/>
                </layer>
                <layer rank="1" name="PT">
                    <label end="31" start="27" name="N"/>
                </layer>
                <layer rank="1" name="Sent"/>
                <layer rank="1" name="Other"/>
                <layer rank="1" name="Target">
                    <label cBy="BoC" end="25" start="17" name="Target"/>
                </layer>
                <layer rank="1" name="Adj"/>
            </annotationSet>
        </sentence>
        <sentence sentNo="0" aPos="45794445" ID="980293">
            <text>Whitlock saw the anger in Philpott 's eyes and stepped forward with a placating smile . </text>
            <annotationSet cDate="01/07/2003 09:47:04 PST Tue" status="UNANN" ID="1413194">
                <layer rank="1" name="BNC">
                    <label end="7" start="0" name="NN1-NP0"/>
                    <label end="11" start="9" name="VVD"/>
                    <label end="15" start="13" name="AT0"/>
                    <label end="21" start="17" name="NN1"/>
                    <label end="24" start="23" name="PRP"/>
                    <label end="33" start="26" name="NP0"/>
                    <label end="36" start="35" name="POS"/>
                    <label end="41" start="38" name="NN2"/>
                    <label end="45" start="43" name="CJC"/>
                    <label end="53" start="47" name="VVD"/>
                    <label end="61" start="55" name="AV0"/>
                    <label end="66" start="63" name="PRP"/>
                    <label end="68" start="68" name="AT0"/>
                    <label end="78" start="70" name="AJ0"/>
                    <label end="84" start="80" name="NN1"/>
                    <label end="86" start="86" name="PUN"/>
                </layer>
                <layer rank="1" name="NER"/>
                <layer rank="1" name="WSL"/>
            </annotationSet>
            <annotationSet cDate="01/07/2003 09:47:04 PST Tue" status="MANUAL" ID="1413195">
                <layer rank="1" name="FE">
                    <label cBy="Sns" feID="3291" end="84" start="80" name="Stimulus"/>
                </layer>
                <layer rank="1" name="GF">
                    <label end="84" start="80" name="Head"/>
                </layer>
                <layer rank="1" name="PT">
                    <label end="84" start="80" name="N"/>
                </layer>
                <layer rank="1" name="Sent"/>
                <layer rank="1" name="Other"/>
                <layer rank="1" name="Target">
                    <label cBy="BoC" end="78" start="70" name="Target"/>
                </layer>
                <layer rank="1" name="Adj"/>
            </annotationSet>
        </sentence>
        <sentence sentNo="0" aPos="69726680" ID="980296">
            <text>Ward raised his left hand , a placating gesture . </text>
            <annotationSet cDate="01/07/2003 09:47:04 PST Tue" status="UNANN" ID="1413200">
                <layer rank="1" name="BNC">
                    <label end="3" start="0" name="NP0"/>
                    <label end="10" start="5" name="VVD"/>
                    <label end="14" start="12" name="DPS"/>
                    <label end="19" start="16" name="AJ0"/>
                    <label end="24" start="21" name="NN1"/>
                    <label end="26" start="26" name="PUN"/>
                    <label end="28" start="28" name="AT0"/>
                    <label end="38" start="30" name="AJ0"/>
                    <label end="46" start="40" name="NN1"/>
                    <label end="48" start="48" name="PUN"/>
                </layer>
                <layer rank="1" name="NER"/>
                <layer rank="1" name="WSL"/>
            </annotationSet>
            <annotationSet cDate="01/07/2003 09:47:04 PST Tue" status="MANUAL" ID="1413201">
                <layer rank="1" name="FE">
                    <label cBy="Sns" feID="3291" end="46" start="40" name="Stimulus"/>
                </layer>
                <layer rank="1" name="GF">
                    <label end="46" start="40" name="Head"/>
                </layer>
                <layer rank="1" name="PT">
                    <label end="46" start="40" name="N"/>
                </layer>
                <layer rank="1" name="Sent"/>
                <layer rank="1" name="Other"/>
                <layer rank="1" name="Target">
                    <label cBy="BoC" end="38" start="30" name="Target"/>
                </layer>
                <layer rank="1" name="Adj"/>
            </annotationSet>
        </sentence>
        <sentence sentNo="0" aPos="95376111" ID="980297">
            <text>The Prince looked at Owen , laughed archly and placed a placating hand on Owen 's . </text>
            <annotationSet cDate="01/07/2003 09:47:04 PST Tue" status="UNANN" ID="1413202">
                <layer rank="1" name="BNC">
                    <label end="2" start="0" name="AT0"/>
                    <label end="9" start="4" name="NN1"/>
                    <label end="16" start="11" name="VVD-VVN"/>
                    <label end="19" start="18" name="PRP"/>
                    <label end="24" start="21" name="NP0"/>
                    <label end="26" start="26" name="PUN"/>
                    <label end="34" start="28" name="VVD"/>
                    <label end="41" start="36" name="AV0"/>
                    <label end="45" start="43" name="CJC"/>
                    <label end="52" start="47" name="VVD-VVN"/>
                    <label end="54" start="54" name="AT0"/>
                    <label end="64" start="56" name="AJ0"/>
                    <label end="69" start="66" name="NN1"/>
                    <label end="72" start="71" name="PRP"/>
                    <label end="77" start="74" name="NP0"/>
                    <label end="80" start="79" name="POS"/>
                    <label end="82" start="82" name="PUN"/>
                </layer>
                <layer rank="1" name="NER"/>
                <layer rank="1" name="WSL"/>
            </annotationSet>
            <annotationSet cDate="01/07/2003 09:47:04 PST Tue" status="MANUAL" ID="1413203">
                <layer rank="1" name="FE">
                    <label cBy="Sns" feID="3291" end="69" start="66" name="Stimulus"/>
                </layer>
                <layer rank="1" name="GF">
                    <label end="69" start="66" name="Head"/>
                </layer>
                <layer rank="1" name="PT">
                    <label end="69" start="66" name="N"/>
                </layer>
                <layer rank="1" name="Sent"/>
                <layer rank="1" name="Other"/>
                <layer rank="1" name="Target">
                    <label cBy="BoC" end="64" start="56" name="Target"/>
                </layer>
                <layer rank="1" name="Adj"/>
            </annotationSet>
        </sentence>
        <sentence sentNo="0" aPos="108359403" ID="980298">
            <text>In the past , too high a priority was given to placating jail unions , he told the prison service annual conference in Blackpool . </text>
            <annotationSet cDate="01/07/2003 09:47:04 PST Tue" status="UNANN" ID="1413204">
                <layer rank="1" name="BNC">
                    <label end="1" start="0" name="PRP"/>
                    <label end="5" start="3" name="AT0"/>
                    <label end="10" start="7" name="NN1"/>
                    <label end="12" start="12" name="PUN"/>
                    <label end="16" start="14" name="AV0"/>
                    <label end="21" start="18" name="AJ0-AV0"/>
                    <label end="23" start="23" name="AT0"/>
                    <label end="32" start="25" name="NN1"/>
                    <label end="36" start="34" name="VBD"/>
                    <label end="42" start="38" name="VVN"/>
                    <label end="45" start="44" name="PRP"/>
                    <label end="55" start="47" name="AJ0-VVG"/>
                    <label end="60" start="57" name="NN1"/>
                    <label end="67" start="62" name="NN2"/>
                    <label end="69" start="69" name="PUN"/>
                    <label end="72" start="71" name="PNP"/>
                    <label end="77" start="74" name="VVD"/>
                    <label end="81" start="79" name="AT0"/>
                    <label end="88" start="83" name="NN1"/>
                    <label end="96" start="90" name="NN1"/>
                    <label end="103" start="98" name="AJ0"/>
                    <label end="114" start="105" name="NN1"/>
                    <label end="117" start="116" name="PRP"/>
                    <label end="127" start="119" name="NP0"/>
                    <label end="129" start="129" name="PUN"/>
                </layer>
                <layer rank="1" name="NER"/>
                <layer rank="1" name="WSL"/>
            </annotationSet>
            <annotationSet cDate="01/07/2003 09:47:04 PST Tue" status="MANUAL" ID="1413205">
                <layer rank="1" name="FE">
                    <label cBy="Sns" feID="3291" end="67" start="57" name="Stimulus"/>
                </layer>
                <layer rank="1" name="GF">
                    <label end="67" start="57" name="Head"/>
                </layer>
                <layer rank="1" name="PT">
                    <label end="67" start="57" name="N"/>
                </layer>
                <layer rank="1" name="Sent"/>
                <layer rank="1" name="Other"/>
                <layer rank="1" name="Target">
                    <label cBy="BoC" end="55" start="47" name="Target"/>
                </layer>
                <layer rank="1" name="Adj"/>
            </annotationSet>
        </sentence>
    </subCorpus>
</lexUnit>