<?xml version="1.0" encoding="UTF-8" standalone="yes"?>
<?xml-stylesheet type="text/xsl" href="lexUnit.xsl"?>
<lexUnit status="Created" POS="N" name="unsuitability.n" ID="6493" frame="Suitability" frameID="368" totalAnnotated="0" xsi:schemaLocation="../schema/lexUnit.xsd" xmlns="http://framenet.icsi.berkeley.edu" xmlns:xsi="http://www.w3.org/2001/XMLSchema-instance">
    <header>
        <frame>
            <FE fgColor="FFFFFF" bgColor="FF69B4" type="Peripheral" abbrev="Deg" name="Degree"/>
            <FE fgColor="FFFFFF" bgColor="800080" type="Core" abbrev="Eva" name="Evaluee"/>
            <FE fgColor="FFFFFF" bgColor="008000" type="Core" abbrev="Pur" name="Purpose"/>
            <FE fgColor="FFFFFF" bgColor="808080" type="Core" abbrev="User" name="User"/>
        </frame>
    </header>
    <definition>FN: the state or degree of being unsuitable for some purpose</definition>
    <lexeme POS="N" name="unsuitability"/>
    <semType name="Negative" ID="99"/>
    <valences/>
</lexUnit>