<?xml version="1.0" encoding="UTF-8" standalone="yes"?>
<?xml-stylesheet type="text/xsl" href="lexUnit.xsl"?>
<lexUnit status="Finished_Initial" POS="A" name="mind-numbing.a" ID="6482" frame="Stimulus_focus" frameID="364" totalAnnotated="17" xsi:schemaLocation="../schema/lexUnit.xsd" xmlns="http://framenet.icsi.berkeley.edu" xmlns:xsi="http://www.w3.org/2001/XMLSchema-instance">
    <header>
        <frame>
            <FE fgColor="FFFFFF" bgColor="808080" type="Extra-Thematic" abbrev="cir" name="Circumstances"/>
            <FE fgColor="FFFFFF" bgColor="0000FF" type="Extra-Thematic" abbrev="C_set" name="Comparison_set"/>
            <FE fgColor="FFFFFF" bgColor="FF69B4" type="Peripheral" abbrev="Degr" name="Degree"/>
            <FE fgColor="FFFFFF" bgColor="008000" type="Peripheral" abbrev="Exp" name="Experiencer"/>
            <FE fgColor="FFFFFF" bgColor="A52A2A" type="Peripheral" abbrev="Par" name="Parameter"/>
            <FE fgColor="FFFFFF" bgColor="800080" type="Extra-Thematic" abbrev="Property" name="Property"/>
            <FE fgColor="FFFFFF" bgColor="FF0000" type="Core" abbrev="Stim" name="Stimulus"/>
        </frame>
    </header>
    <definition>FN: causing a state of mental exhaustion</definition>
    <lexeme POS="A" name="mind-numbing"/>
    <valences>
        <FERealization total="17">
            <FE name="Stimulus"/>
            <pattern total="17">
                <valenceUnit GF="Head" PT="N" FE="Stimulus"/>
                <annoSet ID="1422387"/>
                <annoSet ID="1422389"/>
                <annoSet ID="1422391"/>
                <annoSet ID="1422395"/>
                <annoSet ID="1422399"/>
                <annoSet ID="1422401"/>
                <annoSet ID="1422403"/>
                <annoSet ID="1422405"/>
                <annoSet ID="1422407"/>
                <annoSet ID="1422413"/>
                <annoSet ID="1422415"/>
                <annoSet ID="1422417"/>
                <annoSet ID="1422419"/>
                <annoSet ID="1422421"/>
                <annoSet ID="1422425"/>
                <annoSet ID="1422427"/>
                <annoSet ID="1422429"/>
            </pattern>
        </FERealization>
        <FEGroupRealization total="17">
            <FE name="Stimulus"/>
            <pattern total="17">
                <valenceUnit GF="Head" PT="N" FE="Stimulus"/>
                <annoSet ID="1422387"/>
                <annoSet ID="1422389"/>
                <annoSet ID="1422391"/>
                <annoSet ID="1422395"/>
                <annoSet ID="1422399"/>
                <annoSet ID="1422401"/>
                <annoSet ID="1422403"/>
                <annoSet ID="1422405"/>
                <annoSet ID="1422407"/>
                <annoSet ID="1422413"/>
                <annoSet ID="1422415"/>
                <annoSet ID="1422417"/>
                <annoSet ID="1422419"/>
                <annoSet ID="1422421"/>
                <annoSet ID="1422425"/>
                <annoSet ID="1422427"/>
                <annoSet ID="1422429"/>
            </pattern>
        </FEGroupRealization>
    </valences>
    <subCorpus name="numbing-A-001-all">
        <sentence sentNo="0" aPos="1503856" ID="984889">
            <text>The judges could complicate matters by ordering that the outcome of the deals be reversed , necessitating a mind-numbing series of calculations by the City . </text>
            <annotationSet cDate="01/07/2003 09:57:21 PST Tue" status="UNANN" ID="1422386">
                <layer rank="1" name="BNC">
                    <label end="2" start="0" name="AT0"/>
                    <label end="9" start="4" name="NN2"/>
                    <label end="15" start="11" name="VM0"/>
                    <label end="26" start="17" name="VVI"/>
                    <label end="34" start="28" name="NN2"/>
                    <label end="37" start="36" name="PRP"/>
                    <label end="46" start="39" name="NN1-VVG"/>
                    <label end="51" start="48" name="CJT"/>
                    <label end="55" start="53" name="AT0"/>
                    <label end="63" start="57" name="NN1"/>
                    <label end="66" start="65" name="PRF"/>
                    <label end="70" start="68" name="AT0"/>
                    <label end="76" start="72" name="NN2"/>
                    <label end="79" start="78" name="VBI"/>
                    <label end="88" start="81" name="VVN"/>
                    <label end="90" start="90" name="PUN"/>
                    <label end="104" start="92" name="VVG"/>
                    <label end="106" start="106" name="AT0"/>
                    <label end="119" start="108" name="AJ0-NN1"/>
                    <label end="126" start="121" name="NN0"/>
                    <label end="129" start="128" name="PRF"/>
                    <label end="142" start="131" name="NN2"/>
                    <label end="145" start="144" name="PRP"/>
                    <label end="149" start="147" name="AT0"/>
                    <label end="154" start="151" name="NN1"/>
                    <label end="156" start="156" name="PUN"/>
                </layer>
                <layer rank="1" name="NER"/>
                <layer rank="1" name="WSL"/>
            </annotationSet>
            <annotationSet cDate="01/07/2003 09:57:21 PST Tue" status="MANUAL" ID="1422387">
                <layer rank="1" name="FE">
                    <label cBy="Sns" feID="3291" end="142" start="121" name="Stimulus"/>
                </layer>
                <layer rank="1" name="GF">
                    <label end="142" start="121" name="Head"/>
                </layer>
                <layer rank="1" name="PT">
                    <label end="142" start="121" name="N"/>
                </layer>
                <layer rank="1" name="Sent"/>
                <layer rank="1" name="Other"/>
                <layer rank="1" name="Target">
                    <label cBy="BoC" end="119" start="108" name="Target"/>
                </layer>
                <layer rank="1" name="Adj"/>
            </annotationSet>
        </sentence>
        <sentence sentNo="0" aPos="2269768" ID="984890">
            <text>The greenhouse effect is deeply in danger of being Branaghed largely because of the mind-numbing saturation with which it is being covered . </text>
            <annotationSet cDate="01/07/2003 09:57:21 PST Tue" status="UNANN" ID="1422388">
                <layer rank="1" name="BNC">
                    <label end="2" start="0" name="AT0"/>
                    <label end="13" start="4" name="NN1"/>
                    <label end="20" start="15" name="NN1"/>
                    <label end="23" start="22" name="VBZ"/>
                    <label end="30" start="25" name="AV0"/>
                    <label end="33" start="32" name="PRP"/>
                    <label end="40" start="35" name="NN1"/>
                    <label end="43" start="42" name="PRF"/>
                    <label end="49" start="45" name="VBG"/>
                    <label end="59" start="51" name="VVN"/>
                    <label end="67" start="61" name="AV0"/>
                    <label end="75" start="69" name="PRP"/>
                    <label end="78" start="77" name="PRP"/>
                    <label end="82" start="80" name="AT0"/>
                    <label end="95" start="84" name="AJ0-NN1"/>
                    <label end="106" start="97" name="NN1"/>
                    <label end="111" start="108" name="PRP"/>
                    <label end="117" start="113" name="DTQ"/>
                    <label end="120" start="119" name="PNP"/>
                    <label end="123" start="122" name="VBZ"/>
                    <label end="129" start="125" name="VBG"/>
                    <label end="137" start="131" name="VVN"/>
                    <label end="139" start="139" name="PUN"/>
                </layer>
                <layer rank="1" name="NER"/>
                <layer rank="1" name="WSL"/>
            </annotationSet>
            <annotationSet cDate="01/07/2003 09:57:21 PST Tue" status="MANUAL" ID="1422389">
                <layer rank="1" name="FE">
                    <label cBy="Sns" feID="3291" end="106" start="97" name="Stimulus"/>
                </layer>
                <layer rank="1" name="GF">
                    <label end="106" start="97" name="Head"/>
                </layer>
                <layer rank="1" name="PT">
                    <label end="106" start="97" name="N"/>
                </layer>
                <layer rank="1" name="Sent"/>
                <layer rank="1" name="Other"/>
                <layer rank="1" name="Target">
                    <label cBy="BoC" end="95" start="84" name="Target"/>
                </layer>
                <layer rank="1" name="Adj"/>
            </annotationSet>
        </sentence>
        <sentence sentNo="0" aPos="3594896" ID="984891">
            <text>The bottom is reached with a mind-numbing crash that jars every bone , but at least this thaws out my brain . </text>
            <annotationSet cDate="01/07/2003 09:57:21 PST Tue" status="UNANN" ID="1422390">
                <layer rank="1" name="BNC">
                    <label end="2" start="0" name="AT0"/>
                    <label end="9" start="4" name="NN1"/>
                    <label end="12" start="11" name="VBZ"/>
                    <label end="20" start="14" name="VVN"/>
                    <label end="25" start="22" name="PRP"/>
                    <label end="27" start="27" name="AT0"/>
                    <label end="40" start="29" name="AJ0-NN1"/>
                    <label end="46" start="42" name="NN1"/>
                    <label end="51" start="48" name="CJT"/>
                    <label end="56" start="53" name="VVZ"/>
                    <label end="62" start="58" name="AT0"/>
                    <label end="67" start="64" name="NN1"/>
                    <label end="69" start="69" name="PUN"/>
                    <label end="73" start="71" name="CJC"/>
                    <label end="76" start="75" name="AV0"/>
                    <label end="82" start="78" name="AV0"/>
                    <label end="87" start="84" name="DT0"/>
                    <label end="93" start="89" name="NN2-VVZ"/>
                    <label end="97" start="95" name="AVP"/>
                    <label end="100" start="99" name="DPS"/>
                    <label end="106" start="102" name="NN1"/>
                    <label end="108" start="108" name="PUN"/>
                </layer>
                <layer rank="1" name="NER"/>
                <layer rank="1" name="WSL"/>
            </annotationSet>
            <annotationSet cDate="01/07/2003 09:57:21 PST Tue" status="MANUAL" ID="1422391">
                <layer rank="1" name="FE">
                    <label cBy="Sns" feID="3291" end="46" start="42" name="Stimulus"/>
                </layer>
                <layer rank="1" name="GF">
                    <label end="46" start="42" name="Head"/>
                </layer>
                <layer rank="1" name="PT">
                    <label end="46" start="42" name="N"/>
                </layer>
                <layer rank="1" name="Sent"/>
                <layer rank="1" name="Other"/>
                <layer rank="1" name="Target">
                    <label cBy="BoC" end="40" start="29" name="Target"/>
                </layer>
                <layer rank="1" name="Adj"/>
            </annotationSet>
        </sentence>
        <sentence sentNo="0" aPos="4733935" ID="984893">
            <text>COMPUTERS are ideal for boring , repetitive and mind-numbing tasks -- which makes you wonder why there is n't any artificial intelligence Christmas list-making software on the market . </text>
            <annotationSet cDate="01/07/2003 09:57:22 PST Tue" status="UNANN" ID="1422394">
                <layer rank="1" name="BNC">
                    <label end="8" start="0" name="NN2"/>
                    <label end="12" start="10" name="VBB"/>
                    <label end="18" start="14" name="AJ0"/>
                    <label end="22" start="20" name="PRP"/>
                    <label end="29" start="24" name="AJ0"/>
                    <label end="31" start="31" name="PUN"/>
                    <label end="42" start="33" name="AJ0"/>
                    <label end="46" start="44" name="CJC"/>
                    <label end="59" start="48" name="AJ0"/>
                    <label end="65" start="61" name="NN2"/>
                    <label end="68" start="67" name="PUN"/>
                    <label end="74" start="70" name="DTQ"/>
                    <label end="80" start="76" name="VVZ"/>
                    <label end="84" start="82" name="PNP"/>
                    <label end="91" start="86" name="VVI"/>
                    <label end="95" start="93" name="AVQ"/>
                    <label end="101" start="97" name="EX0"/>
                    <label end="104" start="103" name="VBZ"/>
                    <label end="108" start="106" name="XX0"/>
                    <label end="112" start="110" name="DT0"/>
                    <label end="123" start="114" name="AJ0"/>
                    <label end="136" start="125" name="NN1"/>
                    <label end="146" start="138" name="NP0"/>
                    <label end="158" start="148" name="AJ0-NN1"/>
                    <label end="167" start="160" name="NN1"/>
                    <label end="170" start="169" name="PRP"/>
                    <label end="174" start="172" name="AT0"/>
                    <label end="181" start="176" name="NN1"/>
                    <label end="183" start="183" name="PUN"/>
                </layer>
                <layer rank="1" name="NER"/>
                <layer rank="1" name="WSL"/>
            </annotationSet>
            <annotationSet cDate="01/07/2003 09:57:22 PST Tue" status="MANUAL" ID="1422395">
                <layer rank="1" name="FE">
                    <label cBy="Sns" feID="3291" end="65" start="61" name="Stimulus"/>
                </layer>
                <layer rank="1" name="GF">
                    <label end="65" start="61" name="Head"/>
                </layer>
                <layer rank="1" name="PT">
                    <label end="65" start="61" name="N"/>
                </layer>
                <layer rank="1" name="Sent"/>
                <layer rank="1" name="Other"/>
                <layer rank="1" name="Target">
                    <label cBy="BoC" end="59" start="48" name="Target"/>
                </layer>
                <layer rank="1" name="Adj"/>
            </annotationSet>
        </sentence>
        <sentence sentNo="0" aPos="30694735" ID="984895">
            <text>A surprise attack is a superb card to have up your sleeve , especially when you combine it with a mind-numbing yell and a distracting dummy movement . </text>
            <annotationSet cDate="01/07/2003 09:57:22 PST Tue" status="UNANN" ID="1422398">
                <layer rank="1" name="BNC">
                    <label end="0" start="0" name="AT0"/>
                    <label end="9" start="2" name="NN1"/>
                    <label end="16" start="11" name="NN1"/>
                    <label end="19" start="18" name="VBZ"/>
                    <label end="21" start="21" name="AT0"/>
                    <label end="28" start="23" name="AJ0"/>
                    <label end="33" start="30" name="NN1"/>
                    <label end="36" start="35" name="TO0"/>
                    <label end="41" start="38" name="VHI"/>
                    <label end="44" start="43" name="AVP-PRP"/>
                    <label end="49" start="46" name="DPS"/>
                    <label end="56" start="51" name="NN1"/>
                    <label end="58" start="58" name="PUN"/>
                    <label end="69" start="60" name="AV0"/>
                    <label end="74" start="71" name="AVQ-CJS"/>
                    <label end="78" start="76" name="PNP"/>
                    <label end="86" start="80" name="VVB"/>
                    <label end="89" start="88" name="PNP"/>
                    <label end="94" start="91" name="PRP"/>
                    <label end="96" start="96" name="AT0"/>
                    <label end="109" start="98" name="AJ0-NN1"/>
                    <label end="114" start="111" name="NN1"/>
                    <label end="118" start="116" name="CJC"/>
                    <label end="120" start="120" name="AT0"/>
                    <label end="132" start="122" name="AJ0-NN1"/>
                    <label end="138" start="134" name="AJ0-NN1"/>
                    <label end="147" start="140" name="NN1"/>
                    <label end="149" start="149" name="PUN"/>
                </layer>
                <layer rank="1" name="NER"/>
                <layer rank="1" name="WSL"/>
            </annotationSet>
            <annotationSet cDate="01/07/2003 09:57:22 PST Tue" status="MANUAL" ID="1422399">
                <layer rank="1" name="FE">
                    <label cBy="Sns" feID="3291" end="114" start="111" name="Stimulus"/>
                </layer>
                <layer rank="1" name="GF">
                    <label end="114" start="111" name="Head"/>
                </layer>
                <layer rank="1" name="PT">
                    <label end="114" start="111" name="N"/>
                </layer>
                <layer rank="1" name="Sent"/>
                <layer rank="1" name="Other"/>
                <layer rank="1" name="Target">
                    <label cBy="BoC" end="109" start="98" name="Target"/>
                </layer>
                <layer rank="1" name="Adj"/>
            </annotationSet>
        </sentence>
        <sentence sentNo="0" aPos="35607627" ID="984896">
            <text>Attention was switching to continental groups such as the Italian ` autonomists &quot; , who rejected the fruitless and mind-numbing discipline and line-toeing demanded by the other builders of the New Revolution . </text>
            <annotationSet cDate="01/07/2003 09:57:22 PST Tue" status="UNANN" ID="1422400">
                <layer rank="1" name="BNC">
                    <label end="8" start="0" name="NN1"/>
                    <label end="12" start="10" name="VBD"/>
                    <label end="22" start="14" name="VVG"/>
                    <label end="25" start="24" name="PRP"/>
                    <label end="37" start="27" name="AJ0"/>
                    <label end="44" start="39" name="NN2"/>
                    <label end="49" start="46" name="PRP"/>
                    <label end="52" start="51" name="PRP"/>
                    <label end="56" start="54" name="AT0"/>
                    <label end="64" start="58" name="AJ0"/>
                    <label end="66" start="66" name="PUQ"/>
                    <label end="78" start="68" name="NN2"/>
                    <label end="80" start="80" name="PUQ"/>
                    <label end="82" start="82" name="PUN"/>
                    <label end="86" start="84" name="PNQ"/>
                    <label end="95" start="88" name="VVD"/>
                    <label end="99" start="97" name="AT0"/>
                    <label end="109" start="101" name="AJ0"/>
                    <label end="113" start="111" name="CJC"/>
                    <label end="126" start="115" name="AJ0"/>
                    <label end="137" start="128" name="NN1"/>
                    <label end="141" start="139" name="CJC"/>
                    <label end="153" start="143" name="NN1"/>
                    <label end="162" start="155" name="VVN"/>
                    <label end="165" start="164" name="PRP"/>
                    <label end="169" start="167" name="AT0"/>
                    <label end="175" start="171" name="AJ0"/>
                    <label end="184" start="177" name="NN2"/>
                    <label end="187" start="186" name="PRF"/>
                    <label end="191" start="189" name="AT0"/>
                    <label end="195" start="193" name="AJ0"/>
                    <label end="206" start="197" name="NN1"/>
                    <label end="208" start="208" name="PUN"/>
                </layer>
                <layer rank="1" name="NER"/>
                <layer rank="1" name="WSL"/>
            </annotationSet>
            <annotationSet cDate="01/07/2003 09:57:22 PST Tue" status="MANUAL" ID="1422401">
                <layer rank="1" name="FE">
                    <label cBy="Sns" feID="3291" end="137" start="128" name="Stimulus"/>
                </layer>
                <layer rank="1" name="GF">
                    <label end="137" start="128" name="Head"/>
                </layer>
                <layer rank="1" name="PT">
                    <label end="137" start="128" name="N"/>
                </layer>
                <layer rank="1" name="Sent"/>
                <layer rank="1" name="Other"/>
                <layer rank="1" name="Target">
                    <label cBy="BoC" end="126" start="115" name="Target"/>
                </layer>
                <layer rank="1" name="Adj"/>
            </annotationSet>
        </sentence>
        <sentence sentNo="0" aPos="36822418" ID="984897">
            <text>If you care , then watch some people on WITHOUT WALLS go on about these topics at great and possibly mind-numbing length . </text>
            <annotationSet cDate="01/07/2003 09:57:22 PST Tue" status="UNANN" ID="1422402">
                <layer rank="1" name="BNC">
                    <label end="1" start="0" name="CJS"/>
                    <label end="5" start="3" name="PNP"/>
                    <label end="10" start="7" name="VVB"/>
                    <label end="12" start="12" name="PUN"/>
                    <label end="17" start="14" name="AV0"/>
                    <label end="23" start="19" name="VVB"/>
                    <label end="28" start="25" name="DT0"/>
                    <label end="35" start="30" name="NN0"/>
                    <label end="38" start="37" name="AVP-PRP"/>
                    <label end="46" start="40" name="PRP"/>
                    <label end="52" start="48" name="NN2"/>
                    <label end="55" start="54" name="VVB"/>
                    <label end="58" start="57" name="AVP"/>
                    <label end="64" start="60" name="PRP"/>
                    <label end="70" start="66" name="DT0"/>
                    <label end="77" start="72" name="NN2"/>
                    <label end="80" start="79" name="PRP"/>
                    <label end="86" start="82" name="AJ0"/>
                    <label end="90" start="88" name="CJC"/>
                    <label end="99" start="92" name="AV0"/>
                    <label end="112" start="101" name="AJ0"/>
                    <label end="119" start="114" name="NN1"/>
                    <label end="121" start="121" name="PUN"/>
                </layer>
                <layer rank="1" name="NER"/>
                <layer rank="1" name="WSL"/>
            </annotationSet>
            <annotationSet cDate="01/07/2003 09:57:22 PST Tue" status="MANUAL" ID="1422403">
                <layer rank="1" name="FE">
                    <label cBy="Sns" feID="3291" end="119" start="114" name="Stimulus"/>
                </layer>
                <layer rank="1" name="GF">
                    <label end="119" start="114" name="Head"/>
                </layer>
                <layer rank="1" name="PT">
                    <label end="119" start="114" name="N"/>
                </layer>
                <layer rank="1" name="Sent"/>
                <layer rank="1" name="Other"/>
                <layer rank="1" name="Target">
                    <label cBy="BoC" end="112" start="101" name="Target"/>
                </layer>
                <layer rank="1" name="Adj"/>
            </annotationSet>
        </sentence>
        <sentence sentNo="0" aPos="38373633" ID="984898">
            <text>Castle Drachenfels could provide a mind-numbing complication to add to the events of Empire in Flames . </text>
            <annotationSet cDate="01/07/2003 09:57:22 PST Tue" status="UNANN" ID="1422404">
                <layer rank="1" name="BNC">
                    <label end="5" start="0" name="NP0"/>
                    <label end="17" start="7" name="NP0"/>
                    <label end="23" start="19" name="VM0"/>
                    <label end="31" start="25" name="VVI"/>
                    <label end="33" start="33" name="AT0"/>
                    <label end="46" start="35" name="AJ0"/>
                    <label end="59" start="48" name="NN1"/>
                    <label end="62" start="61" name="TO0"/>
                    <label end="66" start="64" name="VVI"/>
                    <label end="69" start="68" name="PRP"/>
                    <label end="73" start="71" name="AT0"/>
                    <label end="80" start="75" name="NN2"/>
                    <label end="83" start="82" name="PRF"/>
                    <label end="90" start="85" name="NN1"/>
                    <label end="93" start="92" name="PRP"/>
                    <label end="100" start="95" name="NP0"/>
                    <label end="102" start="102" name="PUN"/>
                </layer>
                <layer rank="1" name="NER"/>
                <layer rank="1" name="WSL"/>
            </annotationSet>
            <annotationSet cDate="01/07/2003 09:57:22 PST Tue" status="MANUAL" ID="1422405">
                <layer rank="1" name="FE">
                    <label cBy="Sns" feID="3291" end="59" start="48" name="Stimulus"/>
                </layer>
                <layer rank="1" name="GF">
                    <label end="59" start="48" name="Head"/>
                </layer>
                <layer rank="1" name="PT">
                    <label end="59" start="48" name="N"/>
                </layer>
                <layer rank="1" name="Sent"/>
                <layer rank="1" name="Other"/>
                <layer rank="1" name="Target">
                    <label cBy="BoC" end="46" start="35" name="Target"/>
                </layer>
                <layer rank="1" name="Adj"/>
            </annotationSet>
        </sentence>
        <sentence sentNo="0" aPos="38383441" ID="984899">
            <text>The claws thrust directly into his body and cause an agonizing pain and mind-numbing fear . </text>
            <annotationSet cDate="01/07/2003 09:57:22 PST Tue" status="UNANN" ID="1422406">
                <layer rank="1" name="BNC">
                    <label end="2" start="0" name="AT0"/>
                    <label end="8" start="4" name="NN2"/>
                    <label end="15" start="10" name="VVD"/>
                    <label end="24" start="17" name="AV0"/>
                    <label end="29" start="26" name="PRP"/>
                    <label end="33" start="31" name="DPS"/>
                    <label end="38" start="35" name="NN1"/>
                    <label end="42" start="40" name="CJC"/>
                    <label end="48" start="44" name="VVB"/>
                    <label end="51" start="50" name="AT0"/>
                    <label end="61" start="53" name="AJ0"/>
                    <label end="66" start="63" name="NN1"/>
                    <label end="70" start="68" name="CJC"/>
                    <label end="83" start="72" name="AJ0"/>
                    <label end="88" start="85" name="NN1"/>
                    <label end="90" start="90" name="PUN"/>
                </layer>
                <layer rank="1" name="NER"/>
                <layer rank="1" name="WSL"/>
            </annotationSet>
            <annotationSet cDate="01/07/2003 09:57:22 PST Tue" status="MANUAL" ID="1422407">
                <layer rank="1" name="FE">
                    <label cBy="Sns" feID="3291" end="88" start="85" name="Stimulus"/>
                </layer>
                <layer rank="1" name="GF">
                    <label end="88" start="85" name="Head"/>
                </layer>
                <layer rank="1" name="PT">
                    <label end="88" start="85" name="N"/>
                </layer>
                <layer rank="1" name="Sent"/>
                <layer rank="1" name="Other"/>
                <layer rank="1" name="Target">
                    <label cBy="BoC" end="83" start="72" name="Target"/>
                </layer>
                <layer rank="1" name="Adj"/>
            </annotationSet>
        </sentence>
        <sentence sentNo="0" aPos="59441548" ID="984902">
            <text>We went round in the same circles for half an hour and I left feeling a mind-numbing frustration , far worse than anything induced by meetings with the Foreign Office . </text>
            <annotationSet cDate="01/07/2003 09:57:23 PST Tue" status="UNANN" ID="1422412">
                <layer rank="1" name="BNC">
                    <label end="1" start="0" name="PNP"/>
                    <label end="6" start="3" name="VVD"/>
                    <label end="12" start="8" name="AVP"/>
                    <label end="15" start="14" name="PRP"/>
                    <label end="19" start="17" name="AT0"/>
                    <label end="24" start="21" name="DT0"/>
                    <label end="32" start="26" name="NN2"/>
                    <label end="36" start="34" name="PRP"/>
                    <label end="41" start="38" name="DT0"/>
                    <label end="44" start="43" name="AT0"/>
                    <label end="49" start="46" name="NN1"/>
                    <label end="53" start="51" name="CJC"/>
                    <label end="55" start="55" name="PNP"/>
                    <label end="60" start="57" name="VVD"/>
                    <label end="68" start="62" name="VVG"/>
                    <label end="70" start="70" name="AT0"/>
                    <label end="83" start="72" name="AJ0"/>
                    <label end="95" start="85" name="NN1"/>
                    <label end="97" start="97" name="PUN"/>
                    <label end="101" start="99" name="AV0"/>
                    <label end="107" start="103" name="AJC"/>
                    <label end="112" start="109" name="CJS"/>
                    <label end="121" start="114" name="PNI"/>
                    <label end="129" start="123" name="VVD"/>
                    <label end="132" start="131" name="PRP"/>
                    <label end="141" start="134" name="NN2"/>
                    <label end="146" start="143" name="PRP"/>
                    <label end="150" start="148" name="AT0"/>
                    <label end="158" start="152" name="AJ0"/>
                    <label end="165" start="160" name="NN1"/>
                    <label end="167" start="167" name="PUN"/>
                </layer>
                <layer rank="1" name="NER"/>
                <layer rank="1" name="WSL"/>
            </annotationSet>
            <annotationSet cDate="01/07/2003 09:57:23 PST Tue" status="MANUAL" ID="1422413">
                <layer rank="1" name="FE">
                    <label cBy="Sns" feID="3291" end="95" start="85" name="Stimulus"/>
                </layer>
                <layer rank="1" name="GF">
                    <label end="95" start="85" name="Head"/>
                </layer>
                <layer rank="1" name="PT">
                    <label end="95" start="85" name="N"/>
                </layer>
                <layer rank="1" name="Sent"/>
                <layer rank="1" name="Other"/>
                <layer rank="1" name="Target">
                    <label cBy="BoC" end="83" start="72" name="Target"/>
                </layer>
                <layer rank="1" name="Adj"/>
            </annotationSet>
        </sentence>
        <sentence sentNo="0" aPos="60166321" ID="984903">
            <text>The guards on duty seemed to resent his intrusion since his presence would require them to put away the magazines , turn off the portable TVs and spend a mind-numbing morning staring at the ceiling . </text>
            <annotationSet cDate="01/07/2003 09:57:23 PST Tue" status="UNANN" ID="1422414">
                <layer rank="1" name="BNC">
                    <label end="2" start="0" name="AT0"/>
                    <label end="9" start="4" name="NN2"/>
                    <label end="12" start="11" name="PRP"/>
                    <label end="17" start="14" name="NN1"/>
                    <label end="24" start="19" name="VVD"/>
                    <label end="27" start="26" name="TO0"/>
                    <label end="34" start="29" name="VVI"/>
                    <label end="38" start="36" name="DPS"/>
                    <label end="48" start="40" name="NN1"/>
                    <label end="54" start="50" name="CJS-PRP"/>
                    <label end="58" start="56" name="DPS"/>
                    <label end="67" start="60" name="NN1"/>
                    <label end="73" start="69" name="VM0"/>
                    <label end="81" start="75" name="VVI"/>
                    <label end="86" start="83" name="PNP"/>
                    <label end="89" start="88" name="TO0"/>
                    <label end="93" start="91" name="VVI"/>
                    <label end="98" start="95" name="AVP"/>
                    <label end="102" start="100" name="AT0"/>
                    <label end="112" start="104" name="NN2"/>
                    <label end="114" start="114" name="PUN"/>
                    <label end="119" start="116" name="NN1-VVB"/>
                    <label end="123" start="121" name="AVP-PRP"/>
                    <label end="127" start="125" name="AT0"/>
                    <label end="136" start="129" name="AJ0"/>
                    <label end="140" start="138" name="NN2"/>
                    <label end="144" start="142" name="CJC"/>
                    <label end="150" start="146" name="VVB"/>
                    <label end="152" start="152" name="AT0"/>
                    <label end="165" start="154" name="AJ0"/>
                    <label end="173" start="167" name="NN1"/>
                    <label end="181" start="175" name="VVG"/>
                    <label end="184" start="183" name="PRP"/>
                    <label end="188" start="186" name="AT0"/>
                    <label end="196" start="190" name="NN1"/>
                    <label end="198" start="198" name="PUN"/>
                </layer>
                <layer rank="1" name="NER"/>
                <layer rank="1" name="WSL"/>
            </annotationSet>
            <annotationSet cDate="01/07/2003 09:57:23 PST Tue" status="MANUAL" ID="1422415">
                <layer rank="1" name="FE">
                    <label cBy="Sns" feID="3291" end="173" start="167" name="Stimulus"/>
                </layer>
                <layer rank="1" name="GF">
                    <label end="173" start="167" name="Head"/>
                </layer>
                <layer rank="1" name="PT">
                    <label end="173" start="167" name="N"/>
                </layer>
                <layer rank="1" name="Sent"/>
                <layer rank="1" name="Other"/>
                <layer rank="1" name="Target">
                    <label cBy="BoC" end="165" start="154" name="Target"/>
                </layer>
                <layer rank="1" name="Adj"/>
            </annotationSet>
        </sentence>
        <sentence sentNo="0" aPos="69159592" ID="984904">
            <text>I explained at mind-numbing length about communicating with other users through bulletin boards , about capturing free software programs over the phone lines , and about game-playing via modems . </text>
            <annotationSet cDate="01/07/2003 09:57:23 PST Tue" status="UNANN" ID="1422416">
                <layer rank="1" name="BNC">
                    <label end="0" start="0" name="PNP"/>
                    <label end="10" start="2" name="VVD"/>
                    <label end="13" start="12" name="PRP"/>
                    <label end="26" start="15" name="AJ0"/>
                    <label end="33" start="28" name="NN1"/>
                    <label end="39" start="35" name="PRP"/>
                    <label end="53" start="41" name="VVG"/>
                    <label end="58" start="55" name="PRP"/>
                    <label end="64" start="60" name="AJ0"/>
                    <label end="70" start="66" name="NN2"/>
                    <label end="78" start="72" name="PRP"/>
                    <label end="87" start="80" name="NN1"/>
                    <label end="94" start="89" name="NN2"/>
                    <label end="96" start="96" name="PUN"/>
                    <label end="102" start="98" name="AV0"/>
                    <label end="112" start="104" name="VVG"/>
                    <label end="117" start="114" name="AJ0"/>
                    <label end="126" start="119" name="NN1"/>
                    <label end="135" start="128" name="NN2"/>
                    <label end="140" start="137" name="PRP"/>
                    <label end="144" start="142" name="AT0"/>
                    <label end="150" start="146" name="NN1"/>
                    <label end="156" start="152" name="NN2"/>
                    <label end="158" start="158" name="PUN"/>
                    <label end="162" start="160" name="CJC"/>
                    <label end="168" start="164" name="AV0"/>
                    <label end="181" start="170" name="AJ0-NN1"/>
                    <label end="185" start="183" name="PRP"/>
                    <label end="192" start="187" name="NN2"/>
                    <label end="194" start="194" name="PUN"/>
                </layer>
                <layer rank="1" name="NER"/>
                <layer rank="1" name="WSL"/>
            </annotationSet>
            <annotationSet cDate="01/07/2003 09:57:23 PST Tue" status="MANUAL" ID="1422417">
                <layer rank="1" name="FE">
                    <label cBy="Sns" feID="3291" end="33" start="28" name="Stimulus"/>
                </layer>
                <layer rank="1" name="GF">
                    <label end="33" start="28" name="Head"/>
                </layer>
                <layer rank="1" name="PT">
                    <label end="33" start="28" name="N"/>
                </layer>
                <layer rank="1" name="Sent"/>
                <layer rank="1" name="Other"/>
                <layer rank="1" name="Target">
                    <label cBy="BoC" end="26" start="15" name="Target"/>
                </layer>
                <layer rank="1" name="Adj"/>
            </annotationSet>
        </sentence>
        <sentence sentNo="0" aPos="69966861" ID="984905">
            <text>Under normal circumstances , Stephen would have left Flyte out -- any encounter with him inevitably led to conversations of mind-numbing tedium -- but resistance everywhere else left him with no option . </text>
            <annotationSet cDate="01/07/2003 09:57:23 PST Tue" status="UNANN" ID="1422418">
                <layer rank="1" name="BNC">
                    <label end="4" start="0" name="PRP"/>
                    <label end="11" start="6" name="AJ0"/>
                    <label end="25" start="13" name="NN2"/>
                    <label end="27" start="27" name="PUN"/>
                    <label end="35" start="29" name="NP0"/>
                    <label end="41" start="37" name="VM0"/>
                    <label end="46" start="43" name="VHI"/>
                    <label end="51" start="48" name="AJ0-VVN"/>
                    <label end="57" start="53" name="NN1-NP0"/>
                    <label end="61" start="59" name="AVP"/>
                    <label end="64" start="63" name="PUN"/>
                    <label end="68" start="66" name="DT0"/>
                    <label end="78" start="70" name="NN1"/>
                    <label end="83" start="80" name="PRP"/>
                    <label end="87" start="85" name="PNP"/>
                    <label end="98" start="89" name="AV0"/>
                    <label end="102" start="100" name="VVD-VVN"/>
                    <label end="105" start="104" name="PRP"/>
                    <label end="119" start="107" name="NN2"/>
                    <label end="122" start="121" name="PRF"/>
                    <label end="135" start="124" name="AJ0"/>
                    <label end="142" start="137" name="NN1"/>
                    <label end="145" start="144" name="PUN"/>
                    <label end="149" start="147" name="CJC"/>
                    <label end="160" start="151" name="NN1"/>
                    <label end="171" start="162" name="AV0"/>
                    <label end="176" start="173" name="AV0"/>
                    <label end="181" start="178" name="VVD-VVN"/>
                    <label end="185" start="183" name="PNP"/>
                    <label end="190" start="187" name="PRP"/>
                    <label end="193" start="192" name="AT0"/>
                    <label end="200" start="195" name="NN1"/>
                    <label end="202" start="202" name="PUN"/>
                </layer>
                <layer rank="1" name="NER"/>
                <layer rank="1" name="WSL"/>
            </annotationSet>
            <annotationSet cDate="01/07/2003 09:57:23 PST Tue" status="MANUAL" ID="1422419">
                <layer rank="1" name="FE">
                    <label cBy="Sns" feID="3291" end="142" start="137" name="Stimulus"/>
                </layer>
                <layer rank="1" name="GF">
                    <label end="142" start="137" name="Head"/>
                </layer>
                <layer rank="1" name="PT">
                    <label end="142" start="137" name="N"/>
                </layer>
                <layer rank="1" name="Sent"/>
                <layer rank="1" name="Other"/>
                <layer rank="1" name="Target">
                    <label cBy="BoC" end="135" start="124" name="Target"/>
                </layer>
                <layer rank="1" name="Adj"/>
            </annotationSet>
        </sentence>
        <sentence sentNo="0" aPos="73918631" ID="984906">
            <text>Her mouth opened to scream for help , but the sound emerged as a strangled groan as she realised the mind-numbing truth . </text>
            <annotationSet cDate="01/07/2003 09:57:23 PST Tue" status="UNANN" ID="1422420">
                <layer rank="1" name="BNC">
                    <label end="2" start="0" name="DPS"/>
                    <label end="8" start="4" name="NN1"/>
                    <label end="15" start="10" name="VVD-VVN"/>
                    <label end="18" start="17" name="TO0"/>
                    <label end="25" start="20" name="VVI"/>
                    <label end="29" start="27" name="PRP"/>
                    <label end="34" start="31" name="NN1"/>
                    <label end="36" start="36" name="PUN"/>
                    <label end="40" start="38" name="CJC"/>
                    <label end="44" start="42" name="AT0"/>
                    <label end="50" start="46" name="NN1"/>
                    <label end="58" start="52" name="VVD-VVN"/>
                    <label end="61" start="60" name="PRP"/>
                    <label end="63" start="63" name="AT0"/>
                    <label end="73" start="65" name="AJ0"/>
                    <label end="79" start="75" name="NN1"/>
                    <label end="82" start="81" name="CJS"/>
                    <label end="86" start="84" name="PNP"/>
                    <label end="95" start="88" name="VVD"/>
                    <label end="99" start="97" name="AT0"/>
                    <label end="112" start="101" name="AJ0"/>
                    <label end="118" start="114" name="NN1"/>
                    <label end="120" start="120" name="PUN"/>
                </layer>
                <layer rank="1" name="NER"/>
                <layer rank="1" name="WSL"/>
            </annotationSet>
            <annotationSet cDate="01/07/2003 09:57:23 PST Tue" status="MANUAL" ID="1422421">
                <layer rank="1" name="FE">
                    <label cBy="Sns" feID="3291" end="118" start="114" name="Stimulus"/>
                </layer>
                <layer rank="1" name="GF">
                    <label end="118" start="114" name="Head"/>
                </layer>
                <layer rank="1" name="PT">
                    <label end="118" start="114" name="N"/>
                </layer>
                <layer rank="1" name="Sent"/>
                <layer rank="1" name="Other"/>
                <layer rank="1" name="Target">
                    <label cBy="BoC" end="112" start="101" name="Target"/>
                </layer>
                <layer rank="1" name="Adj"/>
            </annotationSet>
        </sentence>
        <sentence sentNo="0" aPos="80121767" ID="984908">
            <text>Beyond seven feet or so , nothing except mind-numbing depth . </text>
            <annotationSet cDate="01/07/2003 09:57:24 PST Tue" status="UNANN" ID="1422424">
                <layer rank="1" name="BNC">
                    <label end="5" start="0" name="PRP"/>
                    <label end="11" start="7" name="CRD"/>
                    <label end="16" start="13" name="NN2"/>
                    <label end="19" start="18" name="CJC"/>
                    <label end="22" start="21" name="AV0"/>
                    <label end="24" start="24" name="PUN"/>
                    <label end="32" start="26" name="PNI"/>
                    <label end="39" start="34" name="CJS-PRP"/>
                    <label end="52" start="41" name="AJ0"/>
                    <label end="58" start="54" name="NN1"/>
                    <label end="60" start="60" name="PUN"/>
                </layer>
                <layer rank="1" name="NER"/>
                <layer rank="1" name="WSL"/>
            </annotationSet>
            <annotationSet cDate="01/07/2003 09:57:24 PST Tue" status="MANUAL" ID="1422425">
                <layer rank="1" name="FE">
                    <label cBy="Sns" feID="3291" end="58" start="54" name="Stimulus"/>
                </layer>
                <layer rank="1" name="GF">
                    <label end="58" start="54" name="Head"/>
                </layer>
                <layer rank="1" name="PT">
                    <label end="58" start="54" name="N"/>
                </layer>
                <layer rank="1" name="Sent"/>
                <layer rank="1" name="Other"/>
                <layer rank="1" name="Target">
                    <label cBy="BoC" end="52" start="41" name="Target"/>
                </layer>
                <layer rank="1" name="Adj"/>
            </annotationSet>
        </sentence>
        <sentence sentNo="0" aPos="80539824" ID="984909">
            <text>The ` development community &quot; spouts a mind-numbing new vocabulary to obscure the disturbing -- often unmanagable -- reality it faces . </text>
            <annotationSet cDate="01/07/2003 09:57:24 PST Tue" status="UNANN" ID="1422426">
                <layer rank="1" name="BNC">
                    <label end="2" start="0" name="AT0"/>
                    <label end="4" start="4" name="PUQ"/>
                    <label end="16" start="6" name="NN1"/>
                    <label end="26" start="18" name="NN0"/>
                    <label end="28" start="28" name="PUQ"/>
                    <label end="35" start="30" name="VVZ"/>
                    <label end="37" start="37" name="AT0"/>
                    <label end="50" start="39" name="AJ0"/>
                    <label end="54" start="52" name="AJ0"/>
                    <label end="65" start="56" name="AJ0-NN1"/>
                    <label end="68" start="67" name="TO0"/>
                    <label end="76" start="70" name="VVI"/>
                    <label end="80" start="78" name="AT0"/>
                    <label end="91" start="82" name="AJ0"/>
                    <label end="94" start="93" name="PUN"/>
                    <label end="100" start="96" name="AV0"/>
                    <label end="112" start="102" name="AJ0"/>
                    <label end="115" start="114" name="PUN"/>
                    <label end="123" start="117" name="NN1"/>
                    <label end="126" start="125" name="PNP"/>
                    <label end="132" start="128" name="VVZ"/>
                    <label end="134" start="134" name="PUN"/>
                </layer>
                <layer rank="1" name="NER"/>
                <layer rank="1" name="WSL"/>
            </annotationSet>
            <annotationSet cDate="01/07/2003 09:57:24 PST Tue" status="MANUAL" ID="1422427">
                <layer rank="1" name="FE">
                    <label cBy="Sns" feID="3291" end="65" start="56" name="Stimulus"/>
                </layer>
                <layer rank="1" name="GF">
                    <label end="65" start="56" name="Head"/>
                </layer>
                <layer rank="1" name="PT">
                    <label end="65" start="56" name="N"/>
                </layer>
                <layer rank="1" name="Sent"/>
                <layer rank="1" name="Other"/>
                <layer rank="1" name="Target">
                    <label cBy="BoC" end="50" start="39" name="Target"/>
                </layer>
                <layer rank="1" name="Adj"/>
            </annotationSet>
        </sentence>
        <sentence sentNo="0" aPos="106359130" ID="984910">
            <text>The longest came from his great rival , William Ewart Gladstone -- that clocked in at a mind-numbing four hours and 45 minutes . </text>
            <annotationSet cDate="01/07/2003 09:57:24 PST Tue" status="UNANN" ID="1422428">
                <layer rank="1" name="BNC">
                    <label end="2" start="0" name="AT0"/>
                    <label end="10" start="4" name="AV0"/>
                    <label end="15" start="12" name="VVD"/>
                    <label end="20" start="17" name="PRP"/>
                    <label end="24" start="22" name="DPS"/>
                    <label end="30" start="26" name="AJ0"/>
                    <label end="36" start="32" name="NN1"/>
                    <label end="38" start="38" name="PUN"/>
                    <label end="46" start="40" name="NP0"/>
                    <label end="52" start="48" name="NP0"/>
                    <label end="62" start="54" name="NP0"/>
                    <label end="65" start="64" name="PUN"/>
                    <label end="70" start="67" name="CJT-DT0"/>
                    <label end="78" start="72" name="VVD"/>
                    <label end="81" start="80" name="AVP"/>
                    <label end="84" start="83" name="PRP"/>
                    <label end="86" start="86" name="AT0"/>
                    <label end="99" start="88" name="AJ0-NN1"/>
                    <label end="104" start="101" name="CRD"/>
                    <label end="110" start="106" name="NN2"/>
                    <label end="114" start="112" name="CJC"/>
                    <label end="117" start="116" name="CRD"/>
                    <label end="125" start="119" name="NN2"/>
                    <label end="127" start="127" name="PUN"/>
                </layer>
                <layer rank="1" name="NER"/>
                <layer rank="1" name="WSL"/>
            </annotationSet>
            <annotationSet cDate="01/07/2003 09:57:24 PST Tue" status="MANUAL" ID="1422429">
                <layer rank="1" name="FE">
                    <label cBy="Sns" feID="3291" end="125" start="101" name="Stimulus"/>
                </layer>
                <layer rank="1" name="GF">
                    <label end="125" start="101" name="Head"/>
                </layer>
                <layer rank="1" name="PT">
                    <label end="125" start="101" name="N"/>
                </layer>
                <layer rank="1" name="Sent"/>
                <layer rank="1" name="Other"/>
                <layer rank="1" name="Target">
                    <label cBy="BoC" end="99" start="88" name="Target"/>
                </layer>
                <layer rank="1" name="Adj"/>
            </annotationSet>
        </sentence>
    </subCorpus>
</lexUnit>