<?xml version="1.0" encoding="UTF-8" standalone="yes"?>
<?xml-stylesheet type="text/xsl" href="lexUnit.xsl"?>
<lexUnit status="Needs_SCs" POS="A" name="side-splitting.a" ID="6465" frame="Stimulus_focus" frameID="364" totalAnnotated="3" xsi:schemaLocation="../schema/lexUnit.xsd" xmlns="http://framenet.icsi.berkeley.edu" xmlns:xsi="http://www.w3.org/2001/XMLSchema-instance">
    <header>
        <frame>
            <FE fgColor="FFFFFF" bgColor="808080" type="Extra-Thematic" abbrev="cir" name="Circumstances"/>
            <FE fgColor="FFFFFF" bgColor="0000FF" type="Extra-Thematic" abbrev="C_set" name="Comparison_set"/>
            <FE fgColor="FFFFFF" bgColor="FF69B4" type="Peripheral" abbrev="Degr" name="Degree"/>
            <FE fgColor="FFFFFF" bgColor="008000" type="Peripheral" abbrev="Exp" name="Experiencer"/>
            <FE fgColor="FFFFFF" bgColor="A52A2A" type="Peripheral" abbrev="Par" name="Parameter"/>
            <FE fgColor="FFFFFF" bgColor="800080" type="Extra-Thematic" abbrev="Property" name="Property"/>
            <FE fgColor="FFFFFF" bgColor="FF0000" type="Core" abbrev="Stim" name="Stimulus"/>
        </frame>
    </header>
    <definition>COD: extremely amusing. </definition>
    <lexeme POS="A" name="side-splitting"/>
    <valences>
        <FERealization total="3">
            <FE name="Stimulus"/>
            <pattern total="3">
                <valenceUnit GF="Head" PT="N" FE="Stimulus"/>
                <annoSet ID="1580635"/>
                <annoSet ID="1580641"/>
                <annoSet ID="1580643"/>
            </pattern>
        </FERealization>
        <FEGroupRealization total="3">
            <FE name="Stimulus"/>
            <pattern total="3">
                <valenceUnit GF="Head" PT="N" FE="Stimulus"/>
                <annoSet ID="1580635"/>
                <annoSet ID="1580641"/>
                <annoSet ID="1580643"/>
            </pattern>
        </FEGroupRealization>
    </valences>
    <subCorpus name="splitting-A-001-all">
        <sentence sentNo="0" aPos="620501" ID="1064615">
            <text>Jamie 's mega-mouth roller-coastered Jay through side-splitting anecdotes . </text>
            <annotationSet cDate="01/08/2003 12:58:48 PST Wed" status="UNANN" ID="1580634">
                <layer rank="1" name="BNC">
                    <label end="4" start="0" name="NP0"/>
                    <label end="7" start="6" name="POS"/>
                    <label end="18" start="9" name="AJ0"/>
                    <label end="35" start="20" name="AJ0"/>
                    <label end="39" start="37" name="NN1"/>
                    <label end="47" start="41" name="PRP"/>
                    <label end="62" start="49" name="AJ0-NN1"/>
                    <label end="72" start="64" name="NN2"/>
                    <label end="74" start="74" name="PUN"/>
                </layer>
                <layer rank="1" name="NER"/>
                <layer rank="1" name="WSL"/>
            </annotationSet>
            <annotationSet cDate="01/08/2003 12:58:48 PST Wed" status="MANUAL" ID="1580635">
                <layer rank="1" name="FE">
                    <label cBy="RLG" feID="3291" end="72" start="64" name="Stimulus"/>
                </layer>
                <layer rank="1" name="GF">
                    <label end="72" start="64" name="Head"/>
                </layer>
                <layer rank="1" name="PT">
                    <label end="72" start="64" name="N"/>
                </layer>
                <layer rank="1" name="Sent"/>
                <layer rank="1" name="Other"/>
                <layer rank="1" name="Target">
                    <label cBy="BoC" end="62" start="49" name="Target"/>
                </layer>
                <layer rank="1" name="Adj"/>
            </annotationSet>
        </sentence>
        <sentence sentNo="0" aPos="58644651" ID="1064618">
            <text>A number of L and C supporters , decked out in the team 's lime green and guava fruit colours , decided to swop hats with predictably side-splitting results . </text>
            <annotationSet cDate="01/08/2003 12:58:49 PST Wed" status="UNANN" ID="1580640">
                <layer rank="1" name="BNC">
                    <label end="0" start="0" name="AT0"/>
                    <label end="7" start="2" name="NN1"/>
                    <label end="10" start="9" name="PRF"/>
                    <label end="12" start="12" name="ZZ0"/>
                    <label end="16" start="14" name="CJC"/>
                    <label end="18" start="18" name="ZZ0"/>
                    <label end="29" start="20" name="NN2"/>
                    <label end="31" start="31" name="PUN"/>
                    <label end="38" start="33" name="VVD"/>
                    <label end="42" start="40" name="AVP"/>
                    <label end="45" start="44" name="PRP"/>
                    <label end="49" start="47" name="AT0"/>
                    <label end="54" start="51" name="NN0"/>
                    <label end="57" start="56" name="POS"/>
                    <label end="62" start="59" name="NN1"/>
                    <label end="68" start="64" name="NN1"/>
                    <label end="72" start="70" name="CJC"/>
                    <label end="78" start="74" name="NN1"/>
                    <label end="84" start="80" name="NN0"/>
                    <label end="92" start="86" name="NN2"/>
                    <label end="94" start="94" name="PUN"/>
                    <label end="102" start="96" name="VVD-VVN"/>
                    <label end="105" start="104" name="TO0"/>
                    <label end="110" start="107" name="VVI"/>
                    <label end="115" start="112" name="NN2"/>
                    <label end="120" start="117" name="PRP"/>
                    <label end="132" start="122" name="AV0"/>
                    <label end="147" start="134" name="AJ0"/>
                    <label end="155" start="149" name="NN2"/>
                    <label end="157" start="157" name="PUN"/>
                </layer>
                <layer rank="1" name="NER"/>
                <layer rank="1" name="WSL"/>
            </annotationSet>
            <annotationSet cDate="01/08/2003 12:58:49 PST Wed" status="MANUAL" ID="1580641">
                <layer rank="1" name="FE">
                    <label cBy="RLG" feID="3291" end="155" start="149" name="Stimulus"/>
                </layer>
                <layer rank="1" name="GF">
                    <label end="155" start="149" name="Head"/>
                </layer>
                <layer rank="1" name="PT">
                    <label end="155" start="149" name="N"/>
                </layer>
                <layer rank="1" name="Sent"/>
                <layer rank="1" name="Other"/>
                <layer rank="1" name="Target">
                    <label cBy="BoC" end="147" start="134" name="Target"/>
                </layer>
                <layer rank="1" name="Adj"/>
            </annotationSet>
        </sentence>
        <sentence sentNo="0" aPos="93348193" ID="1064619">
            <text>20 side-splitting Ben Elton videos to be won </text>
            <annotationSet cDate="01/08/2003 12:58:49 PST Wed" status="UNANN" ID="1580642">
                <layer rank="1" name="BNC">
                    <label end="1" start="0" name="CRD"/>
                    <label end="16" start="3" name="AJ0-NN1"/>
                    <label end="20" start="18" name="NP0"/>
                    <label end="26" start="22" name="NP0"/>
                    <label end="33" start="28" name="NN2"/>
                    <label end="36" start="35" name="TO0"/>
                    <label end="39" start="38" name="VBI"/>
                    <label end="43" start="41" name="VVN"/>
                </layer>
                <layer rank="1" name="NER"/>
                <layer rank="1" name="WSL"/>
            </annotationSet>
            <annotationSet cDate="01/08/2003 12:58:49 PST Wed" status="MANUAL" ID="1580643">
                <layer rank="1" name="FE">
                    <label cBy="RLG" feID="3291" end="33" start="18" name="Stimulus"/>
                </layer>
                <layer rank="1" name="GF">
                    <label end="33" start="18" name="Head"/>
                </layer>
                <layer rank="1" name="PT">
                    <label end="33" start="18" name="N"/>
                </layer>
                <layer rank="1" name="Sent"/>
                <layer rank="1" name="Other"/>
                <layer rank="1" name="Target">
                    <label cBy="BoC" end="16" start="3" name="Target"/>
                </layer>
                <layer rank="1" name="Adj"/>
            </annotationSet>
        </sentence>
    </subCorpus>
</lexUnit>