<?xml version="1.0" encoding="UTF-8" standalone="yes"?>
<?xml-stylesheet type="text/xsl" href="lexUnit.xsl"?>
<lexUnit status="Created" POS="N" name="wish.n" ID="6429" frame="Desiring" frameID="366" totalAnnotated="0" xsi:schemaLocation="../schema/lexUnit.xsd" xmlns="http://framenet.icsi.berkeley.edu" xmlns:xsi="http://www.w3.org/2001/XMLSchema-instance">
    <header>
        <frame>
            <FE fgColor="FFFFFF" bgColor="FF69B4" type="Peripheral" abbrev="Degr" name="Degree"/>
            <FE fgColor="FFFFFF" bgColor="808080" type="Peripheral" abbrev="Dur" name="Duration"/>
            <FE fgColor="FFFFFF" bgColor="00008B" type="Core" abbrev="Evnt" name="Event"/>
            <FE fgColor="FFFFFF" bgColor="FF0000" type="Core" abbrev="Exp" name="Experiencer"/>
            <FE fgColor="FFFFFF" bgColor="9F79EE" type="Extra-Thematic" abbrev="Expl" name="Explanation"/>
            <FE fgColor="FFFFFF" bgColor="0000FF" type="Core" abbrev="Foc" name="Focal_participant"/>
            <FE fgColor="FFFFFF" bgColor="00BFFF" type="Core" abbrev="PEv" name="Location_of_event"/>
            <FE fgColor="FFFFFF" bgColor="FF00FF" type="Peripheral" abbrev="Manr" name="Manner"/>
            <FE fgColor="FFFFFF" bgColor="008000" type="Peripheral" abbrev="Place" name="Place"/>
            <FE fgColor="FFFFFF" bgColor="800080" type="Peripheral" abbrev="Purp" name="Purpose_of_event"/>
            <FE fgColor="FFFFFF" bgColor="A52A2A" type="Peripheral" abbrev="rol" name="Role_of_focal_participant"/>
            <FE fgColor="FFFFFF" bgColor="FFA500" type="Peripheral" abbrev="Time" name="Time"/>
            <FE fgColor="000000" bgColor="FFD700" type="Peripheral" abbrev="EvT" name="Time_of_event"/>
        </frame>
    </header>
    <definition>COD: a desire or hope, or an expression of this. </definition>
    <lexeme POS="N" name="wish"/>
    <valences/>
</lexUnit>