<?xml version="1.0" encoding="UTF-8" standalone="yes"?>
<?xml-stylesheet type="text/xsl" href="lexUnit.xsl"?>
<lexUnit status="Insufficient_Attestations" POS="N" name="a snap.n" ID="6581" frame="Difficulty" frameID="375" totalAnnotated="0" xsi:schemaLocation="../schema/lexUnit.xsd" xmlns="http://framenet.icsi.berkeley.edu" xmlns:xsi="http://www.w3.org/2001/XMLSchema-instance">
    <header>
        <frame>
            <FE fgColor="FFFFFF" bgColor="0000FF" type="Core" abbrev="Activity" name="Activity"/>
            <FE fgColor="FFFFFF" bgColor="FFA500" type="Extra-Thematic" abbrev="Circumstances" name="Circumstances"/>
            <FE fgColor="FFFFFF" bgColor="FF69B4" type="Peripheral" abbrev="Degree" name="Degree"/>
            <FE fgColor="FFFFFF" bgColor="800080" type="Core" abbrev="Experiencer" name="Experiencer"/>
            <FE fgColor="FFFFFF" bgColor="FF0000" type="Peripheral" abbrev="Parameter" name="Parameter"/>
            <FE fgColor="FFFFFF" bgColor="008000" type="Peripheral" abbrev="sta" name="Standard"/>
            <FE fgColor="FFFFFF" bgColor="1E90FF" type="Peripheral" abbrev="tim" name="Time"/>
        </frame>
    </header>
    <definition>FN: a very easy task</definition>
    <lexeme order="1" headword="false" breakBefore="false" POS="ART" name="a"/>
    <lexeme order="2" headword="true" breakBefore="true" POS="N" name="snap"/>
    <valences/>
</lexUnit>