<?xml version="1.0" encoding="UTF-8" standalone="yes"?>
<?xml-stylesheet type="text/xsl" href="lexUnit.xsl"?>
<lexUnit status="Insufficient_Attestations" POS="N" name="hankering.n" ID="6594" frame="Desiring" frameID="366" totalAnnotated="1" xsi:schemaLocation="../schema/lexUnit.xsd" xmlns="http://framenet.icsi.berkeley.edu" xmlns:xsi="http://www.w3.org/2001/XMLSchema-instance">
    <header>
        <frame>
            <FE fgColor="FFFFFF" bgColor="FF69B4" type="Peripheral" abbrev="Degr" name="Degree"/>
            <FE fgColor="FFFFFF" bgColor="808080" type="Peripheral" abbrev="Dur" name="Duration"/>
            <FE fgColor="FFFFFF" bgColor="00008B" type="Core" abbrev="Evnt" name="Event"/>
            <FE fgColor="FFFFFF" bgColor="FF0000" type="Core" abbrev="Exp" name="Experiencer"/>
            <FE fgColor="FFFFFF" bgColor="9F79EE" type="Extra-Thematic" abbrev="Expl" name="Explanation"/>
            <FE fgColor="FFFFFF" bgColor="0000FF" type="Core" abbrev="Foc" name="Focal_participant"/>
            <FE fgColor="FFFFFF" bgColor="00BFFF" type="Core" abbrev="PEv" name="Location_of_event"/>
            <FE fgColor="FFFFFF" bgColor="FF00FF" type="Peripheral" abbrev="Manr" name="Manner"/>
            <FE fgColor="FFFFFF" bgColor="008000" type="Peripheral" abbrev="Place" name="Place"/>
            <FE fgColor="FFFFFF" bgColor="800080" type="Peripheral" abbrev="Purp" name="Purpose_of_event"/>
            <FE fgColor="FFFFFF" bgColor="A52A2A" type="Peripheral" abbrev="rol" name="Role_of_focal_participant"/>
            <FE fgColor="FFFFFF" bgColor="FFA500" type="Peripheral" abbrev="Time" name="Time"/>
            <FE fgColor="000000" bgColor="FFD700" type="Peripheral" abbrev="EvT" name="Time_of_event"/>
        </frame>
    </header>
    <definition>FN: a strong desire</definition>
    <lexeme POS="N" name="hankering"/>
    <valences>
        <FERealization total="1">
            <FE name="Experiencer"/>
            <pattern total="1">
                <valenceUnit GF="Ext" PT="NP" FE="Experiencer"/>
                <annoSet ID="1465811"/>
            </pattern>
        </FERealization>
        <FERealization total="1">
            <FE name="Focal_participant"/>
            <pattern total="1">
                <valenceUnit GF="Dep" PT="PP[for]" FE="Focal_participant"/>
                <annoSet ID="1465811"/>
            </pattern>
        </FERealization>
        <FEGroupRealization total="1">
            <FE name="Experiencer"/>
            <FE name="Focal_participant"/>
            <pattern total="1">
                <valenceUnit GF="Ext" PT="NP" FE="Experiencer"/>
                <valenceUnit GF="Dep" PT="PP[for]" FE="Focal_participant"/>
                <annoSet ID="1465811"/>
            </pattern>
        </FEGroupRealization>
    </valences>
    <subCorpus name="N-001-all">
        <sentence sentNo="0" aPos="1460533" ID="1006601">
            <text>Her hankering for the outside world is shown through a solo where she is cruelly tangled in the legs of a chair . </text>
            <annotationSet cDate="01/07/2003 10:47:45 PST Tue" status="UNANN" ID="1465810">
                <layer rank="1" name="BNC">
                    <label end="2" start="0" name="PNP"/>
                    <label end="12" start="4" name="NN1-VVG"/>
                    <label end="16" start="14" name="PRP"/>
                    <label end="20" start="18" name="AT0"/>
                    <label end="28" start="22" name="AJ0"/>
                    <label end="34" start="30" name="NN1"/>
                    <label end="37" start="36" name="VBZ"/>
                    <label end="43" start="39" name="VVN"/>
                    <label end="51" start="45" name="PRP"/>
                    <label end="53" start="53" name="AT0"/>
                    <label end="58" start="55" name="NN1"/>
                    <label end="64" start="60" name="AVQ"/>
                    <label end="68" start="66" name="PNP"/>
                    <label end="71" start="70" name="VBZ"/>
                    <label end="79" start="73" name="AV0"/>
                    <label end="87" start="81" name="VVN"/>
                    <label end="90" start="89" name="PRP"/>
                    <label end="94" start="92" name="AT0"/>
                    <label end="99" start="96" name="NN2"/>
                    <label end="102" start="101" name="PRF"/>
                    <label end="104" start="104" name="AT0"/>
                    <label end="110" start="106" name="NN1"/>
                    <label end="112" start="112" name="PUN"/>
                </layer>
                <layer rank="1" name="NER"/>
                <layer rank="1" name="WSL"/>
            </annotationSet>
            <annotationSet cDate="01/07/2003 10:47:45 PST Tue" status="MANUAL" ID="1465811">
                <layer rank="1" name="FE">
                    <label cBy="RLG" feID="3361" end="2" start="0" name="Experiencer"/>
                    <label cBy="RLG" feID="3366" end="34" start="14" name="Focal_participant"/>
                </layer>
                <layer rank="1" name="GF">
                    <label end="2" start="0" name="Ext"/>
                    <label end="34" start="14" name="Dep"/>
                </layer>
                <layer rank="1" name="PT">
                    <label end="2" start="0" name="NP"/>
                    <label end="34" start="14" name="PP"/>
                </layer>
                <layer rank="1" name="Sent"/>
                <layer rank="1" name="Other"/>
                <layer rank="1" name="Target">
                    <label cBy="BoC" end="12" start="4" name="Target"/>
                </layer>
                <layer rank="1" name="Noun"/>
            </annotationSet>
        </sentence>
    </subCorpus>
</lexUnit>