<?xml version="1.0" encoding="UTF-8" standalone="yes"?>
<?xml-stylesheet type="text/xsl" href="lexUnit.xsl"?>
<lexUnit status="Finished_Initial" POS="A" name="discourteous.a" ID="6559" frame="Social_interaction_evaluation" frameID="372" totalAnnotated="9" xsi:schemaLocation="../schema/lexUnit.xsd" xmlns="http://framenet.icsi.berkeley.edu" xmlns:xsi="http://www.w3.org/2001/XMLSchema-instance">
    <header>
        <frame>
            <FE fgColor="FFFFFF" bgColor="0000FF" type="Core" abbrev="Affect" name="Affected_party"/>
            <FE fgColor="FFFFFF" bgColor="008000" type="Core" abbrev="Beh" name="Behavior"/>
            <FE fgColor="FFFFFF" bgColor="FF69B4" type="Peripheral" abbrev="Deg" name="Degree"/>
            <FE fgColor="FFFFFF" bgColor="800080" type="Core" abbrev="Eval" name="Evaluee"/>
            <FE fgColor="FFFFFF" bgColor="FFA500" type="Core" abbrev="Exp" name="Expressor"/>
            <FE fgColor="FFFFFF" bgColor="00BFFF" type="Core-Unexpressed" abbrev="jud" name="Judge"/>
            <FE fgColor="FFFFFF" bgColor="FF00FF" type="Peripheral" abbrev="Manner" name="Manner"/>
            <FE fgColor="FFFFFF" bgColor="FF0000" type="Core" abbrev="Gr" name="Topic"/>
        </frame>
    </header>
    <definition>COD: rude and lacking consideration for others</definition>
    <lexeme POS="A" name="discourteous"/>
    <valences>
        <FERealization total="3">
            <FE name="Affected_party"/>
            <pattern total="3">
                <valenceUnit GF="Dep" PT="PP[to]" FE="Affected_party"/>
                <annoSet ID="1434757"/>
                <annoSet ID="1434767"/>
                <annoSet ID="1434775"/>
            </pattern>
        </FERealization>
        <FERealization total="8">
            <FE name="Behavior"/>
            <pattern total="4">
                <valenceUnit GF="Ext" PT="NP" FE="Behavior"/>
                <annoSet ID="1434761"/>
                <annoSet ID="1434767"/>
                <annoSet ID="1434775"/>
                <annoSet ID="1434779"/>
            </pattern>
            <pattern total="4">
                <valenceUnit GF="Dep" PT="VPto" FE="Behavior"/>
                <annoSet ID="1434763"/>
                <annoSet ID="1434769"/>
                <annoSet ID="1434785"/>
                <annoSet ID="1434793"/>
            </pattern>
        </FERealization>
        <FERealization total="3">
            <FE name="Degree"/>
            <pattern total="1">
                <valenceUnit GF="Dep" PT="PP[in]" FE="Degree"/>
                <annoSet ID="1434775"/>
            </pattern>
            <pattern total="2">
                <valenceUnit GF="Dep" PT="AVP" FE="Degree"/>
                <annoSet ID="1434757"/>
                <annoSet ID="1434769"/>
            </pattern>
        </FERealization>
        <FERealization total="3">
            <FE name="Evaluee"/>
            <pattern total="1">
                <valenceUnit GF="Ext" PT="NP" FE="Evaluee"/>
                <annoSet ID="1434757"/>
            </pattern>
            <pattern total="2">
                <valenceUnit GF="Dep" PT="PP[of]" FE="Evaluee"/>
                <annoSet ID="1434761"/>
                <annoSet ID="1434769"/>
            </pattern>
        </FERealization>
        <FEGroupRealization total="1">
            <FE name="Affected_party"/>
            <FE name="Behavior"/>
            <FE name="Behavior"/>
            <pattern total="1">
                <valenceUnit GF="Dep" PT="PP[to]" FE="Affected_party"/>
                <valenceUnit GF="Ext" PT="NP" FE="Behavior"/>
                <valenceUnit GF="Ext" PT="NP" FE="Behavior"/>
                <annoSet ID="1434767"/>
            </pattern>
        </FEGroupRealization>
        <FEGroupRealization total="1">
            <FE name="Affected_party"/>
            <FE name="Behavior"/>
            <FE name="Degree"/>
            <pattern total="1">
                <valenceUnit GF="Dep" PT="PP[to]" FE="Affected_party"/>
                <valenceUnit GF="Ext" PT="NP" FE="Behavior"/>
                <valenceUnit GF="Dep" PT="PP[in]" FE="Degree"/>
                <annoSet ID="1434775"/>
            </pattern>
        </FEGroupRealization>
        <FEGroupRealization total="1">
            <FE name="Affected_party"/>
            <FE name="Degree"/>
            <FE name="Evaluee"/>
            <pattern total="1">
                <valenceUnit GF="Dep" PT="PP[to]" FE="Affected_party"/>
                <valenceUnit GF="Dep" PT="AVP" FE="Degree"/>
                <valenceUnit GF="Ext" PT="NP" FE="Evaluee"/>
                <annoSet ID="1434757"/>
            </pattern>
        </FEGroupRealization>
        <FEGroupRealization total="4">
            <FE name="Behavior"/>
            <pattern total="1">
                <valenceUnit GF="Ext" PT="NP" FE="Behavior"/>
                <annoSet ID="1434779"/>
            </pattern>
            <pattern total="3">
                <valenceUnit GF="Dep" PT="VPto" FE="Behavior"/>
                <annoSet ID="1434763"/>
                <annoSet ID="1434785"/>
                <annoSet ID="1434793"/>
            </pattern>
        </FEGroupRealization>
        <FEGroupRealization total="1">
            <FE name="Behavior"/>
            <FE name="Degree"/>
            <FE name="Evaluee"/>
            <pattern total="1">
                <valenceUnit GF="Dep" PT="VPto" FE="Behavior"/>
                <valenceUnit GF="Dep" PT="AVP" FE="Degree"/>
                <valenceUnit GF="Dep" PT="PP[of]" FE="Evaluee"/>
                <annoSet ID="1434769"/>
            </pattern>
        </FEGroupRealization>
        <FEGroupRealization total="1">
            <FE name="Behavior"/>
            <FE name="Evaluee"/>
            <pattern total="1">
                <valenceUnit GF="Ext" PT="NP" FE="Behavior"/>
                <valenceUnit GF="Dep" PT="PP[of]" FE="Evaluee"/>
                <annoSet ID="1434761"/>
            </pattern>
        </FEGroupRealization>
    </valences>
    <subCorpus name="A-001-all">
        <sentence sentNo="0" aPos="4177876" ID="991074">
            <text>Female respondents also complained that men drive too fast and are often very discourteous to others . </text>
            <annotationSet cDate="01/07/2003 10:11:43 PST Tue" status="UNANN" ID="1434756">
                <layer rank="1" name="BNC">
                    <label end="5" start="0" name="AJ0"/>
                    <label end="17" start="7" name="NN2"/>
                    <label end="22" start="19" name="AV0"/>
                    <label end="33" start="24" name="VVD-VVN"/>
                    <label end="38" start="35" name="CJT-DT0"/>
                    <label end="42" start="40" name="NN2"/>
                    <label end="48" start="44" name="VVB"/>
                    <label end="52" start="50" name="AV0"/>
                    <label end="57" start="54" name="AJ0-AV0"/>
                    <label end="61" start="59" name="CJC"/>
                    <label end="65" start="63" name="VBB"/>
                    <label end="71" start="67" name="AV0"/>
                    <label end="76" start="73" name="AV0"/>
                    <label end="89" start="78" name="AJ0"/>
                    <label end="92" start="91" name="PRP"/>
                    <label end="99" start="94" name="NN2"/>
                    <label end="101" start="101" name="PUN"/>
                </layer>
                <layer rank="1" name="NER"/>
                <layer rank="1" name="WSL"/>
            </annotationSet>
            <annotationSet cDate="01/07/2003 10:11:43 PST Tue" status="MANUAL" ID="1434757">
                <layer rank="1" name="FE">
                    <label cBy="RLG" feID="3336" end="42" start="40" name="Evaluee"/>
                    <label cBy="RLG" feID="3339" end="76" start="73" name="Degree"/>
                    <label cBy="RLG" feID="3337" end="99" start="91" name="Affected_party"/>
                </layer>
                <layer rank="1" name="GF">
                    <label end="42" start="40" name="Ext"/>
                    <label end="76" start="73" name="Dep"/>
                    <label end="99" start="91" name="Dep"/>
                </layer>
                <layer rank="1" name="PT">
                    <label end="42" start="40" name="NP"/>
                    <label end="76" start="73" name="AVP"/>
                    <label end="99" start="91" name="PP"/>
                </layer>
                <layer rank="1" name="Sent"/>
                <layer rank="1" name="Other"/>
                <layer rank="1" name="Target">
                    <label cBy="BoC" end="89" start="78" name="Target"/>
                </layer>
                <layer rank="1" name="Adj">
                    <label end="65" start="63" name="Cop"/>
                </layer>
            </annotationSet>
        </sentence>
        <sentence sentNo="0" aPos="21480435" ID="991076">
            <text>` Yet this is discourteous of me , &quot; he said , ` when you have saved me from a ` messy end &quot; . </text>
            <annotationSet cDate="01/07/2003 10:11:43 PST Tue" status="UNANN" ID="1434760">
                <layer rank="1" name="BNC">
                    <label end="0" start="0" name="PUQ"/>
                    <label end="4" start="2" name="AV0"/>
                    <label end="9" start="6" name="DT0"/>
                    <label end="12" start="11" name="VBZ"/>
                    <label end="25" start="14" name="AJ0"/>
                    <label end="28" start="27" name="PRF"/>
                    <label end="31" start="30" name="PNP"/>
                    <label end="33" start="33" name="PUN"/>
                    <label end="35" start="35" name="PUQ"/>
                    <label end="38" start="37" name="PNP"/>
                    <label end="43" start="40" name="VVD"/>
                    <label end="45" start="45" name="PUN"/>
                    <label end="47" start="47" name="PUQ"/>
                    <label end="52" start="49" name="AVQ-CJS"/>
                    <label end="56" start="54" name="PNP"/>
                    <label end="61" start="58" name="VHB"/>
                    <label end="67" start="63" name="VVN"/>
                    <label end="70" start="69" name="PNP"/>
                    <label end="75" start="72" name="PRP"/>
                    <label end="77" start="77" name="AT0"/>
                    <label end="79" start="79" name="PUQ"/>
                    <label end="85" start="81" name="AJ0"/>
                    <label end="89" start="87" name="NN1"/>
                    <label end="91" start="91" name="PUQ"/>
                    <label end="93" start="93" name="PUN"/>
                </layer>
                <layer rank="1" name="NER"/>
                <layer rank="1" name="WSL"/>
            </annotationSet>
            <annotationSet cDate="01/07/2003 10:11:43 PST Tue" status="MANUAL" ID="1434761">
                <layer rank="1" name="FE">
                    <label cBy="RLG" feID="3338" end="9" start="6" name="Behavior"/>
                    <label cBy="RLG" feID="3336" end="31" start="27" name="Evaluee"/>
                </layer>
                <layer rank="1" name="GF">
                    <label end="9" start="6" name="Ext"/>
                    <label end="31" start="27" name="Dep"/>
                </layer>
                <layer rank="1" name="PT">
                    <label end="9" start="6" name="NP"/>
                    <label end="31" start="27" name="PP"/>
                </layer>
                <layer rank="1" name="Sent"/>
                <layer rank="1" name="Other"/>
                <layer rank="1" name="Target">
                    <label cBy="BoC" end="25" start="14" name="Target"/>
                </layer>
                <layer rank="1" name="Adj">
                    <label end="12" start="11" name="Cop"/>
                </layer>
            </annotationSet>
        </sentence>
        <sentence sentNo="0" aPos="29808487" ID="991077">
            <text>But it would be discourteous to say so , and he merely smiled with his full lips , in the way he was presently to smile at Dinah Asshe herself , after they had played and sung . </text>
            <annotationSet cDate="01/07/2003 10:11:43 PST Tue" status="UNANN" ID="1434762">
                <layer rank="1" name="BNC">
                    <label end="2" start="0" name="CJC"/>
                    <label end="5" start="4" name="PNP"/>
                    <label end="11" start="7" name="VM0"/>
                    <label end="14" start="13" name="VBI"/>
                    <label end="27" start="16" name="AJ0"/>
                    <label end="30" start="29" name="TO0"/>
                    <label end="34" start="32" name="VVI"/>
                    <label end="37" start="36" name="AV0"/>
                    <label end="39" start="39" name="PUN"/>
                    <label end="43" start="41" name="CJC"/>
                    <label end="46" start="45" name="PNP"/>
                    <label end="53" start="48" name="AV0"/>
                    <label end="60" start="55" name="VVD-VVN"/>
                    <label end="65" start="62" name="PRP"/>
                    <label end="69" start="67" name="DPS"/>
                    <label end="74" start="71" name="AJ0"/>
                    <label end="79" start="76" name="NN2"/>
                    <label end="81" start="81" name="PUN"/>
                    <label end="84" start="83" name="PRP"/>
                    <label end="88" start="86" name="AT0"/>
                    <label end="92" start="90" name="NN1"/>
                    <label end="95" start="94" name="PNP"/>
                    <label end="99" start="97" name="VBD"/>
                    <label end="109" start="101" name="AV0"/>
                    <label end="112" start="111" name="TO0"/>
                    <label end="118" start="114" name="VVI"/>
                    <label end="121" start="120" name="PRP"/>
                    <label end="127" start="123" name="NP0"/>
                    <label end="133" start="129" name="NP0"/>
                    <label end="141" start="135" name="PNX"/>
                    <label end="143" start="143" name="PUN"/>
                    <label end="149" start="145" name="CJS"/>
                    <label end="154" start="151" name="PNP"/>
                    <label end="158" start="156" name="VHD"/>
                    <label end="165" start="160" name="VVN"/>
                    <label end="169" start="167" name="CJC"/>
                    <label end="174" start="171" name="VVN"/>
                    <label end="176" start="176" name="PUN"/>
                </layer>
                <layer rank="1" name="NER"/>
                <layer rank="1" name="WSL"/>
            </annotationSet>
            <annotationSet cDate="01/07/2003 10:11:43 PST Tue" status="MANUAL" ID="1434763">
                <layer rank="1" name="FE">
                    <label cBy="RLG" feID="3338" end="37" start="29" name="Behavior"/>
                </layer>
                <layer rank="1" name="GF">
                    <label end="37" start="29" name="Dep"/>
                </layer>
                <layer rank="1" name="PT">
                    <label end="37" start="29" name="VPto"/>
                </layer>
                <layer rank="1" name="Sent"/>
                <layer rank="1" name="Other">
                    <label end="5" start="4" name="Null"/>
                </layer>
                <layer rank="1" name="Target">
                    <label cBy="BoC" end="27" start="16" name="Target"/>
                </layer>
                <layer rank="1" name="Adj">
                    <label end="14" start="13" name="Cop"/>
                </layer>
            </annotationSet>
        </sentence>
        <sentence sentNo="0" aPos="32603186" ID="991079">
            <text>` It was a move which was discourteous to the House and an abuse of the procedures of the House . &quot; </text>
            <annotationSet cDate="01/07/2003 10:11:44 PST Tue" status="UNANN" ID="1434766">
                <layer rank="1" name="BNC">
                    <label end="0" start="0" name="PUQ"/>
                    <label end="3" start="2" name="PNP"/>
                    <label end="7" start="5" name="VBD"/>
                    <label end="9" start="9" name="AT0"/>
                    <label end="14" start="11" name="NN1"/>
                    <label end="20" start="16" name="DTQ"/>
                    <label end="24" start="22" name="VBD"/>
                    <label end="37" start="26" name="AJ0"/>
                    <label end="40" start="39" name="PRP"/>
                    <label end="44" start="42" name="AT0"/>
                    <label end="50" start="46" name="NN1"/>
                    <label end="54" start="52" name="CJC"/>
                    <label end="57" start="56" name="AT0"/>
                    <label end="63" start="59" name="NN1"/>
                    <label end="66" start="65" name="PRF"/>
                    <label end="70" start="68" name="AT0"/>
                    <label end="81" start="72" name="NN2"/>
                    <label end="84" start="83" name="PRF"/>
                    <label end="88" start="86" name="AT0"/>
                    <label end="94" start="90" name="NN1"/>
                    <label end="96" start="96" name="PUN"/>
                    <label end="98" start="98" name="PUQ"/>
                </layer>
                <layer rank="1" name="NER"/>
                <layer rank="1" name="WSL"/>
            </annotationSet>
            <annotationSet cDate="01/07/2003 10:11:44 PST Tue" status="MANUAL" ID="1434767">
                <layer rank="1" name="FE">
                    <label cBy="RLG" feID="3338" end="14" start="9" name="Behavior"/>
                    <label cBy="RLG" feID="3337" end="50" start="39" name="Affected_party"/>
                    <label cBy="Hay" feID="3338" end="20" start="16" name="Behavior"/>
                </layer>
                <layer rank="1" name="GF">
                    <label end="14" start="9" name="Ext"/>
                    <label end="50" start="39" name="Dep"/>
                    <label end="20" start="16" name="Ext"/>
                </layer>
                <layer rank="1" name="PT">
                    <label end="14" start="9" name="NP"/>
                    <label end="50" start="39" name="PP"/>
                    <label end="20" start="16" name="NP"/>
                </layer>
                <layer rank="1" name="Sent"/>
                <layer rank="1" name="Other">
                    <label end="14" start="9" name="Ant"/>
                    <label end="20" start="16" name="Rel"/>
                </layer>
                <layer rank="1" name="Target">
                    <label cBy="BoC" end="37" start="26" name="Target"/>
                </layer>
                <layer rank="1" name="Adj">
                    <label end="24" start="22" name="Cop"/>
                </layer>
            </annotationSet>
        </sentence>
        <sentence sentNo="0" aPos="38370019" ID="991080">
            <text>It was most discourteous of a senior officer in an allied NATO service to enter the country unannounced . </text>
            <annotationSet cDate="01/07/2003 10:11:44 PST Tue" status="UNANN" ID="1434768">
                <layer rank="1" name="BNC">
                    <label end="1" start="0" name="PNP"/>
                    <label end="5" start="3" name="VBD"/>
                    <label end="10" start="7" name="AV0"/>
                    <label end="23" start="12" name="AJ0"/>
                    <label end="26" start="25" name="PRF"/>
                    <label end="28" start="28" name="AT0"/>
                    <label end="35" start="30" name="AJ0"/>
                    <label end="43" start="37" name="NN1"/>
                    <label end="46" start="45" name="PRP"/>
                    <label end="49" start="48" name="AT0"/>
                    <label end="56" start="51" name="AJ0"/>
                    <label end="61" start="58" name="NN1"/>
                    <label end="69" start="63" name="NN1-VVB"/>
                    <label end="72" start="71" name="TO0"/>
                    <label end="78" start="74" name="VVI"/>
                    <label end="82" start="80" name="AT0"/>
                    <label end="90" start="84" name="NN1"/>
                    <label end="102" start="92" name="AJ0"/>
                    <label end="104" start="104" name="PUN"/>
                </layer>
                <layer rank="1" name="NER"/>
                <layer rank="1" name="WSL"/>
            </annotationSet>
            <annotationSet cDate="01/07/2003 10:11:44 PST Tue" status="MANUAL" ID="1434769">
                <layer rank="1" name="FE">
                    <label cBy="RLG" feID="3339" end="10" start="7" name="Degree"/>
                    <label cBy="RLG" feID="3336" end="69" start="25" name="Evaluee"/>
                    <label cBy="RLG" feID="3338" end="102" start="71" name="Behavior"/>
                </layer>
                <layer rank="1" name="GF">
                    <label end="10" start="7" name="Dep"/>
                    <label end="69" start="25" name="Dep"/>
                    <label end="102" start="71" name="Dep"/>
                </layer>
                <layer rank="1" name="PT">
                    <label end="10" start="7" name="AVP"/>
                    <label end="69" start="25" name="PP"/>
                    <label end="102" start="71" name="VPto"/>
                </layer>
                <layer rank="1" name="Sent"/>
                <layer rank="1" name="Other">
                    <label end="1" start="0" name="Null"/>
                </layer>
                <layer rank="1" name="Target">
                    <label cBy="BoC" end="23" start="12" name="Target"/>
                </layer>
                <layer rank="1" name="Adj">
                    <label end="5" start="3" name="Cop"/>
                </layer>
            </annotationSet>
        </sentence>
        <sentence sentNo="0" aPos="57955951" ID="991083">
            <text>My inclination was to decline , but as that would have been discourteous in the extreme to Wilson , for whom I then had enormous respect , I agreed to see him . </text>
            <annotationSet cDate="01/07/2003 10:11:44 PST Tue" status="UNANN" ID="1434774">
                <layer rank="1" name="BNC">
                    <label end="1" start="0" name="DPS"/>
                    <label end="13" start="3" name="NN1"/>
                    <label end="17" start="15" name="VBD"/>
                    <label end="20" start="19" name="TO0"/>
                    <label end="28" start="22" name="VVI"/>
                    <label end="30" start="30" name="PUN"/>
                    <label end="34" start="32" name="CJC"/>
                    <label end="37" start="36" name="CJS"/>
                    <label end="42" start="39" name="CJT-DT0"/>
                    <label end="48" start="44" name="VM0"/>
                    <label end="53" start="50" name="VHI"/>
                    <label end="58" start="55" name="VBN"/>
                    <label end="71" start="60" name="AJ0"/>
                    <label end="74" start="73" name="PRP"/>
                    <label end="78" start="76" name="AT0"/>
                    <label end="86" start="80" name="AJ0-NN1"/>
                    <label end="89" start="88" name="PRP"/>
                    <label end="96" start="91" name="NP0"/>
                    <label end="98" start="98" name="PUN"/>
                    <label end="102" start="100" name="PRP"/>
                    <label end="107" start="104" name="PNQ"/>
                    <label end="109" start="109" name="PNP"/>
                    <label end="114" start="111" name="AV0"/>
                    <label end="118" start="116" name="VHN"/>
                    <label end="127" start="120" name="AJ0"/>
                    <label end="135" start="129" name="NN1"/>
                    <label end="137" start="137" name="PUN"/>
                    <label end="139" start="139" name="PNP"/>
                    <label end="146" start="141" name="VVD"/>
                    <label end="149" start="148" name="TO0"/>
                    <label end="153" start="151" name="VVI"/>
                    <label end="157" start="155" name="PNP"/>
                    <label end="159" start="159" name="PUN"/>
                </layer>
                <layer rank="1" name="NER"/>
                <layer rank="1" name="WSL"/>
            </annotationSet>
            <annotationSet cDate="01/07/2003 10:11:44 PST Tue" status="MANUAL" ID="1434775">
                <layer rank="1" name="FE">
                    <label cBy="RLG" feID="3338" end="42" start="39" name="Behavior"/>
                    <label cBy="RLG" feID="3339" end="86" start="73" name="Degree"/>
                    <label cBy="RLG" feID="3337" end="137" start="88" name="Affected_party"/>
                </layer>
                <layer rank="1" name="GF">
                    <label end="42" start="39" name="Ext"/>
                    <label end="86" start="73" name="Dep"/>
                    <label end="137" start="88" name="Dep"/>
                </layer>
                <layer rank="1" name="PT">
                    <label end="42" start="39" name="NP"/>
                    <label end="86" start="73" name="PP"/>
                    <label end="137" start="88" name="PP"/>
                </layer>
                <layer rank="1" name="Sent"/>
                <layer rank="1" name="Other"/>
                <layer rank="1" name="Target">
                    <label cBy="BoC" end="71" start="60" name="Target"/>
                </layer>
                <layer rank="1" name="Adj">
                    <label end="58" start="55" name="Cop"/>
                </layer>
            </annotationSet>
        </sentence>
        <sentence sentNo="0" aPos="64277404" ID="991085">
            <text>Usually Artai behaved like a fractious child , his temper uncertain , his demeanour abrupt and discourteous . </text>
            <annotationSet cDate="01/07/2003 10:11:44 PST Tue" status="UNANN" ID="1434778">
                <layer rank="1" name="BNC">
                    <label end="6" start="0" name="AV0"/>
                    <label end="12" start="8" name="NP0"/>
                    <label end="20" start="14" name="VVD"/>
                    <label end="25" start="22" name="PRP"/>
                    <label end="27" start="27" name="AT0"/>
                    <label end="37" start="29" name="AJ0"/>
                    <label end="43" start="39" name="NN1"/>
                    <label end="45" start="45" name="PUN"/>
                    <label end="49" start="47" name="DPS"/>
                    <label end="56" start="51" name="NN1-VVB"/>
                    <label end="66" start="58" name="AJ0"/>
                    <label end="68" start="68" name="PUN"/>
                    <label end="72" start="70" name="DPS"/>
                    <label end="82" start="74" name="NN1-VVB"/>
                    <label end="89" start="84" name="AJ0"/>
                    <label end="93" start="91" name="CJC"/>
                    <label end="106" start="95" name="AJ0"/>
                    <label end="108" start="108" name="PUN"/>
                </layer>
                <layer rank="1" name="NER"/>
                <layer rank="1" name="WSL"/>
            </annotationSet>
            <annotationSet cDate="01/07/2003 10:11:44 PST Tue" status="MANUAL" ID="1434779">
                <layer rank="1" name="FE">
                    <label cBy="RLG" feID="3338" end="82" start="70" name="Behavior"/>
                </layer>
                <layer rank="1" name="GF">
                    <label end="82" start="70" name="Ext"/>
                </layer>
                <layer rank="1" name="PT">
                    <label end="82" start="70" name="NP"/>
                </layer>
                <layer rank="1" name="Sent"/>
                <layer rank="1" name="Other"/>
                <layer rank="1" name="Target">
                    <label cBy="BoC" end="106" start="95" name="Target"/>
                </layer>
                <layer rank="1" name="Adj"/>
            </annotationSet>
        </sentence>
        <sentence sentNo="0" aPos="76937111" ID="991088">
            <text>` I suppose I ought to have made more enquiries when I was inviting him -- I mean , it would seem discourteous to ignore her , if she exists . </text>
            <annotationSet cDate="01/07/2003 10:11:45 PST Tue" status="UNANN" ID="1434784">
                <layer rank="1" name="BNC">
                    <label end="0" start="0" name="PUQ"/>
                    <label end="2" start="2" name="PNP"/>
                    <label end="10" start="4" name="VVB"/>
                    <label end="12" start="12" name="PNP"/>
                    <label end="18" start="14" name="VM0"/>
                    <label end="21" start="20" name="TO0"/>
                    <label end="26" start="23" name="VHI"/>
                    <label end="31" start="28" name="VVN"/>
                    <label end="36" start="33" name="DT0"/>
                    <label end="46" start="38" name="NN2"/>
                    <label end="51" start="48" name="AVQ-CJS"/>
                    <label end="53" start="53" name="PNP"/>
                    <label end="57" start="55" name="VBD"/>
                    <label end="66" start="59" name="VVG"/>
                    <label end="70" start="68" name="PNP"/>
                    <label end="73" start="72" name="PUN"/>
                    <label end="75" start="75" name="PNP"/>
                    <label end="80" start="77" name="VVB"/>
                    <label end="82" start="82" name="PUN"/>
                    <label end="85" start="84" name="PNP"/>
                    <label end="91" start="87" name="VM0"/>
                    <label end="96" start="93" name="VVI"/>
                    <label end="109" start="98" name="AJ0"/>
                    <label end="112" start="111" name="TO0"/>
                    <label end="119" start="114" name="VVI"/>
                    <label end="123" start="121" name="PNP"/>
                    <label end="125" start="125" name="PUN"/>
                    <label end="128" start="127" name="CJS"/>
                    <label end="132" start="130" name="PNP"/>
                    <label end="139" start="134" name="VVZ"/>
                    <label end="141" start="141" name="PUN"/>
                </layer>
                <layer rank="1" name="NER"/>
                <layer rank="1" name="WSL"/>
            </annotationSet>
            <annotationSet cDate="01/07/2003 10:11:45 PST Tue" status="MANUAL" ID="1434785">
                <layer rank="1" name="FE">
                    <label cBy="RLG" feID="3338" end="123" start="111" name="Behavior"/>
                </layer>
                <layer rank="1" name="GF">
                    <label end="123" start="111" name="Dep"/>
                </layer>
                <layer rank="1" name="PT">
                    <label end="123" start="111" name="VPto"/>
                </layer>
                <layer rank="1" name="Sent"/>
                <layer rank="1" name="Other">
                    <label end="85" start="84" name="Null"/>
                </layer>
                <layer rank="1" name="Target">
                    <label cBy="BoC" end="109" start="98" name="Target"/>
                </layer>
                <layer rank="1" name="Adj">
                    <label end="96" start="93" name="Cop"/>
                </layer>
            </annotationSet>
        </sentence>
        <sentence sentNo="0" aPos="101424782" ID="991092">
            <text>` As you 've gone to so much trouble , it would seem discourteous to refuse , &quot; Ashley said . </text>
            <annotationSet cDate="01/07/2003 10:11:45 PST Tue" status="UNANN" ID="1434792">
                <layer rank="1" name="BNC">
                    <label end="0" start="0" name="PUQ"/>
                    <label end="3" start="2" name="CJS"/>
                    <label end="7" start="5" name="PNP"/>
                    <label end="11" start="9" name="VHB"/>
                    <label end="16" start="13" name="VVN"/>
                    <label end="19" start="18" name="PRP"/>
                    <label end="22" start="21" name="AV0"/>
                    <label end="27" start="24" name="DT0"/>
                    <label end="35" start="29" name="NN1"/>
                    <label end="37" start="37" name="PUN"/>
                    <label end="40" start="39" name="PNP"/>
                    <label end="46" start="42" name="VM0"/>
                    <label end="51" start="48" name="VVI"/>
                    <label end="64" start="53" name="AJ0"/>
                    <label end="67" start="66" name="TO0"/>
                    <label end="74" start="69" name="VVI"/>
                    <label end="76" start="76" name="PUN"/>
                    <label end="78" start="78" name="PUQ"/>
                    <label end="85" start="80" name="NP0"/>
                    <label end="90" start="87" name="VVD"/>
                    <label end="92" start="92" name="PUN"/>
                </layer>
                <layer rank="1" name="NER"/>
                <layer rank="1" name="WSL"/>
            </annotationSet>
            <annotationSet cDate="01/07/2003 10:11:46 PST Tue" status="MANUAL" ID="1434793">
                <layer rank="1" name="FE">
                    <label cBy="RLG" feID="3338" end="74" start="66" name="Behavior"/>
                </layer>
                <layer rank="1" name="GF">
                    <label end="74" start="66" name="Dep"/>
                </layer>
                <layer rank="1" name="PT">
                    <label end="74" start="66" name="VPto"/>
                </layer>
                <layer rank="1" name="Sent"/>
                <layer rank="1" name="Other">
                    <label end="40" start="39" name="Null"/>
                </layer>
                <layer rank="1" name="Target">
                    <label cBy="BoC" end="64" start="53" name="Target"/>
                </layer>
                <layer rank="1" name="Adj">
                    <label end="51" start="48" name="Cop"/>
                </layer>
            </annotationSet>
        </sentence>
    </subCorpus>
</lexUnit>