<?xml version="1.0" encoding="UTF-8" standalone="yes"?>
<?xml-stylesheet type="text/xsl" href="lexUnit.xsl"?>
<lexUnit status="Created" POS="V" name="arouse.v" ID="6743" frame="Cause_to_start" frameID="381" totalAnnotated="1" xsi:schemaLocation="../schema/lexUnit.xsd" xmlns="http://framenet.icsi.berkeley.edu" xmlns:xsi="http://www.w3.org/2001/XMLSchema-instance">
    <header>
        <corpus description="American National Corpus Texts" name="ANC" ID="195">
            <document description="Berlitz History of Jerusalem" name="HistoryOfJerusalem" ID="23647"/>
        </corpus>
        <frame>
            <FE fgColor="FFFFFF" bgColor="FF0000" type="Core" abbrev="Cause" name="Cause"/>
            <FE fgColor="FFFFFF" bgColor="7CCD73" type="Extra-Thematic" abbrev="Cir" name="Circumstances"/>
            <FE fgColor="FFFFFF" bgColor="9F79EE" type="Extra-Thematic" abbrev="Co-t" name="Co-timed_event"/>
            <FE fgColor="000000" bgColor="EEE8AA" type="Extra-Thematic" abbrev="Cf" name="Communicative_force"/>
            <FE fgColor="000000" bgColor="00BFFF" type="Extra-Thematic" abbrev="Ses" name="Concessive"/>
            <FE fgColor="FFFFFF" bgColor="808080" type="Extra-Thematic" abbrev="Con" name="Containing_event"/>
            <FE fgColor="FF0000" bgColor="FFD700" type="Extra-Thematic" abbrev="Dep" name="Depictive"/>
            <FE fgColor="FFFFFF" bgColor="0000FF" type="Core" abbrev="Effect" name="Effect"/>
            <FE fgColor="006400" bgColor="A9A9A9" type="Extra-Thematic" abbrev="Eve" name="Event_description"/>
            <FE fgColor="FFFFFF" bgColor="00008B" type="Extra-Thematic" abbrev="Exp" name="Explanation"/>
            <FE fgColor="FFFFFF" bgColor="FF00FF" type="Peripheral" abbrev="Man" name="Manner"/>
            <FE fgColor="FFFFFF" bgColor="A52A2A" type="Peripheral" abbrev="Mns" name="Means"/>
            <FE fgColor="000000" bgColor="2E8B57" type="Peripheral" abbrev="Med" name="Medium"/>
            <FE fgColor="00008B" bgColor="FFFF00" type="Extra-Thematic" abbrev="New" name="New_situation"/>
            <FE fgColor="000000" bgColor="FF69B4" type="Extra-Thematic" abbrev="Par" name="Particular_iteration"/>
            <FE fgColor="FFFFFF" bgColor="008000" type="Peripheral" abbrev="Place" name="Place"/>
            <FE fgColor="FFFFFF" bgColor="800080" type="Extra-Thematic" abbrev="Pur" name="Purpose"/>
            <FE fgColor="FFFFFF" bgColor="FFA500" type="Peripheral" abbrev="Tim" name="Time"/>
        </frame>
    </header>
    <definition>COD: evoke (a feeling or response). </definition>
    <lexeme POS="V" name="arouse"/>
    <valences>
        <FERealization total="1">
            <FE name="Cause"/>
            <pattern total="1">
                <valenceUnit GF="Ext" PT="NP" FE="Cause"/>
                <annoSet ID="6538865"/>
            </pattern>
        </FERealization>
        <FERealization total="1">
            <FE name="Effect"/>
            <pattern total="1">
                <valenceUnit GF="Obj" PT="NP" FE="Effect"/>
                <annoSet ID="6538865"/>
            </pattern>
        </FERealization>
        <FEGroupRealization total="1">
            <FE name="Cause"/>
            <FE name="Effect"/>
            <pattern total="1">
                <valenceUnit GF="Ext" PT="NP" FE="Cause"/>
                <valenceUnit GF="Obj" PT="NP" FE="Effect"/>
                <annoSet ID="6538865"/>
            </pattern>
        </FEGroupRealization>
    </valences>
    <subCorpus name="manually-added">
        <sentence corpID="195" docID="23647" sentNo="6" paragNo="7" aPos="0" ID="4100336">
            <text>The Bible tells us that the cruelty and impiety of the rulers of both kingdoms aroused the fury of the great Prophets .</text>
            <annotationSet cDate="09/29/2006 11:00:30 PDT Fri" status="UNANN" ID="6538416">
                <layer rank="1" name="PENN">
                    <label end="2" start="0" name="dt"/>
                    <label end="8" start="4" name="NP"/>
                    <label end="14" start="10" name="VVZ"/>
                    <label end="17" start="16" name="PP"/>
                    <label end="22" start="19" name="in"/>
                    <label end="26" start="24" name="dt"/>
                    <label end="34" start="28" name="nn"/>
                    <label end="38" start="36" name="cc"/>
                    <label end="46" start="40" name="nn"/>
                    <label end="49" start="48" name="in"/>
                    <label end="53" start="51" name="dt"/>
                    <label end="60" start="55" name="nns"/>
                    <label end="63" start="62" name="in"/>
                    <label end="68" start="65" name="dt"/>
                    <label end="77" start="70" name="nns"/>
                    <label end="85" start="79" name="VVD"/>
                    <label end="89" start="87" name="dt"/>
                    <label end="94" start="91" name="nn"/>
                    <label end="97" start="96" name="in"/>
                    <label end="101" start="99" name="dt"/>
                    <label end="107" start="103" name="jj"/>
                    <label end="116" start="109" name="nns"/>
                    <label end="118" start="118" name="sent"/>
                </layer>
                <layer rank="1" name="NER">
                    <label end="8" start="4" name="organization"/>
                </layer>
                <layer rank="1" name="WSL">
                    <label end="2" start="0" name="NT"/>
                    <label end="8" start="4" name="NT"/>
                    <label end="17" start="16" name="NT"/>
                    <label end="22" start="19" name="NT"/>
                    <label end="26" start="24" name="NT"/>
                    <label end="38" start="36" name="NT"/>
                    <label end="49" start="48" name="NT"/>
                    <label end="53" start="51" name="NT"/>
                    <label end="68" start="65" name="NT"/>
                    <label end="89" start="87" name="NT"/>
                    <label end="97" start="96" name="NT"/>
                    <label end="101" start="99" name="NT"/>
                    <label end="118" start="118" name="NT"/>
                    <label end="63" start="62" name="NT"/>
                </layer>
            </annotationSet>
            <annotationSet cDate="10/16/2006 05:27:08 PDT Mon" status="MANUAL" ID="6538865">
                <layer rank="1" name="Target">
                    <label cBy="KmG" end="85" start="79" name="Target"/>
                </layer>
                <layer rank="1" name="FE">
                    <label cBy="KmG" feID="3400" end="77" start="55" name="Cause"/>
                    <label cBy="KmG" feID="3402" end="116" start="87" name="Effect"/>
                </layer>
                <layer rank="1" name="GF">
                    <label end="77" start="55" name="Ext"/>
                    <label end="116" start="87" name="Obj"/>
                </layer>
                <layer rank="1" name="PT">
                    <label end="77" start="55" name="NP"/>
                    <label end="116" start="87" name="NP"/>
                </layer>
                <layer rank="1" name="Other"/>
                <layer rank="1" name="Sent"/>
                <layer rank="1" name="Verb"/>
            </annotationSet>
        </sentence>
    </subCorpus>
</lexUnit>