<?xml version="1.0" encoding="UTF-8" standalone="yes"?>
<?xml-stylesheet type="text/xsl" href="lexUnit.xsl"?>
<lexUnit status="Finished_Initial" POS="A" name="rattled.a" ID="6941" frame="Emotion_directed" frameID="46" totalAnnotated="4" xsi:schemaLocation="../schema/lexUnit.xsd" xmlns="http://framenet.icsi.berkeley.edu" xmlns:xsi="http://www.w3.org/2001/XMLSchema-instance">
    <header>
        <frame>
            <FE fgColor="FFFFFF" bgColor="00BFFF" type="Extra-Thematic" abbrev="cir" name="Circumstances"/>
            <FE fgColor="FFFFFF" bgColor="FF69B4" type="Peripheral" abbrev="Degr" name="Degree"/>
            <FE fgColor="FFFFFF" bgColor="0000FF" type="Extra-Thematic" abbrev="ET" name="Empathy_target"/>
            <FE fgColor="FFFFFF" bgColor="A52A2A" type="Core" abbrev="Event" name="Event"/>
            <FE fgColor="FFFFFF" bgColor="800080" type="Core" abbrev="Exp" name="Experiencer"/>
            <FE fgColor="FFFFFF" bgColor="00008B" type="Extra-Thematic" abbrev="Exp" name="Explanation"/>
            <FE fgColor="FFFFFF" bgColor="008000" type="Core" abbrev="Exr" name="Expressor"/>
            <FE fgColor="000000" bgColor="7FFF00" type="Extra-Thematic" abbrev="" name="Frequency"/>
            <FE fgColor="FFFFFF" bgColor="FF00FF" type="Peripheral" abbrev="" name="Manner"/>
            <FE fgColor="FFFFFF" bgColor="2E8B57" type="Peripheral" abbrev="" name="Parameter"/>
            <FE fgColor="FFFFFF" bgColor="9F79EE" type="Core" abbrev="State" name="State"/>
            <FE fgColor="FFFFFF" bgColor="FF0000" type="Core" abbrev="Stim" name="Stimulus"/>
            <FE fgColor="FFFFFF" bgColor="FFA500" type="Core" abbrev="Top" name="Topic"/>
        </frame>
    </header>
    <definition>FN: worried, nervous or irritated</definition>
    <lexeme POS="A" name="rattled"/>
    <valences>
        <governor type="Ctrlr" lemma="get">
            <annoSet ID="1541695"/>
        </governor>
        <FERealization total="4">
            <FE name="Experiencer"/>
            <pattern total="2">
                <valenceUnit GF="Head" PT="N" FE="Experiencer"/>
                <annoSet ID="1541693"/>
                <annoSet ID="1541713"/>
            </pattern>
            <pattern total="2">
                <valenceUnit GF="Ext" PT="NP" FE="Experiencer"/>
                <annoSet ID="1541695"/>
                <annoSet ID="1541707"/>
            </pattern>
        </FERealization>
        <FEGroupRealization total="4">
            <FE name="Experiencer"/>
            <pattern total="2">
                <valenceUnit GF="Head" PT="N" FE="Experiencer"/>
                <annoSet ID="1541693"/>
                <annoSet ID="1541713"/>
            </pattern>
            <pattern total="2">
                <valenceUnit GF="Ext" PT="NP" FE="Experiencer"/>
                <annoSet ID="1541695"/>
                <annoSet ID="1541707"/>
            </pattern>
        </FEGroupRealization>
    </valences>
    <subCorpus name="A-001-all">
        <sentence sentNo="0" aPos="34435932" ID="1045099">
            <text>What a contrast with the rattled and untrustworthy gamblers at Number 10 and Number 11 Downing Street . </text>
            <annotationSet cDate="01/08/2003 12:13:37 PST Wed" status="UNANN" ID="1541692">
                <layer rank="1" name="BNC">
                    <label end="3" start="0" name="DTQ"/>
                    <label end="5" start="5" name="AT0"/>
                    <label end="14" start="7" name="NN1"/>
                    <label end="19" start="16" name="PRP"/>
                    <label end="23" start="21" name="AT0"/>
                    <label end="31" start="25" name="AJ0"/>
                    <label end="35" start="33" name="CJC"/>
                    <label end="49" start="37" name="AJ0"/>
                    <label end="58" start="51" name="NN2"/>
                    <label end="61" start="60" name="PRP"/>
                    <label end="68" start="63" name="NN1"/>
                    <label end="71" start="70" name="CRD"/>
                    <label end="75" start="73" name="CJC"/>
                    <label end="82" start="77" name="NN1"/>
                    <label end="85" start="84" name="CRD"/>
                    <label end="93" start="87" name="NP0"/>
                    <label end="100" start="95" name="NP0"/>
                    <label end="102" start="102" name="PUN"/>
                </layer>
                <layer rank="1" name="NER"/>
                <layer rank="1" name="WSL"/>
            </annotationSet>
            <annotationSet cDate="01/08/2003 12:13:37 PST Wed" status="MANUAL" ID="1541693">
                <layer rank="1" name="FE">
                    <label cBy="Sns" feID="194" end="100" start="51" name="Experiencer"/>
                </layer>
                <layer rank="1" name="GF">
                    <label end="100" start="51" name="Head"/>
                </layer>
                <layer rank="1" name="PT">
                    <label end="100" start="51" name="N"/>
                </layer>
                <layer rank="1" name="Sent"/>
                <layer rank="1" name="Other"/>
                <layer rank="1" name="Target">
                    <label cBy="BoC" end="31" start="25" name="Target"/>
                </layer>
                <layer rank="1" name="Adj"/>
            </annotationSet>
        </sentence>
        <sentence sentNo="0" aPos="55795396" ID="1045100">
            <text>&quot; Dear God , &quot; he said , beginning to get rattled . </text>
            <annotationSet cDate="01/08/2003 12:13:37 PST Wed" status="UNANN" ID="1541694">
                <layer rank="1" name="BNC">
                    <label end="0" start="0" name="PUQ"/>
                    <label end="5" start="2" name="ITJ"/>
                    <label end="9" start="7" name="NN1-NP0"/>
                    <label end="11" start="11" name="PUN"/>
                    <label end="13" start="13" name="PUQ"/>
                    <label end="16" start="15" name="PNP"/>
                    <label end="21" start="18" name="VVD"/>
                    <label end="23" start="23" name="PUN"/>
                    <label end="33" start="25" name="VVG"/>
                    <label end="36" start="35" name="TO0"/>
                    <label end="40" start="38" name="VVI"/>
                    <label end="48" start="42" name="AJ0"/>
                    <label end="50" start="50" name="PUN"/>
                </layer>
                <layer rank="1" name="NER"/>
                <layer rank="1" name="WSL"/>
            </annotationSet>
            <annotationSet cDate="01/08/2003 12:13:37 PST Wed" status="MANUAL" ID="1541695">
                <layer rank="1" name="FE">
                    <label cBy="Sns" feID="194" end="16" start="15" name="Experiencer"/>
                </layer>
                <layer rank="1" name="GF">
                    <label end="16" start="15" name="Ext"/>
                </layer>
                <layer rank="1" name="PT">
                    <label end="16" start="15" name="NP"/>
                </layer>
                <layer rank="1" name="Sent"/>
                <layer rank="1" name="Other"/>
                <layer rank="1" name="Target">
                    <label cBy="BoC" end="48" start="42" name="Target"/>
                </layer>
                <layer rank="1" name="Adj">
                    <label end="40" start="38" name="Ctrlr"/>
                </layer>
            </annotationSet>
        </sentence>
        <sentence sentNo="0" aPos="88645595" ID="1045106">
            <text>You could n't simply ignore the fact that he had sentenced you to death , but it was important to let him know that you were n't rattled . </text>
            <annotationSet cDate="01/08/2003 12:13:38 PST Wed" status="UNANN" ID="1541706">
                <layer rank="1" name="BNC">
                    <label end="2" start="0" name="PNP"/>
                    <label end="8" start="4" name="VM0"/>
                    <label end="12" start="10" name="XX0"/>
                    <label end="19" start="14" name="AV0"/>
                    <label end="26" start="21" name="VVI"/>
                    <label end="30" start="28" name="AT0"/>
                    <label end="35" start="32" name="NN1"/>
                    <label end="40" start="37" name="CJT"/>
                    <label end="43" start="42" name="PNP"/>
                    <label end="47" start="45" name="VHD"/>
                    <label end="57" start="49" name="VVN"/>
                    <label end="61" start="59" name="PNP"/>
                    <label end="64" start="63" name="PRP"/>
                    <label end="70" start="66" name="NN1"/>
                    <label end="72" start="72" name="PUN"/>
                    <label end="76" start="74" name="CJC"/>
                    <label end="79" start="78" name="PNP"/>
                    <label end="83" start="81" name="VBD"/>
                    <label end="93" start="85" name="AJ0"/>
                    <label end="96" start="95" name="TO0"/>
                    <label end="100" start="98" name="VVI"/>
                    <label end="104" start="102" name="PNP"/>
                    <label end="109" start="106" name="VVI"/>
                    <label end="114" start="111" name="CJT"/>
                    <label end="118" start="116" name="PNP"/>
                    <label end="123" start="120" name="VBD"/>
                    <label end="127" start="125" name="XX0"/>
                    <label end="135" start="129" name="AJ0-VVN"/>
                    <label end="137" start="137" name="PUN"/>
                </layer>
                <layer rank="1" name="NER"/>
                <layer rank="1" name="WSL"/>
            </annotationSet>
            <annotationSet cDate="01/08/2003 12:13:38 PST Wed" status="MANUAL" ID="1541707">
                <layer rank="1" name="FE">
                    <label cBy="Sns" feID="194" end="118" start="116" name="Experiencer"/>
                </layer>
                <layer rank="1" name="GF">
                    <label end="118" start="116" name="Ext"/>
                </layer>
                <layer rank="1" name="PT">
                    <label end="118" start="116" name="NP"/>
                </layer>
                <layer rank="1" name="Sent"/>
                <layer rank="1" name="Other"/>
                <layer rank="1" name="Target">
                    <label cBy="BoC" end="135" start="129" name="Target"/>
                </layer>
                <layer rank="1" name="Adj">
                    <label end="123" start="120" name="Cop"/>
                </layer>
            </annotationSet>
        </sentence>
        <sentence sentNo="0" aPos="108451911" ID="1045109">
            <text>There is a clear lesson there for a beleagured John Major and a rattled Tory government . </text>
            <annotationSet cDate="01/08/2003 12:13:38 PST Wed" status="UNANN" ID="1541712">
                <layer rank="1" name="BNC">
                    <label end="4" start="0" name="EX0"/>
                    <label end="7" start="6" name="VBZ"/>
                    <label end="9" start="9" name="AT0"/>
                    <label end="15" start="11" name="AJ0"/>
                    <label end="22" start="17" name="NN1"/>
                    <label end="28" start="24" name="AV0"/>
                    <label end="32" start="30" name="PRP"/>
                    <label end="34" start="34" name="AT0"/>
                    <label end="45" start="36" name="AJ0"/>
                    <label end="50" start="47" name="NP0"/>
                    <label end="56" start="52" name="NP0"/>
                    <label end="60" start="58" name="CJC"/>
                    <label end="62" start="62" name="AT0"/>
                    <label end="70" start="64" name="AJ0"/>
                    <label end="75" start="72" name="AJ0"/>
                    <label end="86" start="77" name="NN0"/>
                    <label end="88" start="88" name="PUN"/>
                </layer>
                <layer rank="1" name="NER"/>
                <layer rank="1" name="WSL"/>
            </annotationSet>
            <annotationSet cDate="01/08/2003 12:13:38 PST Wed" status="MANUAL" ID="1541713">
                <layer rank="1" name="FE">
                    <label cBy="Sns" feID="194" end="86" start="72" name="Experiencer"/>
                </layer>
                <layer rank="1" name="GF">
                    <label end="86" start="72" name="Head"/>
                </layer>
                <layer rank="1" name="PT">
                    <label end="86" start="72" name="N"/>
                </layer>
                <layer rank="1" name="Sent"/>
                <layer rank="1" name="Other"/>
                <layer rank="1" name="Target">
                    <label cBy="BoC" end="70" start="64" name="Target"/>
                </layer>
                <layer rank="1" name="Adj"/>
            </annotationSet>
        </sentence>
    </subCorpus>
</lexUnit>