<?xml version="1.0" encoding="UTF-8" standalone="yes"?>
<?xml-stylesheet type="text/xsl" href="lexUnit.xsl"?>
<lexUnit status="Finished_Initial" POS="A" name="splattered.a" ID="6987" frame="Abounding_with" frameID="262" totalAnnotated="10" xsi:schemaLocation="../schema/lexUnit.xsd" xmlns="http://framenet.icsi.berkeley.edu" xmlns:xsi="http://www.w3.org/2001/XMLSchema-instance">
    <header>
        <frame>
            <FE fgColor="FFFFFF" bgColor="A52A2A" type="Peripheral" abbrev="Degr" name="Degree"/>
            <FE fgColor="FFFFFF" bgColor="90876C" type="Extra-Thematic" abbrev="Dep" name="Depictive"/>
            <FE fgColor="FFFFFF" bgColor="008000" type="Core" abbrev="Loc" name="Location"/>
            <FE fgColor="FFFFFF" bgColor="FF0000" type="Core" abbrev="Thm" name="Theme"/>
            <FE fgColor="FFFF00" bgColor="FFA500" type="Peripheral" abbrev="" name="Time"/>
        </frame>
    </header>
    <definition>FN: covered with a sticky or viscous liquid.</definition>
    <lexeme POS="A" name="splattered"/>
    <valences>
        <governor type="Ctrlr" lemma="become">
            <annoSet ID="1549974"/>
        </governor>
        <FERealization total="10">
            <FE name="Location"/>
            <pattern total="10">
                <valenceUnit GF="Ext" PT="NP" FE="Location"/>
                <annoSet ID="1549974"/>
                <annoSet ID="1549976"/>
                <annoSet ID="1549984"/>
                <annoSet ID="1549986"/>
                <annoSet ID="1549988"/>
                <annoSet ID="1549998"/>
                <annoSet ID="1550012"/>
                <annoSet ID="1550020"/>
                <annoSet ID="1550028"/>
                <annoSet ID="1550046"/>
            </pattern>
        </FERealization>
        <FERealization total="9">
            <FE name="Theme"/>
            <pattern total="8">
                <valenceUnit GF="Dep" PT="PP[with]" FE="Theme"/>
                <annoSet ID="1549974"/>
                <annoSet ID="1549976"/>
                <annoSet ID="1549986"/>
                <annoSet ID="1549988"/>
                <annoSet ID="1549998"/>
                <annoSet ID="1550012"/>
                <annoSet ID="1550020"/>
                <annoSet ID="1550028"/>
            </pattern>
            <pattern total="1">
                <valenceUnit GF="Dep" PT="PP[in]" FE="Theme"/>
                <annoSet ID="1550046"/>
            </pattern>
        </FERealization>
        <FEGroupRealization total="1">
            <FE name="Location"/>
            <pattern total="1">
                <valenceUnit GF="Ext" PT="NP" FE="Location"/>
                <annoSet ID="1549984"/>
            </pattern>
        </FEGroupRealization>
        <FEGroupRealization total="1">
            <FE name="Location"/>
            <FE name="Location"/>
            <FE name="Theme"/>
            <pattern total="1">
                <valenceUnit GF="Ext" PT="NP" FE="Location"/>
                <valenceUnit GF="Ext" PT="NP" FE="Location"/>
                <valenceUnit GF="Dep" PT="PP[with]" FE="Theme"/>
                <annoSet ID="1550020"/>
            </pattern>
        </FEGroupRealization>
        <FEGroupRealization total="8">
            <FE name="Location"/>
            <FE name="Theme"/>
            <pattern total="1">
                <valenceUnit GF="Ext" PT="NP" FE="Location"/>
                <valenceUnit GF="Dep" PT="PP[in]" FE="Theme"/>
                <annoSet ID="1550046"/>
            </pattern>
            <pattern total="7">
                <valenceUnit GF="Ext" PT="NP" FE="Location"/>
                <valenceUnit GF="Dep" PT="PP[with]" FE="Theme"/>
                <annoSet ID="1549974"/>
                <annoSet ID="1549976"/>
                <annoSet ID="1549986"/>
                <annoSet ID="1549988"/>
                <annoSet ID="1549998"/>
                <annoSet ID="1550012"/>
                <annoSet ID="1550028"/>
            </pattern>
        </FEGroupRealization>
    </valences>
    <subCorpus name="A-001-all">
        <sentence sentNo="0" aPos="13841606" ID="1049264">
            <text>The man 's white coat becomes splattered with blood . </text>
            <annotationSet cDate="01/08/2003 12:23:03 PST Wed" status="UNANN" ID="1549973">
                <layer rank="1" name="BNC">
                    <label end="2" start="0" name="AT0"/>
                    <label end="6" start="4" name="NN1"/>
                    <label end="9" start="8" name="POS"/>
                    <label end="15" start="11" name="AJ0"/>
                    <label end="20" start="17" name="NN1"/>
                    <label end="28" start="22" name="VVZ"/>
                    <label end="39" start="30" name="VVD-VVN"/>
                    <label end="44" start="41" name="PRP"/>
                    <label end="50" start="46" name="NN1"/>
                    <label end="52" start="52" name="PUN"/>
                </layer>
                <layer rank="1" name="NER"/>
                <layer rank="1" name="WSL"/>
            </annotationSet>
            <annotationSet cDate="01/08/2003 12:23:03 PST Wed" status="MANUAL" ID="1549974">
                <layer rank="1" name="FE">
                    <label cBy="Sns" feID="2261" end="20" start="0" name="Location"/>
                    <label cBy="Sns" feID="2260" end="50" start="41" name="Theme"/>
                </layer>
                <layer rank="1" name="GF">
                    <label end="20" start="0" name="Ext"/>
                    <label end="50" start="41" name="Dep"/>
                </layer>
                <layer rank="1" name="PT">
                    <label end="20" start="0" name="NP"/>
                    <label end="50" start="41" name="PP"/>
                </layer>
                <layer rank="1" name="Sent"/>
                <layer rank="1" name="Other"/>
                <layer rank="1" name="Target">
                    <label cBy="BoC" end="39" start="30" name="Target"/>
                </layer>
                <layer rank="1" name="Adj">
                    <label end="28" start="22" name="Ctrlr"/>
                </layer>
            </annotationSet>
        </sentence>
        <sentence sentNo="0" aPos="20720647" ID="1049265">
            <text>Other witnesses corroborated this evidence , and mentioned that the bedroom where Esther Dyson slept in the house she shared with her brother was splattered with blood . </text>
            <annotationSet cDate="01/08/2003 12:23:03 PST Wed" status="UNANN" ID="1549975">
                <layer rank="1" name="BNC">
                    <label end="4" start="0" name="AJ0"/>
                    <label end="14" start="6" name="NN2"/>
                    <label end="27" start="16" name="VVD"/>
                    <label end="32" start="29" name="DT0"/>
                    <label end="41" start="34" name="NN1"/>
                    <label end="43" start="43" name="PUN"/>
                    <label end="47" start="45" name="CJC"/>
                    <label end="57" start="49" name="VVD-VVN"/>
                    <label end="62" start="59" name="CJT"/>
                    <label end="66" start="64" name="AT0"/>
                    <label end="74" start="68" name="NN1"/>
                    <label end="80" start="76" name="AVQ-CJS"/>
                    <label end="87" start="82" name="NP0"/>
                    <label end="93" start="89" name="NP0"/>
                    <label end="99" start="95" name="VVD"/>
                    <label end="102" start="101" name="PRP"/>
                    <label end="106" start="104" name="AT0"/>
                    <label end="112" start="108" name="NN1"/>
                    <label end="116" start="114" name="PNP"/>
                    <label end="123" start="118" name="VVD"/>
                    <label end="128" start="125" name="PRP"/>
                    <label end="132" start="130" name="DPS"/>
                    <label end="140" start="134" name="NN1"/>
                    <label end="144" start="142" name="VBD"/>
                    <label end="155" start="146" name="VVN"/>
                    <label end="160" start="157" name="PRP"/>
                    <label end="166" start="162" name="NN1"/>
                    <label end="168" start="168" name="PUN"/>
                </layer>
                <layer rank="1" name="NER"/>
                <layer rank="1" name="WSL"/>
            </annotationSet>
            <annotationSet cDate="01/08/2003 12:23:04 PST Wed" status="MANUAL" ID="1549976">
                <layer rank="1" name="FE">
                    <label cBy="Sns" feID="2261" end="140" start="64" name="Location"/>
                    <label cBy="Sns" feID="2260" end="166" start="157" name="Theme"/>
                </layer>
                <layer rank="1" name="GF">
                    <label end="140" start="64" name="Ext"/>
                    <label end="166" start="157" name="Dep"/>
                </layer>
                <layer rank="1" name="PT">
                    <label end="140" start="64" name="NP"/>
                    <label end="166" start="157" name="PP"/>
                </layer>
                <layer rank="1" name="Sent"/>
                <layer rank="1" name="Other"/>
                <layer rank="1" name="Target">
                    <label cBy="BoC" end="155" start="146" name="Target"/>
                </layer>
                <layer rank="1" name="Adj">
                    <label end="144" start="142" name="Cop"/>
                </layer>
            </annotationSet>
        </sentence>
        <sentence sentNo="0" aPos="27445407" ID="1049269">
            <text>Everywhere the white sides of the van and its tailgate were splattered . </text>
            <annotationSet cDate="01/08/2003 12:23:04 PST Wed" status="UNANN" ID="1549983">
                <layer rank="1" name="BNC">
                    <label end="9" start="0" name="AV0"/>
                    <label end="13" start="11" name="AT0"/>
                    <label end="19" start="15" name="AJ0"/>
                    <label end="25" start="21" name="NN2"/>
                    <label end="28" start="27" name="PRF"/>
                    <label end="32" start="30" name="AT0"/>
                    <label end="36" start="34" name="NN1"/>
                    <label end="40" start="38" name="CJC"/>
                    <label end="44" start="42" name="DPS"/>
                    <label end="53" start="46" name="NN1"/>
                    <label end="58" start="55" name="VBD"/>
                    <label end="69" start="60" name="VVN"/>
                    <label end="71" start="71" name="PUN"/>
                </layer>
                <layer rank="1" name="NER"/>
                <layer rank="1" name="WSL"/>
            </annotationSet>
            <annotationSet cDate="01/08/2003 12:23:04 PST Wed" status="MANUAL" ID="1549984">
                <layer rank="1" name="FE">
                    <label cBy="Sns" feID="2261" end="53" start="11" name="Location"/>
                </layer>
                <layer rank="1" name="GF">
                    <label end="53" start="11" name="Ext"/>
                </layer>
                <layer rank="1" name="PT">
                    <label end="53" start="11" name="NP"/>
                </layer>
                <layer rank="1" name="Sent"/>
                <layer rank="1" name="Other"/>
                <layer rank="1" name="Target">
                    <label cBy="BoC" end="69" start="60" name="Target"/>
                </layer>
                <layer rank="1" name="Adj">
                    <label end="58" start="55" name="Cop"/>
                </layer>
            </annotationSet>
        </sentence>
        <sentence sentNo="0" aPos="27505781" ID="1049270">
            <text>Her jaw and cheekbone were broken , and her room at The Green residential home in Redruth , Cornwall , was splattered with blood . </text>
            <annotationSet cDate="01/08/2003 12:23:04 PST Wed" status="UNANN" ID="1549985">
                <layer rank="1" name="BNC">
                    <label end="2" start="0" name="DPS"/>
                    <label end="6" start="4" name="NN1-VVB"/>
                    <label end="10" start="8" name="CJC"/>
                    <label end="20" start="12" name="NN1"/>
                    <label end="25" start="22" name="VBD"/>
                    <label end="32" start="27" name="VVN"/>
                    <label end="34" start="34" name="PUN"/>
                    <label end="38" start="36" name="CJC"/>
                    <label end="42" start="40" name="DPS"/>
                    <label end="47" start="44" name="NN1"/>
                    <label end="50" start="49" name="PRP"/>
                    <label end="54" start="52" name="AT0"/>
                    <label end="60" start="56" name="AJ0"/>
                    <label end="72" start="62" name="AJ0"/>
                    <label end="77" start="74" name="NN1"/>
                    <label end="80" start="79" name="PRP"/>
                    <label end="88" start="82" name="NP0"/>
                    <label end="90" start="90" name="PUN"/>
                    <label end="99" start="92" name="NP0"/>
                    <label end="101" start="101" name="PUN"/>
                    <label end="105" start="103" name="VBD"/>
                    <label end="116" start="107" name="VVN"/>
                    <label end="121" start="118" name="PRP"/>
                    <label end="127" start="123" name="NN1"/>
                    <label end="129" start="129" name="PUN"/>
                </layer>
                <layer rank="1" name="NER"/>
                <layer rank="1" name="WSL"/>
            </annotationSet>
            <annotationSet cDate="01/08/2003 12:23:04 PST Wed" status="MANUAL" ID="1549986">
                <layer rank="1" name="FE">
                    <label cBy="Sns" feID="2261" end="99" start="40" name="Location"/>
                    <label cBy="Sns" feID="2260" end="127" start="118" name="Theme"/>
                </layer>
                <layer rank="1" name="GF">
                    <label end="99" start="40" name="Ext"/>
                    <label end="127" start="118" name="Dep"/>
                </layer>
                <layer rank="1" name="PT">
                    <label end="99" start="40" name="NP"/>
                    <label end="127" start="118" name="PP"/>
                </layer>
                <layer rank="1" name="Sent"/>
                <layer rank="1" name="Other"/>
                <layer rank="1" name="Target">
                    <label cBy="BoC" end="116" start="107" name="Target"/>
                </layer>
                <layer rank="1" name="Adj">
                    <label end="105" start="103" name="Cop"/>
                </layer>
            </annotationSet>
        </sentence>
        <sentence sentNo="0" aPos="31293430" ID="1049271">
            <text>Its wheels and the lower half of the body were splattered with mud . </text>
            <annotationSet cDate="01/08/2003 12:23:04 PST Wed" status="UNANN" ID="1549987">
                <layer rank="1" name="BNC">
                    <label end="2" start="0" name="DPS"/>
                    <label end="9" start="4" name="NN2"/>
                    <label end="13" start="11" name="CJC"/>
                    <label end="17" start="15" name="AT0"/>
                    <label end="23" start="19" name="AJC"/>
                    <label end="28" start="25" name="NN0"/>
                    <label end="31" start="30" name="PRF"/>
                    <label end="35" start="33" name="AT0"/>
                    <label end="40" start="37" name="NN1"/>
                    <label end="45" start="42" name="VBD"/>
                    <label end="56" start="47" name="VVN"/>
                    <label end="61" start="58" name="PRP"/>
                    <label end="65" start="63" name="NN1"/>
                    <label end="67" start="67" name="PUN"/>
                </layer>
                <layer rank="1" name="NER"/>
                <layer rank="1" name="WSL"/>
            </annotationSet>
            <annotationSet cDate="01/08/2003 12:23:04 PST Wed" status="MANUAL" ID="1549988">
                <layer rank="1" name="FE">
                    <label cBy="Sns" feID="2261" end="40" start="0" name="Location"/>
                    <label cBy="Sns" feID="2260" end="65" start="58" name="Theme"/>
                </layer>
                <layer rank="1" name="GF">
                    <label end="40" start="0" name="Ext"/>
                    <label end="65" start="58" name="Dep"/>
                </layer>
                <layer rank="1" name="PT">
                    <label end="40" start="0" name="NP"/>
                    <label end="65" start="58" name="PP"/>
                </layer>
                <layer rank="1" name="Sent"/>
                <layer rank="1" name="Other"/>
                <layer rank="1" name="Target">
                    <label cBy="BoC" end="56" start="47" name="Target"/>
                </layer>
                <layer rank="1" name="Adj">
                    <label end="45" start="42" name="Cop"/>
                </layer>
            </annotationSet>
        </sentence>
        <sentence sentNo="0" aPos="36958231" ID="1049276">
            <text>Lais 's long blonde hair tumbled across her face and Peach , splattered with her sister 's blood , brushed it back softly . </text>
            <annotationSet cDate="01/08/2003 12:23:05 PST Wed" status="UNANN" ID="1549997">
                <layer rank="1" name="BNC">
                    <label end="3" start="0" name="NP0"/>
                    <label end="6" start="5" name="POS"/>
                    <label end="11" start="8" name="AJ0-AV0"/>
                    <label end="18" start="13" name="AJ0"/>
                    <label end="23" start="20" name="NN1"/>
                    <label end="31" start="25" name="VVD-VVN"/>
                    <label end="38" start="33" name="PRP"/>
                    <label end="42" start="40" name="DPS"/>
                    <label end="47" start="44" name="NN1"/>
                    <label end="51" start="49" name="CJC"/>
                    <label end="57" start="53" name="NN1-NP0"/>
                    <label end="59" start="59" name="PUN"/>
                    <label end="70" start="61" name="VVD-VVN"/>
                    <label end="75" start="72" name="PRP"/>
                    <label end="79" start="77" name="DPS"/>
                    <label end="86" start="81" name="NN1"/>
                    <label end="89" start="88" name="POS"/>
                    <label end="95" start="91" name="NN1"/>
                    <label end="97" start="97" name="PUN"/>
                    <label end="105" start="99" name="VVD"/>
                    <label end="108" start="107" name="PNP"/>
                    <label end="113" start="110" name="AVP"/>
                    <label end="120" start="115" name="AV0"/>
                    <label end="122" start="122" name="PUN"/>
                </layer>
                <layer rank="1" name="NER"/>
                <layer rank="1" name="WSL"/>
            </annotationSet>
            <annotationSet cDate="01/08/2003 12:23:05 PST Wed" status="MANUAL" ID="1549998">
                <layer rank="1" name="FE">
                    <label cBy="Sns" feID="2261" end="57" start="53" name="Location"/>
                    <label cBy="Sns" feID="2260" end="95" start="72" name="Theme"/>
                </layer>
                <layer rank="1" name="GF">
                    <label end="57" start="53" name="Ext"/>
                    <label end="95" start="72" name="Dep"/>
                </layer>
                <layer rank="1" name="PT">
                    <label end="57" start="53" name="NP"/>
                    <label end="95" start="72" name="PP"/>
                </layer>
                <layer rank="1" name="Sent"/>
                <layer rank="1" name="Other"/>
                <layer rank="1" name="Target">
                    <label cBy="BoC" end="70" start="61" name="Target"/>
                </layer>
                <layer rank="1" name="Adj"/>
            </annotationSet>
        </sentence>
        <sentence sentNo="0" aPos="64196966" ID="1049283">
            <text>The windscreen was splattered with spittle which had dribbled down the glass and dried . </text>
            <annotationSet cDate="01/08/2003 12:23:05 PST Wed" status="UNANN" ID="1550011">
                <layer rank="1" name="BNC">
                    <label end="2" start="0" name="AT0"/>
                    <label end="13" start="4" name="NN1"/>
                    <label end="17" start="15" name="VBD"/>
                    <label end="28" start="19" name="VVN"/>
                    <label end="33" start="30" name="PRP"/>
                    <label end="41" start="35" name="NN1"/>
                    <label end="47" start="43" name="DTQ"/>
                    <label end="51" start="49" name="VHD"/>
                    <label end="60" start="53" name="VVN"/>
                    <label end="65" start="62" name="AVP-PRP"/>
                    <label end="69" start="67" name="AT0"/>
                    <label end="75" start="71" name="NN1"/>
                    <label end="79" start="77" name="CJC"/>
                    <label end="85" start="81" name="VVD"/>
                    <label end="87" start="87" name="PUN"/>
                </layer>
                <layer rank="1" name="NER"/>
                <layer rank="1" name="WSL"/>
            </annotationSet>
            <annotationSet cDate="01/08/2003 12:23:06 PST Wed" status="MANUAL" ID="1550012">
                <layer rank="1" name="FE">
                    <label cBy="Sns" feID="2261" end="13" start="0" name="Location"/>
                    <label cBy="Sns" feID="2260" end="41" start="30" name="Theme"/>
                </layer>
                <layer rank="1" name="GF">
                    <label end="13" start="0" name="Ext"/>
                    <label end="41" start="30" name="Dep"/>
                </layer>
                <layer rank="1" name="PT">
                    <label end="13" start="0" name="NP"/>
                    <label end="41" start="30" name="PP"/>
                </layer>
                <layer rank="1" name="Sent"/>
                <layer rank="1" name="Other"/>
                <layer rank="1" name="Target">
                    <label cBy="BoC" end="28" start="19" name="Target"/>
                </layer>
                <layer rank="1" name="Adj">
                    <label end="17" start="15" name="Cop"/>
                </layer>
            </annotationSet>
        </sentence>
        <sentence sentNo="0" aPos="66543089" ID="1049287">
            <text>As he came nearer I could see that he was wearing a velveteen suit which was full of holes and splattered with wet clay . </text>
            <annotationSet cDate="01/08/2003 12:23:06 PST Wed" status="UNANN" ID="1550019">
                <layer rank="1" name="BNC">
                    <label end="1" start="0" name="CJS"/>
                    <label end="4" start="3" name="PNP"/>
                    <label end="9" start="6" name="VVD"/>
                    <label end="16" start="11" name="AV0"/>
                    <label end="18" start="18" name="PNP"/>
                    <label end="24" start="20" name="VM0"/>
                    <label end="28" start="26" name="VVI"/>
                    <label end="33" start="30" name="CJT"/>
                    <label end="36" start="35" name="PNP"/>
                    <label end="40" start="38" name="VBD"/>
                    <label end="48" start="42" name="VVG"/>
                    <label end="50" start="50" name="AT0"/>
                    <label end="60" start="52" name="NN1"/>
                    <label end="65" start="62" name="NN1"/>
                    <label end="71" start="67" name="DTQ"/>
                    <label end="75" start="73" name="VBD"/>
                    <label end="80" start="77" name="AJ0"/>
                    <label end="83" start="82" name="PRF"/>
                    <label end="89" start="85" name="NN2"/>
                    <label end="93" start="91" name="CJC"/>
                    <label end="104" start="95" name="VVD-VVN"/>
                    <label end="109" start="106" name="PRP"/>
                    <label end="113" start="111" name="AJ0"/>
                    <label end="118" start="115" name="NN1"/>
                    <label end="120" start="120" name="PUN"/>
                </layer>
                <layer rank="1" name="NER"/>
                <layer rank="1" name="WSL"/>
            </annotationSet>
            <annotationSet cDate="01/08/2003 12:23:06 PST Wed" status="MANUAL" ID="1550020">
                <layer rank="1" name="FE">
                    <label cBy="Sns" feID="2261" end="65" start="50" name="Location"/>
                    <label cBy="Sns" feID="2260" end="118" start="106" name="Theme"/>
                    <label cBy="Hay" feID="2261" end="71" start="67" name="Location"/>
                </layer>
                <layer rank="1" name="GF">
                    <label end="65" start="50" name="Ext"/>
                    <label end="118" start="106" name="Dep"/>
                    <label end="71" start="67" name="Ext"/>
                </layer>
                <layer rank="1" name="PT">
                    <label end="65" start="50" name="NP"/>
                    <label end="118" start="106" name="PP"/>
                    <label end="71" start="67" name="NP"/>
                </layer>
                <layer rank="1" name="Sent"/>
                <layer rank="1" name="Other">
                    <label end="65" start="50" name="Ant"/>
                    <label end="71" start="67" name="Rel"/>
                </layer>
                <layer rank="1" name="Target">
                    <label cBy="BoC" end="104" start="95" name="Target"/>
                </layer>
                <layer rank="1" name="Adj">
                    <label end="75" start="73" name="Cop"/>
                </layer>
            </annotationSet>
        </sentence>
        <sentence sentNo="0" aPos="75797744" ID="1049291">
            <text>He looked down at the tablecloths splattered with grease and wine , the platters now cleared . </text>
            <annotationSet cDate="01/08/2003 12:23:06 PST Wed" status="UNANN" ID="1550027">
                <layer rank="1" name="BNC">
                    <label end="1" start="0" name="PNP"/>
                    <label end="8" start="3" name="VVD"/>
                    <label end="13" start="10" name="AVP"/>
                    <label end="16" start="15" name="PRP"/>
                    <label end="20" start="18" name="AT0"/>
                    <label end="32" start="22" name="NN2"/>
                    <label end="43" start="34" name="VVD-VVN"/>
                    <label end="48" start="45" name="PRP"/>
                    <label end="55" start="50" name="NN1"/>
                    <label end="59" start="57" name="CJC"/>
                    <label end="64" start="61" name="NN1"/>
                    <label end="66" start="66" name="PUN"/>
                    <label end="70" start="68" name="AT0"/>
                    <label end="79" start="72" name="NN2"/>
                    <label end="83" start="81" name="AV0"/>
                    <label end="91" start="85" name="VVD-VVN"/>
                    <label end="93" start="93" name="PUN"/>
                </layer>
                <layer rank="1" name="NER"/>
                <layer rank="1" name="WSL"/>
            </annotationSet>
            <annotationSet cDate="01/08/2003 12:23:06 PST Wed" status="MANUAL" ID="1550028">
                <layer rank="1" name="FE">
                    <label cBy="Sns" feID="2261" end="32" start="18" name="Location"/>
                    <label cBy="Sns" feID="2260" end="64" start="45" name="Theme"/>
                </layer>
                <layer rank="1" name="GF">
                    <label end="32" start="18" name="Ext"/>
                    <label end="64" start="45" name="Dep"/>
                </layer>
                <layer rank="1" name="PT">
                    <label end="32" start="18" name="NP"/>
                    <label end="64" start="45" name="PP"/>
                </layer>
                <layer rank="1" name="Sent"/>
                <layer rank="1" name="Other"/>
                <layer rank="1" name="Target">
                    <label cBy="BoC" end="43" start="34" name="Target"/>
                </layer>
                <layer rank="1" name="Adj"/>
            </annotationSet>
        </sentence>
        <sentence sentNo="0" aPos="92738804" ID="1049300">
            <text>Without exception they were splattered in paint as if they 'd gone in for action art . </text>
            <annotationSet cDate="01/08/2003 12:23:08 PST Wed" status="UNANN" ID="1550045">
                <layer rank="1" name="BNC">
                    <label end="6" start="0" name="PRP"/>
                    <label end="16" start="8" name="NN1"/>
                    <label end="21" start="18" name="PNP"/>
                    <label end="26" start="23" name="VBD"/>
                    <label end="37" start="28" name="VVN"/>
                    <label end="40" start="39" name="PRP"/>
                    <label end="46" start="42" name="NN1"/>
                    <label end="49" start="48" name="CJS"/>
                    <label end="52" start="51" name="CJS"/>
                    <label end="57" start="54" name="PNP"/>
                    <label end="60" start="59" name="VHD"/>
                    <label end="65" start="62" name="VVN"/>
                    <label end="68" start="67" name="AVP"/>
                    <label end="72" start="70" name="PRP"/>
                    <label end="79" start="74" name="NN1"/>
                    <label end="83" start="81" name="NN1"/>
                    <label end="85" start="85" name="PUN"/>
                </layer>
                <layer rank="1" name="NER"/>
                <layer rank="1" name="WSL"/>
            </annotationSet>
            <annotationSet cDate="01/08/2003 12:23:08 PST Wed" status="MANUAL" ID="1550046">
                <layer rank="1" name="FE">
                    <label cBy="Sns" feID="2261" end="21" start="18" name="Location"/>
                    <label cBy="Sns" feID="2260" end="46" start="39" name="Theme"/>
                </layer>
                <layer rank="1" name="GF">
                    <label end="21" start="18" name="Ext"/>
                    <label end="46" start="39" name="Dep"/>
                </layer>
                <layer rank="1" name="PT">
                    <label end="21" start="18" name="NP"/>
                    <label end="46" start="39" name="PP"/>
                </layer>
                <layer rank="1" name="Sent"/>
                <layer rank="1" name="Other"/>
                <layer rank="1" name="Target">
                    <label cBy="BoC" end="37" start="28" name="Target"/>
                </layer>
                <layer rank="1" name="Adj">
                    <label end="26" start="23" name="Cop"/>
                </layer>
            </annotationSet>
        </sentence>
    </subCorpus>
</lexUnit>