<?xml version="1.0" encoding="UTF-8" standalone="yes"?>
<?xml-stylesheet type="text/xsl" href="lexUnit.xsl"?>
<lexUnit status="Insufficient_Attestations" POS="A" name="drizzled.a" ID="6967" frame="Abounding_with" frameID="262" totalAnnotated="3" xsi:schemaLocation="../schema/lexUnit.xsd" xmlns="http://framenet.icsi.berkeley.edu" xmlns:xsi="http://www.w3.org/2001/XMLSchema-instance">
    <header>
        <corpus description="LDC Newswire corpus from AP" name="AP" ID="113">
            <document description="apwsE980213.0672" name="apwsE980213.0672" ID="4366"/>
            <document description="apwsE951204.0389" name="apwsE951204.0389" ID="10048"/>
        </corpus>
        <frame>
            <FE fgColor="FFFFFF" bgColor="A52A2A" type="Peripheral" abbrev="Degr" name="Degree"/>
            <FE fgColor="FFFFFF" bgColor="90876C" type="Extra-Thematic" abbrev="Dep" name="Depictive"/>
            <FE fgColor="FFFFFF" bgColor="008000" type="Core" abbrev="Loc" name="Location"/>
            <FE fgColor="FFFFFF" bgColor="FF0000" type="Core" abbrev="Thm" name="Theme"/>
            <FE fgColor="FFFF00" bgColor="FFA500" type="Peripheral" abbrev="" name="Time"/>
        </frame>
    </header>
    <definition>FN: having been covered by trickling a thin stream of liquid</definition>
    <lexeme POS="A" name="drizzled"/>
    <valences>
        <FERealization total="3">
            <FE name="Location"/>
            <pattern total="3">
                <valenceUnit GF="Ext" PT="NP" FE="Location"/>
                <annoSet ID="1546855"/>
                <annoSet ID="2075047"/>
                <annoSet ID="2075051"/>
            </pattern>
        </FERealization>
        <FERealization total="3">
            <FE name="Theme"/>
            <pattern total="3">
                <valenceUnit GF="Dep" PT="PP[with]" FE="Theme"/>
                <annoSet ID="1546855"/>
                <annoSet ID="2075047"/>
                <annoSet ID="2075051"/>
            </pattern>
        </FERealization>
        <FEGroupRealization total="3">
            <FE name="Location"/>
            <FE name="Theme"/>
            <pattern total="3">
                <valenceUnit GF="Ext" PT="NP" FE="Location"/>
                <valenceUnit GF="Dep" PT="PP[with]" FE="Theme"/>
                <annoSet ID="1546855"/>
                <annoSet ID="2075047"/>
                <annoSet ID="2075051"/>
            </pattern>
        </FEGroupRealization>
    </valences>
    <subCorpus name="A-001-all">
        <sentence sentNo="0" aPos="66338837" ID="1047680">
            <text>To serve : decorate top with raspberries brushed with redcurrant jelly and drizzled with chocolate . </text>
            <annotationSet cDate="01/08/2003 12:19:33 PST Wed" status="UNANN" ID="1546854">
                <layer rank="1" name="BNC">
                    <label end="1" start="0" name="TO0"/>
                    <label end="7" start="3" name="VVI"/>
                    <label end="9" start="9" name="PUN"/>
                    <label end="18" start="11" name="AJ0"/>
                    <label end="22" start="20" name="NN1"/>
                    <label end="27" start="24" name="PRP"/>
                    <label end="39" start="29" name="NN2"/>
                    <label end="47" start="41" name="VVD-VVN"/>
                    <label end="52" start="49" name="PRP"/>
                    <label end="63" start="54" name="AJ0"/>
                    <label end="69" start="65" name="NN1"/>
                    <label end="73" start="71" name="CJC"/>
                    <label end="82" start="75" name="VVD-VVN"/>
                    <label end="87" start="84" name="PRP"/>
                    <label end="97" start="89" name="NN1"/>
                    <label end="99" start="99" name="PUN"/>
                </layer>
                <layer rank="1" name="NER"/>
                <layer rank="1" name="WSL"/>
            </annotationSet>
            <annotationSet cDate="01/08/2003 12:19:33 PST Wed" status="MANUAL" ID="1546855">
                <layer rank="1" name="FE">
                    <label cBy="gGK" feID="2261" end="39" start="29" name="Location"/>
                    <label cBy="gGK" feID="2260" end="97" start="84" name="Theme"/>
                </layer>
                <layer rank="1" name="GF">
                    <label end="39" start="29" name="Ext"/>
                    <label end="97" start="84" name="Dep"/>
                </layer>
                <layer rank="1" name="PT">
                    <label end="39" start="29" name="NP"/>
                    <label end="97" start="84" name="PP"/>
                </layer>
                <layer rank="1" name="Sent"/>
                <layer rank="1" name="Other"/>
                <layer rank="1" name="Target">
                    <label cBy="BoC" end="82" start="75" name="Target"/>
                </layer>
                <layer rank="1" name="Adj"/>
            </annotationSet>
        </sentence>
    </subCorpus>
    <subCorpus name="01-T-(1)">
        <sentence corpID="113" docID="4366" sentNo="2" paragNo="19" aPos="122062166" ID="1313453">
            <text>The menu lists 10 different variations of fava beans - from plain ful drizzled with corn , linseed or olive oil ( LE 1 ) to oven-baked concoctions like ful with eggs ( LE 4 ) .</text>
            <annotationSet cDate="02/18/2005 12:19:14 PST Fri" status="UNANN" ID="2075046">
                <layer rank="1" name="PENN">
                    <label end="2" start="0" name="dt"/>
                    <label end="7" start="4" name="nn"/>
                    <label end="13" start="9" name="VVZ"/>
                    <label end="16" start="15" name="cd"/>
                    <label end="26" start="18" name="jj"/>
                    <label end="37" start="28" name="nns"/>
                    <label end="40" start="39" name="in"/>
                    <label end="45" start="42" name="NP"/>
                    <label end="51" start="47" name="nns"/>
                    <label end="53" start="53" name=":"/>
                    <label end="58" start="55" name="in"/>
                    <label end="64" start="60" name="jj"/>
                    <label end="68" start="66" name="nn"/>
                    <label end="77" start="70" name="VVN"/>
                    <label end="82" start="79" name="in"/>
                    <label end="87" start="84" name="nn"/>
                    <label end="89" start="89" name=","/>
                    <label end="97" start="91" name="nn"/>
                    <label end="100" start="99" name="cc"/>
                    <label end="106" start="102" name="jj"/>
                    <label end="110" start="108" name="nn"/>
                    <label end="112" start="112" name="("/>
                    <label end="115" start="114" name="fw"/>
                    <label end="117" start="117" name="ls"/>
                    <label end="119" start="119" name=")"/>
                    <label end="122" start="121" name="to"/>
                    <label end="133" start="124" name="VVN"/>
                    <label end="145" start="135" name="nns"/>
                    <label end="150" start="147" name="in"/>
                    <label end="154" start="152" name="jj"/>
                    <label end="159" start="156" name="in"/>
                    <label end="164" start="161" name="nns"/>
                    <label end="166" start="166" name="("/>
                    <label end="169" start="168" name="fw"/>
                    <label end="171" start="171" name="ls"/>
                    <label end="173" start="173" name=")"/>
                    <label end="175" start="175" name="sent"/>
                </layer>
                <layer rank="1" name="NER"/>
                <layer rank="1" name="WSL"/>
            </annotationSet>
            <annotationSet cDate="02/18/2005 12:19:14 PST Fri" status="MANUAL" ID="2075047">
                <layer rank="1" name="Target">
                    <label cBy="Pam" end="77" start="70" name="Target"/>
                </layer>
                <layer rank="1" name="FE">
                    <label cBy="Pam" feID="2261" end="68" start="66" name="Location"/>
                    <label cBy="Pam" feID="2260" end="87" start="79" name="Theme"/>
                </layer>
                <layer rank="1" name="GF">
                    <label end="87" start="79" name="Dep"/>
                    <label end="68" start="66" name="Ext"/>
                </layer>
                <layer rank="1" name="PT">
                    <label end="87" start="79" name="PP"/>
                    <label end="68" start="66" name="NP"/>
                </layer>
                <layer rank="1" name="Other"/>
                <layer rank="1" name="Sent"/>
                <layer rank="1" name="Adj"/>
            </annotationSet>
        </sentence>
        <sentence corpID="113" docID="10048" sentNo="1" paragNo="22" aPos="23584749" ID="1313455">
            <text>Bahbout introduced cold salads of pasta , rice or greens and added some familiar dishes like `` insalata caprese , '' mozzarella and tomatoes drizzled with oil .</text>
            <annotationSet cDate="02/18/2005 12:19:15 PST Fri" status="UNANN" ID="2075050">
                <layer rank="1" name="PENN">
                    <label end="6" start="0" name="NP"/>
                    <label end="17" start="8" name="VVD"/>
                    <label end="22" start="19" name="jj"/>
                    <label end="29" start="24" name="nns"/>
                    <label end="32" start="31" name="in"/>
                    <label end="38" start="34" name="nn"/>
                    <label end="40" start="40" name=","/>
                    <label end="45" start="42" name="nn"/>
                    <label end="48" start="47" name="cc"/>
                    <label end="55" start="50" name="nns"/>
                    <label end="59" start="57" name="cc"/>
                    <label end="65" start="61" name="VVD"/>
                    <label end="70" start="67" name="dt"/>
                    <label end="79" start="72" name="jj"/>
                    <label end="86" start="81" name="nns"/>
                    <label end="91" start="88" name="in"/>
                    <label end="94" start="93" name="``"/>
                    <label end="103" start="96" name="nn"/>
                    <label end="111" start="105" name="nn"/>
                    <label end="113" start="113" name=","/>
                    <label end="116" start="115" name="''"/>
                    <label end="127" start="118" name="nn"/>
                    <label end="131" start="129" name="cc"/>
                    <label end="140" start="133" name="nns"/>
                    <label end="149" start="142" name="VVN"/>
                    <label end="154" start="151" name="in"/>
                    <label end="158" start="156" name="nn"/>
                    <label end="160" start="160" name="sent"/>
                </layer>
                <layer rank="1" name="NER"/>
                <layer rank="1" name="WSL"/>
            </annotationSet>
            <annotationSet cDate="02/18/2005 12:19:15 PST Fri" status="MANUAL" ID="2075051">
                <layer rank="1" name="Target">
                    <label cBy="Pam" end="149" start="142" name="Target"/>
                </layer>
                <layer rank="1" name="FE">
                    <label cBy="Pam" feID="2261" end="140" start="118" name="Location"/>
                    <label cBy="Pam" feID="2260" end="158" start="151" name="Theme"/>
                </layer>
                <layer rank="1" name="GF">
                    <label end="140" start="118" name="Ext"/>
                    <label end="158" start="151" name="Dep"/>
                </layer>
                <layer rank="1" name="PT">
                    <label end="140" start="118" name="NP"/>
                    <label end="158" start="151" name="PP"/>
                </layer>
                <layer rank="1" name="Other"/>
                <layer rank="1" name="Sent"/>
                <layer rank="1" name="Adj"/>
            </annotationSet>
        </sentence>
    </subCorpus>
    <subCorpus name="other-matched-(1)"/>
    <subCorpus name="other-unmatched-(1)"/>
</lexUnit>