<?xml version="1.0" encoding="UTF-8" standalone="yes"?>
<?xml-stylesheet type="text/xsl" href="lexUnit.xsl"?>
<lexUnit status="FN1_Sent" POS="V" name="bob.v" ID="69" frame="Body_movement" frameID="16" totalAnnotated="19" xsi:schemaLocation="../schema/lexUnit.xsd" xmlns="http://framenet.icsi.berkeley.edu" xmlns:xsi="http://www.w3.org/2001/XMLSchema-instance">
    <header>
        <frame>
            <FE fgColor="FFFFFF" bgColor="008000" type="Extra-Thematic" abbrev="Add" name="Addressee"/>
            <FE fgColor="FFFFFF" bgColor="FF0000" type="Core" abbrev="Agt" name="Agent"/>
            <FE fgColor="FFFFFF" bgColor="808080" type="Peripheral" abbrev="Area" name="Area"/>
            <FE fgColor="FFFFFF" bgColor="7CCD73" type="Core" abbrev="BodP" name="Body_part"/>
            <FE fgColor="000000" bgColor="EEE8AA" type="Peripheral" abbrev="" name="Cognate_event"/>
            <FE fgColor="000000" bgColor="d0d0d0" type="Extra-Thematic" abbrev="coo" name="Coordinated_event"/>
            <FE fgColor="FFFFFF" bgColor="FF69B4" type="Peripheral" abbrev="Degr" name="Degree"/>
            <FE fgColor="FFFFFF" bgColor="9400D3" type="Extra-Thematic" abbrev="Depict" name="Depictive"/>
            <FE fgColor="FFFFFF" bgColor="A52A2A" type="Peripheral" abbrev="dur" name="Duration"/>
            <FE fgColor="FFFFFF" bgColor="006400" type="Extra-Thematic" abbrev="Cause" name="External_cause"/>
            <FE fgColor="FFFFFF" bgColor="00BFFF" type="Peripheral" abbrev="Goal" name="Goal"/>
            <FE fgColor="FFFFFF" bgColor="9F79EE" type="Extra-Thematic" abbrev="ICause" name="Internal_cause"/>
            <FE fgColor="FFFFFF" bgColor="FF00FF" type="Peripheral" abbrev="Manr" name="Manner"/>
            <FE fgColor="FFFFFF" bgColor="FFA500" type="Extra-Thematic" abbrev="Msg" name="Message"/>
            <FE fgColor="FFFFFF" bgColor="0000FF" type="Peripheral" abbrev="Path" name="Path"/>
            <FE fgColor="FFFFFF" bgColor="d0d0d0" type="Peripheral" abbrev="pla" name="Place"/>
            <FE fgColor="FFFFFF" bgColor="1E90FF" type="Extra-Thematic" abbrev="" name="Purpose"/>
            <FE fgColor="000000" bgColor="FFFF00" type="Extra-Thematic" abbrev="re-e" name="Re-encoding"/>
            <FE fgColor="FFFFFF" bgColor="00008B" type="Extra-Thematic" abbrev="Result" name="Result"/>
            <FE fgColor="FFFFFF" bgColor="A52A2A" type="Peripheral" abbrev="Src" name="Source"/>
            <FE fgColor="000000" bgColor="7FFF00" type="Extra-Thematic" abbrev="" name="Subregion"/>
            <FE fgColor="FFFFFF" bgColor="FFA500" type="Peripheral" abbrev="Time" name="Time"/>
        </frame>
    </header>
    <definition>COD: make or cause to make a quick, short movement up and down. </definition>
    <lexeme POS="V" name="bob"/>
    <valences>
        <FERealization total="2">
            <FE name="Addressee"/>
            <pattern total="2">
                <valenceUnit GF="Dep" PT="PP[at]" FE="Addressee"/>
                <annoSet ID="312661"/>
                <annoSet ID="312671"/>
            </pattern>
        </FERealization>
        <FERealization total="16">
            <FE name="Agent"/>
            <pattern total="13">
                <valenceUnit GF="" PT="2nd" FE="Agent"/>
                <annoSet ID="312619"/>
                <annoSet ID="312627"/>
                <annoSet ID="312629"/>
                <annoSet ID="312631"/>
                <annoSet ID="312633"/>
                <annoSet ID="312639"/>
                <annoSet ID="312641"/>
                <annoSet ID="312655"/>
                <annoSet ID="312661"/>
                <annoSet ID="312667"/>
                <annoSet ID="312671"/>
                <annoSet ID="312693"/>
                <annoSet ID="312857"/>
            </pattern>
            <pattern total="7">
                <valenceUnit GF="Ext" PT="NP" FE="Agent"/>
                <annoSet ID="312661"/>
                <annoSet ID="312667"/>
                <annoSet ID="312671"/>
                <annoSet ID="312685"/>
                <annoSet ID="312693"/>
                <annoSet ID="312713"/>
                <annoSet ID="312715"/>
            </pattern>
        </FERealization>
        <FERealization total="17">
            <FE name="Body_part"/>
            <pattern total="5">
                <valenceUnit GF="Obj" PT="NP" FE="Body_part"/>
                <annoSet ID="312661"/>
                <annoSet ID="312667"/>
                <annoSet ID="312671"/>
                <annoSet ID="312685"/>
                <annoSet ID="312693"/>
            </pattern>
            <pattern total="12">
                <valenceUnit GF="Ext" PT="NP" FE="Body_part"/>
                <annoSet ID="312619"/>
                <annoSet ID="312623"/>
                <annoSet ID="312627"/>
                <annoSet ID="312629"/>
                <annoSet ID="312631"/>
                <annoSet ID="312633"/>
                <annoSet ID="312639"/>
                <annoSet ID="312641"/>
                <annoSet ID="312645"/>
                <annoSet ID="312655"/>
                <annoSet ID="312809"/>
                <annoSet ID="312857"/>
            </pattern>
        </FERealization>
        <FERealization total="1">
            <FE name="External_cause"/>
            <pattern total="1">
                <valenceUnit GF="" PT="2nd" FE="External_cause"/>
                <annoSet ID="312857"/>
            </pattern>
        </FERealization>
        <FERealization total="2">
            <FE name="Goal"/>
            <pattern total="1">
                <valenceUnit GF="Dep" PT="PP[into]" FE="Goal"/>
                <annoSet ID="312655"/>
            </pattern>
            <pattern total="1">
                <valenceUnit GF="Dep" PT="PP[up]" FE="Goal"/>
                <annoSet ID="312629"/>
            </pattern>
        </FERealization>
        <FERealization total="2">
            <FE name="Internal_cause"/>
            <pattern total="2">
                <valenceUnit GF="Dep" PT="PP[in]" FE="Internal_cause"/>
                <annoSet ID="312627"/>
                <annoSet ID="312645"/>
            </pattern>
        </FERealization>
        <FERealization total="5">
            <FE name="Manner"/>
            <pattern total="1">
                <valenceUnit GF="Dep" PT="VPing" FE="Manner"/>
                <annoSet ID="312671"/>
            </pattern>
            <pattern total="2">
                <valenceUnit GF="Dep" PT="PP[like]" FE="Manner"/>
                <annoSet ID="312631"/>
                <annoSet ID="312693"/>
            </pattern>
            <pattern total="1">
                <valenceUnit GF="Dep" PT="AJP" FE="Manner"/>
                <annoSet ID="312619"/>
            </pattern>
            <pattern total="1">
                <valenceUnit GF="Dep" PT="AVP" FE="Manner"/>
                <annoSet ID="312641"/>
            </pattern>
        </FERealization>
        <FERealization total="2">
            <FE name="Message"/>
            <pattern total="2">
                <valenceUnit GF="Dep" PT="NP" FE="Message"/>
                <annoSet ID="312713"/>
                <annoSet ID="312715"/>
            </pattern>
        </FERealization>
        <FERealization total="3">
            <FE name="Path"/>
            <pattern total="2">
                <valenceUnit GF="Dep" PT="PP[up]" FE="Path"/>
                <annoSet ID="312627"/>
                <annoSet ID="312633"/>
            </pattern>
            <pattern total="1">
                <valenceUnit GF="Dep" PT="AVP" FE="Path"/>
                <annoSet ID="312623"/>
            </pattern>
        </FERealization>
        <FERealization total="1">
            <FE name="Source"/>
            <pattern total="1">
                <valenceUnit GF="Dep" PT="PP[from]" FE="Source"/>
                <annoSet ID="312629"/>
            </pattern>
        </FERealization>
        <FERealization total="2">
            <FE name="Time"/>
            <pattern total="1">
                <valenceUnit GF="Dep" PT="Sub" FE="Time"/>
                <annoSet ID="312857"/>
            </pattern>
            <pattern total="1">
                <valenceUnit GF="Dep" PT="AVP" FE="Time"/>
                <annoSet ID="312715"/>
            </pattern>
        </FERealization>
        <FEGroupRealization total="1">
            <FE name="Addressee"/>
            <FE name="Agent"/>
            <FE name="Agent"/>
            <FE name="Body_part"/>
            <pattern total="1">
                <valenceUnit GF="Dep" PT="PP[at]" FE="Addressee"/>
                <valenceUnit GF="" PT="2nd" FE="Agent"/>
                <valenceUnit GF="Ext" PT="NP" FE="Agent"/>
                <valenceUnit GF="Obj" PT="NP" FE="Body_part"/>
                <annoSet ID="312661"/>
            </pattern>
        </FEGroupRealization>
        <FEGroupRealization total="1">
            <FE name="Addressee"/>
            <FE name="Agent"/>
            <FE name="Agent"/>
            <FE name="Body_part"/>
            <FE name="Manner"/>
            <pattern total="1">
                <valenceUnit GF="Dep" PT="PP[at]" FE="Addressee"/>
                <valenceUnit GF="" PT="2nd" FE="Agent"/>
                <valenceUnit GF="Ext" PT="NP" FE="Agent"/>
                <valenceUnit GF="Obj" PT="NP" FE="Body_part"/>
                <valenceUnit GF="Dep" PT="VPing" FE="Manner"/>
                <annoSet ID="312671"/>
            </pattern>
        </FEGroupRealization>
        <FEGroupRealization total="1">
            <FE name="Agent"/>
            <FE name="Agent"/>
            <FE name="Agent"/>
            <FE name="Body_part"/>
            <pattern total="1">
                <valenceUnit GF="" PT="2nd" FE="Agent"/>
                <valenceUnit GF="Ext" PT="NP" FE="Agent"/>
                <valenceUnit GF="Ext" PT="NP" FE="Agent"/>
                <valenceUnit GF="Obj" PT="NP" FE="Body_part"/>
                <annoSet ID="312667"/>
            </pattern>
        </FEGroupRealization>
        <FEGroupRealization total="1">
            <FE name="Agent"/>
            <FE name="Agent"/>
            <FE name="Body_part"/>
            <FE name="Manner"/>
            <pattern total="1">
                <valenceUnit GF="" PT="2nd" FE="Agent"/>
                <valenceUnit GF="Ext" PT="NP" FE="Agent"/>
                <valenceUnit GF="Obj" PT="NP" FE="Body_part"/>
                <valenceUnit GF="Dep" PT="PP[like]" FE="Manner"/>
                <annoSet ID="312693"/>
            </pattern>
        </FEGroupRealization>
        <FEGroupRealization total="2">
            <FE name="Agent"/>
            <FE name="Body_part"/>
            <pattern total="1">
                <valenceUnit GF="" PT="2nd" FE="Agent"/>
                <valenceUnit GF="Ext" PT="NP" FE="Body_part"/>
                <annoSet ID="312639"/>
            </pattern>
            <pattern total="1">
                <valenceUnit GF="Ext" PT="NP" FE="Agent"/>
                <valenceUnit GF="Obj" PT="NP" FE="Body_part"/>
                <annoSet ID="312685"/>
            </pattern>
        </FEGroupRealization>
        <FEGroupRealization total="1">
            <FE name="Agent"/>
            <FE name="Body_part"/>
            <FE name="External_cause"/>
            <FE name="Time"/>
            <pattern total="1">
                <valenceUnit GF="" PT="2nd" FE="Agent"/>
                <valenceUnit GF="Ext" PT="NP" FE="Body_part"/>
                <valenceUnit GF="" PT="2nd" FE="External_cause"/>
                <valenceUnit GF="Dep" PT="Sub" FE="Time"/>
                <annoSet ID="312857"/>
            </pattern>
        </FEGroupRealization>
        <FEGroupRealization total="1">
            <FE name="Agent"/>
            <FE name="Body_part"/>
            <FE name="Goal"/>
            <pattern total="1">
                <valenceUnit GF="" PT="2nd" FE="Agent"/>
                <valenceUnit GF="Ext" PT="NP" FE="Body_part"/>
                <valenceUnit GF="Dep" PT="PP[into]" FE="Goal"/>
                <annoSet ID="312655"/>
            </pattern>
        </FEGroupRealization>
        <FEGroupRealization total="1">
            <FE name="Agent"/>
            <FE name="Body_part"/>
            <FE name="Goal"/>
            <FE name="Source"/>
            <pattern total="1">
                <valenceUnit GF="" PT="2nd" FE="Agent"/>
                <valenceUnit GF="Ext" PT="NP" FE="Body_part"/>
                <valenceUnit GF="Dep" PT="PP[up]" FE="Goal"/>
                <valenceUnit GF="Dep" PT="PP[from]" FE="Source"/>
                <annoSet ID="312629"/>
            </pattern>
        </FEGroupRealization>
        <FEGroupRealization total="1">
            <FE name="Agent"/>
            <FE name="Body_part"/>
            <FE name="Internal_cause"/>
            <FE name="Path"/>
            <pattern total="1">
                <valenceUnit GF="" PT="2nd" FE="Agent"/>
                <valenceUnit GF="Ext" PT="NP" FE="Body_part"/>
                <valenceUnit GF="Dep" PT="PP[in]" FE="Internal_cause"/>
                <valenceUnit GF="Dep" PT="PP[up]" FE="Path"/>
                <annoSet ID="312627"/>
            </pattern>
        </FEGroupRealization>
        <FEGroupRealization total="3">
            <FE name="Agent"/>
            <FE name="Body_part"/>
            <FE name="Manner"/>
            <pattern total="1">
                <valenceUnit GF="" PT="2nd" FE="Agent"/>
                <valenceUnit GF="Ext" PT="NP" FE="Body_part"/>
                <valenceUnit GF="Dep" PT="AJP" FE="Manner"/>
                <annoSet ID="312619"/>
            </pattern>
            <pattern total="1">
                <valenceUnit GF="" PT="2nd" FE="Agent"/>
                <valenceUnit GF="Ext" PT="NP" FE="Body_part"/>
                <valenceUnit GF="Dep" PT="AVP" FE="Manner"/>
                <annoSet ID="312641"/>
            </pattern>
            <pattern total="1">
                <valenceUnit GF="" PT="2nd" FE="Agent"/>
                <valenceUnit GF="Ext" PT="NP" FE="Body_part"/>
                <valenceUnit GF="Dep" PT="PP[like]" FE="Manner"/>
                <annoSet ID="312631"/>
            </pattern>
        </FEGroupRealization>
        <FEGroupRealization total="1">
            <FE name="Agent"/>
            <FE name="Body_part"/>
            <FE name="Path"/>
            <pattern total="1">
                <valenceUnit GF="" PT="2nd" FE="Agent"/>
                <valenceUnit GF="Ext" PT="NP" FE="Body_part"/>
                <valenceUnit GF="Dep" PT="PP[up]" FE="Path"/>
                <annoSet ID="312633"/>
            </pattern>
        </FEGroupRealization>
        <FEGroupRealization total="1">
            <FE name="Agent"/>
            <FE name="Message"/>
            <pattern total="1">
                <valenceUnit GF="Ext" PT="NP" FE="Agent"/>
                <valenceUnit GF="Dep" PT="NP" FE="Message"/>
                <annoSet ID="312713"/>
            </pattern>
        </FEGroupRealization>
        <FEGroupRealization total="1">
            <FE name="Agent"/>
            <FE name="Message"/>
            <FE name="Time"/>
            <pattern total="1">
                <valenceUnit GF="Ext" PT="NP" FE="Agent"/>
                <valenceUnit GF="Dep" PT="NP" FE="Message"/>
                <valenceUnit GF="Dep" PT="AVP" FE="Time"/>
                <annoSet ID="312715"/>
            </pattern>
        </FEGroupRealization>
        <FEGroupRealization total="1">
            <FE name="Body_part"/>
            <pattern total="1">
                <valenceUnit GF="Ext" PT="NP" FE="Body_part"/>
                <annoSet ID="312809"/>
            </pattern>
        </FEGroupRealization>
        <FEGroupRealization total="1">
            <FE name="Body_part"/>
            <FE name="Internal_cause"/>
            <pattern total="1">
                <valenceUnit GF="Ext" PT="NP" FE="Body_part"/>
                <valenceUnit GF="Dep" PT="PP[in]" FE="Internal_cause"/>
                <annoSet ID="312645"/>
            </pattern>
        </FEGroupRealization>
        <FEGroupRealization total="1">
            <FE name="Body_part"/>
            <FE name="Path"/>
            <pattern total="1">
                <valenceUnit GF="Ext" PT="NP" FE="Body_part"/>
                <valenceUnit GF="Dep" PT="AVP" FE="Path"/>
                <annoSet ID="312623"/>
            </pattern>
        </FEGroupRealization>
    </valences>
    <subCorpus name="V-429-lcoll-head">
        <sentence sentNo="0" aPos="10446760" ID="334861">
            <text>His head bobbed independent of his body . </text>
            <annotationSet cDate="01/06/2003 11:46:19 PST Mon" status="UNANN" ID="312618">
                <layer rank="1" name="BNC">
                    <label end="2" start="0" name="DPS"/>
                    <label end="7" start="4" name="NN1"/>
                    <label end="14" start="9" name="VVD"/>
                    <label end="26" start="16" name="AJ0"/>
                    <label end="29" start="28" name="PRF"/>
                    <label end="33" start="31" name="DPS"/>
                    <label end="38" start="35" name="NN1"/>
                    <label end="40" start="40" name="PUN"/>
                </layer>
                <layer rank="1" name="NER"/>
                <layer rank="1" name="WSL"/>
            </annotationSet>
            <annotationSet cDate="01/06/2003 11:46:19 PST Mon" status="MANUAL" ID="312619">
                <layer rank="1" name="FE">
                    <label cBy="BoC" feID="69" end="7" start="0" name="Body_part"/>
                    <label cBy="cir" feID="918" end="38" start="16" name="Manner"/>
                </layer>
                <layer rank="1" name="GF">
                    <label end="7" start="0" name="Ext"/>
                    <label end="38" start="16" name="Dep"/>
                </layer>
                <layer rank="1" name="PT">
                    <label end="7" start="0" name="NP"/>
                    <label end="38" start="16" name="AJP"/>
                </layer>
                <layer rank="1" name="Sent">
                    <label end="0" start="0" name="sense1"/>
                </layer>
                <layer rank="1" name="Other"/>
                <layer rank="1" name="Target">
                    <label cBy="BoC" end="14" start="9" name="Target"/>
                </layer>
                <layer rank="1" name="Verb"/>
                <layer rank="2" name="FE">
                    <label cBy="cir" feID="68" end="2" start="0" name="Agent"/>
                </layer>
            </annotationSet>
        </sentence>
        <sentence sentNo="0" aPos="21708570" ID="334863">
            <text>The camera retreated and the dark head began bobbing back and forth swallowing and regurgitating and a hand cupped the blond balls . </text>
            <annotationSet cDate="01/06/2003 11:46:19 PST Mon" status="UNANN" ID="312622">
                <layer rank="1" name="BNC">
                    <label end="2" start="0" name="AT0"/>
                    <label end="9" start="4" name="NN1"/>
                    <label end="19" start="11" name="VVD-VVN"/>
                    <label end="23" start="21" name="CJC"/>
                    <label end="27" start="25" name="AT0"/>
                    <label end="32" start="29" name="AJ0-NN1"/>
                    <label end="37" start="34" name="NN1"/>
                    <label end="43" start="39" name="VVD"/>
                    <label end="51" start="45" name="VVG"/>
                    <label end="56" start="53" name="AVP"/>
                    <label end="60" start="58" name="CJC"/>
                    <label end="66" start="62" name="AV0"/>
                    <label end="77" start="68" name="AJ0-VVG"/>
                    <label end="81" start="79" name="CJC"/>
                    <label end="95" start="83" name="AJ0-VVG"/>
                    <label end="99" start="97" name="CJC"/>
                    <label end="101" start="101" name="AT0"/>
                    <label end="106" start="103" name="NN1"/>
                    <label end="113" start="108" name="VVD"/>
                    <label end="117" start="115" name="AT0"/>
                    <label end="123" start="119" name="AJ0"/>
                    <label end="129" start="125" name="NN2"/>
                    <label end="131" start="131" name="PUN"/>
                </layer>
                <layer rank="1" name="NER"/>
                <layer rank="1" name="WSL"/>
            </annotationSet>
            <annotationSet cDate="01/06/2003 11:46:19 PST Mon" status="MANUAL" ID="312623">
                <layer rank="1" name="FE">
                    <label cBy="BoC" feID="69" end="37" start="25" name="Body_part"/>
                    <label cBy="BoC" feID="74" end="66" start="53" name="Path"/>
                </layer>
                <layer rank="1" name="GF">
                    <label end="37" start="25" name="Ext"/>
                    <label end="66" start="53" name="Dep"/>
                </layer>
                <layer rank="1" name="PT">
                    <label end="37" start="25" name="NP"/>
                    <label end="66" start="53" name="AVP"/>
                </layer>
                <layer rank="1" name="Sent">
                    <label end="0" start="0" name="sense1"/>
                </layer>
                <layer rank="1" name="Other"/>
                <layer rank="1" name="Target">
                    <label cBy="BoC" end="51" start="45" name="Target"/>
                </layer>
                <layer rank="1" name="Verb"/>
            </annotationSet>
        </sentence>
        <sentence sentNo="0" aPos="33185431" ID="334865">
            <text>When the applause did come it was deafening , and she stood there unsmiling , though with her head bobbing up and down in acceptance of the appreciation . </text>
            <annotationSet cDate="01/06/2003 11:46:20 PST Mon" status="UNANN" ID="312626">
                <layer rank="1" name="BNC">
                    <label end="3" start="0" name="AVQ-CJS"/>
                    <label end="7" start="5" name="AT0"/>
                    <label end="16" start="9" name="NN1"/>
                    <label end="20" start="18" name="VDD"/>
                    <label end="25" start="22" name="VVI"/>
                    <label end="28" start="27" name="PNP"/>
                    <label end="32" start="30" name="VBD"/>
                    <label end="42" start="34" name="VVG"/>
                    <label end="44" start="44" name="PUN"/>
                    <label end="48" start="46" name="CJC"/>
                    <label end="52" start="50" name="PNP"/>
                    <label end="58" start="54" name="VVD"/>
                    <label end="64" start="60" name="AV0"/>
                    <label end="74" start="66" name="AJ0"/>
                    <label end="76" start="76" name="PUN"/>
                    <label end="83" start="78" name="CJS"/>
                    <label end="88" start="85" name="PRP"/>
                    <label end="92" start="90" name="DPS"/>
                    <label end="97" start="94" name="NN1"/>
                    <label end="105" start="99" name="VVG"/>
                    <label end="108" start="107" name="AVP"/>
                    <label end="112" start="110" name="CJC"/>
                    <label end="117" start="114" name="AVP"/>
                    <label end="120" start="119" name="PRP"/>
                    <label end="131" start="122" name="NN1"/>
                    <label end="134" start="133" name="PRF"/>
                    <label end="138" start="136" name="AT0"/>
                    <label end="151" start="140" name="NN1"/>
                    <label end="153" start="153" name="PUN"/>
                </layer>
                <layer rank="1" name="NER"/>
                <layer rank="1" name="WSL"/>
            </annotationSet>
            <annotationSet cDate="01/06/2003 11:46:20 PST Mon" status="MANUAL" ID="312627">
                <layer rank="1" name="FE">
                    <label cBy="BoC" feID="69" end="97" start="90" name="Body_part"/>
                    <label cBy="BoC" feID="74" end="117" start="107" name="Path"/>
                    <label cBy="cir" feID="70" end="151" start="119" name="Internal_cause"/>
                </layer>
                <layer rank="1" name="GF">
                    <label end="97" start="90" name="Ext"/>
                    <label end="117" start="107" name="Dep"/>
                    <label end="151" start="119" name="Dep"/>
                </layer>
                <layer rank="1" name="PT">
                    <label end="97" start="90" name="NP"/>
                    <label end="117" start="107" name="PP"/>
                    <label end="151" start="119" name="PP"/>
                </layer>
                <layer rank="1" name="Sent">
                    <label end="0" start="0" name="sense1"/>
                </layer>
                <layer rank="1" name="Other"/>
                <layer rank="1" name="Target">
                    <label cBy="BoC" end="105" start="99" name="Target"/>
                </layer>
                <layer rank="1" name="Verb"/>
                <layer rank="2" name="FE">
                    <label cBy="cir" feID="68" end="92" start="90" name="Agent"/>
                </layer>
            </annotationSet>
        </sentence>
        <sentence sentNo="0" aPos="51199869" ID="334866">
            <text>A seal 's head bobbed up from the waves and Angus was pulling on his oars , heaving the skiff back to the shore . </text>
            <annotationSet cDate="01/06/2003 11:46:20 PST Mon" status="UNANN" ID="312628">
                <layer rank="1" name="BNC">
                    <label end="0" start="0" name="AT0"/>
                    <label end="5" start="2" name="NN1"/>
                    <label end="8" start="7" name="POS"/>
                    <label end="13" start="10" name="NN1"/>
                    <label end="20" start="15" name="VVD"/>
                    <label end="23" start="22" name="AVP"/>
                    <label end="28" start="25" name="PRP"/>
                    <label end="32" start="30" name="AT0"/>
                    <label end="38" start="34" name="NN2"/>
                    <label end="42" start="40" name="CJC"/>
                    <label end="48" start="44" name="NN1-NP0"/>
                    <label end="52" start="50" name="VBD"/>
                    <label end="60" start="54" name="VVG"/>
                    <label end="63" start="62" name="PRP"/>
                    <label end="67" start="65" name="DPS"/>
                    <label end="72" start="69" name="NN2"/>
                    <label end="74" start="74" name="PUN"/>
                    <label end="82" start="76" name="VVG"/>
                    <label end="86" start="84" name="AT0"/>
                    <label end="92" start="88" name="NN1"/>
                    <label end="97" start="94" name="AVP"/>
                    <label end="100" start="99" name="PRP"/>
                    <label end="104" start="102" name="AT0"/>
                    <label end="110" start="106" name="NN1"/>
                    <label end="112" start="112" name="PUN"/>
                </layer>
                <layer rank="1" name="NER"/>
                <layer rank="1" name="WSL"/>
            </annotationSet>
            <annotationSet cDate="01/06/2003 11:46:20 PST Mon" status="MANUAL" ID="312629">
                <layer rank="1" name="FE">
                    <label cBy="BoC" feID="69" end="13" start="0" name="Body_part"/>
                    <label cBy="BoC" feID="75" end="23" start="22" name="Goal"/>
                    <label cBy="BoC" feID="73" end="38" start="25" name="Source"/>
                </layer>
                <layer rank="1" name="GF">
                    <label end="13" start="0" name="Ext"/>
                    <label end="23" start="22" name="Dep"/>
                    <label end="38" start="25" name="Dep"/>
                </layer>
                <layer rank="1" name="PT">
                    <label end="13" start="0" name="NP"/>
                    <label end="23" start="22" name="PP"/>
                    <label end="38" start="25" name="PP"/>
                </layer>
                <layer rank="1" name="Sent">
                    <label end="0" start="0" name="sense1"/>
                </layer>
                <layer rank="1" name="Other"/>
                <layer rank="1" name="Target">
                    <label cBy="BoC" end="20" start="15" name="Target"/>
                </layer>
                <layer rank="1" name="Verb"/>
                <layer rank="2" name="FE">
                    <label cBy="cir" feID="68" end="8" start="0" name="Agent"/>
                </layer>
            </annotationSet>
        </sentence>
        <sentence sentNo="0" aPos="52514773" ID="334867">
            <text>She skipped in circles round the silent chamber , her great head bobbing like a bird 's . </text>
            <annotationSet cDate="01/06/2003 11:46:20 PST Mon" status="UNANN" ID="312630">
                <layer rank="1" name="BNC">
                    <label end="2" start="0" name="PNP"/>
                    <label end="10" start="4" name="VVD"/>
                    <label end="13" start="12" name="PRP"/>
                    <label end="21" start="15" name="NN2"/>
                    <label end="27" start="23" name="PRP"/>
                    <label end="31" start="29" name="AT0"/>
                    <label end="38" start="33" name="AJ0"/>
                    <label end="46" start="40" name="NN1"/>
                    <label end="48" start="48" name="PUN"/>
                    <label end="52" start="50" name="DPS"/>
                    <label end="58" start="54" name="AJ0"/>
                    <label end="63" start="60" name="NN1"/>
                    <label end="71" start="65" name="VVG"/>
                    <label end="76" start="73" name="PRP"/>
                    <label end="78" start="78" name="AT0"/>
                    <label end="83" start="80" name="NN1"/>
                    <label end="86" start="85" name="POS"/>
                    <label end="88" start="88" name="PUN"/>
                </layer>
                <layer rank="1" name="NER"/>
                <layer rank="1" name="WSL"/>
            </annotationSet>
            <annotationSet cDate="01/06/2003 11:46:20 PST Mon" status="MANUAL" ID="312631">
                <layer rank="1" name="FE">
                    <label cBy="BoC" feID="69" end="63" start="50" name="Body_part"/>
                    <label cBy="BoC" feID="918" end="86" start="73" name="Manner"/>
                </layer>
                <layer rank="1" name="GF">
                    <label end="63" start="50" name="Ext"/>
                    <label end="86" start="73" name="Dep"/>
                </layer>
                <layer rank="1" name="PT">
                    <label end="63" start="50" name="NP"/>
                    <label end="86" start="73" name="PP"/>
                </layer>
                <layer rank="1" name="Sent">
                    <label end="0" start="0" name="sense1"/>
                </layer>
                <layer rank="1" name="Other"/>
                <layer rank="1" name="Target">
                    <label cBy="BoC" end="71" start="65" name="Target"/>
                </layer>
                <layer rank="1" name="Verb"/>
                <layer rank="2" name="FE">
                    <label cBy="cir" feID="68" end="52" start="50" name="Agent"/>
                </layer>
            </annotationSet>
        </sentence>
        <sentence sentNo="0" aPos="53571450" ID="334868">
            <text>In the mob I could see Sally 's tawny head bobbing up and down . </text>
            <annotationSet cDate="01/06/2003 11:46:20 PST Mon" status="UNANN" ID="312632">
                <layer rank="1" name="BNC">
                    <label end="1" start="0" name="PRP"/>
                    <label end="5" start="3" name="AT0"/>
                    <label end="9" start="7" name="NN1"/>
                    <label end="11" start="11" name="PNP"/>
                    <label end="17" start="13" name="VM0"/>
                    <label end="21" start="19" name="VVI"/>
                    <label end="27" start="23" name="NP0"/>
                    <label end="30" start="29" name="POS"/>
                    <label end="36" start="32" name="AJ0-NN1"/>
                    <label end="41" start="38" name="NN1"/>
                    <label end="49" start="43" name="VVG"/>
                    <label end="52" start="51" name="AVP"/>
                    <label end="56" start="54" name="CJC"/>
                    <label end="61" start="58" name="AVP"/>
                    <label end="63" start="63" name="PUN"/>
                </layer>
                <layer rank="1" name="NER"/>
                <layer rank="1" name="WSL"/>
            </annotationSet>
            <annotationSet cDate="01/06/2003 11:46:20 PST Mon" status="MANUAL" ID="312633">
                <layer rank="1" name="FE">
                    <label cBy="BoC" feID="69" end="41" start="23" name="Body_part"/>
                    <label cBy="BoC" feID="74" end="61" start="51" name="Path"/>
                </layer>
                <layer rank="1" name="GF">
                    <label end="41" start="23" name="Ext"/>
                    <label end="61" start="51" name="Dep"/>
                </layer>
                <layer rank="1" name="PT">
                    <label end="41" start="23" name="NP"/>
                    <label end="61" start="51" name="PP"/>
                </layer>
                <layer rank="1" name="Sent">
                    <label end="0" start="0" name="sense1"/>
                </layer>
                <layer rank="1" name="Other"/>
                <layer rank="1" name="Target">
                    <label cBy="BoC" end="49" start="43" name="Target"/>
                </layer>
                <layer rank="1" name="Verb"/>
                <layer rank="2" name="FE">
                    <label cBy="cir" feID="68" end="30" start="23" name="Agent"/>
                </layer>
            </annotationSet>
        </sentence>
        <sentence sentNo="0" aPos="59738423" ID="334871">
            <text>The bookie 's head bobbed . </text>
            <annotationSet cDate="01/06/2003 11:46:21 PST Mon" status="UNANN" ID="312638">
                <layer rank="1" name="BNC">
                    <label end="2" start="0" name="AT0"/>
                    <label end="9" start="4" name="NN1"/>
                    <label end="12" start="11" name="POS"/>
                    <label end="17" start="14" name="NN1"/>
                    <label end="24" start="19" name="VVD"/>
                    <label end="26" start="26" name="PUN"/>
                </layer>
                <layer rank="1" name="NER"/>
                <layer rank="1" name="WSL"/>
            </annotationSet>
            <annotationSet cDate="01/06/2003 11:46:21 PST Mon" status="MANUAL" ID="312639">
                <layer rank="1" name="FE">
                    <label cBy="BoC" feID="69" end="17" start="0" name="Body_part"/>
                </layer>
                <layer rank="1" name="GF">
                    <label end="17" start="0" name="Ext"/>
                </layer>
                <layer rank="1" name="PT">
                    <label end="17" start="0" name="NP"/>
                </layer>
                <layer rank="1" name="Sent">
                    <label end="0" start="0" name="sense1"/>
                </layer>
                <layer rank="1" name="Other"/>
                <layer rank="1" name="Target">
                    <label cBy="BoC" end="24" start="19" name="Target"/>
                </layer>
                <layer rank="1" name="Verb"/>
                <layer rank="2" name="FE">
                    <label cBy="cir" feID="68" end="12" start="0" name="Agent"/>
                </layer>
            </annotationSet>
        </sentence>
        <sentence sentNo="0" aPos="59763631" ID="334872">
            <text>Pol 's head bobbed quickly . </text>
            <annotationSet cDate="01/06/2003 11:46:21 PST Mon" status="UNANN" ID="312640">
                <layer rank="1" name="BNC">
                    <label end="2" start="0" name="NP0"/>
                    <label end="5" start="4" name="POS"/>
                    <label end="10" start="7" name="NN1"/>
                    <label end="17" start="12" name="VVD"/>
                    <label end="25" start="19" name="AV0"/>
                    <label end="27" start="27" name="PUN"/>
                </layer>
                <layer rank="1" name="NER"/>
                <layer rank="1" name="WSL"/>
            </annotationSet>
            <annotationSet cDate="01/06/2003 11:46:21 PST Mon" status="MANUAL" ID="312641">
                <layer rank="1" name="FE">
                    <label cBy="BoC" feID="69" end="10" start="0" name="Body_part"/>
                    <label cBy="BoC" feID="918" end="25" start="19" name="Manner"/>
                </layer>
                <layer rank="1" name="GF">
                    <label end="10" start="0" name="Ext"/>
                    <label end="25" start="19" name="Dep"/>
                </layer>
                <layer rank="1" name="PT">
                    <label end="10" start="0" name="NP"/>
                    <label end="25" start="19" name="AVP"/>
                </layer>
                <layer rank="1" name="Sent">
                    <label end="0" start="0" name="sense1"/>
                </layer>
                <layer rank="1" name="Other"/>
                <layer rank="1" name="Target">
                    <label cBy="BoC" end="17" start="12" name="Target"/>
                </layer>
                <layer rank="1" name="Verb"/>
                <layer rank="2" name="FE">
                    <label cBy="cir" feID="68" end="5" start="0" name="Agent"/>
                </layer>
            </annotationSet>
        </sentence>
        <sentence sentNo="0" aPos="69650919" ID="334874">
            <text>The fluffy white head bobbed in agreement . </text>
            <annotationSet cDate="01/06/2003 11:46:21 PST Mon" status="UNANN" ID="312644">
                <layer rank="1" name="BNC">
                    <label end="2" start="0" name="AT0"/>
                    <label end="9" start="4" name="AJ0"/>
                    <label end="15" start="11" name="AJ0"/>
                    <label end="20" start="17" name="NN1"/>
                    <label end="27" start="22" name="VVD-VVN"/>
                    <label end="30" start="29" name="PRP"/>
                    <label end="40" start="32" name="NN1"/>
                    <label end="42" start="42" name="PUN"/>
                </layer>
                <layer rank="1" name="NER"/>
                <layer rank="1" name="WSL"/>
            </annotationSet>
            <annotationSet cDate="01/06/2003 11:46:21 PST Mon" status="MANUAL" ID="312645">
                <layer rank="1" name="FE">
                    <label cBy="BoC" feID="69" end="20" start="0" name="Body_part"/>
                    <label cBy="cir" feID="70" end="40" start="29" name="Internal_cause"/>
                </layer>
                <layer rank="1" name="GF">
                    <label end="20" start="0" name="Ext"/>
                    <label end="40" start="29" name="Dep"/>
                </layer>
                <layer rank="1" name="PT">
                    <label end="20" start="0" name="NP"/>
                    <label end="40" start="29" name="PP"/>
                </layer>
                <layer rank="1" name="Sent">
                    <label end="0" start="0" name="sense1"/>
                </layer>
                <layer rank="1" name="Other"/>
                <layer rank="1" name="Target">
                    <label cBy="BoC" end="27" start="22" name="Target"/>
                </layer>
                <layer rank="1" name="Verb"/>
            </annotationSet>
        </sentence>
        <sentence sentNo="0" aPos="88570487" ID="334879">
            <text>My head bobbed out into the cold dry air . </text>
            <annotationSet cDate="01/06/2003 11:46:24 PST Mon" status="UNANN" ID="312654">
                <layer rank="1" name="BNC">
                    <label end="1" start="0" name="DPS"/>
                    <label end="6" start="3" name="NN1"/>
                    <label end="13" start="8" name="VVD"/>
                    <label end="17" start="15" name="AVP"/>
                    <label end="22" start="19" name="PRP"/>
                    <label end="26" start="24" name="AT0"/>
                    <label end="31" start="28" name="AJ0"/>
                    <label end="35" start="33" name="AJ0"/>
                    <label end="39" start="37" name="NN1"/>
                    <label end="41" start="41" name="PUN"/>
                </layer>
                <layer rank="1" name="NER"/>
                <layer rank="1" name="WSL"/>
            </annotationSet>
            <annotationSet cDate="01/06/2003 11:46:24 PST Mon" status="MANUAL" ID="312655">
                <layer rank="1" name="FE">
                    <label cBy="BoC" feID="69" end="6" start="0" name="Body_part"/>
                    <label cBy="BoC" feID="75" end="39" start="15" name="Goal"/>
                </layer>
                <layer rank="1" name="GF">
                    <label end="6" start="0" name="Ext"/>
                    <label end="39" start="15" name="Dep"/>
                </layer>
                <layer rank="1" name="PT">
                    <label end="6" start="0" name="NP"/>
                    <label end="39" start="15" name="PP"/>
                </layer>
                <layer rank="1" name="Sent">
                    <label end="0" start="0" name="sense1"/>
                </layer>
                <layer rank="1" name="Other"/>
                <layer rank="1" name="Target">
                    <label cBy="BoC" end="13" start="8" name="Target"/>
                </layer>
                <layer rank="1" name="Verb"/>
                <layer rank="2" name="FE">
                    <label cBy="cir" feID="68" end="1" start="0" name="Agent"/>
                </layer>
            </annotationSet>
        </sentence>
    </subCorpus>
    <subCorpus name="V-429-rcoll-head">
        <sentence sentNo="0" aPos="33163330" ID="334882">
            <text>` Every time &quot; -- she bobbed her head at him ` especially when you have a room to yourself and a decent job ahead . </text>
            <annotationSet cDate="01/06/2003 11:46:25 PST Mon" status="UNANN" ID="312660">
                <layer rank="1" name="BNC">
                    <label end="0" start="0" name="PUQ"/>
                    <label end="6" start="2" name="AT0"/>
                    <label end="11" start="8" name="NN1"/>
                    <label end="13" start="13" name="PUQ"/>
                    <label end="16" start="15" name="PUN"/>
                    <label end="20" start="18" name="PNP"/>
                    <label end="27" start="22" name="VVD"/>
                    <label end="31" start="29" name="DPS"/>
                    <label end="36" start="33" name="NN1"/>
                    <label end="39" start="38" name="PRP"/>
                    <label end="43" start="41" name="PNP"/>
                    <label end="45" start="45" name="PUQ"/>
                    <label end="56" start="47" name="AV0"/>
                    <label end="61" start="58" name="AVQ-CJS"/>
                    <label end="65" start="63" name="PNP"/>
                    <label end="70" start="67" name="VHB"/>
                    <label end="72" start="72" name="AT0"/>
                    <label end="77" start="74" name="NN1"/>
                    <label end="80" start="79" name="PRP"/>
                    <label end="89" start="82" name="PNX"/>
                    <label end="93" start="91" name="CJC"/>
                    <label end="95" start="95" name="AT0"/>
                    <label end="102" start="97" name="AJ0"/>
                    <label end="106" start="104" name="NN1"/>
                    <label end="112" start="108" name="AV0"/>
                    <label end="114" start="114" name="PUN"/>
                </layer>
                <layer rank="1" name="NER"/>
                <layer rank="1" name="WSL"/>
            </annotationSet>
            <annotationSet cDate="01/06/2003 11:46:25 PST Mon" status="MANUAL" ID="312661">
                <layer rank="1" name="FE">
                    <label cBy="BoC" feID="68" end="20" start="18" name="Agent"/>
                    <label cBy="BoC" feID="69" end="36" start="29" name="Body_part"/>
                    <label cBy="BoC" feID="72" end="43" start="38" name="Addressee"/>
                </layer>
                <layer rank="1" name="GF">
                    <label end="20" start="18" name="Ext"/>
                    <label end="36" start="29" name="Obj"/>
                    <label end="43" start="38" name="Dep"/>
                </layer>
                <layer rank="1" name="PT">
                    <label end="20" start="18" name="NP"/>
                    <label end="36" start="29" name="NP"/>
                    <label end="43" start="38" name="PP"/>
                </layer>
                <layer rank="1" name="Sent">
                    <label end="0" start="0" name="sense1"/>
                </layer>
                <layer rank="1" name="Other"/>
                <layer rank="1" name="Target">
                    <label cBy="BoC" end="27" start="22" name="Target"/>
                </layer>
                <layer rank="1" name="Verb"/>
                <layer rank="2" name="FE">
                    <label cBy="cir" feID="68" end="31" start="29" name="Agent"/>
                </layer>
            </annotationSet>
        </sentence>
        <sentence sentNo="0" aPos="69042623" ID="334885">
            <text>A man turned into a baby , who bobbed his head and wept . </text>
            <annotationSet cDate="01/06/2003 11:46:25 PST Mon" status="UNANN" ID="312666">
                <layer rank="1" name="BNC">
                    <label end="0" start="0" name="AT0"/>
                    <label end="4" start="2" name="NN1"/>
                    <label end="11" start="6" name="VVD-VVN"/>
                    <label end="16" start="13" name="PRP"/>
                    <label end="18" start="18" name="AT0"/>
                    <label end="23" start="20" name="NN1"/>
                    <label end="25" start="25" name="PUN"/>
                    <label end="29" start="27" name="PNQ"/>
                    <label end="36" start="31" name="VVD"/>
                    <label end="40" start="38" name="DPS"/>
                    <label end="45" start="42" name="NN1"/>
                    <label end="49" start="47" name="CJC"/>
                    <label end="54" start="51" name="VVD-VVN"/>
                    <label end="56" start="56" name="PUN"/>
                </layer>
                <layer rank="1" name="NER"/>
                <layer rank="1" name="WSL"/>
            </annotationSet>
            <annotationSet cDate="01/06/2003 11:46:25 PST Mon" status="MANUAL" ID="312667">
                <layer rank="1" name="FE">
                    <label cBy="BoC" feID="68" end="23" start="18" name="Agent"/>
                    <label cBy="BoC" feID="69" end="45" start="38" name="Body_part"/>
                    <label cBy="Hay" feID="68" end="29" start="27" name="Agent"/>
                </layer>
                <layer rank="1" name="GF">
                    <label end="23" start="18" name="Ext"/>
                    <label end="45" start="38" name="Obj"/>
                    <label end="29" start="27" name="Ext"/>
                </layer>
                <layer rank="1" name="PT">
                    <label end="23" start="18" name="NP"/>
                    <label end="45" start="38" name="NP"/>
                    <label end="29" start="27" name="NP"/>
                </layer>
                <layer rank="1" name="Sent">
                    <label end="0" start="0" name="sense1"/>
                </layer>
                <layer rank="1" name="Other">
                    <label end="23" start="18" name="Ant"/>
                    <label end="29" start="27" name="Rel"/>
                </layer>
                <layer rank="1" name="Target">
                    <label cBy="BoC" end="36" start="31" name="Target"/>
                </layer>
                <layer rank="1" name="Verb"/>
                <layer rank="2" name="FE">
                    <label cBy="cir" feID="68" end="40" start="38" name="Agent"/>
                </layer>
            </annotationSet>
        </sentence>
        <sentence sentNo="0" aPos="75425693" ID="334887">
            <text>He bobbed his greasy head at Benjamin as if greeting some great lord . </text>
            <annotationSet cDate="01/06/2003 11:46:25 PST Mon" status="UNANN" ID="312670">
                <layer rank="1" name="BNC">
                    <label end="1" start="0" name="PNP"/>
                    <label end="8" start="3" name="VVD"/>
                    <label end="12" start="10" name="DPS"/>
                    <label end="19" start="14" name="AJ0"/>
                    <label end="24" start="21" name="NN1"/>
                    <label end="27" start="26" name="PRP"/>
                    <label end="36" start="29" name="NP0"/>
                    <label end="39" start="38" name="CJS"/>
                    <label end="42" start="41" name="CJS"/>
                    <label end="51" start="44" name="VVG"/>
                    <label end="56" start="53" name="DT0"/>
                    <label end="62" start="58" name="AJ0"/>
                    <label end="67" start="64" name="NN1"/>
                    <label end="69" start="69" name="PUN"/>
                </layer>
                <layer rank="1" name="NER"/>
                <layer rank="1" name="WSL"/>
            </annotationSet>
            <annotationSet cDate="01/06/2003 11:46:25 PST Mon" status="MANUAL" ID="312671">
                <layer rank="1" name="FE">
                    <label cBy="BoC" feID="68" end="1" start="0" name="Agent"/>
                    <label cBy="BoC" feID="69" end="24" start="10" name="Body_part"/>
                    <label cBy="BoC" feID="72" end="36" start="26" name="Addressee"/>
                    <label cBy="cir" feID="918" end="67" start="38" name="Manner"/>
                </layer>
                <layer rank="1" name="GF">
                    <label end="1" start="0" name="Ext"/>
                    <label end="24" start="10" name="Obj"/>
                    <label end="36" start="26" name="Dep"/>
                    <label end="67" start="38" name="Dep"/>
                </layer>
                <layer rank="1" name="PT">
                    <label end="1" start="0" name="NP"/>
                    <label end="24" start="10" name="NP"/>
                    <label end="36" start="26" name="PP"/>
                    <label end="67" start="38" name="VPing"/>
                </layer>
                <layer rank="1" name="Sent">
                    <label end="0" start="0" name="sense1"/>
                    <label end="0" start="0" name="Blend"/>
                </layer>
                <layer rank="1" name="Other"/>
                <layer rank="1" name="Target">
                    <label cBy="BoC" end="8" start="3" name="Target"/>
                </layer>
                <layer rank="1" name="Verb"/>
                <layer rank="2" name="FE">
                    <label cBy="cir" feID="68" end="12" start="10" name="Agent"/>
                </layer>
            </annotationSet>
        </sentence>
        <sentence sentNo="0" aPos="101402906" ID="334894">
            <text>She bobbed a brusque head . </text>
            <annotationSet cDate="01/06/2003 11:46:26 PST Mon" status="UNANN" ID="312684">
                <layer rank="1" name="BNC">
                    <label end="2" start="0" name="PNP"/>
                    <label end="9" start="4" name="VVD"/>
                    <label end="11" start="11" name="AT0"/>
                    <label end="19" start="13" name="AJ0"/>
                    <label end="24" start="21" name="NN1"/>
                    <label end="26" start="26" name="PUN"/>
                </layer>
                <layer rank="1" name="NER"/>
                <layer rank="1" name="WSL"/>
            </annotationSet>
            <annotationSet cDate="01/06/2003 11:46:26 PST Mon" status="MANUAL" ID="312685">
                <layer rank="1" name="FE">
                    <label cBy="BoC" feID="68" end="2" start="0" name="Agent"/>
                    <label cBy="BoC" feID="69" end="24" start="11" name="Body_part"/>
                </layer>
                <layer rank="1" name="GF">
                    <label end="2" start="0" name="Ext"/>
                    <label end="24" start="11" name="Obj"/>
                </layer>
                <layer rank="1" name="PT">
                    <label end="2" start="0" name="NP"/>
                    <label end="24" start="11" name="NP"/>
                </layer>
                <layer rank="1" name="Sent">
                    <label end="0" start="0" name="sense1"/>
                </layer>
                <layer rank="1" name="Other"/>
                <layer rank="1" name="Target">
                    <label cBy="BoC" end="9" start="4" name="Target"/>
                </layer>
                <layer rank="1" name="Verb"/>
            </annotationSet>
        </sentence>
    </subCorpus>
    <subCorpus name="V-570-np-ppin"/>
    <subCorpus name="V-620-np-ppother">
        <sentence sentNo="0" aPos="3916369" ID="334898">
            <text>The birds just sort of bob their heads like they 're wind up toys . </text>
            <annotationSet cDate="01/06/2003 11:46:27 PST Mon" status="UNANN" ID="312692">
                <layer rank="1" name="BNC">
                    <label end="2" start="0" name="AT0"/>
                    <label end="8" start="4" name="NN2"/>
                    <label end="13" start="10" name="AV0"/>
                    <label end="18" start="15" name="AV0"/>
                    <label end="21" start="20" name="AV0"/>
                    <label end="25" start="23" name="VVB"/>
                    <label end="31" start="27" name="DPS"/>
                    <label end="37" start="33" name="NN2"/>
                    <label end="42" start="39" name="PRP"/>
                    <label end="47" start="44" name="PNP"/>
                    <label end="51" start="49" name="VBB"/>
                    <label end="56" start="53" name="NN1"/>
                    <label end="59" start="58" name="AVP-PRP"/>
                    <label end="64" start="61" name="NN2"/>
                    <label end="66" start="66" name="PUN"/>
                </layer>
                <layer rank="1" name="NER"/>
                <layer rank="1" name="WSL"/>
            </annotationSet>
            <annotationSet cDate="01/06/2003 11:46:27 PST Mon" status="MANUAL" ID="312693">
                <layer rank="1" name="FE">
                    <label cBy="BoC" feID="68" end="8" start="0" name="Agent"/>
                    <label cBy="BoC" feID="69" end="37" start="27" name="Body_part"/>
                    <label cBy="cir" feID="918" end="64" start="39" name="Manner"/>
                </layer>
                <layer rank="1" name="GF">
                    <label end="8" start="0" name="Ext"/>
                    <label end="37" start="27" name="Obj"/>
                    <label end="64" start="39" name="Dep"/>
                </layer>
                <layer rank="1" name="PT">
                    <label end="8" start="0" name="NP"/>
                    <label end="37" start="27" name="NP"/>
                    <label end="64" start="39" name="PP"/>
                </layer>
                <layer rank="1" name="Sent">
                    <label end="0" start="0" name="sense1"/>
                </layer>
                <layer rank="1" name="Other"/>
                <layer rank="1" name="Target">
                    <label cBy="BoC" end="25" start="23" name="Target"/>
                </layer>
                <layer rank="1" name="Verb"/>
                <layer rank="2" name="FE">
                    <label cBy="cir" feID="68" end="31" start="27" name="Agent"/>
                </layer>
            </annotationSet>
        </sentence>
    </subCorpus>
    <subCorpus name="V-660-trans-simple">
        <sentence sentNo="0" aPos="14096164" ID="334908">
            <text>A strange woman all in black bobbed a grim curtsey , obviously the Mrs Danvers of the Dame 's entourage . </text>
            <annotationSet cDate="01/06/2003 11:46:28 PST Mon" status="UNANN" ID="312712">
                <layer rank="1" name="BNC">
                    <label end="0" start="0" name="AT0"/>
                    <label end="8" start="2" name="AJ0"/>
                    <label end="14" start="10" name="NN1"/>
                    <label end="18" start="16" name="AV0"/>
                    <label end="21" start="20" name="PRP"/>
                    <label end="27" start="23" name="NN1"/>
                    <label end="34" start="29" name="VVD"/>
                    <label end="36" start="36" name="AT0"/>
                    <label end="41" start="38" name="AJ0"/>
                    <label end="49" start="43" name="NN1"/>
                    <label end="51" start="51" name="PUN"/>
                    <label end="61" start="53" name="AV0"/>
                    <label end="65" start="63" name="AT0"/>
                    <label end="69" start="67" name="NP0"/>
                    <label end="77" start="71" name="NP0"/>
                    <label end="80" start="79" name="PRF"/>
                    <label end="84" start="82" name="AT0"/>
                    <label end="89" start="86" name="NP0"/>
                    <label end="92" start="91" name="POS"/>
                    <label end="102" start="94" name="NN1"/>
                    <label end="104" start="104" name="PUN"/>
                </layer>
                <layer rank="1" name="NER"/>
                <layer rank="1" name="WSL"/>
            </annotationSet>
            <annotationSet cDate="01/06/2003 11:46:28 PST Mon" status="MANUAL" ID="312713">
                <layer rank="1" name="FE">
                    <label cBy="BoC" feID="68" end="27" start="0" name="Agent"/>
                    <label cBy="BoC" feID="928" end="49" start="36" name="Message"/>
                </layer>
                <layer rank="1" name="GF">
                    <label end="27" start="0" name="Ext"/>
                    <label end="49" start="36" name="Dep"/>
                </layer>
                <layer rank="1" name="PT">
                    <label end="27" start="0" name="NP"/>
                    <label end="49" start="36" name="NP"/>
                </layer>
                <layer rank="1" name="Sent">
                    <label end="0" start="0" name="Blend"/>
                </layer>
                <layer rank="1" name="Other"/>
                <layer rank="1" name="Target">
                    <label cBy="BoC" end="34" start="29" name="Target"/>
                </layer>
                <layer rank="1" name="Verb"/>
            </annotationSet>
        </sentence>
        <sentence sentNo="0" aPos="48214053" ID="334909">
            <text>Artemis just stared at her , then bobbing a curtsey , turned away and continued on her interrupted progress . </text>
            <annotationSet cDate="01/06/2003 11:46:28 PST Mon" status="UNANN" ID="312714">
                <layer rank="1" name="BNC">
                    <label end="6" start="0" name="NP0"/>
                    <label end="11" start="8" name="AV0"/>
                    <label end="18" start="13" name="VVD"/>
                    <label end="21" start="20" name="PRP"/>
                    <label end="25" start="23" name="PNP"/>
                    <label end="27" start="27" name="PUN"/>
                    <label end="32" start="29" name="AV0"/>
                    <label end="40" start="34" name="VVG"/>
                    <label end="42" start="42" name="AT0"/>
                    <label end="50" start="44" name="NN1"/>
                    <label end="52" start="52" name="PUN"/>
                    <label end="59" start="54" name="VVD-VVN"/>
                    <label end="64" start="61" name="AVP"/>
                    <label end="68" start="66" name="CJC"/>
                    <label end="78" start="70" name="VVD-VVN"/>
                    <label end="81" start="80" name="PRP"/>
                    <label end="85" start="83" name="DPS"/>
                    <label end="97" start="87" name="AJ0"/>
                    <label end="106" start="99" name="NN1"/>
                    <label end="108" start="108" name="PUN"/>
                </layer>
                <layer rank="1" name="NER"/>
                <layer rank="1" name="WSL"/>
            </annotationSet>
            <annotationSet cDate="01/06/2003 11:46:28 PST Mon" status="MANUAL" ID="312715">
                <layer rank="1" name="FE">
                    <label cBy="BoC" feID="68" end="6" start="0" name="Agent"/>
                    <label cBy="BoC" feID="928" end="50" start="42" name="Message"/>
                    <label cBy="cir" feID="2098" end="32" start="29" name="Time"/>
                </layer>
                <layer rank="1" name="GF">
                    <label end="6" start="0" name="Ext"/>
                    <label end="50" start="42" name="Dep"/>
                    <label end="32" start="29" name="Dep"/>
                </layer>
                <layer rank="1" name="PT">
                    <label end="6" start="0" name="NP"/>
                    <label end="50" start="42" name="NP"/>
                    <label end="32" start="29" name="AVP"/>
                </layer>
                <layer rank="1" name="Sent">
                    <label end="0" start="0" name="Blend"/>
                </layer>
                <layer rank="1" name="Other"/>
                <layer rank="1" name="Target">
                    <label cBy="BoC" end="40" start="34" name="Target"/>
                </layer>
                <layer rank="1" name="Verb"/>
            </annotationSet>
        </sentence>
    </subCorpus>
    <subCorpus name="V-680-pass"/>
    <subCorpus name="V-690-trans-other"/>
    <subCorpus name="V-890-intrans-adverb">
        <sentence sentNo="0" aPos="73510283" ID="334956">
            <text>&quot; Finally , &quot; she said , bringing her head up , shaking her head not in negation but a sort of defiance , so that the tangled black hair bobbed once . </text>
            <annotationSet cDate="01/06/2003 11:46:33 PST Mon" status="UNANN" ID="312808">
                <layer rank="1" name="BNC">
                    <label end="0" start="0" name="PUQ"/>
                    <label end="8" start="2" name="AV0"/>
                    <label end="10" start="10" name="PUN"/>
                    <label end="12" start="12" name="PUQ"/>
                    <label end="16" start="14" name="PNP"/>
                    <label end="21" start="18" name="VVD"/>
                    <label end="23" start="23" name="PUN"/>
                    <label end="32" start="25" name="VVG"/>
                    <label end="36" start="34" name="DPS"/>
                    <label end="41" start="38" name="NN1-VVB"/>
                    <label end="44" start="43" name="AVP"/>
                    <label end="46" start="46" name="PUN"/>
                    <label end="54" start="48" name="VVG"/>
                    <label end="58" start="56" name="DPS"/>
                    <label end="63" start="60" name="NN1"/>
                    <label end="67" start="65" name="XX0"/>
                    <label end="70" start="69" name="PRP"/>
                    <label end="79" start="72" name="NN1"/>
                    <label end="83" start="81" name="CJC"/>
                    <label end="85" start="85" name="AT0"/>
                    <label end="90" start="87" name="NN1"/>
                    <label end="93" start="92" name="PRF"/>
                    <label end="102" start="95" name="NN1"/>
                    <label end="104" start="104" name="PUN"/>
                    <label end="107" start="106" name="CJS"/>
                    <label end="112" start="109" name="CJS"/>
                    <label end="116" start="114" name="AT0"/>
                    <label end="124" start="118" name="AJ0"/>
                    <label end="130" start="126" name="AJ0"/>
                    <label end="135" start="132" name="NN1"/>
                    <label end="142" start="137" name="VVD"/>
                    <label end="147" start="144" name="AV0"/>
                    <label end="149" start="149" name="PUN"/>
                </layer>
                <layer rank="1" name="NER"/>
                <layer rank="1" name="WSL"/>
            </annotationSet>
            <annotationSet cDate="01/06/2003 11:46:33 PST Mon" status="MANUAL" ID="312809">
                <layer rank="1" name="FE">
                    <label cBy="BoC" feID="69" end="135" start="114" name="Body_part"/>
                </layer>
                <layer rank="1" name="GF">
                    <label end="135" start="114" name="Ext"/>
                </layer>
                <layer rank="1" name="PT">
                    <label end="135" start="114" name="NP"/>
                </layer>
                <layer rank="1" name="Sent">
                    <label end="0" start="0" name="sense1"/>
                </layer>
                <layer rank="1" name="Other"/>
                <layer rank="1" name="Target">
                    <label cBy="BoC" end="142" start="137" name="Target"/>
                </layer>
                <layer rank="1" name="Verb"/>
            </annotationSet>
        </sentence>
    </subCorpus>
    <subCorpus name="V-900-other">
        <sentence sentNo="0" aPos="101306421" ID="334980">
            <text>Calder 's Adam 's apple bobbed as he swallowed . </text>
            <annotationSet cDate="01/06/2003 11:46:36 PST Mon" status="UNANN" ID="312856">
                <layer rank="1" name="BNC">
                    <label end="5" start="0" name="NP0"/>
                    <label end="8" start="7" name="POS"/>
                    <label end="13" start="10" name="NP0"/>
                    <label end="16" start="15" name="POS"/>
                    <label end="22" start="18" name="NN1"/>
                    <label end="29" start="24" name="VVD-VVN"/>
                    <label end="32" start="31" name="CJS"/>
                    <label end="35" start="34" name="PNP"/>
                    <label end="45" start="37" name="VVD"/>
                    <label end="47" start="47" name="PUN"/>
                </layer>
                <layer rank="1" name="NER"/>
                <layer rank="1" name="WSL"/>
            </annotationSet>
            <annotationSet cDate="01/06/2003 11:46:36 PST Mon" status="MANUAL" ID="312857">
                <layer rank="1" name="FE">
                    <label cBy="BoC" feID="69" end="22" start="0" name="Body_part"/>
                    <label cBy="cir" feID="2098" end="45" start="31" name="Time"/>
                </layer>
                <layer rank="1" name="GF">
                    <label end="22" start="0" name="Ext"/>
                    <label end="45" start="31" name="Dep"/>
                </layer>
                <layer rank="1" name="PT">
                    <label end="22" start="0" name="NP"/>
                    <label end="45" start="31" name="Sub"/>
                </layer>
                <layer rank="1" name="Sent">
                    <label end="0" start="0" name="sense1"/>
                </layer>
                <layer rank="1" name="Other"/>
                <layer rank="1" name="Target">
                    <label cBy="BoC" end="29" start="24" name="Target"/>
                </layer>
                <layer rank="1" name="Verb"/>
                <layer rank="2" name="FE">
                    <label cBy="cir" feID="68" end="8" start="0" name="Agent"/>
                    <label cBy="cir" feID="71" end="45" start="31" name="External_cause"/>
                </layer>
            </annotationSet>
        </sentence>
    </subCorpus>
</lexUnit>