<?xml version="1.0" encoding="UTF-8" standalone="yes"?>
<?xml-stylesheet type="text/xsl" href="lexUnit.xsl"?>
<lexUnit status="Created" incorporatedFE="Penal_institution" POS="N" name="correctional institution.n" ID="6968" frame="Prison" frameID="387" totalAnnotated="0" xsi:schemaLocation="../schema/lexUnit.xsd" xmlns="http://framenet.icsi.berkeley.edu" xmlns:xsi="http://www.w3.org/2001/XMLSchema-instance">
    <header>
        <frame>
            <FE fgColor="FFFFFF" bgColor="90876C" type="Peripheral" abbrev="desc" name="Descriptor"/>
            <FE fgColor="FFFFFF" bgColor="FF0000" type="Peripheral" abbrev="Inmates" name="Inmates"/>
            <FE fgColor="FFFFFF" bgColor="008000" type="Peripheral" abbrev="Location" name="Location"/>
            <FE fgColor="FFFFFF" bgColor="9400D3" type="Peripheral" abbrev="Name" name="Name"/>
            <FE fgColor="FFFFFF" bgColor="0000FF" type="Peripheral" abbrev="Operator" name="Operator"/>
            <FE fgColor="FFFFFF" bgColor="800080" type="Peripheral" abbrev="" name="Part"/>
            <FE fgColor="FFFFFF" bgColor="00BFFF" type="Core" abbrev="pen" name="Penal_institution"/>
            <FE fgColor="000000" bgColor="d0d0d0" type="Peripheral" abbrev="Sec" name="Security"/>
        </frame>
    </header>
    <definition>FN: a prison</definition>
    <lexeme order="1" headword="false" breakBefore="false" POS="A" name="correctional"/>
    <lexeme order="2" headword="true" breakBefore="false" POS="N" name="institution"/>
    <valences/>
</lexUnit>