<?xml version="1.0" encoding="UTF-8" standalone="yes"?>
<?xml-stylesheet type="text/xsl" href="lexUnit.xsl"?>
<lexUnit status="New" POS="N" name="guilt.n" ID="6984" frame="Contrition" frameID="382" totalAnnotated="0" xsi:schemaLocation="../schema/lexUnit.xsd" xmlns="http://framenet.icsi.berkeley.edu" xmlns:xsi="http://www.w3.org/2001/XMLSchema-instance">
    <header>
        <frame>
            <FE fgColor="FFFFFF" bgColor="FF0000" type="Core" abbrev="Action" name="Action"/>
            <FE fgColor="FFFFFF" bgColor="00008B" type="Peripheral" abbrev="Authenticity" name="Authenticity"/>
            <FE fgColor="FFFFFF" bgColor="FF69B4" type="Peripheral" abbrev="Degr" name="Degree"/>
            <FE fgColor="000000" bgColor="FFFF00" type="Extra-Thematic" abbrev="Dep" name="Depictive"/>
            <FE fgColor="FFFFFF" bgColor="0000FF" type="Core" abbrev="E_state" name="Emotional_state"/>
            <FE fgColor="FFFFFF" bgColor="800080" type="Core" abbrev="Experiencer" name="Experiencer"/>
            <FE fgColor="FFFFFF" bgColor="008000" type="Core" abbrev="Expressor" name="Expressor"/>
            <FE fgColor="FFFFFF" bgColor="9F79EE" type="Extra-Thematic" abbrev="Man" name="Manner"/>
            <FE fgColor="000000" bgColor="7CCD73" type="Extra-Thematic" abbrev="Tim" name="Time"/>
        </frame>
    </header>
    <definition>COD: a feeling of having committed wrong or failed in an obligation</definition>
    <lexeme POS="N" name="guilt"/>
    <valences/>
    <subCorpus name="01-experience+feeling-(1)"/>
    <subCorpus name="02-other-matched-(1)"/>
    <subCorpus name="03-other-unmatched-(1)"/>
    <subCorpus name="01-experience+feeling-(2)"/>
    <subCorpus name="02-other-matched-(2)"/>
    <subCorpus name="03-other-unmatched-(2)"/>
</lexUnit>