<?xml version="1.0" encoding="UTF-8" standalone="yes"?>
<?xml-stylesheet type="text/xsl" href="lexUnit.xsl"?>
<lexUnit status="Finished_Initial" POS="A" name="brimming.a" ID="6996" frame="Abounding_with" frameID="262" totalAnnotated="22" xsi:schemaLocation="../schema/lexUnit.xsd" xmlns="http://framenet.icsi.berkeley.edu" xmlns:xsi="http://www.w3.org/2001/XMLSchema-instance">
    <header>
        <frame>
            <FE fgColor="FFFFFF" bgColor="A52A2A" type="Peripheral" abbrev="Degr" name="Degree"/>
            <FE fgColor="FFFFFF" bgColor="90876C" type="Extra-Thematic" abbrev="Dep" name="Depictive"/>
            <FE fgColor="FFFFFF" bgColor="008000" type="Core" abbrev="Loc" name="Location"/>
            <FE fgColor="FFFFFF" bgColor="FF0000" type="Core" abbrev="Thm" name="Theme"/>
            <FE fgColor="FFFF00" bgColor="FFA500" type="Peripheral" abbrev="" name="Time"/>
        </frame>
    </header>
    <definition>COD: full to the point of overflowing.</definition>
    <lexeme POS="A" name="brimming"/>
    <valences>
        <FERealization total="2">
            <FE name="Degree"/>
            <pattern total="2">
                <valenceUnit GF="Dep" PT="AVP" FE="Degree"/>
                <annoSet ID="1554228"/>
                <annoSet ID="1554236"/>
            </pattern>
        </FERealization>
        <FERealization total="22">
            <FE name="Location"/>
            <pattern total="13">
                <valenceUnit GF="Ext" PT="NP" FE="Location"/>
                <annoSet ID="1554030"/>
                <annoSet ID="1554058"/>
                <annoSet ID="1554096"/>
                <annoSet ID="1554106"/>
                <annoSet ID="1554118"/>
                <annoSet ID="1554126"/>
                <annoSet ID="1554128"/>
                <annoSet ID="1554150"/>
                <annoSet ID="1554170"/>
                <annoSet ID="1554172"/>
                <annoSet ID="1554202"/>
                <annoSet ID="1554228"/>
                <annoSet ID="1554236"/>
            </pattern>
            <pattern total="9">
                <valenceUnit GF="Head" PT="N" FE="Location"/>
                <annoSet ID="1554022"/>
                <annoSet ID="1554028"/>
                <annoSet ID="1554054"/>
                <annoSet ID="1554100"/>
                <annoSet ID="1554102"/>
                <annoSet ID="1554104"/>
                <annoSet ID="1554166"/>
                <annoSet ID="1554190"/>
                <annoSet ID="1554230"/>
            </pattern>
        </FERealization>
        <FERealization total="15">
            <FE name="Theme"/>
            <pattern total="13">
                <valenceUnit GF="Dep" PT="PP[with]" FE="Theme"/>
                <annoSet ID="1554028"/>
                <annoSet ID="1554030"/>
                <annoSet ID="1554058"/>
                <annoSet ID="1554106"/>
                <annoSet ID="1554118"/>
                <annoSet ID="1554126"/>
                <annoSet ID="1554128"/>
                <annoSet ID="1554150"/>
                <annoSet ID="1554170"/>
                <annoSet ID="1554172"/>
                <annoSet ID="1554202"/>
                <annoSet ID="1554228"/>
                <annoSet ID="1554236"/>
            </pattern>
            <pattern total="2">
                <valenceUnit GF="Dep" PT="PP[of]" FE="Theme"/>
                <annoSet ID="1554104"/>
                <annoSet ID="1554230"/>
            </pattern>
        </FERealization>
        <FEGroupRealization total="2">
            <FE name="Degree"/>
            <FE name="Location"/>
            <FE name="Theme"/>
            <pattern total="2">
                <valenceUnit GF="Dep" PT="AVP" FE="Degree"/>
                <valenceUnit GF="Ext" PT="NP" FE="Location"/>
                <valenceUnit GF="Dep" PT="PP[with]" FE="Theme"/>
                <annoSet ID="1554228"/>
                <annoSet ID="1554236"/>
            </pattern>
        </FEGroupRealization>
        <FEGroupRealization total="7">
            <FE name="Location"/>
            <pattern total="6">
                <valenceUnit GF="Head" PT="N" FE="Location"/>
                <annoSet ID="1554022"/>
                <annoSet ID="1554054"/>
                <annoSet ID="1554100"/>
                <annoSet ID="1554102"/>
                <annoSet ID="1554166"/>
                <annoSet ID="1554190"/>
            </pattern>
            <pattern total="1">
                <valenceUnit GF="Ext" PT="NP" FE="Location"/>
                <annoSet ID="1554096"/>
            </pattern>
        </FEGroupRealization>
        <FEGroupRealization total="1">
            <FE name="Location"/>
            <FE name="Location"/>
            <FE name="Theme"/>
            <pattern total="1">
                <valenceUnit GF="Ext" PT="NP" FE="Location"/>
                <valenceUnit GF="Ext" PT="NP" FE="Location"/>
                <valenceUnit GF="Dep" PT="PP[with]" FE="Theme"/>
                <annoSet ID="1554058"/>
            </pattern>
        </FEGroupRealization>
        <FEGroupRealization total="12">
            <FE name="Location"/>
            <FE name="Theme"/>
            <pattern total="2">
                <valenceUnit GF="Head" PT="N" FE="Location"/>
                <valenceUnit GF="Dep" PT="PP[of]" FE="Theme"/>
                <annoSet ID="1554104"/>
                <annoSet ID="1554230"/>
            </pattern>
            <pattern total="1">
                <valenceUnit GF="Head" PT="N" FE="Location"/>
                <valenceUnit GF="Dep" PT="PP[with]" FE="Theme"/>
                <annoSet ID="1554028"/>
            </pattern>
            <pattern total="9">
                <valenceUnit GF="Ext" PT="NP" FE="Location"/>
                <valenceUnit GF="Dep" PT="PP[with]" FE="Theme"/>
                <annoSet ID="1554030"/>
                <annoSet ID="1554106"/>
                <annoSet ID="1554118"/>
                <annoSet ID="1554126"/>
                <annoSet ID="1554128"/>
                <annoSet ID="1554150"/>
                <annoSet ID="1554170"/>
                <annoSet ID="1554172"/>
                <annoSet ID="1554202"/>
            </pattern>
        </FEGroupRealization>
    </valences>
    <subCorpus name="A-001-all">
        <sentence sentNo="0" aPos="4083173" ID="1051288">
            <text>He handed a brimming glass to the imperturbable Marx . </text>
            <annotationSet cDate="01/08/2003 12:27:54 PST Wed" status="UNANN" ID="1554021">
                <layer rank="1" name="BNC">
                    <label end="1" start="0" name="PNP"/>
                    <label end="8" start="3" name="VVD"/>
                    <label end="10" start="10" name="AT0"/>
                    <label end="19" start="12" name="AJ0-NN1"/>
                    <label end="25" start="21" name="NN1"/>
                    <label end="28" start="27" name="PRP"/>
                    <label end="32" start="30" name="AT0"/>
                    <label end="46" start="34" name="AJ0"/>
                    <label end="51" start="48" name="NP0"/>
                    <label end="53" start="53" name="PUN"/>
                </layer>
                <layer rank="1" name="NER"/>
                <layer rank="1" name="WSL"/>
            </annotationSet>
            <annotationSet cDate="01/08/2003 12:27:54 PST Wed" status="MANUAL" ID="1554022">
                <layer rank="1" name="FE">
                    <label cBy="hmC" feID="2261" end="25" start="21" name="Location"/>
                </layer>
                <layer rank="1" name="GF">
                    <label end="25" start="21" name="Head"/>
                </layer>
                <layer rank="1" name="PT">
                    <label end="25" start="21" name="N"/>
                </layer>
                <layer rank="1" name="Sent"/>
                <layer rank="1" name="Other"/>
                <layer rank="1" name="Target">
                    <label cBy="BoC" end="19" start="12" name="Target"/>
                </layer>
                <layer rank="1" name="Adj"/>
            </annotationSet>
        </sentence>
        <sentence sentNo="0" aPos="6021717" ID="1051291">
            <text>A holding camp designed for 480 boat people has been brimming with more than 1,000 . </text>
            <annotationSet cDate="01/08/2003 12:27:54 PST Wed" status="UNANN" ID="1554027">
                <layer rank="1" name="BNC">
                    <label end="0" start="0" name="AT0"/>
                    <label end="8" start="2" name="NN1"/>
                    <label end="13" start="10" name="NN1"/>
                    <label end="22" start="15" name="VVD-VVN"/>
                    <label end="26" start="24" name="PRP"/>
                    <label end="30" start="28" name="CRD"/>
                    <label end="35" start="32" name="NN1"/>
                    <label end="42" start="37" name="NN0"/>
                    <label end="46" start="44" name="VHZ"/>
                    <label end="51" start="48" name="VBN"/>
                    <label end="60" start="53" name="VVG"/>
                    <label end="65" start="62" name="PRP"/>
                    <label end="70" start="67" name="DT0"/>
                    <label end="75" start="72" name="CJS"/>
                    <label end="81" start="77" name="CRD"/>
                    <label end="83" start="83" name="PUN"/>
                </layer>
                <layer rank="1" name="NER"/>
                <layer rank="1" name="WSL"/>
            </annotationSet>
            <annotationSet cDate="01/08/2003 12:27:54 PST Wed" status="MANUAL" ID="1554028">
                <layer rank="1" name="FE">
                    <label cBy="hmC" feID="2261" end="42" start="0" name="Location"/>
                    <label cBy="hmC" feID="2260" end="81" start="62" name="Theme"/>
                </layer>
                <layer rank="1" name="GF">
                    <label end="42" start="0" name="Head"/>
                    <label end="81" start="62" name="Dep"/>
                </layer>
                <layer rank="1" name="PT">
                    <label end="42" start="0" name="N"/>
                    <label end="81" start="62" name="PP"/>
                </layer>
                <layer rank="1" name="Sent"/>
                <layer rank="1" name="Other"/>
                <layer rank="1" name="Target">
                    <label cBy="BoC" end="60" start="53" name="Target"/>
                </layer>
                <layer rank="1" name="Adj">
                    <label end="51" start="48" name="Cop"/>
                </layer>
            </annotationSet>
        </sentence>
        <sentence sentNo="0" aPos="6520160" ID="1051292">
            <text>OLD BRUSSELS : Chez Jean has been serving steaming pots brimming with mussels and other Brussels specialties since 1931 . </text>
            <annotationSet cDate="01/08/2003 12:27:54 PST Wed" status="UNANN" ID="1554029">
                <layer rank="1" name="BNC">
                    <label end="2" start="0" name="AJ0"/>
                    <label end="11" start="4" name="NP0"/>
                    <label end="13" start="13" name="PUN"/>
                    <label end="18" start="15" name="PRP"/>
                    <label end="23" start="20" name="NP0"/>
                    <label end="27" start="25" name="VHZ"/>
                    <label end="32" start="29" name="VBN"/>
                    <label end="40" start="34" name="VVG"/>
                    <label end="49" start="42" name="AJ0"/>
                    <label end="54" start="51" name="NN2"/>
                    <label end="63" start="56" name="VVG"/>
                    <label end="68" start="65" name="PRP"/>
                    <label end="76" start="70" name="NN2"/>
                    <label end="80" start="78" name="CJC"/>
                    <label end="86" start="82" name="AJ0"/>
                    <label end="95" start="88" name="NP0"/>
                    <label end="107" start="97" name="NN2"/>
                    <label end="113" start="109" name="PRP"/>
                    <label end="118" start="115" name="CRD"/>
                    <label end="120" start="120" name="PUN"/>
                </layer>
                <layer rank="1" name="NER"/>
                <layer rank="1" name="WSL"/>
            </annotationSet>
            <annotationSet cDate="01/08/2003 12:27:54 PST Wed" status="MANUAL" ID="1554030">
                <layer rank="1" name="FE">
                    <label cBy="hmC" feID="2261" end="54" start="42" name="Location"/>
                    <label cBy="hmC" feID="2260" end="76" start="65" name="Theme"/>
                </layer>
                <layer rank="1" name="GF">
                    <label end="54" start="42" name="Ext"/>
                    <label end="76" start="65" name="Dep"/>
                </layer>
                <layer rank="1" name="PT">
                    <label end="54" start="42" name="NP"/>
                    <label end="76" start="65" name="PP"/>
                </layer>
                <layer rank="1" name="Sent"/>
                <layer rank="1" name="Other"/>
                <layer rank="1" name="Target">
                    <label cBy="BoC" end="63" start="56" name="Target"/>
                </layer>
                <layer rank="1" name="Adj"/>
            </annotationSet>
        </sentence>
        <sentence sentNo="0" aPos="19324710" ID="1051304">
            <text>After a brief wait and an exchange of pleasantries with Renee , Yanto carried the two brimming mugs back out into the sun and joined Selwyn on the bench . </text>
            <annotationSet cDate="01/08/2003 12:27:55 PST Wed" status="UNANN" ID="1554053">
                <layer rank="1" name="BNC">
                    <label end="4" start="0" name="CJS-PRP"/>
                    <label end="6" start="6" name="AT0"/>
                    <label end="12" start="8" name="AJ0"/>
                    <label end="17" start="14" name="NN1"/>
                    <label end="21" start="19" name="CJC"/>
                    <label end="24" start="23" name="AT0"/>
                    <label end="33" start="26" name="NN1"/>
                    <label end="36" start="35" name="PRF"/>
                    <label end="49" start="38" name="NN2"/>
                    <label end="54" start="51" name="PRP"/>
                    <label end="60" start="56" name="NN1-NP0"/>
                    <label end="62" start="62" name="PUN"/>
                    <label end="68" start="64" name="NP0"/>
                    <label end="76" start="70" name="VVD"/>
                    <label end="80" start="78" name="AT0"/>
                    <label end="84" start="82" name="CRD"/>
                    <label end="93" start="86" name="AJ0-NN1"/>
                    <label end="98" start="95" name="NN2"/>
                    <label end="103" start="100" name="VVB"/>
                    <label end="107" start="105" name="AVP"/>
                    <label end="112" start="109" name="PRP"/>
                    <label end="116" start="114" name="AT0"/>
                    <label end="120" start="118" name="NN1"/>
                    <label end="124" start="122" name="CJC"/>
                    <label end="131" start="126" name="VVD-VVN"/>
                    <label end="138" start="133" name="NP0"/>
                    <label end="141" start="140" name="PRP"/>
                    <label end="145" start="143" name="AT0"/>
                    <label end="151" start="147" name="NN1"/>
                    <label end="153" start="153" name="PUN"/>
                </layer>
                <layer rank="1" name="NER"/>
                <layer rank="1" name="WSL"/>
            </annotationSet>
            <annotationSet cDate="01/08/2003 12:27:56 PST Wed" status="MANUAL" ID="1554054">
                <layer rank="1" name="FE">
                    <label cBy="hmC" feID="2261" end="98" start="95" name="Location"/>
                </layer>
                <layer rank="1" name="GF">
                    <label end="98" start="95" name="Head"/>
                </layer>
                <layer rank="1" name="PT">
                    <label end="98" start="95" name="N"/>
                </layer>
                <layer rank="1" name="Sent"/>
                <layer rank="1" name="Other"/>
                <layer rank="1" name="Target">
                    <label cBy="BoC" end="93" start="86" name="Target"/>
                </layer>
                <layer rank="1" name="Adj"/>
            </annotationSet>
        </sentence>
        <sentence sentNo="0" aPos="20943232" ID="1051306">
            <text>I was welcomed in through the front door almost before it was opened , and settled down in front of a Victorian stove that was brimming with hot coals . </text>
            <annotationSet cDate="01/08/2003 12:27:56 PST Wed" status="UNANN" ID="1554057">
                <layer rank="1" name="BNC">
                    <label end="0" start="0" name="PNP"/>
                    <label end="4" start="2" name="VBD"/>
                    <label end="13" start="6" name="VVN"/>
                    <label end="16" start="15" name="AVP"/>
                    <label end="24" start="18" name="PRP"/>
                    <label end="28" start="26" name="AT0"/>
                    <label end="34" start="30" name="AJ0"/>
                    <label end="39" start="36" name="NN1"/>
                    <label end="46" start="41" name="AV0"/>
                    <label end="53" start="48" name="CJS"/>
                    <label end="56" start="55" name="PNP"/>
                    <label end="60" start="58" name="VBD"/>
                    <label end="67" start="62" name="VVN"/>
                    <label end="69" start="69" name="PUN"/>
                    <label end="73" start="71" name="CJC"/>
                    <label end="81" start="75" name="VVN"/>
                    <label end="86" start="83" name="AVP"/>
                    <label end="89" start="88" name="PRP"/>
                    <label end="95" start="91" name="PRP"/>
                    <label end="98" start="97" name="PRP"/>
                    <label end="100" start="100" name="AT0"/>
                    <label end="110" start="102" name="AJ0"/>
                    <label end="116" start="112" name="NN1"/>
                    <label end="121" start="118" name="CJT"/>
                    <label end="125" start="123" name="VBD"/>
                    <label end="134" start="127" name="VVG"/>
                    <label end="139" start="136" name="PRP"/>
                    <label end="143" start="141" name="AJ0"/>
                    <label end="149" start="145" name="NN2"/>
                    <label end="151" start="151" name="PUN"/>
                </layer>
                <layer rank="1" name="NER"/>
                <layer rank="1" name="WSL"/>
            </annotationSet>
            <annotationSet cDate="01/08/2003 12:27:56 PST Wed" status="MANUAL" ID="1554058">
                <layer rank="1" name="FE">
                    <label cBy="hmC" feID="2261" end="116" start="100" name="Location"/>
                    <label cBy="hmC" feID="2260" end="149" start="136" name="Theme"/>
                    <label cBy="Hay" feID="2261" end="121" start="118" name="Location"/>
                </layer>
                <layer rank="1" name="GF">
                    <label end="116" start="100" name="Ext"/>
                    <label end="149" start="136" name="Dep"/>
                    <label end="121" start="118" name="Ext"/>
                </layer>
                <layer rank="1" name="PT">
                    <label end="116" start="100" name="NP"/>
                    <label end="149" start="136" name="PP"/>
                    <label end="121" start="118" name="NP"/>
                </layer>
                <layer rank="1" name="Sent"/>
                <layer rank="1" name="Other">
                    <label end="116" start="100" name="Ant"/>
                    <label end="121" start="118" name="Rel"/>
                </layer>
                <layer rank="1" name="Target">
                    <label cBy="BoC" end="134" start="127" name="Target"/>
                </layer>
                <layer rank="1" name="Adj">
                    <label end="125" start="123" name="Cop"/>
                </layer>
            </annotationSet>
        </sentence>
        <sentence sentNo="0" aPos="36380533" ID="1051325">
            <text>Their bowls will be brimming , they will head the queue for the sprat of meat or fish that floats in the soup gruel . </text>
            <annotationSet cDate="01/08/2003 12:28:00 PST Wed" status="UNANN" ID="1554095">
                <layer rank="1" name="BNC">
                    <label end="4" start="0" name="DPS"/>
                    <label end="10" start="6" name="NN2"/>
                    <label end="15" start="12" name="VM0"/>
                    <label end="18" start="17" name="VBI"/>
                    <label end="27" start="20" name="VVG"/>
                    <label end="29" start="29" name="PUN"/>
                    <label end="34" start="31" name="PNP"/>
                    <label end="39" start="36" name="VM0"/>
                    <label end="44" start="41" name="VVI"/>
                    <label end="48" start="46" name="AT0"/>
                    <label end="54" start="50" name="NN1"/>
                    <label end="58" start="56" name="PRP"/>
                    <label end="62" start="60" name="AT0"/>
                    <label end="68" start="64" name="NN1"/>
                    <label end="71" start="70" name="PRF"/>
                    <label end="76" start="73" name="NN1"/>
                    <label end="79" start="78" name="CJC"/>
                    <label end="84" start="81" name="VVB"/>
                    <label end="89" start="86" name="CJT-DT0"/>
                    <label end="96" start="91" name="NN2-VVZ"/>
                    <label end="99" start="98" name="PRP"/>
                    <label end="103" start="101" name="AT0"/>
                    <label end="108" start="105" name="NN1"/>
                    <label end="114" start="110" name="NN1"/>
                    <label end="116" start="116" name="PUN"/>
                </layer>
                <layer rank="1" name="NER"/>
                <layer rank="1" name="WSL"/>
            </annotationSet>
            <annotationSet cDate="01/08/2003 12:28:00 PST Wed" status="MANUAL" ID="1554096">
                <layer rank="1" name="FE">
                    <label cBy="hmC" feID="2261" end="10" start="0" name="Location"/>
                </layer>
                <layer rank="1" name="GF">
                    <label end="10" start="0" name="Ext"/>
                </layer>
                <layer rank="1" name="PT">
                    <label end="10" start="0" name="NP"/>
                </layer>
                <layer rank="1" name="Sent"/>
                <layer rank="1" name="Other"/>
                <layer rank="1" name="Target">
                    <label cBy="BoC" end="27" start="20" name="Target"/>
                </layer>
                <layer rank="1" name="Adj">
                    <label end="18" start="17" name="Cop"/>
                </layer>
            </annotationSet>
        </sentence>
        <sentence sentNo="0" aPos="36931514" ID="1051327">
            <text>Lighting up the cigarette from the stub of the previous one he tossed the butt into the brimming blue ashtray . </text>
            <annotationSet cDate="01/08/2003 12:28:00 PST Wed" status="UNANN" ID="1554099">
                <layer rank="1" name="BNC">
                    <label end="7" start="0" name="VVG"/>
                    <label end="10" start="9" name="AVP-PRP"/>
                    <label end="14" start="12" name="AT0"/>
                    <label end="24" start="16" name="NN1"/>
                    <label end="29" start="26" name="PRP"/>
                    <label end="33" start="31" name="AT0"/>
                    <label end="38" start="35" name="NN1"/>
                    <label end="41" start="40" name="PRF"/>
                    <label end="45" start="43" name="AT0"/>
                    <label end="54" start="47" name="AJ0"/>
                    <label end="58" start="56" name="PNI"/>
                    <label end="61" start="60" name="PNP"/>
                    <label end="68" start="63" name="VVD"/>
                    <label end="72" start="70" name="AT0"/>
                    <label end="77" start="74" name="NN1"/>
                    <label end="82" start="79" name="PRP"/>
                    <label end="86" start="84" name="AT0"/>
                    <label end="95" start="88" name="AJ0"/>
                    <label end="100" start="97" name="AJ0"/>
                    <label end="108" start="102" name="NN1"/>
                    <label end="110" start="110" name="PUN"/>
                </layer>
                <layer rank="1" name="NER"/>
                <layer rank="1" name="WSL"/>
            </annotationSet>
            <annotationSet cDate="01/08/2003 12:28:00 PST Wed" status="MANUAL" ID="1554100">
                <layer rank="1" name="FE">
                    <label cBy="hmC" feID="2261" end="108" start="97" name="Location"/>
                </layer>
                <layer rank="1" name="GF">
                    <label end="108" start="97" name="Head"/>
                </layer>
                <layer rank="1" name="PT">
                    <label end="108" start="97" name="N"/>
                </layer>
                <layer rank="1" name="Sent"/>
                <layer rank="1" name="Other"/>
                <layer rank="1" name="Target">
                    <label cBy="BoC" end="95" start="88" name="Target"/>
                </layer>
                <layer rank="1" name="Adj"/>
            </annotationSet>
        </sentence>
        <sentence sentNo="0" aPos="36936611" ID="1051328">
            <text>The old man toasted him with his brimming glass . </text>
            <annotationSet cDate="01/08/2003 12:28:00 PST Wed" status="UNANN" ID="1554101">
                <layer rank="1" name="BNC">
                    <label end="2" start="0" name="AT0"/>
                    <label end="6" start="4" name="AJ0"/>
                    <label end="10" start="8" name="NN1"/>
                    <label end="18" start="12" name="VVD"/>
                    <label end="22" start="20" name="PNP"/>
                    <label end="27" start="24" name="PRP"/>
                    <label end="31" start="29" name="DPS"/>
                    <label end="40" start="33" name="AJ0-NN1"/>
                    <label end="46" start="42" name="NN1"/>
                    <label end="48" start="48" name="PUN"/>
                </layer>
                <layer rank="1" name="NER"/>
                <layer rank="1" name="WSL"/>
            </annotationSet>
            <annotationSet cDate="01/08/2003 12:28:01 PST Wed" status="MANUAL" ID="1554102">
                <layer rank="1" name="FE">
                    <label cBy="hmC" feID="2261" end="46" start="42" name="Location"/>
                </layer>
                <layer rank="1" name="GF">
                    <label end="46" start="42" name="Head"/>
                </layer>
                <layer rank="1" name="PT">
                    <label end="46" start="42" name="N"/>
                </layer>
                <layer rank="1" name="Sent"/>
                <layer rank="1" name="Other"/>
                <layer rank="1" name="Target">
                    <label cBy="BoC" end="40" start="33" name="Target"/>
                </layer>
                <layer rank="1" name="Adj"/>
            </annotationSet>
        </sentence>
        <sentence sentNo="0" aPos="36942269" ID="1051329">
            <text>Volker 's mother had been a big , fat woman partial to a plate of coarse regional sausages doused in hot mustard and a brimming tankard of rich dark beer . </text>
            <annotationSet cDate="01/08/2003 12:28:01 PST Wed" status="UNANN" ID="1554103">
                <layer rank="1" name="BNC">
                    <label end="5" start="0" name="NP0"/>
                    <label end="8" start="7" name="POS"/>
                    <label end="15" start="10" name="NN1"/>
                    <label end="19" start="17" name="VHD"/>
                    <label end="24" start="21" name="VBN"/>
                    <label end="26" start="26" name="AT0"/>
                    <label end="30" start="28" name="AJ0"/>
                    <label end="32" start="32" name="PUN"/>
                    <label end="36" start="34" name="AJ0"/>
                    <label end="42" start="38" name="NN1"/>
                    <label end="50" start="44" name="AJ0"/>
                    <label end="53" start="52" name="PRP"/>
                    <label end="55" start="55" name="AT0"/>
                    <label end="61" start="57" name="NN1"/>
                    <label end="64" start="63" name="PRF"/>
                    <label end="71" start="66" name="AJ0"/>
                    <label end="80" start="73" name="AJ0"/>
                    <label end="89" start="82" name="NN2"/>
                    <label end="96" start="91" name="VVD-VVN"/>
                    <label end="99" start="98" name="PRP"/>
                    <label end="103" start="101" name="AJ0"/>
                    <label end="111" start="105" name="NN1"/>
                    <label end="115" start="113" name="CJC"/>
                    <label end="117" start="117" name="AT0"/>
                    <label end="126" start="119" name="AJ0"/>
                    <label end="134" start="128" name="NN1"/>
                    <label end="137" start="136" name="PRF"/>
                    <label end="142" start="139" name="AJ0"/>
                    <label end="147" start="144" name="AJ0-NN1"/>
                    <label end="152" start="149" name="NN1"/>
                    <label end="154" start="154" name="PUN"/>
                </layer>
                <layer rank="1" name="NER"/>
                <layer rank="1" name="WSL"/>
            </annotationSet>
            <annotationSet cDate="01/08/2003 12:28:01 PST Wed" status="MANUAL" ID="1554104">
                <layer rank="1" name="FE">
                    <label cBy="hmC" feID="2261" end="134" start="128" name="Location"/>
                    <label cBy="hmC" feID="2260" end="152" start="136" name="Theme"/>
                </layer>
                <layer rank="1" name="GF">
                    <label end="134" start="128" name="Head"/>
                    <label end="152" start="136" name="Dep"/>
                </layer>
                <layer rank="1" name="PT">
                    <label end="134" start="128" name="N"/>
                    <label end="152" start="136" name="PP"/>
                </layer>
                <layer rank="1" name="Sent"/>
                <layer rank="1" name="Other"/>
                <layer rank="1" name="Target">
                    <label cBy="BoC" end="126" start="119" name="Target"/>
                </layer>
                <layer rank="1" name="Adj"/>
            </annotationSet>
        </sentence>
        <sentence sentNo="0" aPos="37168191" ID="1051330">
            <text>There was a constriction in her throat and her eyes were brimming with tears . </text>
            <annotationSet cDate="01/08/2003 12:28:01 PST Wed" status="UNANN" ID="1554105">
                <layer rank="1" name="BNC">
                    <label end="4" start="0" name="EX0"/>
                    <label end="8" start="6" name="VBD"/>
                    <label end="10" start="10" name="AT0"/>
                    <label end="23" start="12" name="NN1"/>
                    <label end="26" start="25" name="PRP"/>
                    <label end="30" start="28" name="DPS"/>
                    <label end="37" start="32" name="NN1"/>
                    <label end="41" start="39" name="CJC"/>
                    <label end="45" start="43" name="DPS"/>
                    <label end="50" start="47" name="NN2"/>
                    <label end="55" start="52" name="VBD"/>
                    <label end="64" start="57" name="VVG"/>
                    <label end="69" start="66" name="PRP"/>
                    <label end="75" start="71" name="NN2"/>
                    <label end="77" start="77" name="PUN"/>
                </layer>
                <layer rank="1" name="NER"/>
                <layer rank="1" name="WSL"/>
            </annotationSet>
            <annotationSet cDate="01/08/2003 12:28:01 PST Wed" status="MANUAL" ID="1554106">
                <layer rank="1" name="FE">
                    <label cBy="hmC" feID="2261" end="50" start="43" name="Location"/>
                    <label cBy="hmC" feID="2260" end="75" start="66" name="Theme"/>
                </layer>
                <layer rank="1" name="GF">
                    <label end="50" start="43" name="Ext"/>
                    <label end="75" start="66" name="Dep"/>
                </layer>
                <layer rank="1" name="PT">
                    <label end="50" start="43" name="NP"/>
                    <label end="75" start="66" name="PP"/>
                </layer>
                <layer rank="1" name="Sent"/>
                <layer rank="1" name="Other"/>
                <layer rank="1" name="Target">
                    <label cBy="BoC" end="64" start="57" name="Target"/>
                </layer>
                <layer rank="1" name="Adj">
                    <label end="55" start="52" name="Cop"/>
                </layer>
            </annotationSet>
        </sentence>
        <sentence sentNo="0" aPos="45675772" ID="1051336">
            <text>Greve in Chianti is some 18 miles from the city -- a town where the houses smile out at you above colourful balconies brimming with geranium pots . </text>
            <annotationSet cDate="01/08/2003 12:28:01 PST Wed" status="UNANN" ID="1554117">
                <layer rank="1" name="BNC">
                    <label end="4" start="0" name="NN1-VVB"/>
                    <label end="7" start="6" name="PRP"/>
                    <label end="15" start="9" name="NN1"/>
                    <label end="18" start="17" name="VBZ"/>
                    <label end="23" start="20" name="DT0"/>
                    <label end="26" start="25" name="CRD"/>
                    <label end="32" start="28" name="NN2"/>
                    <label end="37" start="34" name="PRP"/>
                    <label end="41" start="39" name="AT0"/>
                    <label end="46" start="43" name="NN1"/>
                    <label end="49" start="48" name="PUN"/>
                    <label end="51" start="51" name="AT0"/>
                    <label end="56" start="53" name="NN1"/>
                    <label end="62" start="58" name="AVQ-CJS"/>
                    <label end="66" start="64" name="AT0"/>
                    <label end="73" start="68" name="NN2"/>
                    <label end="79" start="75" name="VVB"/>
                    <label end="83" start="81" name="AVP"/>
                    <label end="86" start="85" name="PRP"/>
                    <label end="90" start="88" name="PNP"/>
                    <label end="96" start="92" name="AV0"/>
                    <label end="106" start="98" name="AJ0"/>
                    <label end="116" start="108" name="NN2"/>
                    <label end="125" start="118" name="VVG"/>
                    <label end="130" start="127" name="PRP"/>
                    <label end="139" start="132" name="NN1"/>
                    <label end="144" start="141" name="NN2"/>
                    <label end="146" start="146" name="PUN"/>
                </layer>
                <layer rank="1" name="NER"/>
                <layer rank="1" name="WSL"/>
            </annotationSet>
            <annotationSet cDate="01/08/2003 12:28:02 PST Wed" status="MANUAL" ID="1554118">
                <layer rank="1" name="FE">
                    <label cBy="hmC" feID="2261" end="116" start="98" name="Location"/>
                    <label cBy="hmC" feID="2260" end="144" start="127" name="Theme"/>
                </layer>
                <layer rank="1" name="GF">
                    <label end="116" start="98" name="Ext"/>
                    <label end="144" start="127" name="Dep"/>
                </layer>
                <layer rank="1" name="PT">
                    <label end="116" start="98" name="NP"/>
                    <label end="144" start="127" name="PP"/>
                </layer>
                <layer rank="1" name="Sent"/>
                <layer rank="1" name="Other"/>
                <layer rank="1" name="Target">
                    <label cBy="BoC" end="125" start="118" name="Target"/>
                </layer>
                <layer rank="1" name="Adj"/>
            </annotationSet>
        </sentence>
        <sentence sentNo="0" aPos="46919216" ID="1051340">
            <text>Books , horses and a garden brimming with flowers are the lasting impressions of Lavender Cottage . </text>
            <annotationSet cDate="01/08/2003 12:28:02 PST Wed" status="UNANN" ID="1554125">
                <layer rank="1" name="BNC">
                    <label end="4" start="0" name="NN2"/>
                    <label end="6" start="6" name="PUN"/>
                    <label end="13" start="8" name="NN2"/>
                    <label end="17" start="15" name="CJC"/>
                    <label end="19" start="19" name="AT0"/>
                    <label end="26" start="21" name="NN1"/>
                    <label end="35" start="28" name="VVG"/>
                    <label end="40" start="37" name="PRP"/>
                    <label end="48" start="42" name="NN2"/>
                    <label end="52" start="50" name="VBB"/>
                    <label end="56" start="54" name="AT0"/>
                    <label end="64" start="58" name="AJ0"/>
                    <label end="76" start="66" name="NN2"/>
                    <label end="79" start="78" name="PRF"/>
                    <label end="88" start="81" name="NP0"/>
                    <label end="96" start="90" name="NP0"/>
                    <label end="98" start="98" name="PUN"/>
                </layer>
                <layer rank="1" name="NER"/>
                <layer rank="1" name="WSL"/>
            </annotationSet>
            <annotationSet cDate="01/08/2003 12:28:02 PST Wed" status="MANUAL" ID="1554126">
                <layer rank="1" name="FE">
                    <label cBy="hmC" feID="2261" end="26" start="19" name="Location"/>
                    <label cBy="hmC" feID="2260" end="48" start="37" name="Theme"/>
                </layer>
                <layer rank="1" name="GF">
                    <label end="26" start="19" name="Ext"/>
                    <label end="48" start="37" name="Dep"/>
                </layer>
                <layer rank="1" name="PT">
                    <label end="26" start="19" name="NP"/>
                    <label end="48" start="37" name="PP"/>
                </layer>
                <layer rank="1" name="Sent"/>
                <layer rank="1" name="Other"/>
                <layer rank="1" name="Target">
                    <label cBy="BoC" end="35" start="28" name="Target"/>
                </layer>
                <layer rank="1" name="Adj"/>
            </annotationSet>
        </sentence>
        <sentence sentNo="0" aPos="47422076" ID="1051341">
            <text>Anna held out a spoon brimming with caviar and pushed it towards Romanov as if she was trying to feed a reluctant baby . </text>
            <annotationSet cDate="01/08/2003 12:28:02 PST Wed" status="UNANN" ID="1554127">
                <layer rank="1" name="BNC">
                    <label end="3" start="0" name="NP0"/>
                    <label end="8" start="5" name="VVD"/>
                    <label end="12" start="10" name="AVP"/>
                    <label end="14" start="14" name="AT0"/>
                    <label end="20" start="16" name="NN1"/>
                    <label end="29" start="22" name="VVG"/>
                    <label end="34" start="31" name="PRP"/>
                    <label end="41" start="36" name="NN1"/>
                    <label end="45" start="43" name="CJC"/>
                    <label end="52" start="47" name="VVD-VVN"/>
                    <label end="55" start="54" name="PNP"/>
                    <label end="63" start="57" name="PRP"/>
                    <label end="71" start="65" name="NP0"/>
                    <label end="74" start="73" name="CJS"/>
                    <label end="77" start="76" name="CJS"/>
                    <label end="81" start="79" name="PNP"/>
                    <label end="85" start="83" name="VBD"/>
                    <label end="92" start="87" name="VVG"/>
                    <label end="95" start="94" name="TO0"/>
                    <label end="100" start="97" name="VVI"/>
                    <label end="102" start="102" name="AT0"/>
                    <label end="112" start="104" name="AJ0"/>
                    <label end="117" start="114" name="NN1"/>
                    <label end="119" start="119" name="PUN"/>
                </layer>
                <layer rank="1" name="NER"/>
                <layer rank="1" name="WSL"/>
            </annotationSet>
            <annotationSet cDate="01/08/2003 12:28:02 PST Wed" status="MANUAL" ID="1554128">
                <layer rank="1" name="FE">
                    <label cBy="hmC" feID="2261" end="20" start="14" name="Location"/>
                    <label cBy="hmC" feID="2260" end="41" start="31" name="Theme"/>
                </layer>
                <layer rank="1" name="GF">
                    <label end="20" start="14" name="Ext"/>
                    <label end="41" start="31" name="Dep"/>
                </layer>
                <layer rank="1" name="PT">
                    <label end="20" start="14" name="NP"/>
                    <label end="41" start="31" name="PP"/>
                </layer>
                <layer rank="1" name="Sent"/>
                <layer rank="1" name="Other"/>
                <layer rank="1" name="Target">
                    <label cBy="BoC" end="29" start="22" name="Target"/>
                </layer>
                <layer rank="1" name="Adj"/>
            </annotationSet>
        </sentence>
        <sentence sentNo="0" aPos="62681159" ID="1051352">
            <text>Tolonen sat at his daughter 's bedside , his eyes brimming with tears . </text>
            <annotationSet cDate="01/08/2003 12:28:03 PST Wed" status="UNANN" ID="1554149">
                <layer rank="1" name="BNC">
                    <label end="6" start="0" name="NN1-NP0"/>
                    <label end="10" start="8" name="VVD"/>
                    <label end="13" start="12" name="PRP"/>
                    <label end="17" start="15" name="DPS"/>
                    <label end="26" start="19" name="NN1"/>
                    <label end="29" start="28" name="POS"/>
                    <label end="37" start="31" name="NN1"/>
                    <label end="39" start="39" name="PUN"/>
                    <label end="43" start="41" name="DPS"/>
                    <label end="48" start="45" name="NN2"/>
                    <label end="57" start="50" name="VVG"/>
                    <label end="62" start="59" name="PRP"/>
                    <label end="68" start="64" name="NN2"/>
                    <label end="70" start="70" name="PUN"/>
                </layer>
                <layer rank="1" name="NER"/>
                <layer rank="1" name="WSL"/>
            </annotationSet>
            <annotationSet cDate="01/08/2003 12:28:03 PST Wed" status="MANUAL" ID="1554150">
                <layer rank="1" name="FE">
                    <label cBy="hmC" feID="2261" end="48" start="41" name="Location"/>
                    <label cBy="hmC" feID="2260" end="68" start="59" name="Theme"/>
                </layer>
                <layer rank="1" name="GF">
                    <label end="48" start="41" name="Ext"/>
                    <label end="68" start="59" name="Dep"/>
                </layer>
                <layer rank="1" name="PT">
                    <label end="48" start="41" name="NP"/>
                    <label end="68" start="59" name="PP"/>
                </layer>
                <layer rank="1" name="Sent"/>
                <layer rank="1" name="Other"/>
                <layer rank="1" name="Target">
                    <label cBy="BoC" end="57" start="50" name="Target"/>
                </layer>
                <layer rank="1" name="Adj"/>
            </annotationSet>
        </sentence>
        <sentence sentNo="0" aPos="65230766" ID="1051360">
            <text>Amanda 's gaze was surprised from the ceiling , and she looked across with brimming eyes . </text>
            <annotationSet cDate="01/08/2003 12:28:04 PST Wed" status="UNANN" ID="1554165">
                <layer rank="1" name="BNC">
                    <label end="5" start="0" name="NP0"/>
                    <label end="8" start="7" name="POS"/>
                    <label end="13" start="10" name="NN1"/>
                    <label end="17" start="15" name="VBD"/>
                    <label end="27" start="19" name="AJ0-VVN"/>
                    <label end="32" start="29" name="PRP"/>
                    <label end="36" start="34" name="AT0"/>
                    <label end="44" start="38" name="NN1"/>
                    <label end="46" start="46" name="PUN"/>
                    <label end="50" start="48" name="CJC"/>
                    <label end="54" start="52" name="PNP"/>
                    <label end="61" start="56" name="VVD"/>
                    <label end="68" start="63" name="AV0"/>
                    <label end="73" start="70" name="PRP"/>
                    <label end="82" start="75" name="AJ0-VVG"/>
                    <label end="87" start="84" name="NN2"/>
                    <label end="89" start="89" name="PUN"/>
                </layer>
                <layer rank="1" name="NER"/>
                <layer rank="1" name="WSL"/>
            </annotationSet>
            <annotationSet cDate="01/08/2003 12:28:04 PST Wed" status="MANUAL" ID="1554166">
                <layer rank="1" name="FE">
                    <label cBy="hmC" feID="2261" end="87" start="84" name="Location"/>
                </layer>
                <layer rank="1" name="GF">
                    <label end="87" start="84" name="Head"/>
                </layer>
                <layer rank="1" name="PT">
                    <label end="87" start="84" name="N"/>
                </layer>
                <layer rank="1" name="Sent"/>
                <layer rank="1" name="Other"/>
                <layer rank="1" name="Target">
                    <label cBy="BoC" end="82" start="75" name="Target"/>
                </layer>
                <layer rank="1" name="Adj"/>
            </annotationSet>
        </sentence>
        <sentence sentNo="0" aPos="67362222" ID="1051362">
            <text>We could all have rivers brimming with salmon if you wish . </text>
            <annotationSet cDate="01/08/2003 12:28:05 PST Wed" status="UNANN" ID="1554169">
                <layer rank="1" name="BNC">
                    <label end="1" start="0" name="PNP"/>
                    <label end="7" start="3" name="VM0"/>
                    <label end="11" start="9" name="AV0"/>
                    <label end="16" start="13" name="VHI"/>
                    <label end="23" start="18" name="NN2"/>
                    <label end="32" start="25" name="VVG"/>
                    <label end="37" start="34" name="PRP"/>
                    <label end="44" start="39" name="NN0"/>
                    <label end="47" start="46" name="CJS"/>
                    <label end="51" start="49" name="PNP"/>
                    <label end="56" start="53" name="VVB"/>
                    <label end="58" start="58" name="PUN"/>
                </layer>
                <layer rank="1" name="NER"/>
                <layer rank="1" name="WSL"/>
            </annotationSet>
            <annotationSet cDate="01/08/2003 12:28:05 PST Wed" status="MANUAL" ID="1554170">
                <layer rank="1" name="FE">
                    <label cBy="hmC" feID="2261" end="23" start="18" name="Location"/>
                    <label cBy="hmC" feID="2260" end="44" start="34" name="Theme"/>
                </layer>
                <layer rank="1" name="GF">
                    <label end="23" start="18" name="Ext"/>
                    <label end="44" start="34" name="Dep"/>
                </layer>
                <layer rank="1" name="PT">
                    <label end="23" start="18" name="NP"/>
                    <label end="44" start="34" name="PP"/>
                </layer>
                <layer rank="1" name="Sent"/>
                <layer rank="1" name="Other"/>
                <layer rank="1" name="Target">
                    <label cBy="BoC" end="32" start="25" name="Target"/>
                </layer>
                <layer rank="1" name="Adj"/>
            </annotationSet>
        </sentence>
        <sentence sentNo="0" aPos="69343350" ID="1051363">
            <text>On the top shelf was a silver tureen brimming with strawberries . </text>
            <annotationSet cDate="01/08/2003 12:28:05 PST Wed" status="UNANN" ID="1554171">
                <layer rank="1" name="BNC">
                    <label end="1" start="0" name="PRP"/>
                    <label end="5" start="3" name="AT0"/>
                    <label end="9" start="7" name="AJ0"/>
                    <label end="15" start="11" name="NN1"/>
                    <label end="19" start="17" name="VBD"/>
                    <label end="21" start="21" name="AT0"/>
                    <label end="28" start="23" name="AJ0-NN1"/>
                    <label end="35" start="30" name="NN1"/>
                    <label end="44" start="37" name="VVG"/>
                    <label end="49" start="46" name="PRP"/>
                    <label end="62" start="51" name="NN2"/>
                    <label end="64" start="64" name="PUN"/>
                </layer>
                <layer rank="1" name="NER"/>
                <layer rank="1" name="WSL"/>
            </annotationSet>
            <annotationSet cDate="01/08/2003 12:28:05 PST Wed" status="MANUAL" ID="1554172">
                <layer rank="1" name="FE">
                    <label cBy="hmC" feID="2261" end="35" start="21" name="Location"/>
                    <label cBy="hmC" feID="2260" end="62" start="46" name="Theme"/>
                </layer>
                <layer rank="1" name="GF">
                    <label end="35" start="21" name="Ext"/>
                    <label end="62" start="46" name="Dep"/>
                </layer>
                <layer rank="1" name="PT">
                    <label end="35" start="21" name="NP"/>
                    <label end="62" start="46" name="PP"/>
                </layer>
                <layer rank="1" name="Sent"/>
                <layer rank="1" name="Other"/>
                <layer rank="1" name="Target">
                    <label cBy="BoC" end="44" start="37" name="Target"/>
                </layer>
                <layer rank="1" name="Adj"/>
            </annotationSet>
        </sentence>
        <sentence sentNo="0" aPos="75448810" ID="1051372">
            <text>He picked up a brimming wine goblet from the small table beside him . </text>
            <annotationSet cDate="01/08/2003 12:28:06 PST Wed" status="UNANN" ID="1554189">
                <layer rank="1" name="BNC">
                    <label end="1" start="0" name="PNP"/>
                    <label end="8" start="3" name="VVD"/>
                    <label end="11" start="10" name="AVP"/>
                    <label end="13" start="13" name="AT0"/>
                    <label end="22" start="15" name="AJ0"/>
                    <label end="27" start="24" name="NN1"/>
                    <label end="34" start="29" name="NN1"/>
                    <label end="39" start="36" name="PRP"/>
                    <label end="43" start="41" name="AT0"/>
                    <label end="49" start="45" name="AJ0"/>
                    <label end="55" start="51" name="NN1"/>
                    <label end="62" start="57" name="PRP"/>
                    <label end="66" start="64" name="PNP"/>
                    <label end="68" start="68" name="PUN"/>
                </layer>
                <layer rank="1" name="NER"/>
                <layer rank="1" name="WSL"/>
            </annotationSet>
            <annotationSet cDate="01/08/2003 12:28:06 PST Wed" status="MANUAL" ID="1554190">
                <layer rank="1" name="FE">
                    <label cBy="hmC" feID="2261" end="34" start="24" name="Location"/>
                </layer>
                <layer rank="1" name="GF">
                    <label end="34" start="24" name="Head"/>
                </layer>
                <layer rank="1" name="PT">
                    <label end="34" start="24" name="N"/>
                </layer>
                <layer rank="1" name="Sent"/>
                <layer rank="1" name="Other"/>
                <layer rank="1" name="Target">
                    <label cBy="BoC" end="22" start="15" name="Target"/>
                </layer>
                <layer rank="1" name="Adj"/>
            </annotationSet>
        </sentence>
        <sentence sentNo="0" aPos="77085938" ID="1051378">
            <text>A soak in a hot tub , brimming with scented foam , was about the only thing that could soothe her wounded spirits . </text>
            <annotationSet cDate="01/08/2003 12:28:06 PST Wed" status="UNANN" ID="1554201">
                <layer rank="1" name="BNC">
                    <label end="0" start="0" name="AT0"/>
                    <label end="5" start="2" name="NN1"/>
                    <label end="8" start="7" name="PRP"/>
                    <label end="10" start="10" name="AT0"/>
                    <label end="14" start="12" name="AJ0"/>
                    <label end="18" start="16" name="NN1"/>
                    <label end="20" start="20" name="PUN"/>
                    <label end="29" start="22" name="VVG"/>
                    <label end="34" start="31" name="PRP"/>
                    <label end="42" start="36" name="AJ0"/>
                    <label end="47" start="44" name="NN1"/>
                    <label end="49" start="49" name="PUN"/>
                    <label end="53" start="51" name="VBD"/>
                    <label end="59" start="55" name="PRP"/>
                    <label end="63" start="61" name="AT0"/>
                    <label end="68" start="65" name="AJ0"/>
                    <label end="74" start="70" name="NN1"/>
                    <label end="79" start="76" name="CJT"/>
                    <label end="85" start="81" name="VM0"/>
                    <label end="92" start="87" name="VVI"/>
                    <label end="96" start="94" name="PNP"/>
                    <label end="104" start="98" name="AJ0-VVD"/>
                    <label end="112" start="106" name="NN2"/>
                    <label end="114" start="114" name="PUN"/>
                </layer>
                <layer rank="1" name="NER"/>
                <layer rank="1" name="WSL"/>
            </annotationSet>
            <annotationSet cDate="01/08/2003 12:28:06 PST Wed" status="MANUAL" ID="1554202">
                <layer rank="1" name="FE">
                    <label cBy="hmC" feID="2261" end="18" start="10" name="Location"/>
                    <label cBy="hmC" feID="2260" end="47" start="31" name="Theme"/>
                </layer>
                <layer rank="1" name="GF">
                    <label end="18" start="10" name="Ext"/>
                    <label end="47" start="31" name="Dep"/>
                </layer>
                <layer rank="1" name="PT">
                    <label end="18" start="10" name="NP"/>
                    <label end="47" start="31" name="PP"/>
                </layer>
                <layer rank="1" name="Sent"/>
                <layer rank="1" name="Other"/>
                <layer rank="1" name="Target">
                    <label cBy="BoC" end="29" start="22" name="Target"/>
                </layer>
                <layer rank="1" name="Adj"/>
            </annotationSet>
        </sentence>
        <sentence sentNo="0" aPos="89738143" ID="1051391">
            <text>Pots and containers brimming over with flowers or foliage are an indispensable garden feature particularly for adding that finishing touch to patios . </text>
            <annotationSet cDate="01/08/2003 12:28:08 PST Wed" status="UNANN" ID="1554227">
                <layer rank="1" name="BNC">
                    <label end="3" start="0" name="NN2"/>
                    <label end="7" start="5" name="CJC"/>
                    <label end="18" start="9" name="NN2"/>
                    <label end="27" start="20" name="VVG"/>
                    <label end="32" start="29" name="AVP"/>
                    <label end="37" start="34" name="PRP"/>
                    <label end="45" start="39" name="NN2"/>
                    <label end="48" start="47" name="CJC"/>
                    <label end="56" start="50" name="NN1-VVB"/>
                    <label end="60" start="58" name="VBB"/>
                    <label end="63" start="62" name="AT0"/>
                    <label end="77" start="65" name="AJ0"/>
                    <label end="84" start="79" name="NN1"/>
                    <label end="92" start="86" name="NN1"/>
                    <label end="105" start="94" name="AV0"/>
                    <label end="109" start="107" name="PRP"/>
                    <label end="116" start="111" name="VVG"/>
                    <label end="121" start="118" name="CJT-DT0"/>
                    <label end="131" start="123" name="AJ0-VVG"/>
                    <label end="137" start="133" name="NN1"/>
                    <label end="140" start="139" name="PRP"/>
                    <label end="147" start="142" name="NN2"/>
                    <label end="149" start="149" name="PUN"/>
                </layer>
                <layer rank="1" name="NER"/>
                <layer rank="1" name="WSL"/>
            </annotationSet>
            <annotationSet cDate="01/08/2003 12:28:08 PST Wed" status="MANUAL" ID="1554228">
                <layer rank="1" name="FE">
                    <label cBy="hmC" feID="2261" end="18" start="0" name="Location"/>
                    <label cBy="hmC" feID="2271" end="32" start="29" name="Degree"/>
                    <label cBy="hmC" feID="2260" end="56" start="34" name="Theme"/>
                </layer>
                <layer rank="1" name="GF">
                    <label end="18" start="0" name="Ext"/>
                    <label end="32" start="29" name="Dep"/>
                    <label end="56" start="34" name="Dep"/>
                </layer>
                <layer rank="1" name="PT">
                    <label end="18" start="0" name="NP"/>
                    <label end="32" start="29" name="AVP"/>
                    <label end="56" start="34" name="PP"/>
                </layer>
                <layer rank="1" name="Sent"/>
                <layer rank="1" name="Other"/>
                <layer rank="1" name="Target">
                    <label cBy="BoC" end="27" start="20" name="Target"/>
                </layer>
                <layer rank="1" name="Adj"/>
            </annotationSet>
        </sentence>
        <sentence sentNo="0" aPos="90804167" ID="1051392">
            <text>He had a brimming goblet of wine in one hand , the other up the skirt of the dancing girl who had caught my eye earlier . </text>
            <annotationSet cDate="01/08/2003 12:28:08 PST Wed" status="UNANN" ID="1554229">
                <layer rank="1" name="BNC">
                    <label end="1" start="0" name="PNP"/>
                    <label end="5" start="3" name="VHD"/>
                    <label end="7" start="7" name="AT0"/>
                    <label end="16" start="9" name="AJ0"/>
                    <label end="23" start="18" name="NN1"/>
                    <label end="26" start="25" name="PRF"/>
                    <label end="31" start="28" name="NN1"/>
                    <label end="34" start="33" name="PRP"/>
                    <label end="38" start="36" name="CRD"/>
                    <label end="43" start="40" name="NN1"/>
                    <label end="45" start="45" name="PUN"/>
                    <label end="49" start="47" name="AT0"/>
                    <label end="55" start="51" name="AJ0-NN1"/>
                    <label end="58" start="57" name="PRP"/>
                    <label end="62" start="60" name="AT0"/>
                    <label end="68" start="64" name="NN1"/>
                    <label end="71" start="70" name="PRF"/>
                    <label end="75" start="73" name="AT0"/>
                    <label end="83" start="77" name="AJ0-NN1"/>
                    <label end="88" start="85" name="NN1"/>
                    <label end="92" start="90" name="PNQ"/>
                    <label end="96" start="94" name="VHD"/>
                    <label end="103" start="98" name="VVN"/>
                    <label end="106" start="105" name="DPS"/>
                    <label end="110" start="108" name="NN1"/>
                    <label end="118" start="112" name="AV0"/>
                    <label end="120" start="120" name="PUN"/>
                </layer>
                <layer rank="1" name="NER"/>
                <layer rank="1" name="WSL"/>
            </annotationSet>
            <annotationSet cDate="01/08/2003 12:28:08 PST Wed" status="MANUAL" ID="1554230">
                <layer rank="1" name="FE">
                    <label cBy="hmC" feID="2261" end="23" start="18" name="Location"/>
                    <label cBy="hmC" feID="2260" end="31" start="25" name="Theme"/>
                </layer>
                <layer rank="1" name="GF">
                    <label end="23" start="18" name="Head"/>
                    <label end="31" start="25" name="Dep"/>
                </layer>
                <layer rank="1" name="PT">
                    <label end="23" start="18" name="N"/>
                    <label end="31" start="25" name="PP"/>
                </layer>
                <layer rank="1" name="Sent"/>
                <layer rank="1" name="Other"/>
                <layer rank="1" name="Target">
                    <label cBy="BoC" end="16" start="9" name="Target"/>
                </layer>
                <layer rank="1" name="Adj"/>
            </annotationSet>
        </sentence>
        <sentence sentNo="0" aPos="95391632" ID="1051395">
            <text>Older children might prefer the pirate 's treasure chest brimming over with stolen loot , or the sophisticated speed cruiser and space rocket . </text>
            <annotationSet cDate="01/08/2003 12:28:08 PST Wed" status="UNANN" ID="1554235">
                <layer rank="1" name="BNC">
                    <label end="4" start="0" name="AJC"/>
                    <label end="13" start="6" name="NN2"/>
                    <label end="19" start="15" name="VM0"/>
                    <label end="26" start="21" name="VVI"/>
                    <label end="30" start="28" name="AT0"/>
                    <label end="37" start="32" name="NN1"/>
                    <label end="40" start="39" name="POS"/>
                    <label end="49" start="42" name="NN1"/>
                    <label end="55" start="51" name="NN1"/>
                    <label end="64" start="57" name="VVG"/>
                    <label end="69" start="66" name="AVP"/>
                    <label end="74" start="71" name="PRP"/>
                    <label end="81" start="76" name="AJ0"/>
                    <label end="86" start="83" name="NN1"/>
                    <label end="88" start="88" name="PUN"/>
                    <label end="91" start="90" name="CJC"/>
                    <label end="95" start="93" name="AT0"/>
                    <label end="109" start="97" name="AJ0"/>
                    <label end="115" start="111" name="NN1"/>
                    <label end="123" start="117" name="NN1"/>
                    <label end="127" start="125" name="CJC"/>
                    <label end="133" start="129" name="NN1"/>
                    <label end="140" start="135" name="NN1"/>
                    <label end="142" start="142" name="PUN"/>
                </layer>
                <layer rank="1" name="NER"/>
                <layer rank="1" name="WSL"/>
            </annotationSet>
            <annotationSet cDate="01/08/2003 12:28:09 PST Wed" status="MANUAL" ID="1554236">
                <layer rank="1" name="FE">
                    <label cBy="hmC" feID="2261" end="55" start="28" name="Location"/>
                    <label cBy="hmC" feID="2271" end="69" start="66" name="Degree"/>
                    <label cBy="hmC" feID="2260" end="86" start="71" name="Theme"/>
                </layer>
                <layer rank="1" name="GF">
                    <label end="55" start="28" name="Ext"/>
                    <label end="69" start="66" name="Dep"/>
                    <label end="86" start="71" name="Dep"/>
                </layer>
                <layer rank="1" name="PT">
                    <label end="55" start="28" name="NP"/>
                    <label end="69" start="66" name="AVP"/>
                    <label end="86" start="71" name="PP"/>
                </layer>
                <layer rank="1" name="Sent"/>
                <layer rank="1" name="Other"/>
                <layer rank="1" name="Target">
                    <label cBy="BoC" end="64" start="57" name="Target"/>
                </layer>
                <layer rank="1" name="Adj"/>
            </annotationSet>
        </sentence>
    </subCorpus>
</lexUnit>