<?xml version="1.0" encoding="UTF-8" standalone="yes"?>
<?xml-stylesheet type="text/xsl" href="lexUnit.xsl"?>
<lexUnit status="Created" POS="A" name="through.a" ID="6985" frame="Activity_done_state" frameID="182" totalAnnotated="0" xsi:schemaLocation="../schema/lexUnit.xsd" xmlns="http://framenet.icsi.berkeley.edu" xmlns:xsi="http://www.w3.org/2001/XMLSchema-instance">
    <header>
        <frame>
            <FE fgColor="FFFFFF" bgColor="0000FF" type="Core" abbrev="Act" name="Activity"/>
            <FE fgColor="FFFFFF" bgColor="FF0000" type="Core" abbrev="Agent" name="Agent"/>
            <FE fgColor="FFFFFF" bgColor="1E90FF" type="Peripheral" abbrev="pla" name="Place"/>
            <FE fgColor="FFFFFF" bgColor="FFA500" type="Peripheral" abbrev="" name="Time"/>
        </frame>
    </header>
    <definition>FN: from beginning to end of</definition>
    <lexeme POS="A" name="through"/>
    <valences/>
</lexUnit>