<?xml version="1.0" encoding="UTF-8" standalone="yes"?>
<?xml-stylesheet type="text/xsl" href="lexUnit.xsl"?>
<lexUnit status="Needs_SCs" POS="A" name="chock-a-block.a" ID="6999" frame="Abounding_with" frameID="262" totalAnnotated="3" xsi:schemaLocation="../schema/lexUnit.xsd" xmlns="http://framenet.icsi.berkeley.edu" xmlns:xsi="http://www.w3.org/2001/XMLSchema-instance">
    <header>
        <frame>
            <FE fgColor="FFFFFF" bgColor="A52A2A" type="Peripheral" abbrev="Degr" name="Degree"/>
            <FE fgColor="FFFFFF" bgColor="90876C" type="Extra-Thematic" abbrev="Dep" name="Depictive"/>
            <FE fgColor="FFFFFF" bgColor="008000" type="Core" abbrev="Loc" name="Location"/>
            <FE fgColor="FFFFFF" bgColor="FF0000" type="Core" abbrev="Thm" name="Theme"/>
            <FE fgColor="FFFF00" bgColor="FFA500" type="Peripheral" abbrev="" name="Time"/>
        </frame>
    </header>
    <definition>COD: crammed full. </definition>
    <lexeme POS="A" name="chock-a-block"/>
    <valences>
        <FERealization total="3">
            <FE name="Location"/>
            <pattern total="2">
                <valenceUnit GF="Ext" PT="NP" FE="Location"/>
                <annoSet ID="1554378"/>
                <annoSet ID="1554382"/>
            </pattern>
            <pattern total="1">
                <valenceUnit GF="Ext" PT="Sinterrog" FE="Location"/>
                <annoSet ID="1554380"/>
            </pattern>
        </FERealization>
        <FERealization total="3">
            <FE name="Theme"/>
            <pattern total="3">
                <valenceUnit GF="Dep" PT="PP[with]" FE="Theme"/>
                <annoSet ID="1554378"/>
                <annoSet ID="1554380"/>
                <annoSet ID="1554382"/>
            </pattern>
        </FERealization>
        <FEGroupRealization total="3">
            <FE name="Location"/>
            <FE name="Theme"/>
            <pattern total="2">
                <valenceUnit GF="Ext" PT="NP" FE="Location"/>
                <valenceUnit GF="Dep" PT="PP[with]" FE="Theme"/>
                <annoSet ID="1554378"/>
                <annoSet ID="1554382"/>
            </pattern>
            <pattern total="1">
                <valenceUnit GF="Ext" PT="Sinterrog" FE="Location"/>
                <valenceUnit GF="Dep" PT="PP[with]" FE="Theme"/>
                <annoSet ID="1554380"/>
            </pattern>
        </FEGroupRealization>
    </valences>
    <subCorpus name="a-block-A-001-all">
        <sentence sentNo="0" aPos="75684164" ID="1051466">
            <text>At six in the morning the tradesmen 's entrance had been chock-a-block with fishermen , and the kitchen resembled Billingsgate . </text>
            <annotationSet cDate="01/08/2003 12:28:19 PST Wed" status="UNANN" ID="1554377">
                <layer rank="1" name="BNC">
                    <label end="1" start="0" name="PRP"/>
                    <label end="5" start="3" name="CRD"/>
                    <label end="8" start="7" name="PRP"/>
                    <label end="12" start="10" name="AT0"/>
                    <label end="20" start="14" name="NN1"/>
                    <label end="24" start="22" name="AT0"/>
                    <label end="34" start="26" name="NN2"/>
                    <label end="37" start="36" name="POS"/>
                    <label end="46" start="39" name="NN1"/>
                    <label end="50" start="48" name="VHD"/>
                    <label end="55" start="52" name="VBN"/>
                    <label end="69" start="57" name="AJ0"/>
                    <label end="74" start="71" name="PRP"/>
                    <label end="84" start="76" name="NN2"/>
                    <label end="86" start="86" name="PUN"/>
                    <label end="90" start="88" name="CJC"/>
                    <label end="94" start="92" name="AT0"/>
                    <label end="102" start="96" name="NN1"/>
                    <label end="112" start="104" name="VVD"/>
                    <label end="125" start="114" name="NP0"/>
                    <label end="127" start="127" name="PUN"/>
                </layer>
                <layer rank="1" name="NER"/>
                <layer rank="1" name="WSL"/>
            </annotationSet>
            <annotationSet cDate="01/08/2003 12:28:20 PST Wed" status="MANUAL" ID="1554378">
                <layer rank="1" name="FE">
                    <label cBy="hmC" feID="2261" end="46" start="22" name="Location"/>
                    <label cBy="hmC" feID="2260" end="84" start="71" name="Theme"/>
                </layer>
                <layer rank="1" name="GF">
                    <label end="46" start="22" name="Ext"/>
                    <label end="84" start="71" name="Dep"/>
                </layer>
                <layer rank="1" name="PT">
                    <label end="46" start="22" name="NP"/>
                    <label end="84" start="71" name="PP"/>
                </layer>
                <layer rank="1" name="Sent"/>
                <layer rank="1" name="Other"/>
                <layer rank="1" name="Target">
                    <label cBy="BoC" end="69" start="57" name="Target"/>
                </layer>
                <layer rank="1" name="Adj">
                    <label end="55" start="52" name="Cop"/>
                </layer>
            </annotationSet>
        </sentence>
        <sentence sentNo="0" aPos="90012065" ID="1051467">
            <text>` Where I come from is chock-a-block with perfectly useful and agreeable people who happen to be old . &quot; </text>
            <annotationSet cDate="01/08/2003 12:28:20 PST Wed" status="UNANN" ID="1554379">
                <layer rank="1" name="BNC">
                    <label end="0" start="0" name="PUQ"/>
                    <label end="6" start="2" name="AVQ-CJS"/>
                    <label end="8" start="8" name="PNP"/>
                    <label end="13" start="10" name="VVB"/>
                    <label end="18" start="15" name="PRP"/>
                    <label end="21" start="20" name="VBZ"/>
                    <label end="35" start="23" name="AJ0"/>
                    <label end="40" start="37" name="PRP"/>
                    <label end="50" start="42" name="AV0"/>
                    <label end="57" start="52" name="AJ0"/>
                    <label end="61" start="59" name="CJC"/>
                    <label end="71" start="63" name="AJ0"/>
                    <label end="78" start="73" name="NN0"/>
                    <label end="82" start="80" name="PNQ"/>
                    <label end="89" start="84" name="VVB"/>
                    <label end="92" start="91" name="TO0"/>
                    <label end="95" start="94" name="VBI"/>
                    <label end="99" start="97" name="AJ0"/>
                    <label end="101" start="101" name="PUN"/>
                    <label end="103" start="103" name="PUQ"/>
                </layer>
                <layer rank="1" name="NER"/>
                <layer rank="1" name="WSL"/>
            </annotationSet>
            <annotationSet cDate="01/08/2003 12:28:20 PST Wed" status="MANUAL" ID="1554380">
                <layer rank="1" name="FE">
                    <label cBy="hmC" feID="2261" end="18" start="2" name="Location"/>
                    <label cBy="hmC" feID="2260" end="99" start="37" name="Theme"/>
                </layer>
                <layer rank="1" name="GF">
                    <label end="18" start="2" name="Ext"/>
                    <label end="99" start="37" name="Dep"/>
                </layer>
                <layer rank="1" name="PT">
                    <label end="18" start="2" name="Sinterrog"/>
                    <label end="99" start="37" name="PP"/>
                </layer>
                <layer rank="1" name="Sent"/>
                <layer rank="1" name="Other"/>
                <layer rank="1" name="Target">
                    <label cBy="BoC" end="35" start="23" name="Target"/>
                </layer>
                <layer rank="1" name="Adj">
                    <label end="21" start="20" name="Cop"/>
                </layer>
            </annotationSet>
        </sentence>
        <sentence sentNo="0" aPos="90567179" ID="1051468">
            <text>This vehicle was chock-a-block with government munitions , hi-tech weapon systems , bags of sweets and Children of the Revolution . </text>
            <annotationSet cDate="01/08/2003 12:28:20 PST Wed" status="UNANN" ID="1554381">
                <layer rank="1" name="BNC">
                    <label end="3" start="0" name="DT0"/>
                    <label end="11" start="5" name="NN1"/>
                    <label end="15" start="13" name="VBD"/>
                    <label end="29" start="17" name="AJ0"/>
                    <label end="34" start="31" name="PRP"/>
                    <label end="45" start="36" name="NN0"/>
                    <label end="55" start="47" name="NN2"/>
                    <label end="57" start="57" name="PUN"/>
                    <label end="65" start="59" name="AJ0"/>
                    <label end="72" start="67" name="NN1"/>
                    <label end="80" start="74" name="NN2"/>
                    <label end="82" start="82" name="PUN"/>
                    <label end="87" start="84" name="NN2"/>
                    <label end="90" start="89" name="PRF"/>
                    <label end="97" start="92" name="NN2"/>
                    <label end="101" start="99" name="CJC"/>
                    <label end="110" start="103" name="NN2"/>
                    <label end="113" start="112" name="PRF"/>
                    <label end="117" start="115" name="AT0"/>
                    <label end="128" start="119" name="NN1"/>
                    <label end="130" start="130" name="PUN"/>
                </layer>
                <layer rank="1" name="NER"/>
                <layer rank="1" name="WSL"/>
            </annotationSet>
            <annotationSet cDate="01/08/2003 12:28:20 PST Wed" status="MANUAL" ID="1554382">
                <layer rank="1" name="FE">
                    <label cBy="hmC" feID="2261" end="11" start="0" name="Location"/>
                    <label cBy="hmC" feID="2260" end="128" start="31" name="Theme"/>
                </layer>
                <layer rank="1" name="GF">
                    <label end="11" start="0" name="Ext"/>
                    <label end="128" start="31" name="Dep"/>
                </layer>
                <layer rank="1" name="PT">
                    <label end="11" start="0" name="NP"/>
                    <label end="128" start="31" name="PP"/>
                </layer>
                <layer rank="1" name="Sent"/>
                <layer rank="1" name="Other"/>
                <layer rank="1" name="Target">
                    <label cBy="BoC" end="29" start="17" name="Target"/>
                </layer>
                <layer rank="1" name="Adj">
                    <label end="15" start="13" name="Cop"/>
                </layer>
            </annotationSet>
        </sentence>
    </subCorpus>
    <subCorpus name="01-T-(1)"/>
    <subCorpus name="other-matched-(1)"/>
    <subCorpus name="other-unmatched-(1)"/>
</lexUnit>