<?xml version="1.0" encoding="UTF-8" standalone="yes"?>
<?xml-stylesheet type="text/xsl" href="lexUnit.xsl"?>
<lexUnit status="Insufficient_Attestations" incorporatedFE="Penal_institution" POS="N" name="stockade.n" ID="6964" frame="Prison" frameID="387" totalAnnotated="2" xsi:schemaLocation="../schema/lexUnit.xsd" xmlns="http://framenet.icsi.berkeley.edu" xmlns:xsi="http://www.w3.org/2001/XMLSchema-instance">
    <header>
        <frame>
            <FE fgColor="FFFFFF" bgColor="90876C" type="Peripheral" abbrev="desc" name="Descriptor"/>
            <FE fgColor="FFFFFF" bgColor="FF0000" type="Peripheral" abbrev="Inmates" name="Inmates"/>
            <FE fgColor="FFFFFF" bgColor="008000" type="Peripheral" abbrev="Location" name="Location"/>
            <FE fgColor="FFFFFF" bgColor="9400D3" type="Peripheral" abbrev="Name" name="Name"/>
            <FE fgColor="FFFFFF" bgColor="0000FF" type="Peripheral" abbrev="Operator" name="Operator"/>
            <FE fgColor="FFFFFF" bgColor="800080" type="Peripheral" abbrev="" name="Part"/>
            <FE fgColor="FFFFFF" bgColor="00BFFF" type="Core" abbrev="pen" name="Penal_institution"/>
            <FE fgColor="000000" bgColor="d0d0d0" type="Peripheral" abbrev="Sec" name="Security"/>
        </frame>
    </header>
    <definition>COD: a military prison.</definition>
    <lexeme POS="N" name="stockade"/>
    <valences>
        <governor type="Gov" lemma="guard">
            <annoSet ID="1553940"/>
        </governor>
        <FERealization total="1">
            <FE name="Operator"/>
            <pattern total="1">
                <valenceUnit GF="Dep" PT="N" FE="Operator"/>
                <annoSet ID="1553890"/>
            </pattern>
        </FERealization>
        <FEGroupRealization total="1">
            <FE name="Operator"/>
            <pattern total="1">
                <valenceUnit GF="Dep" PT="N" FE="Operator"/>
                <annoSet ID="1553890"/>
            </pattern>
        </FEGroupRealization>
    </valences>
    <subCorpus name="N-001-all">
        <sentence sentNo="0" aPos="1369566" ID="1051222">
            <text>It is in this profoundly grateful and reverent sene , certainly not with any heartless flippancy , that forty years later in the prison stockade Pound greets the sunset as a designer -- ` grand couturier &quot; . </text>
            <annotationSet cDate="01/08/2003 12:27:45 PST Wed" status="UNANN" ID="1553889">
                <layer rank="1" name="BNC">
                    <label end="1" start="0" name="PNP"/>
                    <label end="4" start="3" name="VBZ"/>
                    <label end="7" start="6" name="PRP"/>
                    <label end="12" start="9" name="DT0"/>
                    <label end="23" start="14" name="AV0"/>
                    <label end="32" start="25" name="AJ0"/>
                    <label end="36" start="34" name="CJC"/>
                    <label end="45" start="38" name="AJ0"/>
                    <label end="50" start="47" name="NN1"/>
                    <label end="52" start="52" name="PUN"/>
                    <label end="62" start="54" name="AV0"/>
                    <label end="66" start="64" name="XX0"/>
                    <label end="71" start="68" name="PRP"/>
                    <label end="75" start="73" name="DT0"/>
                    <label end="85" start="77" name="AJ0"/>
                    <label end="95" start="87" name="NN1"/>
                    <label end="97" start="97" name="PUN"/>
                    <label end="102" start="99" name="CJT-DT0"/>
                    <label end="108" start="104" name="CRD"/>
                    <label end="114" start="110" name="NN2"/>
                    <label end="120" start="116" name="AV0"/>
                    <label end="123" start="122" name="PRP"/>
                    <label end="127" start="125" name="AT0"/>
                    <label end="134" start="129" name="NN1"/>
                    <label end="143" start="136" name="NN1-VVB"/>
                    <label end="149" start="145" name="NN1-NP0"/>
                    <label end="156" start="151" name="VVZ"/>
                    <label end="160" start="158" name="AT0"/>
                    <label end="167" start="162" name="NN1"/>
                    <label end="170" start="169" name="PRP"/>
                    <label end="172" start="172" name="AT0"/>
                    <label end="181" start="174" name="NN1"/>
                    <label end="184" start="183" name="PUN"/>
                    <label end="186" start="186" name="PUQ"/>
                    <label end="192" start="188" name="AJ0"/>
                    <label end="202" start="194" name="NN1"/>
                    <label end="204" start="204" name="PUQ"/>
                    <label end="206" start="206" name="PUN"/>
                </layer>
                <layer rank="1" name="NER"/>
                <layer rank="1" name="WSL"/>
            </annotationSet>
            <annotationSet cDate="01/08/2003 12:27:46 PST Wed" status="MANUAL" ID="1553890">
                <layer rank="1" name="FE">
                    <label cBy="Pam" feID="3481" end="134" start="129" name="Operator"/>
                </layer>
                <layer rank="1" name="GF">
                    <label end="134" start="129" name="Dep"/>
                </layer>
                <layer rank="1" name="PT">
                    <label end="134" start="129" name="N"/>
                </layer>
                <layer rank="1" name="Sent"/>
                <layer rank="1" name="Other"/>
                <layer rank="1" name="Target">
                    <label cBy="BoC" end="143" start="136" name="Target"/>
                </layer>
                <layer rank="1" name="Noun"/>
            </annotationSet>
        </sentence>
        <sentence sentNo="0" aPos="60111213" ID="1051247">
            <text>That was my excuse to myself , although I knew it was wrong of me to leave only two unwounded men to guard the stockade . </text>
            <annotationSet cDate="01/08/2003 12:27:48 PST Wed" status="UNANN" ID="1553939">
                <layer rank="1" name="BNC">
                    <label end="3" start="0" name="DT0"/>
                    <label end="7" start="5" name="VBD"/>
                    <label end="10" start="9" name="DPS"/>
                    <label end="17" start="12" name="NN1"/>
                    <label end="20" start="19" name="PRP"/>
                    <label end="27" start="22" name="PNX"/>
                    <label end="29" start="29" name="PUN"/>
                    <label end="38" start="31" name="CJS"/>
                    <label end="40" start="40" name="PNP"/>
                    <label end="45" start="42" name="VVD"/>
                    <label end="48" start="47" name="PNP"/>
                    <label end="52" start="50" name="VBD"/>
                    <label end="58" start="54" name="AJ0"/>
                    <label end="61" start="60" name="PRF"/>
                    <label end="64" start="63" name="PNP"/>
                    <label end="67" start="66" name="TO0"/>
                    <label end="73" start="69" name="VVI"/>
                    <label end="78" start="75" name="AV0"/>
                    <label end="82" start="80" name="CRD"/>
                    <label end="92" start="84" name="AJ0"/>
                    <label end="96" start="94" name="NN2"/>
                    <label end="99" start="98" name="TO0"/>
                    <label end="105" start="101" name="VVI"/>
                    <label end="109" start="107" name="AT0"/>
                    <label end="118" start="111" name="NN1"/>
                    <label end="120" start="120" name="PUN"/>
                </layer>
                <layer rank="1" name="NER"/>
                <layer rank="1" name="WSL"/>
            </annotationSet>
            <annotationSet cDate="01/08/2003 12:27:48 PST Wed" status="MANUAL" ID="1553940">
                <layer rank="1" name="FE"/>
                <layer rank="1" name="GF"/>
                <layer rank="1" name="PT"/>
                <layer rank="1" name="Sent"/>
                <layer rank="1" name="Other"/>
                <layer rank="1" name="Target">
                    <label cBy="BoC" end="118" start="111" name="Target"/>
                </layer>
                <layer rank="1" name="Noun">
                    <label end="105" start="101" name="Gov"/>
                    <label end="118" start="107" name="X"/>
                </layer>
            </annotationSet>
        </sentence>
    </subCorpus>
</lexUnit>