<?xml version="1.0" encoding="UTF-8" standalone="yes"?>
<?xml-stylesheet type="text/xsl" href="lexUnit.xsl"?>
<lexUnit status="Finished_Initial" POS="N" name="coke.n" ID="7061" frame="Intoxicants" frameID="390" totalAnnotated="7" xsi:schemaLocation="../schema/lexUnit.xsd" xmlns="http://framenet.icsi.berkeley.edu" xmlns:xsi="http://www.w3.org/2001/XMLSchema-instance">
    <header>
        <frame>
            <FE fgColor="FFFFFF" bgColor="800080" type="Peripheral" abbrev="Co" name="Country_of_origin"/>
            <FE fgColor="FFFFFF" bgColor="008000" type="Peripheral" abbrev="Desc" name="Descriptor"/>
            <FE fgColor="FFFFFF" bgColor="0000FF" type="Core" abbrev="Int" name="Intoxicant"/>
            <FE fgColor="FFFFFF" bgColor="9F79EE" type="Peripheral" abbrev="Type" name="Type"/>
        </frame>
    </header>
    <definition>COD: informal term for cocaine.</definition>
    <lexeme POS="N" name="coke"/>
    <valences>
        <governor type="Gov" lemma="do">
            <annoSet ID="1562865"/>
            <annoSet ID="1562883"/>
        </governor>
        <governor type="Gov" lemma="sniff">
            <annoSet ID="1562977"/>
            <annoSet ID="1562979"/>
        </governor>
        <governor type="Gov" lemma="snort">
            <annoSet ID="1562981"/>
            <annoSet ID="1562983"/>
        </governor>
        <governor type="Gov" lemma="take">
            <annoSet ID="1562987"/>
        </governor>
        <FERealization total="1">
            <FE name="Descriptor"/>
            <pattern total="1">
                <valenceUnit GF="Dep" PT="AJP" FE="Descriptor"/>
                <annoSet ID="1562883"/>
            </pattern>
        </FERealization>
        <FERealization total="7">
            <FE name="Intoxicant"/>
            <pattern total="7">
                <valenceUnit GF="" PT="DEN" FE="Intoxicant"/>
                <annoSet ID="1562865"/>
                <annoSet ID="1562883"/>
                <annoSet ID="1562977"/>
                <annoSet ID="1562979"/>
                <annoSet ID="1562981"/>
                <annoSet ID="1562983"/>
                <annoSet ID="1562987"/>
            </pattern>
        </FERealization>
        <FEGroupRealization total="1">
            <FE name="Descriptor"/>
            <FE name="Intoxicant"/>
            <pattern total="1">
                <valenceUnit GF="Dep" PT="AJP" FE="Descriptor"/>
                <valenceUnit GF="" PT="DEN" FE="Intoxicant"/>
                <annoSet ID="1562883"/>
            </pattern>
        </FEGroupRealization>
        <FEGroupRealization total="6">
            <FE name="Intoxicant"/>
            <pattern total="6">
                <valenceUnit GF="" PT="DEN" FE="Intoxicant"/>
                <annoSet ID="1562865"/>
                <annoSet ID="1562977"/>
                <annoSet ID="1562979"/>
                <annoSet ID="1562981"/>
                <annoSet ID="1562983"/>
                <annoSet ID="1562987"/>
            </pattern>
        </FEGroupRealization>
    </valences>
    <subCorpus name="N-280-s20-poss"/>
    <subCorpus name="N-300-s20-cmpd"/>
    <subCorpus name="N-330-s20-period">
        <sentence sentNo="0" aPos="6487089" ID="1055730">
            <text>And then he started doing coke . </text>
            <annotationSet cDate="01/08/2003 12:38:07 PST Wed" status="UNANN" ID="1562864">
                <layer rank="1" name="BNC">
                    <label end="2" start="0" name="CJC"/>
                    <label end="7" start="4" name="AV0"/>
                    <label end="10" start="9" name="PNP"/>
                    <label end="18" start="12" name="VVD"/>
                    <label end="24" start="20" name="VDG"/>
                    <label end="29" start="26" name="NN1"/>
                    <label end="31" start="31" name="PUN"/>
                </layer>
                <layer rank="1" name="NER"/>
                <layer rank="1" name="WSL"/>
            </annotationSet>
            <annotationSet cDate="01/08/2003 12:38:07 PST Wed" status="MANUAL" ID="1562865">
                <layer rank="1" name="FE">
                    <label cBy="Sns" feID="3495" end="29" start="26" name="Intoxicant"/>
                </layer>
                <layer rank="1" name="GF"/>
                <layer rank="1" name="PT"/>
                <layer rank="1" name="Sent"/>
                <layer rank="1" name="Other"/>
                <layer rank="1" name="Target">
                    <label cBy="BoC" end="29" start="26" name="Target"/>
                </layer>
                <layer rank="1" name="Noun">
                    <label end="24" start="20" name="Gov"/>
                    <label end="29" start="26" name="X"/>
                </layer>
            </annotationSet>
        </sentence>
        <sentence sentNo="0" aPos="69141701" ID="1055739">
            <text>No , all I do is a bit of recreational coke . &quot; </text>
            <annotationSet cDate="01/08/2003 12:38:08 PST Wed" status="UNANN" ID="1562882">
                <layer rank="1" name="BNC">
                    <label end="1" start="0" name="ITJ"/>
                    <label end="3" start="3" name="PUN"/>
                    <label end="7" start="5" name="DT0"/>
                    <label end="9" start="9" name="PNP"/>
                    <label end="12" start="11" name="VDB"/>
                    <label end="15" start="14" name="VBZ"/>
                    <label end="17" start="17" name="AT0"/>
                    <label end="21" start="19" name="NN1"/>
                    <label end="24" start="23" name="PRF"/>
                    <label end="37" start="26" name="AJ0"/>
                    <label end="42" start="39" name="NN1"/>
                    <label end="44" start="44" name="PUN"/>
                    <label end="46" start="46" name="PUQ"/>
                </layer>
                <layer rank="1" name="NER"/>
                <layer rank="1" name="WSL"/>
            </annotationSet>
            <annotationSet cDate="01/08/2003 12:38:08 PST Wed" status="MANUAL" ID="1562883">
                <layer rank="1" name="FE">
                    <label cBy="Sns" feID="3497" end="37" start="26" name="Descriptor"/>
                    <label cBy="Sns" feID="3495" end="42" start="39" name="Intoxicant"/>
                </layer>
                <layer rank="1" name="GF">
                    <label end="37" start="26" name="Dep"/>
                </layer>
                <layer rank="1" name="PT">
                    <label end="37" start="26" name="AJP"/>
                </layer>
                <layer rank="1" name="Sent"/>
                <layer rank="1" name="Other"/>
                <layer rank="1" name="Target">
                    <label cBy="BoC" end="42" start="39" name="Target"/>
                </layer>
                <layer rank="1" name="Noun">
                    <label end="42" start="17" name="X"/>
                    <label end="12" start="11" name="Gov"/>
                </layer>
            </annotationSet>
        </sentence>
    </subCorpus>
    <subCorpus name="N-380-s20-other"/>
    <subCorpus name="N-429-s20-lcoll-cheap"/>
    <subCorpus name="N-429-s20-lgov-buy"/>
    <subCorpus name="N-429-s20-lgov-get"/>
    <subCorpus name="N-429-s20-lgov-sniff">
        <sentence sentNo="0" aPos="12747702" ID="1055786">
            <text>By ten p.m. certain members of the company were sniffing coke or had been turned on by acid or speed or grass . </text>
            <annotationSet cDate="01/08/2003 12:38:13 PST Wed" status="UNANN" ID="1562976">
                <layer rank="1" name="BNC">
                    <label end="1" start="0" name="PRP"/>
                    <label end="5" start="3" name="CRD"/>
                    <label end="10" start="7" name="AV0"/>
                    <label end="18" start="12" name="AJ0"/>
                    <label end="26" start="20" name="NN2"/>
                    <label end="29" start="28" name="PRF"/>
                    <label end="33" start="31" name="AT0"/>
                    <label end="41" start="35" name="NN1"/>
                    <label end="46" start="43" name="VBD"/>
                    <label end="55" start="48" name="VVG"/>
                    <label end="60" start="57" name="NN1-NP0"/>
                    <label end="63" start="62" name="CJC"/>
                    <label end="67" start="65" name="VHD"/>
                    <label end="72" start="69" name="VBN"/>
                    <label end="79" start="74" name="VVN"/>
                    <label end="82" start="81" name="AVP"/>
                    <label end="85" start="84" name="PRP"/>
                    <label end="90" start="87" name="NN1"/>
                    <label end="93" start="92" name="CJC"/>
                    <label end="99" start="95" name="NN1"/>
                    <label end="102" start="101" name="CJC"/>
                    <label end="108" start="104" name="NN1"/>
                    <label end="110" start="110" name="PUN"/>
                </layer>
                <layer rank="1" name="NER"/>
                <layer rank="1" name="WSL"/>
            </annotationSet>
            <annotationSet cDate="01/08/2003 12:38:13 PST Wed" status="MANUAL" ID="1562977">
                <layer rank="1" name="FE">
                    <label cBy="Sns" feID="3495" end="60" start="57" name="Intoxicant"/>
                </layer>
                <layer rank="1" name="GF"/>
                <layer rank="1" name="PT"/>
                <layer rank="1" name="Sent"/>
                <layer rank="1" name="Other"/>
                <layer rank="1" name="Target">
                    <label cBy="BoC" end="60" start="57" name="Target"/>
                </layer>
                <layer rank="1" name="Noun">
                    <label end="55" start="48" name="Gov"/>
                    <label end="60" start="57" name="X"/>
                </layer>
            </annotationSet>
        </sentence>
        <sentence sentNo="0" aPos="65227564" ID="1055787">
            <text>` Did Nicola actually sniff coke ? &quot; </text>
            <annotationSet cDate="01/08/2003 12:38:13 PST Wed" status="UNANN" ID="1562978">
                <layer rank="1" name="BNC">
                    <label end="0" start="0" name="PUQ"/>
                    <label end="4" start="2" name="VDD"/>
                    <label end="11" start="6" name="NP0"/>
                    <label end="20" start="13" name="AV0"/>
                    <label end="26" start="22" name="VVI"/>
                    <label end="31" start="28" name="NN1-NP0"/>
                    <label end="33" start="33" name="PUN"/>
                    <label end="35" start="35" name="PUQ"/>
                </layer>
                <layer rank="1" name="NER"/>
                <layer rank="1" name="WSL"/>
            </annotationSet>
            <annotationSet cDate="01/08/2003 12:38:13 PST Wed" status="MANUAL" ID="1562979">
                <layer rank="1" name="FE">
                    <label cBy="Sns" feID="3495" end="31" start="28" name="Intoxicant"/>
                </layer>
                <layer rank="1" name="GF"/>
                <layer rank="1" name="PT"/>
                <layer rank="1" name="Sent"/>
                <layer rank="1" name="Other"/>
                <layer rank="1" name="Target">
                    <label cBy="BoC" end="31" start="28" name="Target"/>
                </layer>
                <layer rank="1" name="Noun">
                    <label end="26" start="22" name="Gov"/>
                    <label end="31" start="28" name="X"/>
                </layer>
            </annotationSet>
        </sentence>
    </subCorpus>
    <subCorpus name="N-429-s20-lgov-snort">
        <sentence sentNo="0" aPos="7288438" ID="1055788">
            <text>If it was n't for Mike I 'd be off but I 'm afraid he might start snorting coke if I turn my back . </text>
            <annotationSet cDate="01/08/2003 12:38:13 PST Wed" status="UNANN" ID="1562980">
                <layer rank="1" name="BNC">
                    <label end="1" start="0" name="CJS"/>
                    <label end="4" start="3" name="PNP"/>
                    <label end="8" start="6" name="VBD"/>
                    <label end="12" start="10" name="XX0"/>
                    <label end="16" start="14" name="PRP"/>
                    <label end="21" start="18" name="NP0"/>
                    <label end="23" start="23" name="PNP"/>
                    <label end="26" start="25" name="VM0"/>
                    <label end="29" start="28" name="VBI"/>
                    <label end="33" start="31" name="AVP"/>
                    <label end="37" start="35" name="CJC"/>
                    <label end="39" start="39" name="PNP"/>
                    <label end="42" start="41" name="VBB"/>
                    <label end="49" start="44" name="AJ0"/>
                    <label end="52" start="51" name="PNP"/>
                    <label end="58" start="54" name="VM0"/>
                    <label end="64" start="60" name="VVI"/>
                    <label end="73" start="66" name="VVG"/>
                    <label end="78" start="75" name="NN1-NP0"/>
                    <label end="81" start="80" name="CJS"/>
                    <label end="83" start="83" name="PNP"/>
                    <label end="88" start="85" name="VVB"/>
                    <label end="91" start="90" name="DPS"/>
                    <label end="96" start="93" name="NN1"/>
                    <label end="98" start="98" name="PUN"/>
                </layer>
                <layer rank="1" name="NER"/>
                <layer rank="1" name="WSL"/>
            </annotationSet>
            <annotationSet cDate="01/08/2003 12:38:13 PST Wed" status="MANUAL" ID="1562981">
                <layer rank="1" name="FE">
                    <label cBy="Sns" feID="3495" end="78" start="75" name="Intoxicant"/>
                </layer>
                <layer rank="1" name="GF"/>
                <layer rank="1" name="PT"/>
                <layer rank="1" name="Sent"/>
                <layer rank="1" name="Other"/>
                <layer rank="1" name="Target">
                    <label cBy="BoC" end="78" start="75" name="Target"/>
                </layer>
                <layer rank="1" name="Noun">
                    <label end="73" start="66" name="Gov"/>
                    <label end="78" start="75" name="X"/>
                </layer>
            </annotationSet>
        </sentence>
        <sentence sentNo="0" aPos="63531594" ID="1055789">
            <text>Nowadays the rich snort coke ; in those days they got drunk and had orgies . &quot; </text>
            <annotationSet cDate="01/08/2003 12:38:13 PST Wed" status="UNANN" ID="1562982">
                <layer rank="1" name="BNC">
                    <label end="7" start="0" name="AV0"/>
                    <label end="11" start="9" name="AT0"/>
                    <label end="16" start="13" name="AJ0"/>
                    <label end="22" start="18" name="NN1"/>
                    <label end="27" start="24" name="NN1"/>
                    <label end="29" start="29" name="PUN"/>
                    <label end="32" start="31" name="PRP"/>
                    <label end="38" start="34" name="DT0"/>
                    <label end="43" start="40" name="NN2"/>
                    <label end="48" start="45" name="PNP"/>
                    <label end="52" start="50" name="VVD"/>
                    <label end="58" start="54" name="AJ0"/>
                    <label end="62" start="60" name="CJC"/>
                    <label end="66" start="64" name="VHD"/>
                    <label end="73" start="68" name="NN2"/>
                    <label end="75" start="75" name="PUN"/>
                    <label end="77" start="77" name="PUQ"/>
                </layer>
                <layer rank="1" name="NER"/>
                <layer rank="1" name="WSL"/>
            </annotationSet>
            <annotationSet cDate="01/08/2003 12:38:13 PST Wed" status="MANUAL" ID="1562983">
                <layer rank="1" name="FE">
                    <label cBy="Sns" feID="3495" end="27" start="24" name="Intoxicant"/>
                </layer>
                <layer rank="1" name="GF"/>
                <layer rank="1" name="PT"/>
                <layer rank="1" name="Sent"/>
                <layer rank="1" name="Other"/>
                <layer rank="1" name="Target">
                    <label cBy="BoC" end="27" start="24" name="Target"/>
                </layer>
                <layer rank="1" name="Noun">
                    <label end="22" start="18" name="Gov"/>
                    <label end="27" start="24" name="X"/>
                </layer>
            </annotationSet>
        </sentence>
    </subCorpus>
    <subCorpus name="N-429-s20-lgov-take">
        <sentence sentNo="0" aPos="22525787" ID="1055791">
            <text>But if I were a teenager and I saw a TV star telling me that he had taken coke , I would reckon that there must be a reason why the famous spend a fortune on this drug . </text>
            <annotationSet cDate="01/08/2003 12:38:14 PST Wed" status="UNANN" ID="1562986">
                <layer rank="1" name="BNC">
                    <label end="2" start="0" name="CJC"/>
                    <label end="5" start="4" name="CJS"/>
                    <label end="7" start="7" name="PNP"/>
                    <label end="12" start="9" name="VBD"/>
                    <label end="14" start="14" name="AT0"/>
                    <label end="23" start="16" name="NN1"/>
                    <label end="27" start="25" name="CJC"/>
                    <label end="29" start="29" name="PNP"/>
                    <label end="33" start="31" name="VVD"/>
                    <label end="35" start="35" name="AT0"/>
                    <label end="38" start="37" name="NN1"/>
                    <label end="43" start="40" name="NN1"/>
                    <label end="51" start="45" name="VVG"/>
                    <label end="54" start="53" name="PNP"/>
                    <label end="59" start="56" name="CJT"/>
                    <label end="62" start="61" name="PNP"/>
                    <label end="66" start="64" name="VHD"/>
                    <label end="72" start="68" name="VVN"/>
                    <label end="77" start="74" name="NN1-NP0"/>
                    <label end="79" start="79" name="PUN"/>
                    <label end="81" start="81" name="PNP"/>
                    <label end="87" start="83" name="VM0"/>
                    <label end="94" start="89" name="VVI"/>
                    <label end="99" start="96" name="CJT"/>
                    <label end="105" start="101" name="EX0"/>
                    <label end="110" start="107" name="VM0"/>
                    <label end="113" start="112" name="VBI"/>
                    <label end="115" start="115" name="AT0"/>
                    <label end="122" start="117" name="NN1"/>
                    <label end="126" start="124" name="AVQ"/>
                    <label end="130" start="128" name="AT0"/>
                    <label end="137" start="132" name="AJ0"/>
                    <label end="143" start="139" name="VVB"/>
                    <label end="145" start="145" name="AT0"/>
                    <label end="153" start="147" name="NN1"/>
                    <label end="156" start="155" name="PRP"/>
                    <label end="161" start="158" name="DT0"/>
                    <label end="166" start="163" name="NN1"/>
                    <label end="168" start="168" name="PUN"/>
                </layer>
                <layer rank="1" name="NER"/>
                <layer rank="1" name="WSL"/>
            </annotationSet>
            <annotationSet cDate="01/08/2003 12:38:14 PST Wed" status="MANUAL" ID="1562987">
                <layer rank="1" name="FE">
                    <label cBy="Sns" feID="3495" end="77" start="74" name="Intoxicant"/>
                </layer>
                <layer rank="1" name="GF"/>
                <layer rank="1" name="PT"/>
                <layer rank="1" name="Sent"/>
                <layer rank="1" name="Other"/>
                <layer rank="1" name="Target">
                    <label cBy="BoC" end="77" start="74" name="Target"/>
                </layer>
                <layer rank="1" name="Noun">
                    <label end="72" start="68" name="Gov"/>
                    <label end="77" start="74" name="X"/>
                </layer>
            </annotationSet>
        </sentence>
    </subCorpus>
</lexUnit>