<?xml version="1.0" encoding="UTF-8" standalone="yes"?>
<?xml-stylesheet type="text/xsl" href="lexUnit.xsl"?>
<lexUnit status="Finished_Initial" POS="N" name="crack.n" ID="7065" frame="Intoxicants" frameID="390" totalAnnotated="9" xsi:schemaLocation="../schema/lexUnit.xsd" xmlns="http://framenet.icsi.berkeley.edu" xmlns:xsi="http://www.w3.org/2001/XMLSchema-instance">
    <header>
        <frame>
            <FE fgColor="FFFFFF" bgColor="800080" type="Peripheral" abbrev="Co" name="Country_of_origin"/>
            <FE fgColor="FFFFFF" bgColor="008000" type="Peripheral" abbrev="Desc" name="Descriptor"/>
            <FE fgColor="FFFFFF" bgColor="0000FF" type="Core" abbrev="Int" name="Intoxicant"/>
            <FE fgColor="FFFFFF" bgColor="9F79EE" type="Peripheral" abbrev="Type" name="Type"/>
        </frame>
    </header>
    <definition>COD: a potent hard crystalline form of cocaine broken into small pieces.</definition>
    <lexeme POS="N" name="crack"/>
    <valences>
        <governor type="Gov" lemma="do">
            <annoSet ID="1563621"/>
        </governor>
        <governor type="Gov" lemma="sell">
            <annoSet ID="1563665"/>
        </governor>
        <governor type="Gov" lemma="smoke">
            <annoSet ID="1563669"/>
            <annoSet ID="1563671"/>
        </governor>
        <governor type="Gov" lemma="take">
            <annoSet ID="1563687"/>
        </governor>
        <governor type="Gov" lemma="use">
            <annoSet ID="1563707"/>
            <annoSet ID="1563715"/>
            <annoSet ID="1563717"/>
        </governor>
        <FERealization total="9">
            <FE name="Intoxicant"/>
            <pattern total="9">
                <valenceUnit GF="" PT="DEN" FE="Intoxicant"/>
                <annoSet ID="1563621"/>
                <annoSet ID="1563665"/>
                <annoSet ID="1563669"/>
                <annoSet ID="1563671"/>
                <annoSet ID="1563687"/>
                <annoSet ID="1563705"/>
                <annoSet ID="1563707"/>
                <annoSet ID="1563715"/>
                <annoSet ID="1563717"/>
            </pattern>
        </FERealization>
        <FEGroupRealization total="9">
            <FE name="Intoxicant"/>
            <pattern total="9">
                <valenceUnit GF="" PT="DEN" FE="Intoxicant"/>
                <annoSet ID="1563621"/>
                <annoSet ID="1563665"/>
                <annoSet ID="1563669"/>
                <annoSet ID="1563671"/>
                <annoSet ID="1563687"/>
                <annoSet ID="1563705"/>
                <annoSet ID="1563707"/>
                <annoSet ID="1563715"/>
                <annoSet ID="1563717"/>
            </pattern>
        </FEGroupRealization>
    </valences>
    <subCorpus name="N-280-s20-poss"/>
    <subCorpus name="N-290-s20-posscmpd"/>
    <subCorpus name="N-300-s20-cmpd"/>
    <subCorpus name="N-330-s20-period"/>
    <subCorpus name="N-380-s20-other"/>
    <subCorpus name="N-429-s20-lgov-do">
        <sentence sentNo="0" aPos="1940334" ID="1056108">
            <text>The vast majority of us do n't do crack . </text>
            <annotationSet cDate="01/08/2003 12:38:57 PST Wed" status="UNANN" ID="1563620">
                <layer rank="1" name="BNC">
                    <label end="2" start="0" name="AT0"/>
                    <label end="7" start="4" name="AJ0"/>
                    <label end="16" start="9" name="NN0"/>
                    <label end="19" start="18" name="PRF"/>
                    <label end="22" start="21" name="PNP"/>
                    <label end="25" start="24" name="VDB"/>
                    <label end="29" start="27" name="XX0"/>
                    <label end="32" start="31" name="VDI"/>
                    <label end="38" start="34" name="NN1-VVB"/>
                    <label end="40" start="40" name="PUN"/>
                </layer>
                <layer rank="1" name="NER"/>
                <layer rank="1" name="WSL"/>
            </annotationSet>
            <annotationSet cDate="01/08/2003 12:38:57 PST Wed" status="MANUAL" ID="1563621">
                <layer rank="1" name="FE">
                    <label cBy="Sns" feID="3495" end="38" start="34" name="Intoxicant"/>
                </layer>
                <layer rank="1" name="GF"/>
                <layer rank="1" name="PT"/>
                <layer rank="1" name="Sent"/>
                <layer rank="1" name="Other"/>
                <layer rank="1" name="Target">
                    <label cBy="BoC" end="38" start="34" name="Target"/>
                </layer>
                <layer rank="1" name="Noun">
                    <label end="32" start="31" name="Gov"/>
                    <label end="38" start="34" name="X"/>
                </layer>
            </annotationSet>
        </sentence>
    </subCorpus>
    <subCorpus name="N-429-s20-lgov-have"/>
    <subCorpus name="N-429-s20-lgov-sell">
        <sentence sentNo="0" aPos="36884103" ID="1056130">
            <text>` A song like ` Rubbish &quot; for example -- people selling crack to kids happens more here . </text>
            <annotationSet cDate="01/08/2003 12:38:59 PST Wed" status="UNANN" ID="1563664">
                <layer rank="1" name="BNC">
                    <label end="0" start="0" name="PUQ"/>
                    <label end="2" start="2" name="AT0"/>
                    <label end="7" start="4" name="NN1"/>
                    <label end="12" start="9" name="PRP"/>
                    <label end="14" start="14" name="PUQ"/>
                    <label end="22" start="16" name="NN1"/>
                    <label end="24" start="24" name="PUQ"/>
                    <label end="28" start="26" name="AV0"/>
                    <label end="36" start="30" name="AV0"/>
                    <label end="39" start="38" name="PUN"/>
                    <label end="46" start="41" name="NN0"/>
                    <label end="54" start="48" name="VVG"/>
                    <label end="60" start="56" name="NN1"/>
                    <label end="63" start="62" name="PRP"/>
                    <label end="68" start="65" name="NN2"/>
                    <label end="76" start="70" name="VVZ"/>
                    <label end="81" start="78" name="AV0"/>
                    <label end="86" start="83" name="AV0"/>
                    <label end="88" start="88" name="PUN"/>
                </layer>
                <layer rank="1" name="NER"/>
                <layer rank="1" name="WSL"/>
            </annotationSet>
            <annotationSet cDate="01/08/2003 12:38:59 PST Wed" status="MANUAL" ID="1563665">
                <layer rank="1" name="FE">
                    <label cBy="Sns" feID="3495" end="60" start="56" name="Intoxicant"/>
                </layer>
                <layer rank="1" name="GF"/>
                <layer rank="1" name="PT"/>
                <layer rank="1" name="Sent"/>
                <layer rank="1" name="Other"/>
                <layer rank="1" name="Target">
                    <label cBy="BoC" end="60" start="56" name="Target"/>
                </layer>
                <layer rank="1" name="Noun">
                    <label end="54" start="48" name="Gov"/>
                    <label end="60" start="56" name="X"/>
                </layer>
            </annotationSet>
        </sentence>
    </subCorpus>
    <subCorpus name="N-429-s20-lgov-smoke">
        <sentence sentNo="0" aPos="1494968" ID="1056132">
            <text>Smoking crack during pregnancy can cause low birth-weight , respiratory problems and premature labour . </text>
            <annotationSet cDate="01/08/2003 12:38:59 PST Wed" status="UNANN" ID="1563668">
                <layer rank="1" name="BNC">
                    <label end="6" start="0" name="VVG"/>
                    <label end="12" start="8" name="NN1"/>
                    <label end="19" start="14" name="PRP"/>
                    <label end="29" start="21" name="NN1"/>
                    <label end="33" start="31" name="VM0"/>
                    <label end="39" start="35" name="VVI"/>
                    <label end="43" start="41" name="AJ0"/>
                    <label end="56" start="45" name="NN1"/>
                    <label end="58" start="58" name="PUN"/>
                    <label end="70" start="60" name="AJ0"/>
                    <label end="79" start="72" name="NN2"/>
                    <label end="83" start="81" name="CJC"/>
                    <label end="93" start="85" name="AJ0"/>
                    <label end="100" start="95" name="NN1"/>
                    <label end="102" start="102" name="PUN"/>
                </layer>
                <layer rank="1" name="NER"/>
                <layer rank="1" name="WSL"/>
            </annotationSet>
            <annotationSet cDate="01/08/2003 12:39:00 PST Wed" status="MANUAL" ID="1563669">
                <layer rank="1" name="FE">
                    <label cBy="Sns" feID="3495" end="12" start="8" name="Intoxicant"/>
                </layer>
                <layer rank="1" name="GF"/>
                <layer rank="1" name="PT"/>
                <layer rank="1" name="Sent"/>
                <layer rank="1" name="Other"/>
                <layer rank="1" name="Target">
                    <label cBy="BoC" end="12" start="8" name="Target"/>
                </layer>
                <layer rank="1" name="Noun">
                    <label end="6" start="0" name="Gov"/>
                    <label end="12" start="8" name="X"/>
                </layer>
            </annotationSet>
        </sentence>
        <sentence sentNo="0" aPos="29925969" ID="1056133">
            <text>A place where everybody , employees and residents alike , smokes crack . </text>
            <annotationSet cDate="01/08/2003 12:39:00 PST Wed" status="UNANN" ID="1563670">
                <layer rank="1" name="BNC">
                    <label end="0" start="0" name="AT0"/>
                    <label end="6" start="2" name="NN1"/>
                    <label end="12" start="8" name="AVQ"/>
                    <label end="22" start="14" name="PNI"/>
                    <label end="24" start="24" name="PUN"/>
                    <label end="34" start="26" name="NN2"/>
                    <label end="38" start="36" name="CJC"/>
                    <label end="48" start="40" name="NN2"/>
                    <label end="54" start="50" name="AV0"/>
                    <label end="56" start="56" name="PUN"/>
                    <label end="63" start="58" name="NN2-VVZ"/>
                    <label end="69" start="65" name="NN1-VVB"/>
                    <label end="71" start="71" name="PUN"/>
                </layer>
                <layer rank="1" name="NER"/>
                <layer rank="1" name="WSL"/>
            </annotationSet>
            <annotationSet cDate="01/08/2003 12:39:00 PST Wed" status="MANUAL" ID="1563671">
                <layer rank="1" name="FE">
                    <label cBy="Sns" feID="3495" end="69" start="65" name="Intoxicant"/>
                </layer>
                <layer rank="1" name="GF"/>
                <layer rank="1" name="PT"/>
                <layer rank="1" name="Sent"/>
                <layer rank="1" name="Other"/>
                <layer rank="1" name="Target">
                    <label cBy="BoC" end="69" start="65" name="Target"/>
                </layer>
                <layer rank="1" name="Noun">
                    <label end="63" start="58" name="Gov"/>
                    <label end="69" start="65" name="X"/>
                </layer>
            </annotationSet>
        </sentence>
    </subCorpus>
    <subCorpus name="N-429-s20-lgov-take">
        <sentence sentNo="0" aPos="36777705" ID="1056141">
            <text>The place is devoid of alcoholic recourse , even the bands ' riders are untroubled by hard liquor , shit , we 're all going to have to take crack instead ! </text>
            <annotationSet cDate="01/08/2003 12:39:00 PST Wed" status="UNANN" ID="1563686">
                <layer rank="1" name="BNC">
                    <label end="2" start="0" name="AT0"/>
                    <label end="8" start="4" name="NN1"/>
                    <label end="11" start="10" name="VBZ"/>
                    <label end="18" start="13" name="AJ0"/>
                    <label end="21" start="20" name="PRF"/>
                    <label end="31" start="23" name="AJ0"/>
                    <label end="40" start="33" name="NN1"/>
                    <label end="42" start="42" name="PUN"/>
                    <label end="47" start="44" name="AV0"/>
                    <label end="51" start="49" name="AT0"/>
                    <label end="57" start="53" name="NN2"/>
                    <label end="59" start="59" name="POS"/>
                    <label end="66" start="61" name="NN2"/>
                    <label end="70" start="68" name="VBB"/>
                    <label end="81" start="72" name="AJ0"/>
                    <label end="84" start="83" name="PRP"/>
                    <label end="89" start="86" name="AJ0"/>
                    <label end="96" start="91" name="NN1"/>
                    <label end="98" start="98" name="PUN"/>
                    <label end="103" start="100" name="NN1"/>
                    <label end="105" start="105" name="PUN"/>
                    <label end="108" start="107" name="PNP"/>
                    <label end="112" start="110" name="VBB"/>
                    <label end="116" start="114" name="AV0"/>
                    <label end="122" start="118" name="VVG"/>
                    <label end="125" start="124" name="TO0"/>
                    <label end="130" start="127" name="VHI"/>
                    <label end="133" start="132" name="TO0"/>
                    <label end="138" start="135" name="VVI"/>
                    <label end="144" start="140" name="NN1-VVB"/>
                    <label end="152" start="146" name="AV0"/>
                    <label end="154" start="154" name="PUN"/>
                </layer>
                <layer rank="1" name="NER"/>
                <layer rank="1" name="WSL"/>
            </annotationSet>
            <annotationSet cDate="01/08/2003 12:39:01 PST Wed" status="MANUAL" ID="1563687">
                <layer rank="1" name="FE">
                    <label cBy="Sns" feID="3495" end="144" start="140" name="Intoxicant"/>
                </layer>
                <layer rank="1" name="GF"/>
                <layer rank="1" name="PT"/>
                <layer rank="1" name="Sent"/>
                <layer rank="1" name="Other"/>
                <layer rank="1" name="Target">
                    <label cBy="BoC" end="144" start="140" name="Target"/>
                </layer>
                <layer rank="1" name="Noun">
                    <label end="138" start="135" name="Gov"/>
                    <label end="144" start="140" name="X"/>
                </layer>
            </annotationSet>
        </sentence>
        <sentence sentNo="0" aPos="103217189" ID="1056150">
            <text>It 's usually hardened drugs users who take and supply crack . </text>
            <annotationSet cDate="01/08/2003 12:39:02 PST Wed" status="UNANN" ID="1563704">
                <layer rank="1" name="BNC">
                    <label end="1" start="0" name="PNP"/>
                    <label end="4" start="3" name="VBZ"/>
                    <label end="12" start="6" name="AV0"/>
                    <label end="21" start="14" name="AJ0-VVD"/>
                    <label end="27" start="23" name="NN2"/>
                    <label end="33" start="29" name="NN2"/>
                    <label end="37" start="35" name="PNQ"/>
                    <label end="42" start="39" name="VVB"/>
                    <label end="46" start="44" name="CJC"/>
                    <label end="53" start="48" name="NN1-VVB"/>
                    <label end="59" start="55" name="NN1"/>
                    <label end="61" start="61" name="PUN"/>
                </layer>
                <layer rank="1" name="NER"/>
                <layer rank="1" name="WSL"/>
            </annotationSet>
            <annotationSet cDate="01/08/2003 12:39:02 PST Wed" status="MANUAL" ID="1563705">
                <layer rank="1" name="FE">
                    <label cBy="Sns" feID="3495" end="59" start="55" name="Intoxicant"/>
                </layer>
                <layer rank="1" name="GF"/>
                <layer rank="1" name="PT"/>
                <layer rank="1" name="Sent"/>
                <layer rank="1" name="Other"/>
                <layer rank="1" name="Target">
                    <label cBy="BoC" end="59" start="55" name="Target"/>
                </layer>
                <layer rank="1" name="Noun">
                    <label end="53" start="48" name="Gov"/>
                    <label end="42" start="39" name="Gov"/>
                    <label end="59" start="55" name="X"/>
                </layer>
            </annotationSet>
        </sentence>
    </subCorpus>
    <subCorpus name="N-429-s20-lgov-use">
        <sentence sentNo="0" aPos="1494959" ID="1056151">
            <text>Health officials blame the increasing use by women of crack , the smokable form of cocaine . </text>
            <annotationSet cDate="01/08/2003 12:39:02 PST Wed" status="UNANN" ID="1563706">
                <layer rank="1" name="BNC">
                    <label end="5" start="0" name="NN1"/>
                    <label end="15" start="7" name="NN2"/>
                    <label end="21" start="17" name="VVB"/>
                    <label end="25" start="23" name="AT0"/>
                    <label end="36" start="27" name="AJ0"/>
                    <label end="40" start="38" name="NN1"/>
                    <label end="43" start="42" name="PRP"/>
                    <label end="49" start="45" name="NN2"/>
                    <label end="52" start="51" name="PRF"/>
                    <label end="58" start="54" name="NN1"/>
                    <label end="60" start="60" name="PUN"/>
                    <label end="64" start="62" name="AT0"/>
                    <label end="73" start="66" name="AJ0"/>
                    <label end="78" start="75" name="NN1"/>
                    <label end="81" start="80" name="PRF"/>
                    <label end="89" start="83" name="NN1"/>
                    <label end="91" start="91" name="PUN"/>
                </layer>
                <layer rank="1" name="NER"/>
                <layer rank="1" name="WSL"/>
            </annotationSet>
            <annotationSet cDate="01/08/2003 12:39:02 PST Wed" status="MANUAL" ID="1563707">
                <layer rank="1" name="FE">
                    <label cBy="Sns" feID="3495" end="58" start="54" name="Intoxicant"/>
                </layer>
                <layer rank="1" name="GF"/>
                <layer rank="1" name="PT"/>
                <layer rank="1" name="Sent"/>
                <layer rank="1" name="Other"/>
                <layer rank="1" name="Target">
                    <label cBy="BoC" end="58" start="54" name="Target"/>
                </layer>
                <layer rank="1" name="Noun">
                    <label end="40" start="38" name="Gov"/>
                    <label end="58" start="51" name="X"/>
                </layer>
            </annotationSet>
        </sentence>
        <sentence sentNo="0" aPos="29926103" ID="1056155">
            <text>But nearly everybody in this hotel uses crack . </text>
            <annotationSet cDate="01/08/2003 12:39:02 PST Wed" status="UNANN" ID="1563714">
                <layer rank="1" name="BNC">
                    <label end="2" start="0" name="CJC"/>
                    <label end="9" start="4" name="AV0"/>
                    <label end="19" start="11" name="PNI"/>
                    <label end="22" start="21" name="PRP"/>
                    <label end="27" start="24" name="DT0"/>
                    <label end="33" start="29" name="NN1"/>
                    <label end="38" start="35" name="NN2-VVZ"/>
                    <label end="44" start="40" name="NN1-VVB"/>
                    <label end="46" start="46" name="PUN"/>
                </layer>
                <layer rank="1" name="NER"/>
                <layer rank="1" name="WSL"/>
            </annotationSet>
            <annotationSet cDate="01/08/2003 12:39:02 PST Wed" status="MANUAL" ID="1563715">
                <layer rank="1" name="FE">
                    <label cBy="Sns" feID="3495" end="44" start="40" name="Intoxicant"/>
                </layer>
                <layer rank="1" name="GF"/>
                <layer rank="1" name="PT"/>
                <layer rank="1" name="Sent"/>
                <layer rank="1" name="Other"/>
                <layer rank="1" name="Target">
                    <label cBy="BoC" end="44" start="40" name="Target"/>
                </layer>
                <layer rank="1" name="Noun">
                    <label end="38" start="35" name="Gov"/>
                    <label end="44" start="40" name="X"/>
                </layer>
            </annotationSet>
        </sentence>
        <sentence sentNo="0" aPos="54614613" ID="1056156">
            <text>This explains why the extent of the use of crack is not necessarily indicated by the scale of seizures . </text>
            <annotationSet cDate="01/08/2003 12:39:02 PST Wed" status="UNANN" ID="1563716">
                <layer rank="1" name="BNC">
                    <label end="3" start="0" name="DT0"/>
                    <label end="12" start="5" name="VVZ"/>
                    <label end="16" start="14" name="AVQ"/>
                    <label end="20" start="18" name="AT0"/>
                    <label end="27" start="22" name="NN1"/>
                    <label end="30" start="29" name="PRF"/>
                    <label end="34" start="32" name="AT0"/>
                    <label end="38" start="36" name="NN1"/>
                    <label end="41" start="40" name="PRF"/>
                    <label end="47" start="43" name="NN1"/>
                    <label end="50" start="49" name="VBZ"/>
                    <label end="54" start="52" name="XX0"/>
                    <label end="66" start="56" name="AV0"/>
                    <label end="76" start="68" name="VVN"/>
                    <label end="79" start="78" name="PRP"/>
                    <label end="83" start="81" name="AT0"/>
                    <label end="89" start="85" name="NN1"/>
                    <label end="92" start="91" name="PRF"/>
                    <label end="101" start="94" name="NN2"/>
                    <label end="103" start="103" name="PUN"/>
                </layer>
                <layer rank="1" name="NER"/>
                <layer rank="1" name="WSL"/>
            </annotationSet>
            <annotationSet cDate="01/08/2003 12:39:02 PST Wed" status="MANUAL" ID="1563717">
                <layer rank="1" name="FE">
                    <label cBy="Sns" feID="3495" end="47" start="43" name="Intoxicant"/>
                </layer>
                <layer rank="1" name="GF"/>
                <layer rank="1" name="PT"/>
                <layer rank="1" name="Sent"/>
                <layer rank="1" name="Other"/>
                <layer rank="1" name="Target">
                    <label cBy="BoC" end="47" start="43" name="Target"/>
                </layer>
                <layer rank="1" name="Noun">
                    <label end="38" start="36" name="Gov"/>
                    <label end="47" start="40" name="X"/>
                </layer>
            </annotationSet>
        </sentence>
    </subCorpus>
</lexUnit>