<?xml version="1.0" encoding="UTF-8" standalone="yes"?>
<?xml-stylesheet type="text/xsl" href="lexUnit.xsl"?>
<lexUnit status="Finished_Initial" POS="V" name="knee.v" ID="7026" frame="Cause_harm" frameID="112" totalAnnotated="6" xsi:schemaLocation="../schema/lexUnit.xsd" xmlns="http://framenet.icsi.berkeley.edu" xmlns:xsi="http://www.w3.org/2001/XMLSchema-instance">
    <header>
        <frame>
            <FE fgColor="FFFFFF" bgColor="FF0000" type="Core" abbrev="Agt" name="Agent"/>
            <FE fgColor="FFFFFF" bgColor="9F79EE" type="Core" abbrev="BodP" name="Body_part"/>
            <FE fgColor="FFFFFF" bgColor="2E8B57" type="Core" abbrev="Cause" name="Cause"/>
            <FE fgColor="000000" bgColor="EEE8AA" type="Extra-Thematic" abbrev="" name="Circumstances"/>
            <FE fgColor="000000" bgColor="FF69B4" type="Extra-Thematic" abbrev="" name="Concessive"/>
            <FE fgColor="FFFFFF" bgColor="7CCD73" type="Extra-Thematic" abbrev="con" name="Containing_event"/>
            <FE fgColor="FFFFFF" bgColor="FF69B4" type="Peripheral" abbrev="Degr" name="Degree"/>
            <FE fgColor="FFFFFF" bgColor="9400D3" type="Extra-Thematic" abbrev="Depict" name="Depictive"/>
            <FE fgColor="000000" bgColor="FFD700" type="Extra-Thematic" abbrev="" name="Duration"/>
            <FE fgColor="FFFFFF" bgColor="006400" type="Extra-Thematic" abbrev="Exp" name="Explanation"/>
            <FE fgColor="FFFFFF" bgColor="90876C" type="Extra-Thematic" abbrev="" name="Frequency"/>
            <FE fgColor="FFFFFF" bgColor="808080" type="Peripheral" abbrev="Ins" name="Instrument"/>
            <FE fgColor="FFFFFF" bgColor="00008B" type="Extra-Thematic" abbrev="Iter" name="Iterations"/>
            <FE fgColor="FFFFFF" bgColor="FF00FF" type="Peripheral" abbrev="Manr" name="Manner"/>
            <FE fgColor="FFFFFF" bgColor="A52A2A" type="Peripheral" abbrev="Means" name="Means"/>
            <FE fgColor="000000" bgColor="7FFF00" type="Extra-Thematic" abbrev="" name="Particular_iteration"/>
            <FE fgColor="000000" bgColor="FFA500" type="Extra-Thematic" abbrev="" name="Period_of_iterations"/>
            <FE fgColor="FFFFFF" bgColor="008000" type="Peripheral" abbrev="" name="Place"/>
            <FE fgColor="FFFFFF" bgColor="800080" type="Extra-Thematic" abbrev="Purp" name="Purpose"/>
            <FE fgColor="000000" bgColor="7CCD73" type="Extra-Thematic" abbrev="re-e" name="Re-encoding"/>
            <FE fgColor="FFFFFF" bgColor="00BFFF" type="Extra-Thematic" abbrev="Result" name="Result"/>
            <FE fgColor="FFFFFF" bgColor="1E90FF" type="Extra-Thematic" abbrev="" name="Subregion_bodypart"/>
            <FE fgColor="FFFFFF" bgColor="FFA500" type="Peripheral" abbrev="Time" name="Time"/>
            <FE fgColor="FFFFFF" bgColor="0000FF" type="Core" abbrev="Vic" name="Victim"/>
        </frame>
    </header>
    <definition>FN: kick using the knee</definition>
    <lexeme POS="V" name="knee"/>
    <valences>
        <FERealization total="6">
            <FE name="Agent"/>
            <pattern total="1">
                <valenceUnit GF="" PT="CNI" FE="Agent"/>
                <annoSet ID="1559435"/>
            </pattern>
            <pattern total="5">
                <valenceUnit GF="Ext" PT="NP" FE="Agent"/>
                <annoSet ID="1559437"/>
                <annoSet ID="1559441"/>
                <annoSet ID="1559449"/>
                <annoSet ID="1559455"/>
                <annoSet ID="1559457"/>
            </pattern>
        </FERealization>
        <FERealization total="6">
            <FE name="Body_part"/>
            <pattern total="6">
                <valenceUnit GF="Dep" PT="PP[in]" FE="Body_part"/>
                <annoSet ID="1559435"/>
                <annoSet ID="1559437"/>
                <annoSet ID="1559441"/>
                <annoSet ID="1559449"/>
                <annoSet ID="1559455"/>
                <annoSet ID="1559457"/>
            </pattern>
        </FERealization>
        <FERealization total="2">
            <FE name="Manner"/>
            <pattern total="1">
                <valenceUnit GF="Dep" PT="AVP" FE="Manner"/>
                <annoSet ID="1559457"/>
            </pattern>
            <pattern total="1">
                <valenceUnit GF="Dep" PT="PP[with]" FE="Manner"/>
                <annoSet ID="1559455"/>
            </pattern>
        </FERealization>
        <FERealization total="1">
            <FE name="Purpose"/>
            <pattern total="1">
                <valenceUnit GF="Dep" PT="VPto" FE="Purpose"/>
                <annoSet ID="1559437"/>
            </pattern>
        </FERealization>
        <FERealization total="6">
            <FE name="Victim"/>
            <pattern total="1">
                <valenceUnit GF="Ext" PT="NP" FE="Victim"/>
                <annoSet ID="1559435"/>
            </pattern>
            <pattern total="5">
                <valenceUnit GF="Obj" PT="NP" FE="Victim"/>
                <annoSet ID="1559437"/>
                <annoSet ID="1559441"/>
                <annoSet ID="1559449"/>
                <annoSet ID="1559455"/>
                <annoSet ID="1559457"/>
            </pattern>
        </FERealization>
        <FEGroupRealization total="2">
            <FE name="Agent"/>
            <FE name="Body_part"/>
            <FE name="Manner"/>
            <FE name="Victim"/>
            <pattern total="1">
                <valenceUnit GF="Ext" PT="NP" FE="Agent"/>
                <valenceUnit GF="Dep" PT="PP[in]" FE="Body_part"/>
                <valenceUnit GF="Dep" PT="AVP" FE="Manner"/>
                <valenceUnit GF="Obj" PT="NP" FE="Victim"/>
                <annoSet ID="1559457"/>
            </pattern>
            <pattern total="1">
                <valenceUnit GF="Ext" PT="NP" FE="Agent"/>
                <valenceUnit GF="Dep" PT="PP[in]" FE="Body_part"/>
                <valenceUnit GF="Dep" PT="PP[with]" FE="Manner"/>
                <valenceUnit GF="Obj" PT="NP" FE="Victim"/>
                <annoSet ID="1559455"/>
            </pattern>
        </FEGroupRealization>
        <FEGroupRealization total="1">
            <FE name="Agent"/>
            <FE name="Body_part"/>
            <FE name="Purpose"/>
            <FE name="Victim"/>
            <pattern total="1">
                <valenceUnit GF="Ext" PT="NP" FE="Agent"/>
                <valenceUnit GF="Dep" PT="PP[in]" FE="Body_part"/>
                <valenceUnit GF="Dep" PT="VPto" FE="Purpose"/>
                <valenceUnit GF="Obj" PT="NP" FE="Victim"/>
                <annoSet ID="1559437"/>
            </pattern>
        </FEGroupRealization>
        <FEGroupRealization total="3">
            <FE name="Agent"/>
            <FE name="Body_part"/>
            <FE name="Victim"/>
            <pattern total="1">
                <valenceUnit GF="" PT="CNI" FE="Agent"/>
                <valenceUnit GF="Dep" PT="PP[in]" FE="Body_part"/>
                <valenceUnit GF="Ext" PT="NP" FE="Victim"/>
                <annoSet ID="1559435"/>
            </pattern>
            <pattern total="2">
                <valenceUnit GF="Ext" PT="NP" FE="Agent"/>
                <valenceUnit GF="Dep" PT="PP[in]" FE="Body_part"/>
                <valenceUnit GF="Obj" PT="NP" FE="Victim"/>
                <annoSet ID="1559441"/>
                <annoSet ID="1559449"/>
            </pattern>
        </FEGroupRealization>
    </valences>
    <subCorpus name="V-001-all">
        <sentence sentNo="0" aPos="9568442" ID="1054015">
            <text>A POLICEMAN was kneed in the groin and another punched in the face as they tried to break up brawling schoolgirls at a railway station . </text>
            <annotationSet cDate="01/08/2003 12:34:11 PST Wed" status="UNANN" ID="1559434">
                <layer rank="1" name="BNC">
                    <label end="0" start="0" name="AT0"/>
                    <label end="10" start="2" name="NN1-NP0"/>
                    <label end="14" start="12" name="VBD"/>
                    <label end="20" start="16" name="NN1"/>
                    <label end="23" start="22" name="PRP"/>
                    <label end="27" start="25" name="AT0"/>
                    <label end="33" start="29" name="NN1"/>
                    <label end="37" start="35" name="CJC"/>
                    <label end="45" start="39" name="DT0"/>
                    <label end="53" start="47" name="VVD-VVN"/>
                    <label end="56" start="55" name="PRP"/>
                    <label end="60" start="58" name="AT0"/>
                    <label end="65" start="62" name="NN1"/>
                    <label end="68" start="67" name="CJS"/>
                    <label end="73" start="70" name="PNP"/>
                    <label end="79" start="75" name="VVD"/>
                    <label end="82" start="81" name="TO0"/>
                    <label end="88" start="84" name="VVI"/>
                    <label end="91" start="90" name="AVP"/>
                    <label end="100" start="93" name="VVG"/>
                    <label end="112" start="102" name="NN2"/>
                    <label end="115" start="114" name="PRP"/>
                    <label end="117" start="117" name="AT0"/>
                    <label end="125" start="119" name="NN1"/>
                    <label end="133" start="127" name="NN1"/>
                    <label end="135" start="135" name="PUN"/>
                </layer>
                <layer rank="1" name="NER"/>
                <layer rank="1" name="WSL"/>
            </annotationSet>
            <annotationSet cDate="01/08/2003 12:34:11 PST Wed" status="MANUAL" ID="1559435">
                <layer rank="1" name="FE">
                    <label cBy="RLG" feID="547" end="10" start="0" name="Victim"/>
                    <label cBy="RLG" feID="558" end="33" start="22" name="Body_part"/>
                    <label cBy="ACW" feID="546" itype="CNI" name="Agent"/>
                </layer>
                <layer rank="1" name="GF">
                    <label end="10" start="0" name="Ext"/>
                    <label end="33" start="22" name="Dep"/>
                </layer>
                <layer rank="1" name="PT">
                    <label end="10" start="0" name="NP"/>
                    <label end="33" start="22" name="PP"/>
                </layer>
                <layer rank="1" name="Sent"/>
                <layer rank="1" name="Other"/>
                <layer rank="1" name="Target">
                    <label cBy="BoC" end="20" start="16" name="Target"/>
                </layer>
                <layer rank="1" name="Verb"/>
            </annotationSet>
        </sentence>
        <sentence sentNo="0" aPos="11586889" ID="1054016">
            <text>He had kneed Gomez in the stomach to break the gunman out of the panic of drowning . </text>
            <annotationSet cDate="01/08/2003 12:34:11 PST Wed" status="UNANN" ID="1559436">
                <layer rank="1" name="BNC">
                    <label end="1" start="0" name="PNP"/>
                    <label end="5" start="3" name="VHD"/>
                    <label end="11" start="7" name="NN1-VVB"/>
                    <label end="17" start="13" name="NN1-NP0"/>
                    <label end="20" start="19" name="PRP"/>
                    <label end="24" start="22" name="AT0"/>
                    <label end="32" start="26" name="NN1"/>
                    <label end="35" start="34" name="TO0"/>
                    <label end="41" start="37" name="VVI"/>
                    <label end="45" start="43" name="AT0"/>
                    <label end="52" start="47" name="NN1"/>
                    <label end="56" start="54" name="PRP"/>
                    <label end="59" start="58" name="PRP"/>
                    <label end="63" start="61" name="AT0"/>
                    <label end="69" start="65" name="NN1"/>
                    <label end="72" start="71" name="PRF"/>
                    <label end="81" start="74" name="NN1-VVG"/>
                    <label end="83" start="83" name="PUN"/>
                </layer>
                <layer rank="1" name="NER"/>
                <layer rank="1" name="WSL"/>
            </annotationSet>
            <annotationSet cDate="01/08/2003 12:34:11 PST Wed" status="MANUAL" ID="1559437">
                <layer rank="1" name="FE">
                    <label cBy="RLG" feID="546" end="1" start="0" name="Agent"/>
                    <label cBy="RLG" feID="547" end="17" start="13" name="Victim"/>
                    <label cBy="RLG" feID="624" end="81" start="34" name="Purpose"/>
                    <label cBy="RLG" feID="558" end="32" start="19" name="Body_part"/>
                </layer>
                <layer rank="1" name="GF">
                    <label end="1" start="0" name="Ext"/>
                    <label end="17" start="13" name="Obj"/>
                    <label end="32" start="19" name="Dep"/>
                    <label end="81" start="34" name="Dep"/>
                </layer>
                <layer rank="1" name="PT">
                    <label end="1" start="0" name="NP"/>
                    <label end="17" start="13" name="NP"/>
                    <label end="32" start="19" name="PP"/>
                    <label end="81" start="34" name="VPto"/>
                </layer>
                <layer rank="1" name="Sent"/>
                <layer rank="1" name="Other"/>
                <layer rank="1" name="Target">
                    <label cBy="BoC" end="11" start="7" name="Target"/>
                </layer>
                <layer rank="1" name="Verb"/>
            </annotationSet>
        </sentence>
        <sentence sentNo="0" aPos="21345309" ID="1054018">
            <text>` Oh , it 's you , &quot; she said , and kneed me in the groin . </text>
            <annotationSet cDate="01/08/2003 12:34:11 PST Wed" status="UNANN" ID="1559440">
                <layer rank="1" name="BNC">
                    <label end="0" start="0" name="PUQ"/>
                    <label end="3" start="2" name="ITJ"/>
                    <label end="5" start="5" name="PUN"/>
                    <label end="8" start="7" name="PNP"/>
                    <label end="11" start="10" name="VBZ"/>
                    <label end="15" start="13" name="PNP"/>
                    <label end="17" start="17" name="PUN"/>
                    <label end="19" start="19" name="PUQ"/>
                    <label end="23" start="21" name="PNP"/>
                    <label end="28" start="25" name="VVD"/>
                    <label end="30" start="30" name="PUN"/>
                    <label end="34" start="32" name="CJC"/>
                    <label end="40" start="36" name="VVB"/>
                    <label end="43" start="42" name="PNP"/>
                    <label end="46" start="45" name="PRP"/>
                    <label end="50" start="48" name="AT0"/>
                    <label end="56" start="52" name="NN1"/>
                    <label end="58" start="58" name="PUN"/>
                </layer>
                <layer rank="1" name="NER"/>
                <layer rank="1" name="WSL"/>
            </annotationSet>
            <annotationSet cDate="01/08/2003 12:34:11 PST Wed" status="MANUAL" ID="1559441">
                <layer rank="1" name="FE">
                    <label cBy="RLG" feID="546" end="23" start="21" name="Agent"/>
                    <label cBy="RLG" feID="547" end="43" start="42" name="Victim"/>
                    <label cBy="RLG" feID="558" end="56" start="45" name="Body_part"/>
                </layer>
                <layer rank="1" name="GF">
                    <label end="23" start="21" name="Ext"/>
                    <label end="43" start="42" name="Obj"/>
                    <label end="56" start="45" name="Dep"/>
                </layer>
                <layer rank="1" name="PT">
                    <label end="23" start="21" name="NP"/>
                    <label end="43" start="42" name="NP"/>
                    <label end="56" start="45" name="PP"/>
                </layer>
                <layer rank="1" name="Sent"/>
                <layer rank="1" name="Other"/>
                <layer rank="1" name="Target">
                    <label cBy="BoC" end="40" start="36" name="Target"/>
                </layer>
                <layer rank="1" name="Verb"/>
            </annotationSet>
        </sentence>
        <sentence sentNo="0" aPos="63004332" ID="1054022">
            <text>But to herself , she said : ` Thank you , kind sir , &quot; and kneed the patronising berk in the goolies . </text>
            <annotationSet cDate="01/08/2003 12:34:12 PST Wed" status="UNANN" ID="1559448">
                <layer rank="1" name="BNC">
                    <label end="2" start="0" name="CJC"/>
                    <label end="5" start="4" name="PRP"/>
                    <label end="13" start="7" name="PNX"/>
                    <label end="15" start="15" name="PUN"/>
                    <label end="19" start="17" name="PNP"/>
                    <label end="24" start="21" name="VVD"/>
                    <label end="26" start="26" name="PUN"/>
                    <label end="28" start="28" name="PUQ"/>
                    <label end="34" start="30" name="VVB"/>
                    <label end="38" start="36" name="PNP"/>
                    <label end="40" start="40" name="PUN"/>
                    <label end="45" start="42" name="AJ0-NN1"/>
                    <label end="49" start="47" name="NN1"/>
                    <label end="51" start="51" name="PUN"/>
                    <label end="53" start="53" name="PUQ"/>
                    <label end="57" start="55" name="CJC"/>
                    <label end="63" start="59" name="VVB"/>
                    <label end="67" start="65" name="AT0"/>
                    <label end="79" start="69" name="AJ0"/>
                    <label end="84" start="81" name="NN1"/>
                    <label end="87" start="86" name="PRP"/>
                    <label end="91" start="89" name="AT0"/>
                    <label end="99" start="93" name="NN2"/>
                    <label end="101" start="101" name="PUN"/>
                </layer>
                <layer rank="1" name="NER"/>
                <layer rank="1" name="WSL"/>
            </annotationSet>
            <annotationSet cDate="01/08/2003 12:34:12 PST Wed" status="MANUAL" ID="1559449">
                <layer rank="1" name="FE">
                    <label cBy="RLG" feID="547" end="84" start="65" name="Victim"/>
                    <label cBy="RLG" feID="558" end="99" start="86" name="Body_part"/>
                    <label cBy="RLG" feID="546" end="19" start="17" name="Agent"/>
                </layer>
                <layer rank="1" name="GF">
                    <label end="84" start="65" name="Obj"/>
                    <label end="99" start="86" name="Dep"/>
                    <label end="19" start="17" name="Ext"/>
                </layer>
                <layer rank="1" name="PT">
                    <label end="84" start="65" name="NP"/>
                    <label end="99" start="86" name="PP"/>
                    <label end="19" start="17" name="NP"/>
                </layer>
                <layer rank="1" name="Sent"/>
                <layer rank="1" name="Other"/>
                <layer rank="1" name="Target">
                    <label cBy="BoC" end="63" start="59" name="Target"/>
                </layer>
                <layer rank="1" name="Verb"/>
            </annotationSet>
        </sentence>
        <sentence sentNo="0" aPos="88388821" ID="1054025">
            <text>He swung around upon his kidnapper and with deadly accuracy kneed him in the groin . </text>
            <annotationSet cDate="01/08/2003 12:34:12 PST Wed" status="UNANN" ID="1559454">
                <layer rank="1" name="BNC">
                    <label end="1" start="0" name="PNP"/>
                    <label end="7" start="3" name="VVD"/>
                    <label end="14" start="9" name="AVP"/>
                    <label end="19" start="16" name="PRP"/>
                    <label end="23" start="21" name="DPS"/>
                    <label end="33" start="25" name="NN1"/>
                    <label end="37" start="35" name="CJC"/>
                    <label end="42" start="39" name="PRP"/>
                    <label end="49" start="44" name="AJ0"/>
                    <label end="58" start="51" name="NN1"/>
                    <label end="64" start="60" name="NN1-VVB"/>
                    <label end="68" start="66" name="PNP"/>
                    <label end="71" start="70" name="PRP"/>
                    <label end="75" start="73" name="AT0"/>
                    <label end="81" start="77" name="NN1"/>
                    <label end="83" start="83" name="PUN"/>
                </layer>
                <layer rank="1" name="NER"/>
                <layer rank="1" name="WSL"/>
            </annotationSet>
            <annotationSet cDate="01/08/2003 12:34:12 PST Wed" status="MANUAL" ID="1559455">
                <layer rank="1" name="FE">
                    <label cBy="RLG" feID="546" end="1" start="0" name="Agent"/>
                    <label cBy="RLG" feID="547" end="68" start="66" name="Victim"/>
                    <label cBy="RLG" feID="558" end="81" start="70" name="Body_part"/>
                    <label cBy="RLG" feID="553" end="58" start="39" name="Manner"/>
                </layer>
                <layer rank="1" name="GF">
                    <label end="1" start="0" name="Ext"/>
                    <label end="68" start="66" name="Obj"/>
                    <label end="81" start="70" name="Dep"/>
                    <label end="58" start="39" name="Dep"/>
                </layer>
                <layer rank="1" name="PT">
                    <label end="1" start="0" name="NP"/>
                    <label end="68" start="66" name="NP"/>
                    <label end="81" start="70" name="PP"/>
                    <label end="58" start="39" name="PP"/>
                </layer>
                <layer rank="1" name="Sent"/>
                <layer rank="1" name="Other"/>
                <layer rank="1" name="Target">
                    <label cBy="BoC" end="64" start="60" name="Target"/>
                </layer>
                <layer rank="1" name="Verb"/>
            </annotationSet>
        </sentence>
        <sentence sentNo="0" aPos="88696168" ID="1054026">
            <text>I kneed him in the balls as hard as I could . </text>
            <annotationSet cDate="01/08/2003 12:34:12 PST Wed" status="UNANN" ID="1559456">
                <layer rank="1" name="BNC">
                    <label end="0" start="0" name="PNP"/>
                    <label end="6" start="2" name="VVB"/>
                    <label end="10" start="8" name="PNP"/>
                    <label end="13" start="12" name="PRP"/>
                    <label end="17" start="15" name="AT0"/>
                    <label end="23" start="19" name="NN2"/>
                    <label end="26" start="25" name="AV0"/>
                    <label end="31" start="28" name="AV0"/>
                    <label end="34" start="33" name="CJS"/>
                    <label end="36" start="36" name="PNP"/>
                    <label end="42" start="38" name="VM0"/>
                    <label end="44" start="44" name="PUN"/>
                </layer>
                <layer rank="1" name="NER"/>
                <layer rank="1" name="WSL"/>
            </annotationSet>
            <annotationSet cDate="01/08/2003 12:34:12 PST Wed" status="MANUAL" ID="1559457">
                <layer rank="1" name="FE">
                    <label cBy="RLG" feID="547" end="10" start="8" name="Victim"/>
                    <label cBy="RLG" feID="558" end="23" start="12" name="Body_part"/>
                    <label cBy="RLG" feID="553" end="42" start="25" name="Manner"/>
                    <label cBy="ACW" feID="546" end="0" start="0" name="Agent"/>
                </layer>
                <layer rank="1" name="GF">
                    <label end="10" start="8" name="Obj"/>
                    <label end="23" start="12" name="Dep"/>
                    <label end="42" start="25" name="Dep"/>
                    <label end="0" start="0" name="Ext"/>
                </layer>
                <layer rank="1" name="PT">
                    <label end="10" start="8" name="NP"/>
                    <label end="23" start="12" name="PP"/>
                    <label end="42" start="25" name="AVP"/>
                    <label end="0" start="0" name="NP"/>
                </layer>
                <layer rank="1" name="Sent"/>
                <layer rank="1" name="Other"/>
                <layer rank="1" name="Target">
                    <label cBy="BoC" end="6" start="2" name="Target"/>
                </layer>
                <layer rank="1" name="Verb"/>
            </annotationSet>
        </sentence>
    </subCorpus>
</lexUnit>