<?xml version="1.0" encoding="UTF-8" standalone="yes"?>
<?xml-stylesheet type="text/xsl" href="lexUnit.xsl"?>
<lexUnit status="Insufficient_Attestations" POS="N" name="inhalant.n" ID="7076" frame="Intoxicants" frameID="390" totalAnnotated="0" xsi:schemaLocation="../schema/lexUnit.xsd" xmlns="http://framenet.icsi.berkeley.edu" xmlns:xsi="http://www.w3.org/2001/XMLSchema-instance">
    <header>
        <frame>
            <FE fgColor="FFFFFF" bgColor="800080" type="Peripheral" abbrev="Co" name="Country_of_origin"/>
            <FE fgColor="FFFFFF" bgColor="008000" type="Peripheral" abbrev="Desc" name="Descriptor"/>
            <FE fgColor="FFFFFF" bgColor="0000FF" type="Core" abbrev="Int" name="Intoxicant"/>
            <FE fgColor="FFFFFF" bgColor="9F79EE" type="Peripheral" abbrev="Type" name="Type"/>
        </frame>
    </header>
    <definition>COD: a solvent or other material producing vapour that is inhaled by drug abusers</definition>
    <lexeme POS="N" name="inhalant"/>
    <valences/>
    <subCorpus name="N-001-all"/>
</lexUnit>