<?xml version="1.0" encoding="UTF-8" standalone="yes"?>
<?xml-stylesheet type="text/xsl" href="lexUnit.xsl"?>
<lexUnit status="Finished_Initial" POS="N" name="LSD.n" ID="7037" frame="Intoxicants" frameID="390" totalAnnotated="9" xsi:schemaLocation="../schema/lexUnit.xsd" xmlns="http://framenet.icsi.berkeley.edu" xmlns:xsi="http://www.w3.org/2001/XMLSchema-instance">
    <header>
        <corpus description="BNC2" name="BNC2" ID="111">
            <document description="bncp" name="bncp" ID="421"/>
        </corpus>
        <corpus description="Texts from Nuclear Threat Initiative website, created by Center for Non-Proliferation Studies" name="NTI" ID="135">
            <document description="South Africa Introduction" name="SouthAfrica_Introduction" ID="23571"/>
        </corpus>
        <frame>
            <FE fgColor="FFFFFF" bgColor="800080" type="Peripheral" abbrev="Co" name="Country_of_origin"/>
            <FE fgColor="FFFFFF" bgColor="008000" type="Peripheral" abbrev="Desc" name="Descriptor"/>
            <FE fgColor="FFFFFF" bgColor="0000FF" type="Core" abbrev="Int" name="Intoxicant"/>
            <FE fgColor="FFFFFF" bgColor="9F79EE" type="Peripheral" abbrev="Type" name="Type"/>
        </frame>
    </header>
    <definition>COD: a synthetic crystalline compound, lysergic acid diethylamide, which is a powerful hallucinogenic drug.</definition>
    <lexeme POS="N" name="lsd"/>
    <valences>
        <governor type="Gov" lemma="experiment">
            <annoSet ID="1852809"/>
        </governor>
        <governor type="Gov" lemma="possess">
            <annoSet ID="1852839"/>
        </governor>
        <governor type="Gov" lemma="possession">
            <annoSet ID="1852815"/>
        </governor>
        <governor type="Gov" lemma="sell">
            <annoSet ID="1852803"/>
        </governor>
        <governor type="Gov" lemma="take">
            <annoSet ID="1852829"/>
            <annoSet ID="1852845"/>
            <annoSet ID="1852851"/>
        </governor>
        <governor type="Gov" lemma="user">
            <annoSet ID="1852893"/>
        </governor>
        <FERealization total="9">
            <FE name="Intoxicant"/>
            <pattern total="9">
                <valenceUnit GF="" PT="DEN" FE="Intoxicant"/>
                <annoSet ID="1852803"/>
                <annoSet ID="1852809"/>
                <annoSet ID="1852815"/>
                <annoSet ID="1852829"/>
                <annoSet ID="1852839"/>
                <annoSet ID="1852845"/>
                <annoSet ID="1852851"/>
                <annoSet ID="1852893"/>
                <annoSet ID="6534256"/>
            </pattern>
        </FERealization>
        <FEGroupRealization total="9">
            <FE name="Intoxicant"/>
            <pattern total="9">
                <valenceUnit GF="" PT="DEN" FE="Intoxicant"/>
                <annoSet ID="1852803"/>
                <annoSet ID="1852809"/>
                <annoSet ID="1852815"/>
                <annoSet ID="1852829"/>
                <annoSet ID="1852839"/>
                <annoSet ID="1852845"/>
                <annoSet ID="1852851"/>
                <annoSet ID="1852893"/>
                <annoSet ID="6534256"/>
            </pattern>
        </FEGroupRealization>
    </valences>
    <subCorpus name="01-NP-T-(1)">
        <sentence corpID="111" docID="421" sentNo="1" paragNo="1126" aPos="0" ID="1202831">
            <text>Georgia Griffiths was sentenced to nine months jail in June for selling LSD .</text>
            <annotationSet cDate="04/15/2003 07:22:43 PDT Tue" status="UNANN" ID="1852802">
                <layer rank="1" name="PENN">
                    <label end="6" start="0" name="NP"/>
                    <label end="16" start="8" name="NP"/>
                    <label end="20" start="18" name="VBD"/>
                    <label end="30" start="22" name="VVN"/>
                    <label end="33" start="32" name="to"/>
                    <label end="38" start="35" name="cd"/>
                    <label end="45" start="40" name="nns"/>
                    <label end="50" start="47" name="nn"/>
                    <label end="53" start="52" name="in"/>
                    <label end="58" start="55" name="NP"/>
                    <label end="62" start="60" name="in"/>
                    <label end="70" start="64" name="VVG"/>
                    <label end="74" start="72" name="nn"/>
                    <label end="76" start="76" name="sent"/>
                </layer>
                <layer rank="1" name="NER"/>
                <layer rank="1" name="WSL"/>
            </annotationSet>
            <annotationSet cDate="04/15/2003 07:22:43 PDT Tue" status="MANUAL" ID="1852803">
                <layer rank="1" name="Target">
                    <label cBy="CFB" end="74" start="72" name="Target"/>
                </layer>
                <layer rank="1" name="FE">
                    <label cBy="RLG" feID="3495" end="74" start="72" name="Intoxicant"/>
                </layer>
                <layer rank="1" name="GF"/>
                <layer rank="1" name="PT"/>
                <layer rank="1" name="Other"/>
                <layer rank="1" name="Sent"/>
                <layer rank="1" name="Noun">
                    <label end="70" start="64" name="Gov"/>
                    <label end="74" start="72" name="X"/>
                </layer>
            </annotationSet>
        </sentence>
    </subCorpus>
    <subCorpus name="02-XPtake,experiment,try-T-(1)">
        <sentence corpID="111" docID="421" sentNo="3" paragNo="151" aPos="0" ID="1202834">
            <text>He begins to experiment with LSD in an attempt to obtain more understanding of his problems .</text>
            <annotationSet cDate="04/15/2003 07:22:44 PDT Tue" status="UNANN" ID="1852808">
                <layer rank="1" name="PENN">
                    <label end="1" start="0" name="PP"/>
                    <label end="8" start="3" name="VVZ"/>
                    <label end="11" start="10" name="to"/>
                    <label end="22" start="13" name="nn"/>
                    <label end="27" start="24" name="in"/>
                    <label end="31" start="29" name="nn"/>
                    <label end="34" start="33" name="in"/>
                    <label end="37" start="36" name="dt"/>
                    <label end="45" start="39" name="nn"/>
                    <label end="48" start="47" name="to"/>
                    <label end="55" start="50" name="VV"/>
                    <label end="60" start="57" name="jjr"/>
                    <label end="74" start="62" name="nn"/>
                    <label end="77" start="76" name="in"/>
                    <label end="81" start="79" name="PP$"/>
                    <label end="90" start="83" name="nns"/>
                    <label end="92" start="92" name="sent"/>
                </layer>
                <layer rank="1" name="NER"/>
                <layer rank="1" name="WSL"/>
            </annotationSet>
            <annotationSet cDate="04/15/2003 07:22:44 PDT Tue" status="MANUAL" ID="1852809">
                <layer rank="1" name="Target">
                    <label cBy="CFB" end="31" start="29" name="Target"/>
                </layer>
                <layer rank="1" name="FE">
                    <label cBy="RLG" feID="3495" end="31" start="29" name="Intoxicant"/>
                </layer>
                <layer rank="1" name="GF"/>
                <layer rank="1" name="PT"/>
                <layer rank="1" name="Other"/>
                <layer rank="1" name="Sent"/>
                <layer rank="1" name="Noun">
                    <label end="22" start="13" name="Gov"/>
                    <label end="31" start="24" name="X"/>
                </layer>
            </annotationSet>
        </sentence>
        <sentence corpID="111" docID="421" sentNo="6" paragNo="672" aPos="0" ID="1202837">
            <text>We have reason to believe that your boyfriend is in possession of a considerable amount of LSD .</text>
            <annotationSet cDate="04/15/2003 07:22:45 PDT Tue" status="UNANN" ID="1852814">
                <layer rank="1" name="PENN">
                    <label end="1" start="0" name="PP"/>
                    <label end="6" start="3" name="VHP"/>
                    <label end="13" start="8" name="nn"/>
                    <label end="16" start="15" name="to"/>
                    <label end="24" start="18" name="VV"/>
                    <label end="29" start="26" name="in"/>
                    <label end="34" start="31" name="PP$"/>
                    <label end="44" start="36" name="nn"/>
                    <label end="47" start="46" name="VBZ"/>
                    <label end="50" start="49" name="in"/>
                    <label end="61" start="52" name="nn"/>
                    <label end="64" start="63" name="in"/>
                    <label end="66" start="66" name="dt"/>
                    <label end="79" start="68" name="jj"/>
                    <label end="86" start="81" name="nn"/>
                    <label end="89" start="88" name="in"/>
                    <label end="93" start="91" name="nn"/>
                    <label end="95" start="95" name="sent"/>
                </layer>
                <layer rank="1" name="NER"/>
                <layer rank="1" name="WSL"/>
            </annotationSet>
            <annotationSet cDate="04/15/2003 07:22:45 PDT Tue" status="MANUAL" ID="1852815">
                <layer rank="1" name="Target">
                    <label cBy="CFB" end="93" start="91" name="Target"/>
                </layer>
                <layer rank="1" name="FE">
                    <label cBy="RLG" feID="3495" end="93" start="91" name="Intoxicant"/>
                </layer>
                <layer rank="1" name="GF"/>
                <layer rank="1" name="PT"/>
                <layer rank="1" name="Other"/>
                <layer rank="1" name="Sent"/>
                <layer rank="1" name="Noun">
                    <label end="93" start="63" name="X"/>
                    <label end="61" start="52" name="Gov"/>
                </layer>
            </annotationSet>
        </sentence>
    </subCorpus>
    <subCorpus name="other-matched-(1)"/>
    <subCorpus name="other-unmatched-(1)">
        <sentence corpID="111" docID="421" sentNo="1" paragNo="328" aPos="0" ID="1202844">
            <text>Last year 12 Wellington College pupils were expelled for taking cannabis and LSD .</text>
            <annotationSet cDate="04/15/2003 07:22:48 PDT Tue" status="UNANN" ID="1852828">
                <layer rank="1" name="PENN">
                    <label end="3" start="0" name="jj"/>
                    <label end="8" start="5" name="nn"/>
                    <label end="11" start="10" name="cd"/>
                    <label end="22" start="13" name="NP"/>
                    <label end="30" start="24" name="NP"/>
                    <label end="37" start="32" name="nns"/>
                    <label end="42" start="39" name="VBD"/>
                    <label end="51" start="44" name="VVN"/>
                    <label end="55" start="53" name="in"/>
                    <label end="62" start="57" name="VVG"/>
                    <label end="71" start="64" name="nn"/>
                    <label end="75" start="73" name="cc"/>
                    <label end="79" start="77" name="nn"/>
                    <label end="81" start="81" name="sent"/>
                </layer>
                <layer rank="1" name="NER"/>
                <layer rank="1" name="WSL"/>
            </annotationSet>
            <annotationSet cDate="04/15/2003 07:22:48 PDT Tue" status="MANUAL" ID="1852829">
                <layer rank="1" name="Target">
                    <label cBy="CFB" end="79" start="77" name="Target"/>
                </layer>
                <layer rank="1" name="FE">
                    <label cBy="RLG" feID="3495" end="79" start="77" name="Intoxicant"/>
                </layer>
                <layer rank="1" name="GF"/>
                <layer rank="1" name="PT"/>
                <layer rank="1" name="Other"/>
                <layer rank="1" name="Sent"/>
                <layer rank="1" name="Noun">
                    <label end="62" start="57" name="Gov"/>
                    <label end="79" start="64" name="X"/>
                </layer>
            </annotationSet>
        </sentence>
        <sentence corpID="111" docID="421" sentNo="2" paragNo="382" aPos="0" ID="1202849">
            <text>Peer , an Oxford University student , pleaded guilty to possessing LSD .</text>
            <annotationSet cDate="04/15/2003 07:22:50 PDT Tue" status="UNANN" ID="1852838">
                <layer rank="1" name="PENN">
                    <label end="3" start="0" name="nn"/>
                    <label end="5" start="5" name=","/>
                    <label end="8" start="7" name="dt"/>
                    <label end="15" start="10" name="NP"/>
                    <label end="26" start="17" name="NP"/>
                    <label end="34" start="28" name="nn"/>
                    <label end="36" start="36" name=","/>
                    <label end="44" start="38" name="VVD"/>
                    <label end="51" start="46" name="jj"/>
                    <label end="54" start="53" name="to"/>
                    <label end="65" start="56" name="VVG"/>
                    <label end="69" start="67" name="nn"/>
                    <label end="71" start="71" name="sent"/>
                </layer>
                <layer rank="1" name="NER"/>
                <layer rank="1" name="WSL"/>
            </annotationSet>
            <annotationSet cDate="04/15/2003 07:22:50 PDT Tue" status="MANUAL" ID="1852839">
                <layer rank="1" name="Target">
                    <label cBy="CFB" end="69" start="67" name="Target"/>
                </layer>
                <layer rank="1" name="FE">
                    <label cBy="RLG" feID="3495" end="69" start="67" name="Intoxicant"/>
                </layer>
                <layer rank="1" name="GF"/>
                <layer rank="1" name="PT"/>
                <layer rank="1" name="Other"/>
                <layer rank="1" name="Sent"/>
                <layer rank="1" name="Noun">
                    <label end="69" start="67" name="X"/>
                    <label end="65" start="56" name="Gov"/>
                </layer>
            </annotationSet>
        </sentence>
        <sentence corpID="111" docID="421" sentNo="3" paragNo="192" aPos="0" ID="1202852">
            <text>It destroyed him and for a time he was engulfed by a deep chasm of despair , drinking heavily , taking amphetamines and LSD -- and he was in his sixteenth year of smoking marijuana .</text>
            <annotationSet cDate="04/15/2003 07:22:51 PDT Tue" status="UNANN" ID="1852844">
                <layer rank="1" name="PENN">
                    <label end="1" start="0" name="PP"/>
                    <label end="11" start="3" name="VVD"/>
                    <label end="15" start="13" name="PP"/>
                    <label end="19" start="17" name="cc"/>
                    <label end="23" start="21" name="in"/>
                    <label end="25" start="25" name="dt"/>
                    <label end="30" start="27" name="nn"/>
                    <label end="33" start="32" name="PP"/>
                    <label end="37" start="35" name="VBD"/>
                    <label end="46" start="39" name="VVN"/>
                    <label end="49" start="48" name="in"/>
                    <label end="51" start="51" name="dt"/>
                    <label end="56" start="53" name="jj"/>
                    <label end="62" start="58" name="nn"/>
                    <label end="65" start="64" name="in"/>
                    <label end="73" start="67" name="nn"/>
                    <label end="75" start="75" name=","/>
                    <label end="84" start="77" name="VVG"/>
                    <label end="92" start="86" name="rb"/>
                    <label end="94" start="94" name=","/>
                    <label end="101" start="96" name="VVG"/>
                    <label end="114" start="103" name="nns"/>
                    <label end="118" start="116" name="cc"/>
                    <label end="122" start="120" name="nn"/>
                    <label end="125" start="124" name=":"/>
                    <label end="129" start="127" name="cc"/>
                    <label end="132" start="131" name="PP"/>
                    <label end="136" start="134" name="VBD"/>
                    <label end="139" start="138" name="in"/>
                    <label end="143" start="141" name="PP$"/>
                    <label end="153" start="145" name="jj"/>
                    <label end="158" start="155" name="nn"/>
                    <label end="161" start="160" name="in"/>
                    <label end="169" start="163" name="nn"/>
                    <label end="179" start="171" name="nn"/>
                    <label end="181" start="181" name="sent"/>
                </layer>
                <layer rank="1" name="NER"/>
                <layer rank="1" name="WSL"/>
            </annotationSet>
            <annotationSet cDate="04/15/2003 07:22:52 PDT Tue" status="MANUAL" ID="1852845">
                <layer rank="1" name="Target">
                    <label cBy="CFB" end="122" start="120" name="Target"/>
                </layer>
                <layer rank="1" name="FE">
                    <label cBy="RLG" feID="3495" end="122" start="120" name="Intoxicant"/>
                </layer>
                <layer rank="1" name="GF"/>
                <layer rank="1" name="PT"/>
                <layer rank="1" name="Other"/>
                <layer rank="1" name="Sent"/>
                <layer rank="1" name="Noun">
                    <label end="101" start="96" name="Gov"/>
                    <label end="122" start="103" name="X"/>
                </layer>
            </annotationSet>
        </sentence>
        <sentence corpID="111" docID="421" sentNo="1" paragNo="213" aPos="0" ID="1202855">
            <text>At the inquest , pathologist , Dr Ian Buley said Henry had taken a high dose of LSD .</text>
            <annotationSet cDate="04/15/2003 07:22:53 PDT Tue" status="UNANN" ID="1852850">
                <layer rank="1" name="PENN">
                    <label end="1" start="0" name="in"/>
                    <label end="5" start="3" name="dt"/>
                    <label end="13" start="7" name="nn"/>
                    <label end="15" start="15" name=","/>
                    <label end="27" start="17" name="nn"/>
                    <label end="29" start="29" name=","/>
                    <label end="32" start="31" name="NP"/>
                    <label end="36" start="34" name="NP"/>
                    <label end="42" start="38" name="NP"/>
                    <label end="47" start="44" name="VVD"/>
                    <label end="53" start="49" name="NP"/>
                    <label end="57" start="55" name="VHD"/>
                    <label end="63" start="59" name="VVN"/>
                    <label end="65" start="65" name="dt"/>
                    <label end="70" start="67" name="jj"/>
                    <label end="75" start="72" name="nn"/>
                    <label end="78" start="77" name="in"/>
                    <label end="82" start="80" name="nn"/>
                    <label end="84" start="84" name="sent"/>
                </layer>
                <layer rank="1" name="NER"/>
                <layer rank="1" name="WSL"/>
            </annotationSet>
            <annotationSet cDate="04/15/2003 07:22:53 PDT Tue" status="MANUAL" ID="1852851">
                <layer rank="1" name="Target">
                    <label cBy="CFB" end="82" start="80" name="Target"/>
                </layer>
                <layer rank="1" name="FE">
                    <label cBy="RLG" feID="3495" end="82" start="80" name="Intoxicant"/>
                </layer>
                <layer rank="1" name="GF"/>
                <layer rank="1" name="PT"/>
                <layer rank="1" name="Other"/>
                <layer rank="1" name="Sent"/>
                <layer rank="1" name="Noun">
                    <label end="63" start="59" name="Gov"/>
                    <label end="82" start="65" name="X"/>
                </layer>
            </annotationSet>
        </sentence>
        <sentence corpID="111" docID="421" sentNo="2" paragNo="6663" aPos="0" ID="1202876">
            <text>One in four has taken Ecstacy , while LSD users have doubled to 35 per cent , says a survey by jeans company Wrangler .</text>
            <annotationSet cDate="04/15/2003 07:23:01 PDT Tue" status="UNANN" ID="1852892">
                <layer rank="1" name="PENN">
                    <label end="2" start="0" name="cd"/>
                    <label end="5" start="4" name="in"/>
                    <label end="10" start="7" name="cd"/>
                    <label end="14" start="12" name="VHZ"/>
                    <label end="20" start="16" name="VVN"/>
                    <label end="28" start="22" name="nn"/>
                    <label end="30" start="30" name=","/>
                    <label end="36" start="32" name="in"/>
                    <label end="40" start="38" name="nn"/>
                    <label end="46" start="42" name="nns"/>
                    <label end="51" start="48" name="VHP"/>
                    <label end="59" start="53" name="VVN"/>
                    <label end="62" start="61" name="to"/>
                    <label end="65" start="64" name="cd"/>
                    <label end="69" start="67" name="in"/>
                    <label end="74" start="71" name="nn"/>
                    <label end="76" start="76" name=","/>
                    <label end="81" start="78" name="VVZ"/>
                    <label end="83" start="83" name="dt"/>
                    <label end="90" start="85" name="nn"/>
                    <label end="93" start="92" name="in"/>
                    <label end="99" start="95" name="nns"/>
                    <label end="107" start="101" name="nn"/>
                    <label end="116" start="109" name="nn"/>
                    <label end="118" start="118" name="sent"/>
                </layer>
                <layer rank="1" name="NER"/>
                <layer rank="1" name="WSL"/>
            </annotationSet>
            <annotationSet cDate="04/15/2003 07:23:01 PDT Tue" status="MANUAL" ID="1852893">
                <layer rank="1" name="Target">
                    <label cBy="CFB" end="40" start="38" name="Target"/>
                </layer>
                <layer rank="1" name="FE">
                    <label cBy="RLG" feID="3495" end="40" start="38" name="Intoxicant"/>
                </layer>
                <layer rank="1" name="GF"/>
                <layer rank="1" name="PT"/>
                <layer rank="1" name="Other"/>
                <layer rank="1" name="Sent"/>
                <layer rank="1" name="Noun">
                    <label end="40" start="38" name="X"/>
                    <label end="46" start="42" name="Gov"/>
                </layer>
            </annotationSet>
        </sentence>
    </subCorpus>
    <subCorpus name="manually-added">
        <sentence corpID="135" docID="23571" sentNo="10" paragNo="8" aPos="0" ID="4097920">
            <text>Certain CW facilities also carried out research on the suitability of using illegal drugs such as methaqualone ( `` Quaaludes '' ) , MDMA ( `` Ecstasy '' ) , LSD , marijuana extract ( tetrahydrocannibol ) , and cocaine as incapacitating `` calmatives , '' but some of these illegal drugs may have ended up being sold for a profit .</text>
            <annotationSet cDate="09/28/2005 02:30:32 PDT Wed" status="UNANN" ID="6530659">
                <layer rank="1" name="PENN">
                    <label end="6" start="0" name="jj"/>
                    <label end="9" start="8" name="jj"/>
                    <label end="20" start="11" name="nns"/>
                    <label end="25" start="22" name="rb"/>
                    <label end="33" start="27" name="VVD"/>
                    <label end="37" start="35" name="rp"/>
                    <label end="46" start="39" name="nn"/>
                    <label end="49" start="48" name="in"/>
                    <label end="53" start="51" name="dt"/>
                    <label end="65" start="55" name="nn"/>
                    <label end="68" start="67" name="in"/>
                    <label end="74" start="70" name="VVG"/>
                    <label end="82" start="76" name="jj"/>
                    <label end="88" start="84" name="nns"/>
                    <label end="93" start="90" name="jj"/>
                    <label end="96" start="95" name="in"/>
                    <label end="109" start="98" name="nn"/>
                    <label end="111" start="111" name="("/>
                    <label end="114" start="113" name="``"/>
                    <label end="124" start="116" name="NP"/>
                    <label end="127" start="126" name="''"/>
                    <label end="129" start="129" name=")"/>
                    <label end="131" start="131" name=","/>
                    <label end="136" start="133" name="NP"/>
                    <label end="138" start="138" name="("/>
                    <label end="141" start="140" name="``"/>
                    <label end="149" start="143" name="nn"/>
                    <label end="152" start="151" name="''"/>
                    <label end="154" start="154" name=")"/>
                    <label end="156" start="156" name=","/>
                    <label end="160" start="158" name="nn"/>
                    <label end="162" start="162" name=","/>
                    <label end="172" start="164" name="nn"/>
                    <label end="180" start="174" name="nn"/>
                    <label end="182" start="182" name="("/>
                    <label end="201" start="184" name="NP"/>
                    <label end="203" start="203" name=")"/>
                    <label end="205" start="205" name=","/>
                    <label end="209" start="207" name="cc"/>
                    <label end="217" start="211" name="nn"/>
                    <label end="220" start="219" name="in"/>
                    <label end="235" start="222" name="VVG"/>
                    <label end="238" start="237" name="``"/>
                    <label end="249" start="240" name="nns"/>
                    <label end="251" start="251" name=","/>
                    <label end="254" start="253" name="''"/>
                    <label end="258" start="256" name="cc"/>
                    <label end="263" start="260" name="dt"/>
                    <label end="266" start="265" name="in"/>
                    <label end="272" start="268" name="dt"/>
                    <label end="280" start="274" name="jj"/>
                    <label end="286" start="282" name="nns"/>
                    <label end="290" start="288" name="md"/>
                    <label end="295" start="292" name="VH"/>
                    <label end="301" start="297" name="VVN"/>
                    <label end="304" start="303" name="rp"/>
                    <label end="310" start="306" name="VBG"/>
                    <label end="315" start="312" name="VVN"/>
                    <label end="319" start="317" name="in"/>
                    <label end="321" start="321" name="dt"/>
                    <label end="328" start="323" name="nn"/>
                    <label end="330" start="330" name="sent"/>
                </layer>
                <layer rank="1" name="NER">
                    <label end="9" start="8" name="WEA"/>
                </layer>
                <layer rank="1" name="WSL">
                    <label end="25" start="22" name="NT"/>
                    <label end="37" start="35" name="NT"/>
                    <label end="49" start="48" name="NT"/>
                    <label end="53" start="51" name="NT"/>
                    <label end="68" start="67" name="NT"/>
                    <label end="96" start="95" name="NT"/>
                    <label end="111" start="111" name="NT"/>
                    <label end="114" start="113" name="NT"/>
                    <label end="124" start="116" name="Nonrelational"/>
                    <label end="127" start="126" name="NT"/>
                    <label end="129" start="129" name="NT"/>
                    <label end="131" start="131" name="NT"/>
                    <label end="136" start="133" name="Nonrelational"/>
                    <label end="138" start="138" name="NT"/>
                    <label end="141" start="140" name="NT"/>
                    <label end="152" start="151" name="NT"/>
                    <label end="154" start="154" name="NT"/>
                    <label end="156" start="156" name="NT"/>
                    <label end="162" start="162" name="NT"/>
                    <label end="182" start="182" name="NT"/>
                    <label end="201" start="184" name="Nonrelational"/>
                    <label end="203" start="203" name="NT"/>
                    <label end="205" start="205" name="NT"/>
                    <label end="209" start="207" name="NT"/>
                    <label end="220" start="219" name="NT"/>
                    <label end="238" start="237" name="NT"/>
                    <label end="251" start="251" name="NT"/>
                    <label end="254" start="253" name="NT"/>
                    <label end="258" start="256" name="NT"/>
                    <label end="263" start="260" name="NT"/>
                    <label end="266" start="265" name="NT"/>
                    <label end="272" start="268" name="NT"/>
                    <label end="290" start="288" name="NT"/>
                    <label end="295" start="292" name="NT"/>
                    <label end="304" start="303" name="NT"/>
                    <label end="310" start="306" name="NT"/>
                    <label end="319" start="317" name="NT"/>
                    <label end="321" start="321" name="NT"/>
                    <label end="330" start="330" name="NT"/>
                    <label end="109" start="98" name="Nonrelational"/>
                    <label end="149" start="143" name="Nonrelational"/>
                    <label end="172" start="164" name="Nonrelational"/>
                    <label end="160" start="158" name="Nonrelational"/>
                    <label end="217" start="211" name="Nonrelational"/>
                </layer>
            </annotationSet>
            <annotationSet cDate="03/27/2006 03:27:13 PST Mon" status="MANUAL" ID="6534256">
                <layer rank="1" name="Target">
                    <label cBy="RLG" end="160" start="158" name="Target"/>
                </layer>
                <layer rank="1" name="FE">
                    <label cBy="RLG" feID="3495" end="160" start="158" name="Intoxicant"/>
                </layer>
                <layer rank="1" name="GF"/>
                <layer rank="1" name="PT"/>
                <layer rank="1" name="Other"/>
                <layer rank="1" name="Sent"/>
                <layer rank="1" name="Noun"/>
            </annotationSet>
        </sentence>
    </subCorpus>
</lexUnit>