<?xml version="1.0" encoding="UTF-8" standalone="yes"?>
<?xml-stylesheet type="text/xsl" href="lexUnit.xsl"?>
<lexUnit status="Finished_Initial" POS="N" name="blemish.n" ID="7088" frame="Body_mark" frameID="393" totalAnnotated="6" xsi:schemaLocation="../schema/lexUnit.xsd" xmlns="http://framenet.icsi.berkeley.edu" xmlns:xsi="http://www.w3.org/2001/XMLSchema-instance">
    <header>
        <frame>
            <FE fgColor="FFFFFF" bgColor="9400D3" type="Peripheral" abbrev="Attachment" name="Attachment"/>
            <FE fgColor="FFFFFF" bgColor="FF0000" type="Core" abbrev="Body_m" name="Body_mark"/>
            <FE fgColor="FFFFFF" bgColor="008000" type="Peripheral" abbrev="cause" name="Cause"/>
            <FE fgColor="000000" bgColor="d0d0d0" type="Peripheral" abbrev="con" name="Constituents"/>
            <FE fgColor="FFFFFF" bgColor="0000FF" type="Peripheral" abbrev="Desc" name="Descriptor"/>
            <FE fgColor="FFFFFF" bgColor="800080" type="Core" abbrev="Poss" name="Possessor"/>
            <FE fgColor="FFFFFF" bgColor="A52A2A" type="Peripheral" abbrev="typ" name="Type"/>
        </frame>
    </header>
    <definition>COD: a small mark or flaw which spoils the appearance of something. </definition>
    <lexeme POS="N" name="blemish"/>
    <valences>
        <governor type="Sup" lemma="with">
            <annoSet ID="1567843"/>
        </governor>
        <governor type="Gov" lemma="disguise">
            <annoSet ID="1567851"/>
        </governor>
        <governor type="Ctrlr" lemma="without">
            <annoSet ID="1567915"/>
        </governor>
        <FERealization total="3">
            <FE name="Attachment"/>
            <pattern total="1">
                <valenceUnit GF="Ext" PT="NP" FE="Attachment"/>
                <annoSet ID="1567915"/>
            </pattern>
            <pattern total="2">
                <valenceUnit GF="Dep" PT="PP[on]" FE="Attachment"/>
                <annoSet ID="1567825"/>
                <annoSet ID="1567843"/>
            </pattern>
        </FERealization>
        <FERealization total="6">
            <FE name="Body_mark"/>
            <pattern total="6">
                <valenceUnit GF="" PT="DEN" FE="Body_mark"/>
                <annoSet ID="1567825"/>
                <annoSet ID="1567843"/>
                <annoSet ID="1567851"/>
                <annoSet ID="1567889"/>
                <annoSet ID="1567915"/>
                <annoSet ID="1567927"/>
            </pattern>
        </FERealization>
        <FERealization total="2">
            <FE name="Descriptor"/>
            <pattern total="2">
                <valenceUnit GF="Dep" PT="AJP" FE="Descriptor"/>
                <annoSet ID="1567889"/>
                <annoSet ID="1567927"/>
            </pattern>
        </FERealization>
        <FERealization total="2">
            <FE name="Possessor"/>
            <pattern total="1">
                <valenceUnit GF="Ext" PT="NP" FE="Possessor"/>
                <annoSet ID="1567843"/>
            </pattern>
            <pattern total="1">
                <valenceUnit GF="Gen" PT="Poss" FE="Possessor"/>
                <annoSet ID="1567889"/>
            </pattern>
        </FERealization>
        <FEGroupRealization total="2">
            <FE name="Attachment"/>
            <FE name="Body_mark"/>
            <pattern total="1">
                <valenceUnit GF="Ext" PT="NP" FE="Attachment"/>
                <valenceUnit GF="" PT="DEN" FE="Body_mark"/>
                <annoSet ID="1567915"/>
            </pattern>
            <pattern total="1">
                <valenceUnit GF="Dep" PT="PP[on]" FE="Attachment"/>
                <valenceUnit GF="" PT="DEN" FE="Body_mark"/>
                <annoSet ID="1567825"/>
            </pattern>
        </FEGroupRealization>
        <FEGroupRealization total="1">
            <FE name="Attachment"/>
            <FE name="Body_mark"/>
            <FE name="Possessor"/>
            <pattern total="1">
                <valenceUnit GF="Dep" PT="PP[on]" FE="Attachment"/>
                <valenceUnit GF="" PT="DEN" FE="Body_mark"/>
                <valenceUnit GF="Ext" PT="NP" FE="Possessor"/>
                <annoSet ID="1567843"/>
            </pattern>
        </FEGroupRealization>
        <FEGroupRealization total="1">
            <FE name="Body_mark"/>
            <pattern total="1">
                <valenceUnit GF="" PT="DEN" FE="Body_mark"/>
                <annoSet ID="1567851"/>
            </pattern>
        </FEGroupRealization>
        <FEGroupRealization total="1">
            <FE name="Body_mark"/>
            <FE name="Descriptor"/>
            <pattern total="1">
                <valenceUnit GF="" PT="DEN" FE="Body_mark"/>
                <valenceUnit GF="Dep" PT="AJP" FE="Descriptor"/>
                <annoSet ID="1567927"/>
            </pattern>
        </FEGroupRealization>
        <FEGroupRealization total="1">
            <FE name="Body_mark"/>
            <FE name="Descriptor"/>
            <FE name="Possessor"/>
            <pattern total="1">
                <valenceUnit GF="" PT="DEN" FE="Body_mark"/>
                <valenceUnit GF="Dep" PT="AJP" FE="Descriptor"/>
                <valenceUnit GF="Gen" PT="Poss" FE="Possessor"/>
                <annoSet ID="1567889"/>
            </pattern>
        </FEGroupRealization>
    </valences>
    <subCorpus name="N-001-all">
        <sentence sentNo="0" aPos="23588175" ID="1058210">
            <text>Blemishes on your back and sometimes on the buttocks can be caused by friction , perspiration and micro-organisms . </text>
            <annotationSet cDate="01/08/2003 12:43:41 PST Wed" status="UNANN" ID="1567824">
                <layer rank="1" name="BNC">
                    <label end="8" start="0" name="NN2"/>
                    <label end="11" start="10" name="PRP"/>
                    <label end="16" start="13" name="DPS"/>
                    <label end="21" start="18" name="NN1"/>
                    <label end="25" start="23" name="CJC"/>
                    <label end="35" start="27" name="AV0"/>
                    <label end="38" start="37" name="PRP"/>
                    <label end="42" start="40" name="AT0"/>
                    <label end="51" start="44" name="NN2"/>
                    <label end="55" start="53" name="VM0"/>
                    <label end="58" start="57" name="VBI"/>
                    <label end="65" start="60" name="VVN"/>
                    <label end="68" start="67" name="PRP"/>
                    <label end="77" start="70" name="NN1"/>
                    <label end="79" start="79" name="PUN"/>
                    <label end="92" start="81" name="NN1"/>
                    <label end="96" start="94" name="CJC"/>
                    <label end="112" start="98" name="NN2"/>
                    <label end="114" start="114" name="PUN"/>
                </layer>
                <layer rank="1" name="NER"/>
                <layer rank="1" name="WSL"/>
            </annotationSet>
            <annotationSet cDate="01/08/2003 12:43:41 PST Wed" status="MANUAL" ID="1567825">
                <layer rank="1" name="FE">
                    <label cBy="gGK" feID="3507" end="8" start="0" name="Body_mark"/>
                    <label cBy="gGK" feID="3506" end="21" start="10" name="Attachment"/>
                </layer>
                <layer rank="1" name="GF">
                    <label end="21" start="10" name="Dep"/>
                </layer>
                <layer rank="1" name="PT">
                    <label end="21" start="10" name="PP"/>
                </layer>
                <layer rank="1" name="Sent"/>
                <layer rank="1" name="Other"/>
                <layer rank="1" name="Target">
                    <label cBy="BoC" end="8" start="0" name="Target"/>
                </layer>
                <layer rank="1" name="Noun"/>
            </annotationSet>
        </sentence>
        <sentence sentNo="0" aPos="29920068" ID="1058219">
            <text>Most coveted item : a fax of Princess Michiko , daughter to current emperor Akihiro , with a blemish on her forehead </text>
            <annotationSet cDate="01/08/2003 12:43:42 PST Wed" status="UNANN" ID="1567842">
                <layer rank="1" name="BNC">
                    <label end="3" start="0" name="DT0"/>
                    <label end="11" start="5" name="AJ0"/>
                    <label end="16" start="13" name="NN1"/>
                    <label end="18" start="18" name="PUN"/>
                    <label end="20" start="20" name="AT0"/>
                    <label end="24" start="22" name="NN1"/>
                    <label end="27" start="26" name="PRF"/>
                    <label end="36" start="29" name="NP0"/>
                    <label end="44" start="38" name="NP0"/>
                    <label end="46" start="46" name="PUN"/>
                    <label end="55" start="48" name="NN1"/>
                    <label end="58" start="57" name="PRP"/>
                    <label end="66" start="60" name="AJ0"/>
                    <label end="74" start="68" name="NN1"/>
                    <label end="82" start="76" name="NP0"/>
                    <label end="84" start="84" name="PUN"/>
                    <label end="89" start="86" name="PRP"/>
                    <label end="91" start="91" name="AT0"/>
                    <label end="99" start="93" name="NN1"/>
                    <label end="102" start="101" name="PRP"/>
                    <label end="106" start="104" name="DPS"/>
                    <label end="115" start="108" name="NN1"/>
                </layer>
                <layer rank="1" name="NER"/>
                <layer rank="1" name="WSL"/>
            </annotationSet>
            <annotationSet cDate="01/08/2003 12:43:42 PST Wed" status="MANUAL" ID="1567843">
                <layer rank="1" name="FE">
                    <label cBy="gGK" feID="3510" end="44" start="29" name="Possessor"/>
                    <label cBy="gGK" feID="3506" end="115" start="101" name="Attachment"/>
                    <label cBy="gGK" feID="3507" end="99" start="93" name="Body_mark"/>
                </layer>
                <layer rank="1" name="GF">
                    <label end="44" start="29" name="Ext"/>
                    <label end="115" start="101" name="Dep"/>
                </layer>
                <layer rank="1" name="PT">
                    <label end="44" start="29" name="NP"/>
                    <label end="115" start="101" name="PP"/>
                </layer>
                <layer rank="1" name="Sent"/>
                <layer rank="1" name="Other"/>
                <layer rank="1" name="Target">
                    <label cBy="BoC" end="99" start="93" name="Target"/>
                </layer>
                <layer rank="1" name="Noun">
                    <label end="89" start="86" name="Supp"/>
                </layer>
            </annotationSet>
        </sentence>
        <sentence sentNo="0" aPos="30637737" ID="1058223">
            <text>Disguise a blemish with a touch of medicated cover-stick , then set with loose face powder . </text>
            <annotationSet cDate="01/08/2003 12:43:43 PST Wed" status="UNANN" ID="1567850">
                <layer rank="1" name="BNC">
                    <label end="7" start="0" name="VVB"/>
                    <label end="9" start="9" name="AT0"/>
                    <label end="17" start="11" name="NN1"/>
                    <label end="22" start="19" name="PRP"/>
                    <label end="24" start="24" name="AT0"/>
                    <label end="30" start="26" name="NN1"/>
                    <label end="33" start="32" name="PRF"/>
                    <label end="43" start="35" name="AJ0"/>
                    <label end="55" start="45" name="NN1"/>
                    <label end="57" start="57" name="PUN"/>
                    <label end="62" start="59" name="AV0"/>
                    <label end="66" start="64" name="VVD-VVN"/>
                    <label end="71" start="68" name="PRP"/>
                    <label end="77" start="73" name="AJ0"/>
                    <label end="82" start="79" name="NN1"/>
                    <label end="89" start="84" name="NN1"/>
                    <label end="91" start="91" name="PUN"/>
                </layer>
                <layer rank="1" name="NER"/>
                <layer rank="1" name="WSL"/>
            </annotationSet>
            <annotationSet cDate="01/08/2003 12:43:43 PST Wed" status="MANUAL" ID="1567851">
                <layer rank="1" name="FE">
                    <label cBy="RLG" feID="3507" end="17" start="11" name="Body_mark"/>
                </layer>
                <layer rank="1" name="GF"/>
                <layer rank="1" name="PT"/>
                <layer rank="1" name="Sent"/>
                <layer rank="1" name="Other"/>
                <layer rank="1" name="Target">
                    <label cBy="BoC" end="17" start="11" name="Target"/>
                </layer>
                <layer rank="1" name="Noun">
                    <label end="7" start="0" name="Gov"/>
                    <label end="17" start="9" name="X"/>
                </layer>
            </annotationSet>
        </sentence>
        <sentence sentNo="0" aPos="53877438" ID="1058242">
            <text>Vanished are her healthy pink cheeks , her slightly red winter nose , her mole , her little freckles and blemishes : she is smooth , new made . </text>
            <annotationSet cDate="01/08/2003 12:43:45 PST Wed" status="UNANN" ID="1567888">
                <layer rank="1" name="BNC">
                    <label end="7" start="0" name="NP0"/>
                    <label end="11" start="9" name="VBB"/>
                    <label end="15" start="13" name="DPS"/>
                    <label end="23" start="17" name="AJ0"/>
                    <label end="28" start="25" name="AJ0"/>
                    <label end="35" start="30" name="NN2"/>
                    <label end="37" start="37" name="PUN"/>
                    <label end="41" start="39" name="PNP"/>
                    <label end="50" start="43" name="AV0"/>
                    <label end="54" start="52" name="AJ0"/>
                    <label end="61" start="56" name="NN1"/>
                    <label end="66" start="63" name="NN1"/>
                    <label end="68" start="68" name="PUN"/>
                    <label end="72" start="70" name="DPS"/>
                    <label end="77" start="74" name="NN1"/>
                    <label end="79" start="79" name="PUN"/>
                    <label end="83" start="81" name="DPS"/>
                    <label end="90" start="85" name="AJ0"/>
                    <label end="99" start="92" name="NN2"/>
                    <label end="103" start="101" name="CJC"/>
                    <label end="113" start="105" name="NN2-VVZ"/>
                    <label end="115" start="115" name="PUN"/>
                    <label end="119" start="117" name="PNP"/>
                    <label end="122" start="121" name="VBZ"/>
                    <label end="129" start="124" name="AJ0"/>
                    <label end="131" start="131" name="PUN"/>
                    <label end="135" start="133" name="AJ0"/>
                    <label end="140" start="137" name="VVD-VVN"/>
                    <label end="142" start="142" name="PUN"/>
                </layer>
                <layer rank="1" name="NER"/>
                <layer rank="1" name="WSL"/>
            </annotationSet>
            <annotationSet cDate="01/08/2003 12:43:45 PST Wed" status="MANUAL" ID="1567889">
                <layer rank="1" name="FE">
                    <label cBy="gGK" feID="3510" end="83" start="81" name="Possessor"/>
                    <label cBy="gGK" feID="3508" end="90" start="85" name="Descriptor"/>
                    <label cBy="gGK" feID="3507" end="113" start="105" name="Body_mark"/>
                </layer>
                <layer rank="1" name="GF">
                    <label end="83" start="81" name="Gen"/>
                    <label end="90" start="85" name="Dep"/>
                </layer>
                <layer rank="1" name="PT">
                    <label end="83" start="81" name="Poss"/>
                    <label end="90" start="85" name="AJP"/>
                </layer>
                <layer rank="1" name="Sent"/>
                <layer rank="1" name="Other"/>
                <layer rank="1" name="Target">
                    <label cBy="BoC" end="113" start="105" name="Target"/>
                </layer>
                <layer rank="1" name="Noun"/>
            </annotationSet>
        </sentence>
        <sentence sentNo="0" aPos="74207645" ID="1058255">
            <text>Huy looked at the girl 's hands again : they were without a blemish . </text>
            <annotationSet cDate="01/08/2003 12:43:46 PST Wed" status="UNANN" ID="1567914">
                <layer rank="1" name="BNC">
                    <label end="2" start="0" name="NP0"/>
                    <label end="9" start="4" name="VVD"/>
                    <label end="12" start="11" name="PRP"/>
                    <label end="16" start="14" name="AT0"/>
                    <label end="21" start="18" name="NN1"/>
                    <label end="24" start="23" name="POS"/>
                    <label end="30" start="26" name="NN2"/>
                    <label end="36" start="32" name="AV0"/>
                    <label end="38" start="38" name="PUN"/>
                    <label end="43" start="40" name="PNP"/>
                    <label end="48" start="45" name="VBD"/>
                    <label end="56" start="50" name="PRP"/>
                    <label end="58" start="58" name="AT0"/>
                    <label end="66" start="60" name="NN1"/>
                    <label end="68" start="68" name="PUN"/>
                </layer>
                <layer rank="1" name="NER"/>
                <layer rank="1" name="WSL"/>
            </annotationSet>
            <annotationSet cDate="01/08/2003 12:43:46 PST Wed" status="MANUAL" ID="1567915">
                <layer rank="1" name="FE">
                    <label cBy="JKR" feID="3506" end="43" start="40" name="Attachment"/>
                    <label cBy="JKR" feID="3507" end="66" start="60" name="Body_mark"/>
                </layer>
                <layer rank="1" name="GF">
                    <label end="43" start="40" name="Ext"/>
                </layer>
                <layer rank="1" name="PT">
                    <label end="43" start="40" name="NP"/>
                </layer>
                <layer rank="1" name="Sent"/>
                <layer rank="1" name="Other"/>
                <layer rank="1" name="Target">
                    <label cBy="BoC" end="66" start="60" name="Target"/>
                </layer>
                <layer rank="1" name="Noun">
                    <label end="56" start="50" name="Ctrlr"/>
                </layer>
            </annotationSet>
        </sentence>
        <sentence sentNo="0" aPos="80106855" ID="1058261">
            <text>He scratches at the spots on his arm , pulling soiled nails hard across the red blemishes . </text>
            <annotationSet cDate="01/08/2003 12:43:47 PST Wed" status="UNANN" ID="1567926">
                <layer rank="1" name="BNC">
                    <label end="1" start="0" name="PNP"/>
                    <label end="11" start="3" name="VVZ"/>
                    <label end="14" start="13" name="PRP"/>
                    <label end="18" start="16" name="AT0"/>
                    <label end="24" start="20" name="NN2"/>
                    <label end="27" start="26" name="PRP"/>
                    <label end="31" start="29" name="DPS"/>
                    <label end="35" start="33" name="NN1"/>
                    <label end="37" start="37" name="PUN"/>
                    <label end="45" start="39" name="VVG"/>
                    <label end="52" start="47" name="AJ0"/>
                    <label end="58" start="54" name="NN2"/>
                    <label end="63" start="60" name="AV0"/>
                    <label end="70" start="65" name="PRP"/>
                    <label end="74" start="72" name="AT0"/>
                    <label end="78" start="76" name="AJ0"/>
                    <label end="88" start="80" name="NN2"/>
                    <label end="90" start="90" name="PUN"/>
                </layer>
                <layer rank="1" name="NER"/>
                <layer rank="1" name="WSL"/>
            </annotationSet>
            <annotationSet cDate="01/08/2003 12:43:47 PST Wed" status="MANUAL" ID="1567927">
                <layer rank="1" name="FE">
                    <label cBy="RLG" feID="3508" end="78" start="76" name="Descriptor"/>
                    <label cBy="RLG" feID="3507" end="88" start="80" name="Body_mark"/>
                </layer>
                <layer rank="1" name="GF">
                    <label end="78" start="76" name="Dep"/>
                </layer>
                <layer rank="1" name="PT">
                    <label end="78" start="76" name="AJP"/>
                </layer>
                <layer rank="1" name="Sent"/>
                <layer rank="1" name="Other"/>
                <layer rank="1" name="Target">
                    <label cBy="BoC" end="88" start="80" name="Target"/>
                </layer>
                <layer rank="1" name="Noun"/>
            </annotationSet>
        </sentence>
    </subCorpus>
</lexUnit>