<?xml version="1.0" encoding="UTF-8" standalone="yes"?>
<?xml-stylesheet type="text/xsl" href="lexUnit.xsl"?>
<lexUnit status="Needs_SCs" POS="N" name="speed.n" ID="7064" frame="Intoxicants" frameID="390" totalAnnotated="3" xsi:schemaLocation="../schema/lexUnit.xsd" xmlns="http://framenet.icsi.berkeley.edu" xmlns:xsi="http://www.w3.org/2001/XMLSchema-instance">
    <header>
        <frame>
            <FE fgColor="FFFFFF" bgColor="800080" type="Peripheral" abbrev="Co" name="Country_of_origin"/>
            <FE fgColor="FFFFFF" bgColor="008000" type="Peripheral" abbrev="Desc" name="Descriptor"/>
            <FE fgColor="FFFFFF" bgColor="0000FF" type="Core" abbrev="Int" name="Intoxicant"/>
            <FE fgColor="FFFFFF" bgColor="9F79EE" type="Peripheral" abbrev="Type" name="Type"/>
        </frame>
    </header>
    <definition>COD: an amphetamine drug, especially methamphetamine.</definition>
    <lexeme POS="N" name="speed"/>
    <valences>
        <governor type="Gov" lemma="take">
            <annoSet ID="1563389"/>
            <annoSet ID="1563415"/>
        </governor>
        <governor type="Gov" lemma="use">
            <annoSet ID="1563455"/>
        </governor>
        <FERealization total="3">
            <FE name="Intoxicant"/>
            <pattern total="3">
                <valenceUnit GF="" PT="DEN" FE="Intoxicant"/>
                <annoSet ID="1563389"/>
                <annoSet ID="1563415"/>
                <annoSet ID="1563455"/>
            </pattern>
        </FERealization>
        <FEGroupRealization total="3">
            <FE name="Intoxicant"/>
            <pattern total="3">
                <valenceUnit GF="" PT="DEN" FE="Intoxicant"/>
                <annoSet ID="1563389"/>
                <annoSet ID="1563415"/>
                <annoSet ID="1563455"/>
            </pattern>
        </FEGroupRealization>
    </valences>
    <subCorpus name="N-280-s20-poss"/>
    <subCorpus name="N-290-s20-posscmpd"/>
    <subCorpus name="N-300-s20-cmpd"/>
    <subCorpus name="N-330-s20-period"/>
    <subCorpus name="N-380-s20-other"/>
    <subCorpus name="N-429-s20-lgov-do"/>
    <subCorpus name="N-429-s20-lgov-take">
        <sentence sentNo="0" aPos="46755639" ID="1055992">
            <text>For the years we were taking speed , we would n't go into a pub or a crowded room . </text>
            <annotationSet cDate="01/08/2003 12:38:40 PST Wed" status="UNANN" ID="1563388">
                <layer rank="1" name="BNC">
                    <label end="2" start="0" name="PRP"/>
                    <label end="6" start="4" name="AT0"/>
                    <label end="12" start="8" name="NN2"/>
                    <label end="15" start="14" name="PNP"/>
                    <label end="20" start="17" name="VBD"/>
                    <label end="27" start="22" name="VVG"/>
                    <label end="33" start="29" name="NN1"/>
                    <label end="35" start="35" name="PUN"/>
                    <label end="38" start="37" name="PNP"/>
                    <label end="44" start="40" name="VM0"/>
                    <label end="48" start="46" name="XX0"/>
                    <label end="51" start="50" name="VVI"/>
                    <label end="56" start="53" name="PRP"/>
                    <label end="58" start="58" name="AT0"/>
                    <label end="62" start="60" name="NN1"/>
                    <label end="65" start="64" name="CJC"/>
                    <label end="67" start="67" name="AT0"/>
                    <label end="75" start="69" name="AJ0"/>
                    <label end="80" start="77" name="NN1"/>
                    <label end="82" start="82" name="PUN"/>
                </layer>
                <layer rank="1" name="NER"/>
                <layer rank="1" name="WSL"/>
            </annotationSet>
            <annotationSet cDate="01/08/2003 12:38:40 PST Wed" status="MANUAL" ID="1563389">
                <layer rank="1" name="FE">
                    <label cBy="Sns" feID="3495" end="33" start="29" name="Intoxicant"/>
                </layer>
                <layer rank="1" name="GF"/>
                <layer rank="1" name="PT"/>
                <layer rank="1" name="Sent"/>
                <layer rank="1" name="Other"/>
                <layer rank="1" name="Target">
                    <label cBy="BoC" end="33" start="29" name="Target"/>
                </layer>
                <layer rank="1" name="Noun">
                    <label end="27" start="22" name="Gov"/>
                    <label end="33" start="29" name="X"/>
                </layer>
            </annotationSet>
        </sentence>
        <sentence sentNo="0" aPos="106615974" ID="1056005">
            <text>I 'd take acid , speed , hash as well . </text>
            <annotationSet cDate="01/08/2003 12:38:43 PST Wed" status="UNANN" ID="1563414">
                <layer rank="1" name="BNC">
                    <label end="0" start="0" name="PNP"/>
                    <label end="3" start="2" name="VM0"/>
                    <label end="8" start="5" name="VVI"/>
                    <label end="13" start="10" name="NN1"/>
                    <label end="15" start="15" name="PUN"/>
                    <label end="21" start="17" name="NN1"/>
                    <label end="23" start="23" name="PUN"/>
                    <label end="28" start="25" name="NN1-VVB"/>
                    <label end="31" start="30" name="AV0"/>
                    <label end="36" start="33" name="AV0"/>
                    <label end="38" start="38" name="PUN"/>
                </layer>
                <layer rank="1" name="NER"/>
                <layer rank="1" name="WSL"/>
            </annotationSet>
            <annotationSet cDate="01/08/2003 12:38:43 PST Wed" status="MANUAL" ID="1563415">
                <layer rank="1" name="FE">
                    <label cBy="Sns" feID="3495" end="21" start="17" name="Intoxicant"/>
                </layer>
                <layer rank="1" name="GF"/>
                <layer rank="1" name="PT"/>
                <layer rank="1" name="Sent"/>
                <layer rank="1" name="Other"/>
                <layer rank="1" name="Target">
                    <label cBy="BoC" end="21" start="17" name="Target"/>
                </layer>
                <layer rank="1" name="Noun">
                    <label end="8" start="5" name="Gov"/>
                    <label end="28" start="10" name="X"/>
                </layer>
            </annotationSet>
        </sentence>
    </subCorpus>
    <subCorpus name="N-429-s20-lgov-use">
        <sentence sentNo="0" aPos="104871534" ID="1056025">
            <text>Mr McMullin said many parents would be unaware that their children were regularly using Ecstasy , LSD or speed and young people did not realise the long-term harmful effects of the substances they were taking . </text>
            <annotationSet cDate="01/08/2003 12:38:46 PST Wed" status="UNANN" ID="1563454">
                <layer rank="1" name="BNC">
                    <label end="1" start="0" name="NP0"/>
                    <label end="10" start="3" name="NP0"/>
                    <label end="15" start="12" name="VVD"/>
                    <label end="20" start="17" name="DT0"/>
                    <label end="28" start="22" name="NN2"/>
                    <label end="34" start="30" name="VM0"/>
                    <label end="37" start="36" name="VBI"/>
                    <label end="45" start="39" name="AJ0"/>
                    <label end="50" start="47" name="CJT"/>
                    <label end="56" start="52" name="DPS"/>
                    <label end="65" start="58" name="NN2"/>
                    <label end="70" start="67" name="VBD"/>
                    <label end="80" start="72" name="AV0"/>
                    <label end="86" start="82" name="VVG"/>
                    <label end="94" start="88" name="NN1-NP0"/>
                    <label end="96" start="96" name="PUN"/>
                    <label end="100" start="98" name="NN1"/>
                    <label end="103" start="102" name="CJC"/>
                    <label end="109" start="105" name="NN1"/>
                    <label end="113" start="111" name="CJC"/>
                    <label end="119" start="115" name="AJ0"/>
                    <label end="126" start="121" name="NN0"/>
                    <label end="130" start="128" name="VDD"/>
                    <label end="134" start="132" name="XX0"/>
                    <label end="142" start="136" name="VVI"/>
                    <label end="146" start="144" name="AT0"/>
                    <label end="156" start="148" name="AJ0"/>
                    <label end="164" start="158" name="AJ0"/>
                    <label end="172" start="166" name="NN2"/>
                    <label end="175" start="174" name="PRF"/>
                    <label end="179" start="177" name="AT0"/>
                    <label end="190" start="181" name="NN2"/>
                    <label end="195" start="192" name="PNP"/>
                    <label end="200" start="197" name="VBD"/>
                    <label end="207" start="202" name="VVG"/>
                    <label end="209" start="209" name="PUN"/>
                </layer>
                <layer rank="1" name="NER"/>
                <layer rank="1" name="WSL"/>
            </annotationSet>
            <annotationSet cDate="01/08/2003 12:38:46 PST Wed" status="MANUAL" ID="1563455">
                <layer rank="1" name="FE">
                    <label cBy="Sns" feID="3495" end="109" start="105" name="Intoxicant"/>
                </layer>
                <layer rank="1" name="GF"/>
                <layer rank="1" name="PT"/>
                <layer rank="1" name="Sent"/>
                <layer rank="1" name="Other"/>
                <layer rank="1" name="Target">
                    <label cBy="BoC" end="109" start="105" name="Target"/>
                </layer>
                <layer rank="1" name="Noun">
                    <label end="86" start="82" name="Gov"/>
                    <label end="109" start="88" name="X"/>
                </layer>
            </annotationSet>
        </sentence>
    </subCorpus>
</lexUnit>