<?xml version="1.0" encoding="UTF-8" standalone="yes"?>
<?xml-stylesheet type="text/xsl" href="lexUnit.xsl"?>
<lexUnit status="Finished_Initial" POS="N" name="dope.n" ID="7060" frame="Intoxicants" frameID="390" totalAnnotated="12" xsi:schemaLocation="../schema/lexUnit.xsd" xmlns="http://framenet.icsi.berkeley.edu" xmlns:xsi="http://www.w3.org/2001/XMLSchema-instance">
    <header>
        <frame>
            <FE fgColor="FFFFFF" bgColor="800080" type="Peripheral" abbrev="Co" name="Country_of_origin"/>
            <FE fgColor="FFFFFF" bgColor="008000" type="Peripheral" abbrev="Desc" name="Descriptor"/>
            <FE fgColor="FFFFFF" bgColor="0000FF" type="Core" abbrev="Int" name="Intoxicant"/>
            <FE fgColor="FFFFFF" bgColor="9F79EE" type="Peripheral" abbrev="Type" name="Type"/>
        </frame>
    </header>
    <definition>COD: an illegal drug, especially cannabis or (US) heroin</definition>
    <lexeme POS="N" name="dope"/>
    <valences>
        <governor type="Gov" lemma="shoot">
            <annoSet ID="1562607"/>
        </governor>
        <governor type="Gov" lemma="smoke">
            <annoSet ID="1562565"/>
            <annoSet ID="1562567"/>
            <annoSet ID="1562627"/>
            <annoSet ID="1562633"/>
            <annoSet ID="1562647"/>
            <annoSet ID="1562649"/>
        </governor>
        <governor type="Gov" lemma="tablet">
            <annoSet ID="1562575"/>
        </governor>
        <governor type="Gov" lemma="take">
            <annoSet ID="1562591"/>
        </governor>
        <governor type="Gov" lemma="use">
            <annoSet ID="1562659"/>
            <annoSet ID="1562661"/>
        </governor>
        <FERealization total="1">
            <FE name="Descriptor"/>
            <pattern total="1">
                <valenceUnit GF="Dep" PT="AJP" FE="Descriptor"/>
                <annoSet ID="1562547"/>
            </pattern>
        </FERealization>
        <FERealization total="12">
            <FE name="Intoxicant"/>
            <pattern total="12">
                <valenceUnit GF="" PT="DEN" FE="Intoxicant"/>
                <annoSet ID="1562547"/>
                <annoSet ID="1562565"/>
                <annoSet ID="1562567"/>
                <annoSet ID="1562575"/>
                <annoSet ID="1562591"/>
                <annoSet ID="1562607"/>
                <annoSet ID="1562627"/>
                <annoSet ID="1562633"/>
                <annoSet ID="1562647"/>
                <annoSet ID="1562649"/>
                <annoSet ID="1562659"/>
                <annoSet ID="1562661"/>
            </pattern>
        </FERealization>
        <FERealization total="1">
            <FE name="Type"/>
            <pattern total="1">
                <valenceUnit GF="Dep" PT="AJP" FE="Type"/>
                <annoSet ID="1562575"/>
            </pattern>
        </FERealization>
        <FEGroupRealization total="1">
            <FE name="Descriptor"/>
            <FE name="Intoxicant"/>
            <pattern total="1">
                <valenceUnit GF="Dep" PT="AJP" FE="Descriptor"/>
                <valenceUnit GF="" PT="DEN" FE="Intoxicant"/>
                <annoSet ID="1562547"/>
            </pattern>
        </FEGroupRealization>
        <FEGroupRealization total="10">
            <FE name="Intoxicant"/>
            <pattern total="10">
                <valenceUnit GF="" PT="DEN" FE="Intoxicant"/>
                <annoSet ID="1562565"/>
                <annoSet ID="1562567"/>
                <annoSet ID="1562591"/>
                <annoSet ID="1562607"/>
                <annoSet ID="1562627"/>
                <annoSet ID="1562633"/>
                <annoSet ID="1562647"/>
                <annoSet ID="1562649"/>
                <annoSet ID="1562659"/>
                <annoSet ID="1562661"/>
            </pattern>
        </FEGroupRealization>
        <FEGroupRealization total="1">
            <FE name="Intoxicant"/>
            <FE name="Type"/>
            <pattern total="1">
                <valenceUnit GF="" PT="DEN" FE="Intoxicant"/>
                <valenceUnit GF="Dep" PT="AJP" FE="Type"/>
                <annoSet ID="1562575"/>
            </pattern>
        </FEGroupRealization>
    </valences>
    <subCorpus name="N-280-s20-poss"/>
    <subCorpus name="N-290-s20-posscmpd"/>
    <subCorpus name="N-300-s20-cmpd"/>
    <subCorpus name="N-330-s20-period">
        <sentence sentNo="0" aPos="12740112" ID="1055571">
            <text>I know that three days before they were killed , twenty-five people were invited to that house for the mass whipping of a dealer from Sunset Strip who 'd given them some bad dope . </text>
            <annotationSet cDate="01/08/2003 12:37:46 PST Wed" status="UNANN" ID="1562546">
                <layer rank="1" name="BNC">
                    <label end="0" start="0" name="PNP"/>
                    <label end="5" start="2" name="VVB"/>
                    <label end="10" start="7" name="CJT-DT0"/>
                    <label end="16" start="12" name="CRD"/>
                    <label end="21" start="18" name="NN2"/>
                    <label end="28" start="23" name="CJS-PRP"/>
                    <label end="33" start="30" name="PNP"/>
                    <label end="38" start="35" name="VBD"/>
                    <label end="45" start="40" name="VVN"/>
                    <label end="47" start="47" name="PUN"/>
                    <label end="59" start="49" name="CRD"/>
                    <label end="66" start="61" name="NN0"/>
                    <label end="71" start="68" name="VBD"/>
                    <label end="79" start="73" name="VVN"/>
                    <label end="82" start="81" name="PRP"/>
                    <label end="87" start="84" name="DT0"/>
                    <label end="93" start="89" name="NN1"/>
                    <label end="97" start="95" name="PRP"/>
                    <label end="101" start="99" name="AT0"/>
                    <label end="106" start="103" name="AJ0-NN1"/>
                    <label end="115" start="108" name="NN1"/>
                    <label end="118" start="117" name="PRF"/>
                    <label end="120" start="120" name="AT0"/>
                    <label end="127" start="122" name="NN1"/>
                    <label end="132" start="129" name="PRP"/>
                    <label end="139" start="134" name="NN1"/>
                    <label end="145" start="141" name="NN1-NP0"/>
                    <label end="149" start="147" name="PNQ"/>
                    <label end="152" start="151" name="VHD"/>
                    <label end="158" start="154" name="VVN"/>
                    <label end="163" start="160" name="PNP"/>
                    <label end="168" start="165" name="DT0"/>
                    <label end="172" start="170" name="AJ0"/>
                    <label end="177" start="174" name="NN1"/>
                    <label end="179" start="179" name="PUN"/>
                </layer>
                <layer rank="1" name="NER"/>
                <layer rank="1" name="WSL"/>
            </annotationSet>
            <annotationSet cDate="01/08/2003 12:37:46 PST Wed" status="MANUAL" ID="1562547">
                <layer rank="1" name="FE">
                    <label cBy="Sns" feID="3497" end="172" start="170" name="Descriptor"/>
                    <label cBy="Sns" feID="3495" end="177" start="174" name="Intoxicant"/>
                </layer>
                <layer rank="1" name="GF">
                    <label end="172" start="170" name="Dep"/>
                </layer>
                <layer rank="1" name="PT">
                    <label end="172" start="170" name="AJP"/>
                </layer>
                <layer rank="1" name="Sent"/>
                <layer rank="1" name="Other"/>
                <layer rank="1" name="Target">
                    <label cBy="BoC" end="177" start="174" name="Target"/>
                </layer>
                <layer rank="1" name="Noun"/>
            </annotationSet>
        </sentence>
        <sentence sentNo="0" aPos="53922749" ID="1055580">
            <text>They also smoked dope . </text>
            <annotationSet cDate="01/08/2003 12:37:46 PST Wed" status="UNANN" ID="1562564">
                <layer rank="1" name="BNC">
                    <label end="3" start="0" name="PNP"/>
                    <label end="8" start="5" name="AV0"/>
                    <label end="15" start="10" name="VVD"/>
                    <label end="20" start="17" name="NN1"/>
                    <label end="22" start="22" name="PUN"/>
                </layer>
                <layer rank="1" name="NER"/>
                <layer rank="1" name="WSL"/>
            </annotationSet>
            <annotationSet cDate="01/08/2003 12:37:46 PST Wed" status="MANUAL" ID="1562565">
                <layer rank="1" name="FE">
                    <label cBy="Sns" feID="3495" end="20" start="17" name="Intoxicant"/>
                </layer>
                <layer rank="1" name="GF"/>
                <layer rank="1" name="PT"/>
                <layer rank="1" name="Sent"/>
                <layer rank="1" name="Other"/>
                <layer rank="1" name="Target">
                    <label cBy="BoC" end="20" start="17" name="Target"/>
                </layer>
                <layer rank="1" name="Noun">
                    <label end="15" start="10" name="Gov"/>
                    <label end="20" start="17" name="X"/>
                </layer>
            </annotationSet>
        </sentence>
        <sentence sentNo="0" aPos="54679273" ID="1055581">
            <text>Walker 's ex-wife , Anna Somers Cocks , editor of the Art Newspaper , says : ` Oxford had its Brideshead element , of course , but everyone smoked dope . </text>
            <annotationSet cDate="01/08/2003 12:37:46 PST Wed" status="UNANN" ID="1562566">
                <layer rank="1" name="BNC">
                    <label end="5" start="0" name="NP0"/>
                    <label end="8" start="7" name="POS"/>
                    <label end="16" start="10" name="NN1"/>
                    <label end="18" start="18" name="PUN"/>
                    <label end="23" start="20" name="NP0"/>
                    <label end="30" start="25" name="NP0"/>
                    <label end="36" start="32" name="NP0"/>
                    <label end="38" start="38" name="PUN"/>
                    <label end="45" start="40" name="NN1"/>
                    <label end="48" start="47" name="PRF"/>
                    <label end="52" start="50" name="AT0"/>
                    <label end="56" start="54" name="NN1"/>
                    <label end="66" start="58" name="NN1"/>
                    <label end="68" start="68" name="PUN"/>
                    <label end="73" start="70" name="VVZ"/>
                    <label end="75" start="75" name="PUN"/>
                    <label end="77" start="77" name="PUQ"/>
                    <label end="84" start="79" name="NP0"/>
                    <label end="88" start="86" name="VHD"/>
                    <label end="92" start="90" name="DPS"/>
                    <label end="103" start="94" name="NN1-NP0"/>
                    <label end="111" start="105" name="NN1"/>
                    <label end="113" start="113" name="PUN"/>
                    <label end="116" start="115" name="AV0"/>
                    <label end="123" start="118" name="AV0"/>
                    <label end="125" start="125" name="PUN"/>
                    <label end="129" start="127" name="CJC"/>
                    <label end="138" start="131" name="PNI"/>
                    <label end="145" start="140" name="AJ0-VVD"/>
                    <label end="150" start="147" name="NN1"/>
                    <label end="152" start="152" name="PUN"/>
                </layer>
                <layer rank="1" name="NER"/>
                <layer rank="1" name="WSL"/>
            </annotationSet>
            <annotationSet cDate="01/08/2003 12:37:47 PST Wed" status="MANUAL" ID="1562567">
                <layer rank="1" name="FE">
                    <label cBy="Sns" feID="3495" end="150" start="147" name="Intoxicant"/>
                </layer>
                <layer rank="1" name="GF"/>
                <layer rank="1" name="PT"/>
                <layer rank="1" name="Sent"/>
                <layer rank="1" name="Other"/>
                <layer rank="1" name="Target">
                    <label cBy="BoC" end="150" start="147" name="Target"/>
                </layer>
                <layer rank="1" name="Noun">
                    <label end="145" start="140" name="Gov"/>
                    <label end="150" start="147" name="X"/>
                </layer>
            </annotationSet>
        </sentence>
        <sentence sentNo="0" aPos="90741814" ID="1055585">
            <text>He had taken a couple of tablets of synthesized dope . </text>
            <annotationSet cDate="01/08/2003 12:37:47 PST Wed" status="UNANN" ID="1562574">
                <layer rank="1" name="BNC">
                    <label end="1" start="0" name="PNP"/>
                    <label end="5" start="3" name="VHD"/>
                    <label end="11" start="7" name="VVN"/>
                    <label end="13" start="13" name="AT0"/>
                    <label end="20" start="15" name="NN1"/>
                    <label end="23" start="22" name="PRF"/>
                    <label end="31" start="25" name="NN2"/>
                    <label end="34" start="33" name="PRF"/>
                    <label end="46" start="36" name="AJ0"/>
                    <label end="51" start="48" name="NN1"/>
                    <label end="53" start="53" name="PUN"/>
                </layer>
                <layer rank="1" name="NER"/>
                <layer rank="1" name="WSL"/>
            </annotationSet>
            <annotationSet cDate="01/08/2003 12:37:47 PST Wed" status="MANUAL" ID="1562575">
                <layer rank="1" name="FE">
                    <label cBy="Sns" feID="3496" end="46" start="36" name="Type"/>
                    <label cBy="Sns" feID="3495" end="51" start="48" name="Intoxicant"/>
                </layer>
                <layer rank="1" name="GF">
                    <label end="46" start="36" name="Dep"/>
                </layer>
                <layer rank="1" name="PT">
                    <label end="46" start="36" name="AJP"/>
                </layer>
                <layer rank="1" name="Sent"/>
                <layer rank="1" name="Other"/>
                <layer rank="1" name="Target">
                    <label cBy="BoC" end="51" start="48" name="Target"/>
                </layer>
                <layer rank="1" name="Noun">
                    <label end="31" start="25" name="Gov"/>
                    <label end="51" start="33" name="X"/>
                </layer>
            </annotationSet>
        </sentence>
    </subCorpus>
    <subCorpus name="N-380-s20-other">
        <sentence sentNo="0" aPos="33467568" ID="1055593">
            <text>Much of his Taxi Driver , he says , arose from his belief that movies are a ` kind of dream state , or like taking dope &quot; . </text>
            <annotationSet cDate="01/08/2003 12:37:49 PST Wed" status="UNANN" ID="1562590">
                <layer rank="1" name="BNC">
                    <label end="3" start="0" name="DT0"/>
                    <label end="6" start="5" name="PRF"/>
                    <label end="10" start="8" name="DPS"/>
                    <label end="15" start="12" name="NN1"/>
                    <label end="22" start="17" name="NN1-NP0"/>
                    <label end="24" start="24" name="PUN"/>
                    <label end="27" start="26" name="PNP"/>
                    <label end="32" start="29" name="VVZ"/>
                    <label end="34" start="34" name="PUN"/>
                    <label end="40" start="36" name="VVD"/>
                    <label end="45" start="42" name="PRP"/>
                    <label end="49" start="47" name="DPS"/>
                    <label end="56" start="51" name="NN1"/>
                    <label end="61" start="58" name="CJT-DT0"/>
                    <label end="68" start="63" name="NN2"/>
                    <label end="72" start="70" name="VBB"/>
                    <label end="74" start="74" name="AT0"/>
                    <label end="76" start="76" name="PUQ"/>
                    <label end="81" start="78" name="NN1"/>
                    <label end="84" start="83" name="PRF"/>
                    <label end="90" start="86" name="NN1"/>
                    <label end="96" start="92" name="NN1"/>
                    <label end="98" start="98" name="PUN"/>
                    <label end="101" start="100" name="CJC"/>
                    <label end="106" start="103" name="PRP"/>
                    <label end="113" start="108" name="VVG"/>
                    <label end="118" start="115" name="NN1"/>
                    <label end="120" start="120" name="PUQ"/>
                    <label end="122" start="122" name="PUN"/>
                </layer>
                <layer rank="1" name="NER"/>
                <layer rank="1" name="WSL"/>
            </annotationSet>
            <annotationSet cDate="01/08/2003 12:37:49 PST Wed" status="MANUAL" ID="1562591">
                <layer rank="1" name="FE">
                    <label cBy="Sns" feID="3495" end="118" start="115" name="Intoxicant"/>
                </layer>
                <layer rank="1" name="GF"/>
                <layer rank="1" name="PT"/>
                <layer rank="1" name="Sent"/>
                <layer rank="1" name="Other"/>
                <layer rank="1" name="Target">
                    <label cBy="BoC" end="118" start="115" name="Target"/>
                </layer>
                <layer rank="1" name="Noun">
                    <label end="113" start="108" name="Gov"/>
                    <label end="118" start="115" name="X"/>
                </layer>
            </annotationSet>
        </sentence>
        <sentence sentNo="0" aPos="79472154" ID="1055601">
            <text>She tells me his habit is bigger than I know , that at other people 's homes , he shoots dope into his arm . </text>
            <annotationSet cDate="01/08/2003 12:37:51 PST Wed" status="UNANN" ID="1562606">
                <layer rank="1" name="BNC">
                    <label end="2" start="0" name="PNP"/>
                    <label end="8" start="4" name="VVZ"/>
                    <label end="11" start="10" name="PNP"/>
                    <label end="15" start="13" name="DPS"/>
                    <label end="21" start="17" name="NN1"/>
                    <label end="24" start="23" name="VBZ"/>
                    <label end="31" start="26" name="AJC"/>
                    <label end="36" start="33" name="CJS"/>
                    <label end="38" start="38" name="PNP"/>
                    <label end="43" start="40" name="VVB"/>
                    <label end="45" start="45" name="PUN"/>
                    <label end="50" start="47" name="CJT-DT0"/>
                    <label end="53" start="52" name="PRP"/>
                    <label end="59" start="55" name="AJ0"/>
                    <label end="66" start="61" name="NN0"/>
                    <label end="69" start="68" name="POS"/>
                    <label end="75" start="71" name="NN2"/>
                    <label end="77" start="77" name="PUN"/>
                    <label end="80" start="79" name="PNP"/>
                    <label end="87" start="82" name="VVZ"/>
                    <label end="92" start="89" name="NN1"/>
                    <label end="97" start="94" name="PRP"/>
                    <label end="101" start="99" name="DPS"/>
                    <label end="105" start="103" name="NN1"/>
                    <label end="107" start="107" name="PUN"/>
                </layer>
                <layer rank="1" name="NER"/>
                <layer rank="1" name="WSL"/>
            </annotationSet>
            <annotationSet cDate="01/08/2003 12:37:51 PST Wed" status="MANUAL" ID="1562607">
                <layer rank="1" name="FE">
                    <label cBy="Sns" feID="3495" end="92" start="89" name="Intoxicant"/>
                </layer>
                <layer rank="1" name="GF"/>
                <layer rank="1" name="PT"/>
                <layer rank="1" name="Sent"/>
                <layer rank="1" name="Other"/>
                <layer rank="1" name="Target">
                    <label cBy="BoC" end="92" start="89" name="Target"/>
                </layer>
                <layer rank="1" name="Noun">
                    <label end="87" start="82" name="Gov"/>
                    <label end="92" start="89" name="X"/>
                </layer>
            </annotationSet>
        </sentence>
    </subCorpus>
    <subCorpus name="N-429-s20-lcoll-Chilean"/>
    <subCorpus name="N-429-s20-lcoll-Indian"/>
    <subCorpus name="N-429-s20-lgov-get">
        <sentence sentNo="0" aPos="76823423" ID="1055611">
            <text>A lot of things were happening , sometimes I was having a good time , sometimes it was ghastly , and I used to get totally paranoid smoking dope . </text>
            <annotationSet cDate="01/08/2003 12:37:52 PST Wed" status="UNANN" ID="1562626">
                <layer rank="1" name="BNC">
                    <label end="0" start="0" name="AT0"/>
                    <label end="4" start="2" name="NN1"/>
                    <label end="7" start="6" name="PRF"/>
                    <label end="14" start="9" name="NN2"/>
                    <label end="19" start="16" name="VBD"/>
                    <label end="29" start="21" name="VVG"/>
                    <label end="31" start="31" name="PUN"/>
                    <label end="41" start="33" name="AV0"/>
                    <label end="43" start="43" name="PNP"/>
                    <label end="47" start="45" name="VBD"/>
                    <label end="54" start="49" name="VHG"/>
                    <label end="56" start="56" name="AT0"/>
                    <label end="61" start="58" name="AJ0"/>
                    <label end="66" start="63" name="NN1"/>
                    <label end="68" start="68" name="PUN"/>
                    <label end="78" start="70" name="AV0"/>
                    <label end="81" start="80" name="PNP"/>
                    <label end="85" start="83" name="VBD"/>
                    <label end="93" start="87" name="AJ0"/>
                    <label end="95" start="95" name="PUN"/>
                    <label end="99" start="97" name="CJC"/>
                    <label end="101" start="101" name="PNP"/>
                    <label end="106" start="103" name="VM0"/>
                    <label end="109" start="108" name="TO0"/>
                    <label end="113" start="111" name="VVI"/>
                    <label end="121" start="115" name="AV0"/>
                    <label end="130" start="123" name="AJ0"/>
                    <label end="138" start="132" name="VVG"/>
                    <label end="143" start="140" name="NN1"/>
                    <label end="145" start="145" name="PUN"/>
                </layer>
                <layer rank="1" name="NER"/>
                <layer rank="1" name="WSL"/>
            </annotationSet>
            <annotationSet cDate="01/08/2003 12:37:52 PST Wed" status="MANUAL" ID="1562627">
                <layer rank="1" name="FE">
                    <label cBy="Sns" feID="3495" end="143" start="140" name="Intoxicant"/>
                </layer>
                <layer rank="1" name="GF"/>
                <layer rank="1" name="PT"/>
                <layer rank="1" name="Sent"/>
                <layer rank="1" name="Other"/>
                <layer rank="1" name="Target">
                    <label cBy="BoC" end="143" start="140" name="Target"/>
                </layer>
                <layer rank="1" name="Noun">
                    <label end="138" start="132" name="Gov"/>
                    <label end="143" start="140" name="X"/>
                </layer>
            </annotationSet>
        </sentence>
    </subCorpus>
    <subCorpus name="N-429-s20-lgov-have"/>
    <subCorpus name="N-429-s20-lgov-smoke">
        <sentence sentNo="0" aPos="5551739" ID="1055614">
            <text>We smoked dope and people who wanted to would take sillacybin , mescalin or LSD , and that was literally it . </text>
            <annotationSet cDate="01/08/2003 12:37:52 PST Wed" status="UNANN" ID="1562632">
                <layer rank="1" name="BNC">
                    <label end="1" start="0" name="PNP"/>
                    <label end="8" start="3" name="VVD"/>
                    <label end="13" start="10" name="NN1"/>
                    <label end="17" start="15" name="CJC"/>
                    <label end="24" start="19" name="NN0"/>
                    <label end="28" start="26" name="PNQ"/>
                    <label end="35" start="30" name="VVD"/>
                    <label end="38" start="37" name="AVP"/>
                    <label end="44" start="40" name="VM0"/>
                    <label end="49" start="46" name="VVI"/>
                    <label end="60" start="51" name="NN1"/>
                    <label end="62" start="62" name="PUN"/>
                    <label end="71" start="64" name="NN1"/>
                    <label end="74" start="73" name="CJC"/>
                    <label end="78" start="76" name="NN1"/>
                    <label end="80" start="80" name="PUN"/>
                    <label end="84" start="82" name="CJC"/>
                    <label end="89" start="86" name="CJT-DT0"/>
                    <label end="93" start="91" name="VBD"/>
                    <label end="103" start="95" name="AV0"/>
                    <label end="106" start="105" name="PNP"/>
                    <label end="108" start="108" name="PUN"/>
                </layer>
                <layer rank="1" name="NER"/>
                <layer rank="1" name="WSL"/>
            </annotationSet>
            <annotationSet cDate="01/08/2003 12:37:52 PST Wed" status="MANUAL" ID="1562633">
                <layer rank="1" name="FE">
                    <label cBy="Sns" feID="3495" end="13" start="10" name="Intoxicant"/>
                </layer>
                <layer rank="1" name="GF"/>
                <layer rank="1" name="PT"/>
                <layer rank="1" name="Sent"/>
                <layer rank="1" name="Other"/>
                <layer rank="1" name="Target">
                    <label cBy="BoC" end="13" start="10" name="Target"/>
                </layer>
                <layer rank="1" name="Noun">
                    <label end="8" start="3" name="Gov"/>
                    <label end="13" start="10" name="X"/>
                </layer>
            </annotationSet>
        </sentence>
        <sentence sentNo="0" aPos="47628309" ID="1055621">
            <text>We smoked some dope with the girls and went to have an omelette . </text>
            <annotationSet cDate="01/08/2003 12:37:53 PST Wed" status="UNANN" ID="1562646">
                <layer rank="1" name="BNC">
                    <label end="1" start="0" name="PNP"/>
                    <label end="8" start="3" name="VVD"/>
                    <label end="13" start="10" name="DT0"/>
                    <label end="18" start="15" name="NN1"/>
                    <label end="23" start="20" name="PRP"/>
                    <label end="27" start="25" name="AT0"/>
                    <label end="33" start="29" name="NN2"/>
                    <label end="37" start="35" name="CJC"/>
                    <label end="42" start="39" name="VVD"/>
                    <label end="45" start="44" name="TO0"/>
                    <label end="50" start="47" name="VHI"/>
                    <label end="53" start="52" name="AT0"/>
                    <label end="62" start="55" name="NN1"/>
                    <label end="64" start="64" name="PUN"/>
                </layer>
                <layer rank="1" name="NER"/>
                <layer rank="1" name="WSL"/>
            </annotationSet>
            <annotationSet cDate="01/08/2003 12:37:53 PST Wed" status="MANUAL" ID="1562647">
                <layer rank="1" name="FE">
                    <label cBy="Sns" feID="3495" end="18" start="15" name="Intoxicant"/>
                </layer>
                <layer rank="1" name="GF"/>
                <layer rank="1" name="PT"/>
                <layer rank="1" name="Sent"/>
                <layer rank="1" name="Other"/>
                <layer rank="1" name="Target">
                    <label cBy="BoC" end="18" start="15" name="Target"/>
                </layer>
                <layer rank="1" name="Noun">
                    <label end="8" start="3" name="Gov"/>
                    <label end="18" start="10" name="X"/>
                </layer>
            </annotationSet>
        </sentence>
        <sentence sentNo="0" aPos="58463038" ID="1055622">
            <text>I was getting through by starting to smoke dope and take acid . </text>
            <annotationSet cDate="01/08/2003 12:37:53 PST Wed" status="UNANN" ID="1562648">
                <layer rank="1" name="BNC">
                    <label end="0" start="0" name="PNP"/>
                    <label end="4" start="2" name="VBD"/>
                    <label end="12" start="6" name="VVG"/>
                    <label end="20" start="14" name="AVP"/>
                    <label end="23" start="22" name="PRP"/>
                    <label end="32" start="25" name="VVG"/>
                    <label end="35" start="34" name="TO0"/>
                    <label end="41" start="37" name="VVI"/>
                    <label end="46" start="43" name="NN1"/>
                    <label end="50" start="48" name="CJC"/>
                    <label end="55" start="52" name="VVB"/>
                    <label end="60" start="57" name="NN1"/>
                    <label end="62" start="62" name="PUN"/>
                </layer>
                <layer rank="1" name="NER"/>
                <layer rank="1" name="WSL"/>
            </annotationSet>
            <annotationSet cDate="01/08/2003 12:37:53 PST Wed" status="MANUAL" ID="1562649">
                <layer rank="1" name="FE">
                    <label cBy="Sns" feID="3495" end="46" start="43" name="Intoxicant"/>
                </layer>
                <layer rank="1" name="GF"/>
                <layer rank="1" name="PT"/>
                <layer rank="1" name="Sent"/>
                <layer rank="1" name="Other"/>
                <layer rank="1" name="Target">
                    <label cBy="BoC" end="46" start="43" name="Target"/>
                </layer>
                <layer rank="1" name="Noun">
                    <label end="41" start="37" name="Gov"/>
                    <label end="46" start="43" name="X"/>
                </layer>
            </annotationSet>
        </sentence>
    </subCorpus>
    <subCorpus name="N-429-s20-lgov-start"/>
    <subCorpus name="N-429-s20-lgov-use">
        <sentence sentNo="0" aPos="5183014" ID="1055627">
            <text>` I started drinking very heavily , using aerosols , dope , pills . </text>
            <annotationSet cDate="01/08/2003 12:37:54 PST Wed" status="UNANN" ID="1562658">
                <layer rank="1" name="BNC">
                    <label end="0" start="0" name="PUQ"/>
                    <label end="2" start="2" name="PNP"/>
                    <label end="10" start="4" name="VVD"/>
                    <label end="19" start="12" name="VVG"/>
                    <label end="24" start="21" name="AV0"/>
                    <label end="32" start="26" name="AV0"/>
                    <label end="34" start="34" name="PUN"/>
                    <label end="40" start="36" name="VVG"/>
                    <label end="49" start="42" name="NN2"/>
                    <label end="51" start="51" name="PUN"/>
                    <label end="56" start="53" name="NN1-VVB"/>
                    <label end="58" start="58" name="PUN"/>
                    <label end="64" start="60" name="NN2"/>
                    <label end="66" start="66" name="PUN"/>
                </layer>
                <layer rank="1" name="NER"/>
                <layer rank="1" name="WSL"/>
            </annotationSet>
            <annotationSet cDate="01/08/2003 12:37:54 PST Wed" status="MANUAL" ID="1562659">
                <layer rank="1" name="FE">
                    <label cBy="Sns" feID="3495" end="56" start="53" name="Intoxicant"/>
                </layer>
                <layer rank="1" name="GF"/>
                <layer rank="1" name="PT"/>
                <layer rank="1" name="Sent"/>
                <layer rank="1" name="Other"/>
                <layer rank="1" name="Target">
                    <label cBy="BoC" end="56" start="53" name="Target"/>
                </layer>
                <layer rank="1" name="Noun">
                    <label end="40" start="36" name="Gov"/>
                    <label end="64" start="42" name="X"/>
                </layer>
            </annotationSet>
        </sentence>
        <sentence sentNo="0" aPos="57299867" ID="1055628">
            <text>God , I could use some dope ; I need to mellow out , I need to calm down . </text>
            <annotationSet cDate="01/08/2003 12:37:54 PST Wed" status="UNANN" ID="1562660">
                <layer rank="1" name="BNC">
                    <label end="2" start="0" name="NP0"/>
                    <label end="4" start="4" name="PUN"/>
                    <label end="6" start="6" name="PNP"/>
                    <label end="12" start="8" name="VM0"/>
                    <label end="16" start="14" name="VVI"/>
                    <label end="21" start="18" name="DT0"/>
                    <label end="26" start="23" name="NN1"/>
                    <label end="28" start="28" name="PUN"/>
                    <label end="30" start="30" name="PNP"/>
                    <label end="35" start="32" name="VVB"/>
                    <label end="38" start="37" name="TO0"/>
                    <label end="45" start="40" name="VVI"/>
                    <label end="49" start="47" name="AVP"/>
                    <label end="51" start="51" name="PUN"/>
                    <label end="53" start="53" name="PNP"/>
                    <label end="58" start="55" name="VVB"/>
                    <label end="61" start="60" name="TO0"/>
                    <label end="66" start="63" name="VVI"/>
                    <label end="71" start="68" name="AVP"/>
                    <label end="73" start="73" name="PUN"/>
                </layer>
                <layer rank="1" name="NER"/>
                <layer rank="1" name="WSL"/>
            </annotationSet>
            <annotationSet cDate="01/08/2003 12:37:54 PST Wed" status="MANUAL" ID="1562661">
                <layer rank="1" name="FE">
                    <label cBy="Sns" feID="3495" end="26" start="23" name="Intoxicant"/>
                </layer>
                <layer rank="1" name="GF"/>
                <layer rank="1" name="PT"/>
                <layer rank="1" name="Sent"/>
                <layer rank="1" name="Other"/>
                <layer rank="1" name="Target">
                    <label cBy="BoC" end="26" start="23" name="Target"/>
                </layer>
                <layer rank="1" name="Noun">
                    <label end="26" start="18" name="X"/>
                    <label end="16" start="14" name="Gov"/>
                </layer>
            </annotationSet>
        </sentence>
    </subCorpus>
</lexUnit>