<?xml version="1.0" encoding="UTF-8" standalone="yes"?>
<?xml-stylesheet type="text/xsl" href="lexUnit.xsl"?>
<lexUnit status="Finished_Initial" POS="V" name="pave.v" ID="7017" frame="Filling" frameID="59" totalAnnotated="8" xsi:schemaLocation="../schema/lexUnit.xsd" xmlns="http://framenet.icsi.berkeley.edu" xmlns:xsi="http://www.w3.org/2001/XMLSchema-instance">
    <header>
        <frame>
            <FE fgColor="FFFFFF" bgColor="FF0000" type="Core" abbrev="Agt" name="Agent"/>
            <FE fgColor="FFFFFF" bgColor="7CCD7C" type="Core" abbrev="cau" name="Cause"/>
            <FE fgColor="FFFFFF" bgColor="FF69B4" type="Peripheral" abbrev="Degr" name="Degree"/>
            <FE fgColor="FFFFFF" bgColor="9400D3" type="Extra-Thematic" abbrev="Dep" name="Depictive"/>
            <FE fgColor="FFFFFF" bgColor="1E90FF" type="Extra-Thematic" abbrev="Exp" name="Explanation"/>
            <FE fgColor="FFFFFF" bgColor="00BFFF" type="Core" abbrev="Goal" name="Goal"/>
            <FE fgColor="FFFFFF" bgColor="808080" type="Peripheral" abbrev="Ins" name="Instrument"/>
            <FE fgColor="FFFFFF" bgColor="FF00FF" type="Peripheral" abbrev="Manr" name="Manner"/>
            <FE fgColor="FFFFFF" bgColor="0000FF" type="Peripheral" abbrev="Mns" name="Means"/>
            <FE fgColor="FFFFFF" bgColor="A52A2A" type="Peripheral" abbrev="Path" name="Path"/>
            <FE fgColor="FFFFFF" bgColor="008000" type="Peripheral" abbrev="Place" name="Place"/>
            <FE fgColor="FFFFFF" bgColor="800080" type="Extra-Thematic" abbrev="Purp" name="Purpose"/>
            <FE fgColor="FFFFFF" bgColor="9F79EE" type="Extra-Thematic" abbrev="Result" name="Result"/>
            <FE fgColor="FFFFFF" bgColor="006400" type="Peripheral" abbrev="Src" name="Source"/>
            <FE fgColor="FFFFFF" bgColor="90876C" type="Extra-Thematic" abbrev="Sub" name="Subregion"/>
            <FE fgColor="FFFFFF" bgColor="00008B" type="Core" abbrev="Thm" name="Theme"/>
            <FE fgColor="FFFFFF" bgColor="FFA500" type="Peripheral" abbrev="Time" name="Time"/>
        </frame>
    </header>
    <definition>COD: cover (a piece of ground) with flat stones or bricks</definition>
    <lexeme POS="V" name="pave"/>
    <valences>
        <FERealization total="8">
            <FE name="Agent"/>
            <pattern total="4">
                <valenceUnit GF="" PT="CNI" FE="Agent"/>
                <annoSet ID="1558549"/>
                <annoSet ID="1558551"/>
                <annoSet ID="1558573"/>
                <annoSet ID="1558615"/>
            </pattern>
            <pattern total="3">
                <valenceUnit GF="Ext" PT="NP" FE="Agent"/>
                <annoSet ID="1558547"/>
                <annoSet ID="1558561"/>
                <annoSet ID="1558613"/>
            </pattern>
            <pattern total="1">
                <valenceUnit GF="Dep" PT="PP[by]" FE="Agent"/>
                <annoSet ID="1558647"/>
            </pattern>
        </FERealization>
        <FERealization total="8">
            <FE name="Goal"/>
            <pattern total="2">
                <valenceUnit GF="Ext" PT="NP" FE="Goal"/>
                <annoSet ID="1558573"/>
                <annoSet ID="1558647"/>
            </pattern>
            <pattern total="6">
                <valenceUnit GF="Obj" PT="NP" FE="Goal"/>
                <annoSet ID="1558547"/>
                <annoSet ID="1558549"/>
                <annoSet ID="1558551"/>
                <annoSet ID="1558561"/>
                <annoSet ID="1558613"/>
                <annoSet ID="1558615"/>
            </pattern>
        </FERealization>
        <FERealization total="8">
            <FE name="Theme"/>
            <pattern total="1">
                <valenceUnit GF="Dep" PT="PP[in]" FE="Theme"/>
                <annoSet ID="1558573"/>
            </pattern>
            <pattern total="7">
                <valenceUnit GF="" PT="INI" FE="Theme"/>
                <annoSet ID="1558547"/>
                <annoSet ID="1558549"/>
                <annoSet ID="1558551"/>
                <annoSet ID="1558561"/>
                <annoSet ID="1558613"/>
                <annoSet ID="1558615"/>
                <annoSet ID="1558647"/>
            </pattern>
        </FERealization>
        <FERealization total="1">
            <FE name="Time"/>
            <pattern total="1">
                <valenceUnit GF="Dep" PT="AVP" FE="Time"/>
                <annoSet ID="1558647"/>
            </pattern>
        </FERealization>
        <FEGroupRealization total="7">
            <FE name="Agent"/>
            <FE name="Goal"/>
            <FE name="Theme"/>
            <pattern total="1">
                <valenceUnit GF="" PT="CNI" FE="Agent"/>
                <valenceUnit GF="Ext" PT="NP" FE="Goal"/>
                <valenceUnit GF="Dep" PT="PP[in]" FE="Theme"/>
                <annoSet ID="1558573"/>
            </pattern>
            <pattern total="3">
                <valenceUnit GF="" PT="CNI" FE="Agent"/>
                <valenceUnit GF="Obj" PT="NP" FE="Goal"/>
                <valenceUnit GF="" PT="INI" FE="Theme"/>
                <annoSet ID="1558549"/>
                <annoSet ID="1558551"/>
                <annoSet ID="1558615"/>
            </pattern>
            <pattern total="3">
                <valenceUnit GF="Ext" PT="NP" FE="Agent"/>
                <valenceUnit GF="Obj" PT="NP" FE="Goal"/>
                <valenceUnit GF="" PT="INI" FE="Theme"/>
                <annoSet ID="1558547"/>
                <annoSet ID="1558561"/>
                <annoSet ID="1558613"/>
            </pattern>
        </FEGroupRealization>
        <FEGroupRealization total="1">
            <FE name="Agent"/>
            <FE name="Goal"/>
            <FE name="Theme"/>
            <FE name="Time"/>
            <pattern total="1">
                <valenceUnit GF="Dep" PT="PP[by]" FE="Agent"/>
                <valenceUnit GF="Ext" PT="NP" FE="Goal"/>
                <valenceUnit GF="" PT="INI" FE="Theme"/>
                <valenceUnit GF="Dep" PT="AVP" FE="Time"/>
                <annoSet ID="1558647"/>
            </pattern>
        </FEGroupRealization>
    </valences>
    <subCorpus name="V-429-s20-rcoll-road">
        <sentence sentNo="0" aPos="80462360" ID="1053571">
            <text>With time , the government grants a De Facto recognition by installing running water , electricity , and by paving the roads . </text>
            <annotationSet cDate="01/08/2003 12:33:14 PST Wed" status="UNANN" ID="1558546">
                <layer rank="1" name="BNC">
                    <label end="3" start="0" name="PRP"/>
                    <label end="8" start="5" name="NN1"/>
                    <label end="10" start="10" name="PUN"/>
                    <label end="14" start="12" name="AT0"/>
                    <label end="25" start="16" name="NN0"/>
                    <label end="32" start="27" name="VVZ"/>
                    <label end="34" start="34" name="AT0"/>
                    <label end="37" start="36" name="AJ0"/>
                    <label end="43" start="39" name="AJ0"/>
                    <label end="55" start="45" name="NN1"/>
                    <label end="58" start="57" name="PRP"/>
                    <label end="69" start="60" name="VVG"/>
                    <label end="77" start="71" name="AJ0"/>
                    <label end="83" start="79" name="NN1"/>
                    <label end="85" start="85" name="PUN"/>
                    <label end="97" start="87" name="NN1"/>
                    <label end="99" start="99" name="PUN"/>
                    <label end="103" start="101" name="CJC"/>
                    <label end="106" start="105" name="PRP"/>
                    <label end="113" start="108" name="VVG"/>
                    <label end="117" start="115" name="AT0"/>
                    <label end="123" start="119" name="NN2"/>
                    <label end="125" start="125" name="PUN"/>
                </layer>
                <layer rank="1" name="NER"/>
                <layer rank="1" name="WSL"/>
            </annotationSet>
            <annotationSet cDate="01/08/2003 12:33:14 PST Wed" status="MANUAL" ID="1558547">
                <layer rank="1" name="FE">
                    <label cBy="RLG" feID="257" end="123" start="115" name="Goal"/>
                    <label cBy="RLG" feID="253" end="25" start="12" name="Agent"/>
                    <label cBy="jLu" feID="254" itype="INI" name="Theme"/>
                </layer>
                <layer rank="1" name="GF">
                    <label end="123" start="115" name="Obj"/>
                    <label end="25" start="12" name="Ext"/>
                </layer>
                <layer rank="1" name="PT">
                    <label end="123" start="115" name="NP"/>
                    <label end="25" start="12" name="NP"/>
                </layer>
                <layer rank="1" name="Sent"/>
                <layer rank="1" name="Other"/>
                <layer rank="1" name="Target">
                    <label cBy="BoC" end="113" start="108" name="Target"/>
                </layer>
                <layer rank="1" name="Verb"/>
            </annotationSet>
        </sentence>
        <sentence sentNo="0" aPos="89664096" ID="1053572">
            <text>Today even the most fervent opponents of union with Canada admit that the move brought its blessings , including money to pave the roads and all the benefits of a welfare state . </text>
            <annotationSet cDate="01/08/2003 12:33:14 PST Wed" status="UNANN" ID="1558548">
                <layer rank="1" name="BNC">
                    <label end="4" start="0" name="AV0"/>
                    <label end="9" start="6" name="AV0"/>
                    <label end="13" start="11" name="AT0"/>
                    <label end="18" start="15" name="AV0"/>
                    <label end="26" start="20" name="AJ0"/>
                    <label end="36" start="28" name="NN2"/>
                    <label end="39" start="38" name="PRF"/>
                    <label end="45" start="41" name="NN0"/>
                    <label end="50" start="47" name="PRP"/>
                    <label end="57" start="52" name="NP0"/>
                    <label end="63" start="59" name="NN1-VVB"/>
                    <label end="68" start="65" name="CJT"/>
                    <label end="72" start="70" name="AT0"/>
                    <label end="77" start="74" name="NN1"/>
                    <label end="85" start="79" name="VVD-VVN"/>
                    <label end="89" start="87" name="DPS"/>
                    <label end="99" start="91" name="NN2"/>
                    <label end="101" start="101" name="PUN"/>
                    <label end="111" start="103" name="PRP"/>
                    <label end="117" start="113" name="NN1"/>
                    <label end="120" start="119" name="TO0"/>
                    <label end="125" start="122" name="VVI"/>
                    <label end="129" start="127" name="AT0"/>
                    <label end="135" start="131" name="NN2"/>
                    <label end="139" start="137" name="CJC"/>
                    <label end="143" start="141" name="DT0"/>
                    <label end="147" start="145" name="AT0"/>
                    <label end="156" start="149" name="NN2"/>
                    <label end="159" start="158" name="PRF"/>
                    <label end="161" start="161" name="AT0"/>
                    <label end="169" start="163" name="NN1"/>
                    <label end="175" start="171" name="NN1"/>
                    <label end="177" start="177" name="PUN"/>
                </layer>
                <layer rank="1" name="NER"/>
                <layer rank="1" name="WSL"/>
            </annotationSet>
            <annotationSet cDate="01/08/2003 12:33:14 PST Wed" status="MANUAL" ID="1558549">
                <layer rank="1" name="FE">
                    <label cBy="RLG" feID="257" end="135" start="127" name="Goal"/>
                    <label cBy="RLG" feID="253" itype="CNI" name="Agent"/>
                    <label cBy="jLu" feID="254" itype="INI" name="Theme"/>
                </layer>
                <layer rank="1" name="GF">
                    <label end="135" start="127" name="Obj"/>
                </layer>
                <layer rank="1" name="PT">
                    <label end="135" start="127" name="NP"/>
                </layer>
                <layer rank="1" name="Sent"/>
                <layer rank="1" name="Other"/>
                <layer rank="1" name="Target">
                    <label cBy="BoC" end="125" start="122" name="Target"/>
                </layer>
                <layer rank="1" name="Verb"/>
            </annotationSet>
        </sentence>
    </subCorpus>
    <subCorpus name="V-620-s20-np-ppother">
        <sentence sentNo="0" aPos="94847016" ID="1053573">
            <text>Could we suggest paving the area around West Hall War Memorial . </text>
            <annotationSet cDate="01/08/2003 12:33:14 PST Wed" status="UNANN" ID="1558550">
                <layer rank="1" name="BNC">
                    <label end="4" start="0" name="VM0"/>
                    <label end="7" start="6" name="PNP"/>
                    <label end="15" start="9" name="VVI"/>
                    <label end="22" start="17" name="VVG"/>
                    <label end="26" start="24" name="AT0"/>
                    <label end="31" start="28" name="NN1"/>
                    <label end="38" start="33" name="PRP"/>
                    <label end="43" start="40" name="NP0"/>
                    <label end="48" start="45" name="NP0"/>
                    <label end="52" start="50" name="NN1"/>
                    <label end="61" start="54" name="NN1"/>
                    <label end="63" start="63" name="PUN"/>
                </layer>
                <layer rank="1" name="NER"/>
                <layer rank="1" name="WSL"/>
            </annotationSet>
            <annotationSet cDate="01/08/2003 12:33:14 PST Wed" status="MANUAL" ID="1558551">
                <layer rank="1" name="FE">
                    <label cBy="RLG" feID="257" end="61" start="24" name="Goal"/>
                    <label cBy="RLG" feID="253" itype="CNI" name="Agent"/>
                    <label cBy="jLu" feID="254" itype="INI" name="Theme"/>
                </layer>
                <layer rank="1" name="GF">
                    <label end="61" start="24" name="Obj"/>
                </layer>
                <layer rank="1" name="PT">
                    <label end="61" start="24" name="NP"/>
                </layer>
                <layer rank="1" name="Sent"/>
                <layer rank="1" name="Other"/>
                <layer rank="1" name="Target">
                    <label cBy="BoC" end="22" start="17" name="Target"/>
                </layer>
                <layer rank="1" name="Verb"/>
            </annotationSet>
        </sentence>
    </subCorpus>
    <subCorpus name="V-660-s20-trans-simple">
        <sentence sentNo="0" aPos="60395143" ID="1053578">
            <text>In many cases the Romans merely paved the existing roadways , but their needs were not always those of their predecessors , and they were obliged to pioneer new routes . </text>
            <annotationSet cDate="01/08/2003 12:33:15 PST Wed" status="UNANN" ID="1558560">
                <layer rank="1" name="BNC">
                    <label end="1" start="0" name="PRP"/>
                    <label end="6" start="3" name="DT0"/>
                    <label end="12" start="8" name="NN2"/>
                    <label end="16" start="14" name="AT0"/>
                    <label end="23" start="18" name="NN2"/>
                    <label end="30" start="25" name="AV0"/>
                    <label end="36" start="32" name="VVD"/>
                    <label end="40" start="38" name="AT0"/>
                    <label end="49" start="42" name="AJ0"/>
                    <label end="58" start="51" name="NN2"/>
                    <label end="60" start="60" name="PUN"/>
                    <label end="64" start="62" name="CJC"/>
                    <label end="70" start="66" name="DPS"/>
                    <label end="76" start="72" name="NN2"/>
                    <label end="81" start="78" name="VBD"/>
                    <label end="85" start="83" name="XX0"/>
                    <label end="92" start="87" name="AV0"/>
                    <label end="98" start="94" name="DT0"/>
                    <label end="101" start="100" name="PRF"/>
                    <label end="107" start="103" name="DPS"/>
                    <label end="120" start="109" name="NN2"/>
                    <label end="122" start="122" name="PUN"/>
                    <label end="126" start="124" name="CJC"/>
                    <label end="131" start="128" name="PNP"/>
                    <label end="136" start="133" name="VBD"/>
                    <label end="144" start="138" name="VVN"/>
                    <label end="147" start="146" name="TO0"/>
                    <label end="155" start="149" name="VVI"/>
                    <label end="159" start="157" name="AJ0"/>
                    <label end="166" start="161" name="NN2"/>
                    <label end="168" start="168" name="PUN"/>
                </layer>
                <layer rank="1" name="NER"/>
                <layer rank="1" name="WSL"/>
            </annotationSet>
            <annotationSet cDate="01/08/2003 12:33:15 PST Wed" status="MANUAL" ID="1558561">
                <layer rank="1" name="FE">
                    <label cBy="RLG" feID="253" end="23" start="14" name="Agent"/>
                    <label cBy="RLG" feID="257" end="58" start="38" name="Goal"/>
                    <label cBy="jLu" feID="254" itype="INI" name="Theme"/>
                </layer>
                <layer rank="1" name="GF">
                    <label end="23" start="14" name="Ext"/>
                    <label end="58" start="38" name="Obj"/>
                </layer>
                <layer rank="1" name="PT">
                    <label end="23" start="14" name="NP"/>
                    <label end="58" start="38" name="NP"/>
                </layer>
                <layer rank="1" name="Sent"/>
                <layer rank="1" name="Other"/>
                <layer rank="1" name="Target">
                    <label cBy="BoC" end="36" start="32" name="Target"/>
                </layer>
                <layer rank="1" name="Verb"/>
            </annotationSet>
        </sentence>
    </subCorpus>
    <subCorpus name="V-670-s20-pass-by"/>
    <subCorpus name="V-680-s20-pass">
        <sentence sentNo="0" aPos="73051991" ID="1053584">
            <text>The rest of the market area would be paved in something less expensive , but still something that looked very nice , but it 's more manmade . </text>
            <annotationSet cDate="01/08/2003 12:33:15 PST Wed" status="UNANN" ID="1558572">
                <layer rank="1" name="BNC">
                    <label end="2" start="0" name="AT0"/>
                    <label end="7" start="4" name="NN1"/>
                    <label end="10" start="9" name="PRF"/>
                    <label end="14" start="12" name="AT0"/>
                    <label end="21" start="16" name="NN1"/>
                    <label end="26" start="23" name="NN1"/>
                    <label end="32" start="28" name="VM0"/>
                    <label end="35" start="34" name="VBI"/>
                    <label end="41" start="37" name="VVN"/>
                    <label end="44" start="43" name="PRP"/>
                    <label end="54" start="46" name="PNI"/>
                    <label end="59" start="56" name="AV0"/>
                    <label end="69" start="61" name="AJ0"/>
                    <label end="71" start="71" name="PUN"/>
                    <label end="75" start="73" name="CJC"/>
                    <label end="81" start="77" name="AV0"/>
                    <label end="91" start="83" name="PNI"/>
                    <label end="96" start="93" name="CJT"/>
                    <label end="103" start="98" name="VVD"/>
                    <label end="108" start="105" name="AV0"/>
                    <label end="113" start="110" name="AJ0"/>
                    <label end="115" start="115" name="PUN"/>
                    <label end="119" start="117" name="CJC"/>
                    <label end="122" start="121" name="PNP"/>
                    <label end="125" start="124" name="VBZ"/>
                    <label end="130" start="127" name="AV0"/>
                    <label end="138" start="132" name="AJ0"/>
                    <label end="140" start="140" name="PUN"/>
                </layer>
                <layer rank="1" name="NER"/>
                <layer rank="1" name="WSL"/>
            </annotationSet>
            <annotationSet cDate="01/08/2003 12:33:15 PST Wed" status="MANUAL" ID="1558573">
                <layer rank="1" name="FE">
                    <label cBy="RLG" feID="257" end="26" start="0" name="Goal"/>
                    <label cBy="RLG" feID="254" end="69" start="43" name="Theme"/>
                    <label cBy="RLG" feID="253" itype="CNI" name="Agent"/>
                </layer>
                <layer rank="1" name="GF">
                    <label end="26" start="0" name="Ext"/>
                    <label end="69" start="43" name="Dep"/>
                </layer>
                <layer rank="1" name="PT">
                    <label end="26" start="0" name="NP"/>
                    <label end="69" start="43" name="PP"/>
                </layer>
                <layer rank="1" name="Sent"/>
                <layer rank="1" name="Other"/>
                <layer rank="1" name="Target">
                    <label cBy="BoC" end="41" start="37" name="Target"/>
                </layer>
                <layer rank="1" name="Verb"/>
            </annotationSet>
        </sentence>
    </subCorpus>
    <subCorpus name="V-690-s20-trans-other">
        <sentence sentNo="0" aPos="105257458" ID="1053604">
            <text>York , among many towns which have pedestrianised their centres , has paved many of its streets without adverse effect . </text>
            <annotationSet cDate="01/08/2003 12:33:18 PST Wed" status="UNANN" ID="1558612">
                <layer rank="1" name="BNC">
                    <label end="3" start="0" name="NP0"/>
                    <label end="5" start="5" name="PUN"/>
                    <label end="11" start="7" name="PRP"/>
                    <label end="16" start="13" name="DT0"/>
                    <label end="22" start="18" name="NN2"/>
                    <label end="28" start="24" name="DTQ"/>
                    <label end="33" start="30" name="VHB"/>
                    <label end="48" start="35" name="VVN"/>
                    <label end="54" start="50" name="DPS"/>
                    <label end="62" start="56" name="NN2"/>
                    <label end="64" start="64" name="PUN"/>
                    <label end="68" start="66" name="VHZ"/>
                    <label end="74" start="70" name="VVN"/>
                    <label end="79" start="76" name="DT0"/>
                    <label end="82" start="81" name="PRF"/>
                    <label end="86" start="84" name="DPS"/>
                    <label end="94" start="88" name="NN2"/>
                    <label end="102" start="96" name="PRP"/>
                    <label end="110" start="104" name="AJ0"/>
                    <label end="117" start="112" name="NN1"/>
                    <label end="119" start="119" name="PUN"/>
                </layer>
                <layer rank="1" name="NER"/>
                <layer rank="1" name="WSL"/>
            </annotationSet>
            <annotationSet cDate="01/08/2003 12:33:18 PST Wed" status="MANUAL" ID="1558613">
                <layer rank="1" name="FE">
                    <label cBy="RLG" feID="257" end="94" start="76" name="Goal"/>
                    <label cBy="RLG" feID="253" end="3" start="0" name="Agent"/>
                    <label cBy="jLu" feID="254" itype="INI" name="Theme"/>
                </layer>
                <layer rank="1" name="GF">
                    <label end="94" start="76" name="Obj"/>
                    <label end="3" start="0" name="Ext"/>
                </layer>
                <layer rank="1" name="PT">
                    <label end="94" start="76" name="NP"/>
                    <label end="3" start="0" name="NP"/>
                </layer>
                <layer rank="1" name="Sent"/>
                <layer rank="1" name="Other"/>
                <layer rank="1" name="Target">
                    <label cBy="BoC" end="74" start="70" name="Target"/>
                </layer>
                <layer rank="1" name="Verb"/>
            </annotationSet>
        </sentence>
        <sentence sentNo="0" aPos="11827837" ID="1053605">
            <text>The stone has now vanished and is believed to have been used for paving the walks of St. James Church in Brackley . </text>
            <annotationSet cDate="01/08/2003 12:33:18 PST Wed" status="UNANN" ID="1558614">
                <layer rank="1" name="BNC">
                    <label end="2" start="0" name="AT0"/>
                    <label end="8" start="4" name="NN1"/>
                    <label end="12" start="10" name="VHZ"/>
                    <label end="16" start="14" name="AV0"/>
                    <label end="25" start="18" name="VVN"/>
                    <label end="29" start="27" name="CJC"/>
                    <label end="32" start="31" name="VBZ"/>
                    <label end="41" start="34" name="VVN"/>
                    <label end="44" start="43" name="TO0"/>
                    <label end="49" start="46" name="VHI"/>
                    <label end="54" start="51" name="VBN"/>
                    <label end="59" start="56" name="VVN"/>
                    <label end="63" start="61" name="PRP"/>
                    <label end="70" start="65" name="VVG"/>
                    <label end="74" start="72" name="AT0"/>
                    <label end="80" start="76" name="NN2"/>
                    <label end="83" start="82" name="PRF"/>
                    <label end="87" start="85" name="NP0"/>
                    <label end="93" start="89" name="NP0"/>
                    <label end="100" start="95" name="NN1"/>
                    <label end="103" start="102" name="PRP"/>
                    <label end="112" start="105" name="NP0"/>
                    <label end="114" start="114" name="PUN"/>
                </layer>
                <layer rank="1" name="NER"/>
                <layer rank="1" name="WSL"/>
            </annotationSet>
            <annotationSet cDate="01/08/2003 12:33:18 PST Wed" status="MANUAL" ID="1558615">
                <layer rank="1" name="FE">
                    <label cBy="RLG" feID="257" end="112" start="72" name="Goal"/>
                    <label cBy="RLG" feID="253" itype="CNI" name="Agent"/>
                    <label cBy="jLu" feID="254" itype="INI" name="Theme"/>
                </layer>
                <layer rank="1" name="GF">
                    <label end="112" start="72" name="Obj"/>
                </layer>
                <layer rank="1" name="PT">
                    <label end="112" start="72" name="NP"/>
                </layer>
                <layer rank="1" name="Sent"/>
                <layer rank="1" name="Other"/>
                <layer rank="1" name="Target">
                    <label cBy="BoC" end="70" start="65" name="Target"/>
                </layer>
                <layer rank="1" name="Verb"/>
            </annotationSet>
        </sentence>
    </subCorpus>
    <subCorpus name="V-730-s20-ppin"/>
    <subCorpus name="V-730-s20-ppwith"/>
    <subCorpus name="V-780-s20-ppother">
        <sentence sentNo="0" aPos="53296799" ID="1053621">
            <text>Later it was taken over and paved by the Romans from a point north of Oxford to Sturdy 's Castle , where it met the east-west road of Akeman Street . </text>
            <annotationSet cDate="01/08/2003 12:33:19 PST Wed" status="UNANN" ID="1558646">
                <layer rank="1" name="BNC">
                    <label end="4" start="0" name="AV0"/>
                    <label end="7" start="6" name="PNP"/>
                    <label end="11" start="9" name="VBD"/>
                    <label end="17" start="13" name="VVN"/>
                    <label end="22" start="19" name="AVP"/>
                    <label end="26" start="24" name="CJC"/>
                    <label end="32" start="28" name="VVD-VVN"/>
                    <label end="35" start="34" name="PRP"/>
                    <label end="39" start="37" name="AT0"/>
                    <label end="46" start="41" name="NN2"/>
                    <label end="51" start="48" name="PRP"/>
                    <label end="53" start="53" name="AT0"/>
                    <label end="59" start="55" name="NN1"/>
                    <label end="65" start="61" name="NN1"/>
                    <label end="68" start="67" name="PRF"/>
                    <label end="75" start="70" name="NP0"/>
                    <label end="78" start="77" name="PRP"/>
                    <label end="85" start="80" name="AJ0"/>
                    <label end="88" start="87" name="VBZ"/>
                    <label end="95" start="90" name="NN1"/>
                    <label end="97" start="97" name="PUN"/>
                    <label end="103" start="99" name="AVQ-CJS"/>
                    <label end="106" start="105" name="PNP"/>
                    <label end="110" start="108" name="VVD"/>
                    <label end="114" start="112" name="AT0"/>
                    <label end="124" start="116" name="AJ0"/>
                    <label end="129" start="126" name="NN1"/>
                    <label end="132" start="131" name="PRF"/>
                    <label end="139" start="134" name="NP0"/>
                    <label end="146" start="141" name="NP0"/>
                    <label end="148" start="148" name="PUN"/>
                </layer>
                <layer rank="1" name="NER"/>
                <layer rank="1" name="WSL"/>
            </annotationSet>
            <annotationSet cDate="01/08/2003 12:33:19 PST Wed" status="MANUAL" ID="1558647">
                <layer rank="1" name="FE">
                    <label cBy="RLG" feID="257" end="7" start="6" name="Goal"/>
                    <label cBy="RLG" feID="253" end="46" start="34" name="Agent"/>
                    <label cBy="RLG" feID="1949" end="4" start="0" name="Time"/>
                    <label cBy="jLu" feID="254" itype="INI" name="Theme"/>
                </layer>
                <layer rank="1" name="GF">
                    <label end="7" start="6" name="Ext"/>
                    <label end="46" start="34" name="Dep"/>
                    <label end="4" start="0" name="Dep"/>
                </layer>
                <layer rank="1" name="PT">
                    <label end="7" start="6" name="NP"/>
                    <label end="46" start="34" name="PP"/>
                    <label end="4" start="0" name="AVP"/>
                </layer>
                <layer rank="1" name="Sent"/>
                <layer rank="1" name="Other"/>
                <layer rank="1" name="Target">
                    <label cBy="BoC" end="32" start="28" name="Target"/>
                </layer>
                <layer rank="1" name="Verb"/>
            </annotationSet>
        </sentence>
    </subCorpus>
    <subCorpus name="V-880-s20-intrans-simple"/>
    <subCorpus name="V-900-s20-other"/>
</lexUnit>