<?xml version="1.0" encoding="UTF-8" standalone="yes"?>
<?xml-stylesheet type="text/xsl" href="lexUnit.xsl"?>
<lexUnit status="Finished_Initial" POS="N" name="blackhead.n" ID="7085" frame="Body_mark" frameID="393" totalAnnotated="5" xsi:schemaLocation="../schema/lexUnit.xsd" xmlns="http://framenet.icsi.berkeley.edu" xmlns:xsi="http://www.w3.org/2001/XMLSchema-instance">
    <header>
        <frame>
            <FE fgColor="FFFFFF" bgColor="9400D3" type="Peripheral" abbrev="Attachment" name="Attachment"/>
            <FE fgColor="FFFFFF" bgColor="FF0000" type="Core" abbrev="Body_m" name="Body_mark"/>
            <FE fgColor="FFFFFF" bgColor="008000" type="Peripheral" abbrev="cause" name="Cause"/>
            <FE fgColor="000000" bgColor="d0d0d0" type="Peripheral" abbrev="con" name="Constituents"/>
            <FE fgColor="FFFFFF" bgColor="0000FF" type="Peripheral" abbrev="Desc" name="Descriptor"/>
            <FE fgColor="FFFFFF" bgColor="800080" type="Core" abbrev="Poss" name="Possessor"/>
            <FE fgColor="FFFFFF" bgColor="A52A2A" type="Peripheral" abbrev="typ" name="Type"/>
        </frame>
    </header>
    <definition>COD: a plug of sebum in a hair follicle, darkened by oxidation</definition>
    <lexeme POS="N" name="blackhead"/>
    <valences>
        <governor type="Gov" lemma="cause">
            <annoSet ID="1567019"/>
        </governor>
        <governor type="Gov" lemma="dislodge">
            <annoSet ID="1566995"/>
        </governor>
        <governor type="Gov" lemma="loosen">
            <annoSet ID="1567015"/>
        </governor>
        <governor type="Gov" lemma="suffer">
            <annoSet ID="1567001"/>
        </governor>
        <FERealization total="5">
            <FE name="Body_mark"/>
            <pattern total="5">
                <valenceUnit GF="" PT="DEN" FE="Body_mark"/>
                <annoSet ID="1566995"/>
                <annoSet ID="1567001"/>
                <annoSet ID="1567005"/>
                <annoSet ID="1567015"/>
                <annoSet ID="1567019"/>
            </pattern>
        </FERealization>
        <FERealization total="2">
            <FE name="Descriptor"/>
            <pattern total="2">
                <valenceUnit GF="Dep" PT="AJP" FE="Descriptor"/>
                <annoSet ID="1567005"/>
                <annoSet ID="1567015"/>
            </pattern>
        </FERealization>
        <FEGroupRealization total="3">
            <FE name="Body_mark"/>
            <pattern total="3">
                <valenceUnit GF="" PT="DEN" FE="Body_mark"/>
                <annoSet ID="1566995"/>
                <annoSet ID="1567001"/>
                <annoSet ID="1567019"/>
            </pattern>
        </FEGroupRealization>
        <FEGroupRealization total="2">
            <FE name="Body_mark"/>
            <FE name="Descriptor"/>
            <pattern total="2">
                <valenceUnit GF="" PT="DEN" FE="Body_mark"/>
                <valenceUnit GF="Dep" PT="AJP" FE="Descriptor"/>
                <annoSet ID="1567005"/>
                <annoSet ID="1567015"/>
            </pattern>
        </FEGroupRealization>
    </valences>
    <subCorpus name="N-001-all">
        <sentence sentNo="0" aPos="3805739" ID="1057795">
            <text>Help dislodge blackheads by mixing a handful of finely ground almonds with enough honey and rosewater to make a paste . </text>
            <annotationSet cDate="01/08/2003 12:42:43 PST Wed" status="UNANN" ID="1566994">
                <layer rank="1" name="BNC">
                    <label end="3" start="0" name="NN1-VVB"/>
                    <label end="12" start="5" name="VVI"/>
                    <label end="23" start="14" name="NN2"/>
                    <label end="26" start="25" name="PRP"/>
                    <label end="33" start="28" name="VVG"/>
                    <label end="35" start="35" name="AT0"/>
                    <label end="43" start="37" name="NN1"/>
                    <label end="46" start="45" name="PRF"/>
                    <label end="53" start="48" name="AV0"/>
                    <label end="60" start="55" name="AJ0-NN1"/>
                    <label end="68" start="62" name="NN2"/>
                    <label end="73" start="70" name="PRP"/>
                    <label end="80" start="75" name="DT0"/>
                    <label end="86" start="82" name="NN1"/>
                    <label end="90" start="88" name="CJC"/>
                    <label end="100" start="92" name="AJC"/>
                    <label end="103" start="102" name="TO0"/>
                    <label end="108" start="105" name="VVI"/>
                    <label end="110" start="110" name="AT0"/>
                    <label end="116" start="112" name="NN1"/>
                    <label end="118" start="118" name="PUN"/>
                </layer>
                <layer rank="1" name="NER"/>
                <layer rank="1" name="WSL"/>
            </annotationSet>
            <annotationSet cDate="01/08/2003 12:42:43 PST Wed" status="MANUAL" ID="1566995">
                <layer rank="1" name="FE">
                    <label cBy="gGK" feID="3507" end="23" start="14" name="Body_mark"/>
                </layer>
                <layer rank="1" name="GF"/>
                <layer rank="1" name="PT"/>
                <layer rank="1" name="Sent"/>
                <layer rank="1" name="Other"/>
                <layer rank="1" name="Target">
                    <label cBy="BoC" end="23" start="14" name="Target"/>
                </layer>
                <layer rank="1" name="Noun">
                    <label end="12" start="5" name="Gov"/>
                    <label end="23" start="14" name="X"/>
                </layer>
            </annotationSet>
        </sentence>
        <sentence sentNo="0" aPos="19344070" ID="1057798">
            <text>He was still suffering from blackheads and other rash problems which jolted his vanity every time he looked in the mirror . </text>
            <annotationSet cDate="01/08/2003 12:42:44 PST Wed" status="UNANN" ID="1567000">
                <layer rank="1" name="BNC">
                    <label end="1" start="0" name="PNP"/>
                    <label end="5" start="3" name="VBD"/>
                    <label end="11" start="7" name="AV0"/>
                    <label end="21" start="13" name="VVG"/>
                    <label end="26" start="23" name="PRP"/>
                    <label end="37" start="28" name="NN2"/>
                    <label end="41" start="39" name="CJC"/>
                    <label end="47" start="43" name="AJ0"/>
                    <label end="52" start="49" name="AJ0-NN1"/>
                    <label end="61" start="54" name="NN2"/>
                    <label end="67" start="63" name="DTQ"/>
                    <label end="74" start="69" name="VVD"/>
                    <label end="78" start="76" name="DPS"/>
                    <label end="85" start="80" name="NN1"/>
                    <label end="91" start="87" name="AT0"/>
                    <label end="96" start="93" name="NN1"/>
                    <label end="99" start="98" name="PNP"/>
                    <label end="106" start="101" name="VVD"/>
                    <label end="109" start="108" name="PRP"/>
                    <label end="113" start="111" name="AT0"/>
                    <label end="120" start="115" name="NN1"/>
                    <label end="122" start="122" name="PUN"/>
                </layer>
                <layer rank="1" name="NER"/>
                <layer rank="1" name="WSL"/>
            </annotationSet>
            <annotationSet cDate="01/08/2003 12:42:44 PST Wed" status="MANUAL" ID="1567001">
                <layer rank="1" name="FE">
                    <label cBy="gGK" feID="3507" end="37" start="28" name="Body_mark"/>
                </layer>
                <layer rank="1" name="GF"/>
                <layer rank="1" name="PT"/>
                <layer rank="1" name="Sent"/>
                <layer rank="1" name="Other"/>
                <layer rank="1" name="Target">
                    <label cBy="BoC" end="37" start="28" name="Target"/>
                </layer>
                <layer rank="1" name="Noun">
                    <label end="21" start="13" name="Gov"/>
                    <label end="37" start="23" name="X"/>
                </layer>
            </annotationSet>
        </sentence>
        <sentence sentNo="0" aPos="29346657" ID="1057800">
            <text>The shop assistant may glimpse the bulges that we conceal so cleverly , and the beauty parlour attendant get a close-up of nasty blackheads and facial hair . </text>
            <annotationSet cDate="01/08/2003 12:42:44 PST Wed" status="UNANN" ID="1567004">
                <layer rank="1" name="BNC">
                    <label end="2" start="0" name="AT0"/>
                    <label end="7" start="4" name="NN1"/>
                    <label end="17" start="9" name="NN1"/>
                    <label end="21" start="19" name="VM0"/>
                    <label end="29" start="23" name="VVI"/>
                    <label end="33" start="31" name="AT0"/>
                    <label end="40" start="35" name="NN2"/>
                    <label end="45" start="42" name="CJT"/>
                    <label end="48" start="47" name="PNP"/>
                    <label end="56" start="50" name="VVB"/>
                    <label end="59" start="58" name="AV0"/>
                    <label end="68" start="61" name="AV0"/>
                    <label end="70" start="70" name="PUN"/>
                    <label end="74" start="72" name="CJC"/>
                    <label end="78" start="76" name="AT0"/>
                    <label end="85" start="80" name="NN1"/>
                    <label end="93" start="87" name="NN1-VVB"/>
                    <label end="103" start="95" name="NN1"/>
                    <label end="107" start="105" name="VVB"/>
                    <label end="109" start="109" name="AT0"/>
                    <label end="118" start="111" name="NN1"/>
                    <label end="121" start="120" name="PRF"/>
                    <label end="127" start="123" name="AJ0"/>
                    <label end="138" start="129" name="NN2"/>
                    <label end="142" start="140" name="CJC"/>
                    <label end="149" start="144" name="AJ0"/>
                    <label end="154" start="151" name="NN1"/>
                    <label end="156" start="156" name="PUN"/>
                </layer>
                <layer rank="1" name="NER"/>
                <layer rank="1" name="WSL"/>
            </annotationSet>
            <annotationSet cDate="01/08/2003 12:42:44 PST Wed" status="MANUAL" ID="1567005">
                <layer rank="1" name="FE">
                    <label cBy="gGK" feID="3508" end="127" start="123" name="Descriptor"/>
                    <label cBy="gGK" feID="3507" end="138" start="129" name="Body_mark"/>
                </layer>
                <layer rank="1" name="GF">
                    <label end="127" start="123" name="Dep"/>
                </layer>
                <layer rank="1" name="PT">
                    <label end="127" start="123" name="AJP"/>
                </layer>
                <layer rank="1" name="Sent"/>
                <layer rank="1" name="Other"/>
                <layer rank="1" name="Target">
                    <label cBy="BoC" end="138" start="129" name="Target"/>
                </layer>
                <layer rank="1" name="Noun"/>
            </annotationSet>
        </sentence>
        <sentence sentNo="0" aPos="30627338" ID="1057805">
            <text>Some cleansers help loosen simple blackheads , but are unsuitable for whiteheads , inflamed pimples or cysts . </text>
            <annotationSet cDate="01/08/2003 12:42:44 PST Wed" status="UNANN" ID="1567014">
                <layer rank="1" name="BNC">
                    <label end="3" start="0" name="DT0"/>
                    <label end="13" start="5" name="NN2"/>
                    <label end="18" start="15" name="VVB"/>
                    <label end="25" start="20" name="VVI"/>
                    <label end="32" start="27" name="AJ0"/>
                    <label end="43" start="34" name="NN2"/>
                    <label end="45" start="45" name="PUN"/>
                    <label end="49" start="47" name="CJC"/>
                    <label end="53" start="51" name="VBB"/>
                    <label end="64" start="55" name="AJ0"/>
                    <label end="68" start="66" name="PRP"/>
                    <label end="79" start="70" name="NN2"/>
                    <label end="81" start="81" name="PUN"/>
                    <label end="90" start="83" name="AJ0-VVD"/>
                    <label end="98" start="92" name="NN2"/>
                    <label end="101" start="100" name="CJC"/>
                    <label end="107" start="103" name="NN2"/>
                    <label end="109" start="109" name="PUN"/>
                </layer>
                <layer rank="1" name="NER"/>
                <layer rank="1" name="WSL"/>
            </annotationSet>
            <annotationSet cDate="01/08/2003 12:42:44 PST Wed" status="MANUAL" ID="1567015">
                <layer rank="1" name="FE">
                    <label cBy="gGK" feID="3508" end="32" start="27" name="Descriptor"/>
                    <label cBy="gGK" feID="3507" end="43" start="34" name="Body_mark"/>
                </layer>
                <layer rank="1" name="GF">
                    <label end="32" start="27" name="Dep"/>
                </layer>
                <layer rank="1" name="PT">
                    <label end="32" start="27" name="AJP"/>
                </layer>
                <layer rank="1" name="Sent"/>
                <layer rank="1" name="Other"/>
                <layer rank="1" name="Target">
                    <label cBy="BoC" end="43" start="34" name="Target"/>
                </layer>
                <layer rank="1" name="Noun">
                    <label end="25" start="20" name="Gov"/>
                    <label end="43" start="27" name="X"/>
                </layer>
            </annotationSet>
        </sentence>
        <sentence sentNo="0" aPos="33803855" ID="1057807">
            <text>Non-comedogenic -- means that the product has been tested to ensure it does n't block your pores and cause blackheads . </text>
            <annotationSet cDate="01/08/2003 12:42:45 PST Wed" status="UNANN" ID="1567018">
                <layer rank="1" name="BNC">
                    <label end="14" start="0" name="AJ0"/>
                    <label end="17" start="16" name="PUN"/>
                    <label end="23" start="19" name="VVZ"/>
                    <label end="28" start="25" name="CJT"/>
                    <label end="32" start="30" name="AT0"/>
                    <label end="40" start="34" name="NN1"/>
                    <label end="44" start="42" name="VHZ"/>
                    <label end="49" start="46" name="VBN"/>
                    <label end="56" start="51" name="VVN"/>
                    <label end="59" start="58" name="TO0"/>
                    <label end="66" start="61" name="VVI"/>
                    <label end="69" start="68" name="PNP"/>
                    <label end="74" start="71" name="VDZ"/>
                    <label end="78" start="76" name="XX0"/>
                    <label end="84" start="80" name="VVI"/>
                    <label end="89" start="86" name="DPS"/>
                    <label end="95" start="91" name="NN2"/>
                    <label end="99" start="97" name="CJC"/>
                    <label end="105" start="101" name="VVI"/>
                    <label end="116" start="107" name="NN2"/>
                    <label end="118" start="118" name="PUN"/>
                </layer>
                <layer rank="1" name="NER"/>
                <layer rank="1" name="WSL"/>
            </annotationSet>
            <annotationSet cDate="01/08/2003 12:42:45 PST Wed" status="MANUAL" ID="1567019">
                <layer rank="1" name="FE">
                    <label cBy="gGK" feID="3507" end="116" start="107" name="Body_mark"/>
                </layer>
                <layer rank="1" name="GF"/>
                <layer rank="1" name="PT"/>
                <layer rank="1" name="Sent"/>
                <layer rank="1" name="Other"/>
                <layer rank="1" name="Target">
                    <label cBy="BoC" end="116" start="107" name="Target"/>
                </layer>
                <layer rank="1" name="Noun">
                    <label end="105" start="101" name="Gov"/>
                    <label end="116" start="107" name="X"/>
                </layer>
            </annotationSet>
        </sentence>
    </subCorpus>
</lexUnit>