<?xml version="1.0" encoding="UTF-8" standalone="yes"?>
<?xml-stylesheet type="text/xsl" href="lexUnit.xsl"?>
<lexUnit status="Finished_Initial" POS="N" name="nicotine.n" ID="7071" frame="Intoxicants" frameID="390" totalAnnotated="9" xsi:schemaLocation="../schema/lexUnit.xsd" xmlns="http://framenet.icsi.berkeley.edu" xmlns:xsi="http://www.w3.org/2001/XMLSchema-instance">
    <header>
        <frame>
            <FE fgColor="FFFFFF" bgColor="800080" type="Peripheral" abbrev="Co" name="Country_of_origin"/>
            <FE fgColor="FFFFFF" bgColor="008000" type="Peripheral" abbrev="Desc" name="Descriptor"/>
            <FE fgColor="FFFFFF" bgColor="0000FF" type="Core" abbrev="Int" name="Intoxicant"/>
            <FE fgColor="FFFFFF" bgColor="9F79EE" type="Peripheral" abbrev="Type" name="Type"/>
        </frame>
    </header>
    <definition>COD: a toxic oily liquid which is the chief active constituent of tobacco. </definition>
    <lexeme POS="N" name="nicotine"/>
    <valences>
        <governor type="Gov" lemma="addict">
            <annoSet ID="1564757"/>
            <annoSet ID="1564761"/>
        </governor>
        <governor type="Gov" lemma="dose">
            <annoSet ID="1564769"/>
        </governor>
        <FERealization total="2">
            <FE name="Descriptor"/>
            <pattern total="2">
                <valenceUnit GF="Dep" PT="AJP" FE="Descriptor"/>
                <annoSet ID="1564749"/>
                <annoSet ID="1564751"/>
            </pattern>
        </FERealization>
        <FERealization total="9">
            <FE name="Intoxicant"/>
            <pattern total="9">
                <valenceUnit GF="" PT="DEN" FE="Intoxicant"/>
                <annoSet ID="1564701"/>
                <annoSet ID="1564715"/>
                <annoSet ID="1564727"/>
                <annoSet ID="1564749"/>
                <annoSet ID="1564751"/>
                <annoSet ID="1564757"/>
                <annoSet ID="1564761"/>
                <annoSet ID="1564769"/>
                <annoSet ID="6672879"/>
            </pattern>
        </FERealization>
        <FEGroupRealization total="2">
            <FE name="Descriptor"/>
            <FE name="Intoxicant"/>
            <pattern total="2">
                <valenceUnit GF="Dep" PT="AJP" FE="Descriptor"/>
                <valenceUnit GF="" PT="DEN" FE="Intoxicant"/>
                <annoSet ID="1564749"/>
                <annoSet ID="1564751"/>
            </pattern>
        </FEGroupRealization>
        <FEGroupRealization total="7">
            <FE name="Intoxicant"/>
            <pattern total="7">
                <valenceUnit GF="" PT="DEN" FE="Intoxicant"/>
                <annoSet ID="1564701"/>
                <annoSet ID="1564715"/>
                <annoSet ID="1564727"/>
                <annoSet ID="1564757"/>
                <annoSet ID="1564761"/>
                <annoSet ID="1564769"/>
                <annoSet ID="6672879"/>
            </pattern>
        </FEGroupRealization>
    </valences>
    <subCorpus name="N-280-s20-poss"/>
    <subCorpus name="N-300-s20-cmpd"/>
    <subCorpus name="N-330-s20-period">
        <sentence sentNo="0" aPos="66614740" ID="1056648">
            <text>These people have addictive disease and their drug of choice is nicotine . </text>
            <annotationSet cDate="01/08/2003 12:40:08 PST Wed" status="UNANN" ID="1564700">
                <layer rank="1" name="BNC">
                    <label end="4" start="0" name="DT0"/>
                    <label end="11" start="6" name="NN0"/>
                    <label end="16" start="13" name="VHB"/>
                    <label end="26" start="18" name="AJ0"/>
                    <label end="34" start="28" name="NN1"/>
                    <label end="38" start="36" name="CJC"/>
                    <label end="44" start="40" name="DPS"/>
                    <label end="49" start="46" name="NN1"/>
                    <label end="52" start="51" name="PRF"/>
                    <label end="59" start="54" name="NN1"/>
                    <label end="62" start="61" name="VBZ"/>
                    <label end="71" start="64" name="NN1"/>
                    <label end="73" start="73" name="PUN"/>
                </layer>
                <layer rank="1" name="NER"/>
                <layer rank="1" name="WSL"/>
            </annotationSet>
            <annotationSet cDate="01/08/2003 12:40:08 PST Wed" status="MANUAL" ID="1564701">
                <layer rank="1" name="FE">
                    <label cBy="Sns" feID="3495" end="71" start="64" name="Intoxicant"/>
                </layer>
                <layer rank="1" name="GF"/>
                <layer rank="1" name="PT"/>
                <layer rank="1" name="Sent"/>
                <layer rank="1" name="Other"/>
                <layer rank="1" name="Target">
                    <label cBy="BoC" end="71" start="64" name="Target"/>
                </layer>
                <layer rank="1" name="Noun"/>
            </annotationSet>
        </sentence>
    </subCorpus>
    <subCorpus name="N-380-s20-other">
        <sentence sentNo="0" aPos="41226592" ID="1056655">
            <text>If you replace heroin and endorphins with nicotine and the neurotransmitter acetylcholine , or with caffeine and adenosine , or Valium and gamma-amino butyric acid , or marijuana and anadamide , the same story can be told . </text>
            <annotationSet cDate="01/08/2003 12:40:09 PST Wed" status="UNANN" ID="1564714">
                <layer rank="1" name="BNC">
                    <label end="1" start="0" name="CJS"/>
                    <label end="5" start="3" name="PNP"/>
                    <label end="13" start="7" name="VVB"/>
                    <label end="20" start="15" name="NN1"/>
                    <label end="24" start="22" name="CJC"/>
                    <label end="35" start="26" name="NN2"/>
                    <label end="40" start="37" name="PRP"/>
                    <label end="49" start="42" name="NN1"/>
                    <label end="53" start="51" name="CJC"/>
                    <label end="57" start="55" name="AT0"/>
                    <label end="74" start="59" name="NN1"/>
                    <label end="88" start="76" name="NN1"/>
                    <label end="90" start="90" name="PUN"/>
                    <label end="93" start="92" name="CJC"/>
                    <label end="98" start="95" name="PRP"/>
                    <label end="107" start="100" name="NN1"/>
                    <label end="111" start="109" name="CJC"/>
                    <label end="121" start="113" name="NN1-VVB"/>
                    <label end="123" start="123" name="PUN"/>
                    <label end="126" start="125" name="CJC"/>
                    <label end="133" start="128" name="NN1-NP0"/>
                    <label end="137" start="135" name="CJC"/>
                    <label end="149" start="139" name="AJ0"/>
                    <label end="157" start="151" name="AJ0"/>
                    <label end="162" start="159" name="NN1"/>
                    <label end="164" start="164" name="PUN"/>
                    <label end="167" start="166" name="CJC"/>
                    <label end="177" start="169" name="NN1"/>
                    <label end="181" start="179" name="CJC"/>
                    <label end="191" start="183" name="NN1-VVB"/>
                    <label end="193" start="193" name="PUN"/>
                    <label end="197" start="195" name="AT0"/>
                    <label end="202" start="199" name="DT0"/>
                    <label end="208" start="204" name="NN1"/>
                    <label end="212" start="210" name="VM0"/>
                    <label end="215" start="214" name="VBI"/>
                    <label end="220" start="217" name="VVN"/>
                    <label end="222" start="222" name="PUN"/>
                </layer>
                <layer rank="1" name="NER"/>
                <layer rank="1" name="WSL"/>
            </annotationSet>
            <annotationSet cDate="01/08/2003 12:40:09 PST Wed" status="MANUAL" ID="1564715">
                <layer rank="1" name="FE">
                    <label cBy="Sns" feID="3495" end="49" start="42" name="Intoxicant"/>
                </layer>
                <layer rank="1" name="GF"/>
                <layer rank="1" name="PT"/>
                <layer rank="1" name="Sent"/>
                <layer rank="1" name="Other"/>
                <layer rank="1" name="Target">
                    <label cBy="BoC" end="49" start="42" name="Target"/>
                </layer>
                <layer rank="1" name="Noun"/>
            </annotationSet>
        </sentence>
        <sentence sentNo="0" aPos="45260189" ID="1056661">
            <text>Nicotine is a powerful drug which stimulates the production of adrenaline , increasing the heart beat rate and blood pressure . </text>
            <annotationSet cDate="01/08/2003 12:40:10 PST Wed" status="UNANN" ID="1564726">
                <layer rank="1" name="BNC">
                    <label end="7" start="0" name="NN1"/>
                    <label end="10" start="9" name="VBZ"/>
                    <label end="12" start="12" name="AT0"/>
                    <label end="21" start="14" name="AJ0"/>
                    <label end="26" start="23" name="NN1"/>
                    <label end="32" start="28" name="DTQ"/>
                    <label end="43" start="34" name="VVZ"/>
                    <label end="47" start="45" name="AT0"/>
                    <label end="58" start="49" name="NN1"/>
                    <label end="61" start="60" name="PRF"/>
                    <label end="72" start="63" name="NN1"/>
                    <label end="74" start="74" name="PUN"/>
                    <label end="85" start="76" name="VVG"/>
                    <label end="89" start="87" name="AT0"/>
                    <label end="95" start="91" name="NN1"/>
                    <label end="100" start="97" name="NN1"/>
                    <label end="105" start="102" name="NN1"/>
                    <label end="109" start="107" name="CJC"/>
                    <label end="115" start="111" name="NN1"/>
                    <label end="124" start="117" name="NN1"/>
                    <label end="126" start="126" name="PUN"/>
                </layer>
                <layer rank="1" name="NER"/>
                <layer rank="1" name="WSL"/>
            </annotationSet>
            <annotationSet cDate="01/08/2003 12:40:10 PST Wed" status="MANUAL" ID="1564727">
                <layer rank="1" name="FE">
                    <label cBy="Sns" feID="3495" end="7" start="0" name="Intoxicant"/>
                </layer>
                <layer rank="1" name="GF"/>
                <layer rank="1" name="PT"/>
                <layer rank="1" name="Sent"/>
                <layer rank="1" name="Other"/>
                <layer rank="1" name="Target">
                    <label cBy="BoC" end="7" start="0" name="Target"/>
                </layer>
                <layer rank="1" name="Noun"/>
            </annotationSet>
        </sentence>
    </subCorpus>
    <subCorpus name="N-429-s20-lcoll-pure">
        <sentence sentNo="0" aPos="446721" ID="1056672">
            <text>Years ago , before it was made illegal , pure nicotine was used for fumigating glasshouses . </text>
            <annotationSet cDate="01/08/2003 12:40:11 PST Wed" status="UNANN" ID="1564748">
                <layer rank="1" name="BNC">
                    <label end="4" start="0" name="NN2"/>
                    <label end="8" start="6" name="AV0"/>
                    <label end="10" start="10" name="PUN"/>
                    <label end="17" start="12" name="CJS"/>
                    <label end="20" start="19" name="PNP"/>
                    <label end="24" start="22" name="VBD"/>
                    <label end="29" start="26" name="VVN"/>
                    <label end="37" start="31" name="AJ0"/>
                    <label end="39" start="39" name="PUN"/>
                    <label end="44" start="41" name="AJ0"/>
                    <label end="53" start="46" name="NN1"/>
                    <label end="57" start="55" name="VBD"/>
                    <label end="62" start="59" name="VVN"/>
                    <label end="66" start="64" name="PRP"/>
                    <label end="77" start="68" name="AJ0-VVG"/>
                    <label end="89" start="79" name="NN2"/>
                    <label end="91" start="91" name="PUN"/>
                </layer>
                <layer rank="1" name="NER"/>
                <layer rank="1" name="WSL"/>
            </annotationSet>
            <annotationSet cDate="01/08/2003 12:40:11 PST Wed" status="MANUAL" ID="1564749">
                <layer rank="1" name="FE">
                    <label cBy="Sns" feID="3497" end="44" start="41" name="Descriptor"/>
                    <label cBy="Sns" feID="3495" end="53" start="46" name="Intoxicant"/>
                </layer>
                <layer rank="1" name="GF">
                    <label end="44" start="41" name="Dep"/>
                </layer>
                <layer rank="1" name="PT">
                    <label end="44" start="41" name="AJP"/>
                </layer>
                <layer rank="1" name="Sent"/>
                <layer rank="1" name="Other"/>
                <layer rank="1" name="Target">
                    <label cBy="BoC" end="53" start="46" name="Target"/>
                </layer>
                <layer rank="1" name="Noun"/>
            </annotationSet>
        </sentence>
        <sentence sentNo="0" aPos="45257790" ID="1056673">
            <text>Only 60mg of pure nicotine placed on a person 's tongue would kill within minutes . </text>
            <annotationSet cDate="01/08/2003 12:40:11 PST Wed" status="UNANN" ID="1564750">
                <layer rank="1" name="BNC">
                    <label end="3" start="0" name="AJ0"/>
                    <label end="8" start="5" name="NN0"/>
                    <label end="11" start="10" name="PRF"/>
                    <label end="16" start="13" name="AJ0"/>
                    <label end="25" start="18" name="NN1"/>
                    <label end="32" start="27" name="VVD-VVN"/>
                    <label end="35" start="34" name="PRP"/>
                    <label end="37" start="37" name="AT0"/>
                    <label end="44" start="39" name="NN1"/>
                    <label end="47" start="46" name="POS"/>
                    <label end="54" start="49" name="NN1"/>
                    <label end="60" start="56" name="VM0"/>
                    <label end="65" start="62" name="VVI"/>
                    <label end="72" start="67" name="PRP"/>
                    <label end="80" start="74" name="NN2"/>
                    <label end="82" start="82" name="PUN"/>
                </layer>
                <layer rank="1" name="NER"/>
                <layer rank="1" name="WSL"/>
            </annotationSet>
            <annotationSet cDate="01/08/2003 12:40:11 PST Wed" status="MANUAL" ID="1564751">
                <layer rank="1" name="FE">
                    <label cBy="Sns" feID="3497" end="16" start="13" name="Descriptor"/>
                    <label cBy="Sns" feID="3495" end="25" start="18" name="Intoxicant"/>
                </layer>
                <layer rank="1" name="GF">
                    <label end="16" start="13" name="Dep"/>
                </layer>
                <layer rank="1" name="PT">
                    <label end="16" start="13" name="AJP"/>
                </layer>
                <layer rank="1" name="Sent"/>
                <layer rank="1" name="Other"/>
                <layer rank="1" name="Target">
                    <label cBy="BoC" end="25" start="18" name="Target"/>
                </layer>
                <layer rank="1" name="Noun"/>
            </annotationSet>
        </sentence>
    </subCorpus>
    <subCorpus name="N-429-s20-lcoll-transdermal"/>
    <subCorpus name="N-429-s20-lgov-addict">
        <sentence sentNo="0" aPos="45265204" ID="1056676">
            <text>Many adult smokers continue smoking not through unfettered choice but because they are addicted to the nicotine in cigarettes . </text>
            <annotationSet cDate="01/08/2003 12:40:11 PST Wed" status="UNANN" ID="1564756">
                <layer rank="1" name="BNC">
                    <label end="3" start="0" name="DT0"/>
                    <label end="9" start="5" name="AJ0-NN1"/>
                    <label end="17" start="11" name="NN2"/>
                    <label end="26" start="19" name="VVB"/>
                    <label end="34" start="28" name="NN1-VVG"/>
                    <label end="38" start="36" name="XX0"/>
                    <label end="46" start="40" name="PRP"/>
                    <label end="57" start="48" name="AJ0"/>
                    <label end="64" start="59" name="NN1"/>
                    <label end="68" start="66" name="CJC"/>
                    <label end="76" start="70" name="CJS"/>
                    <label end="81" start="78" name="PNP"/>
                    <label end="85" start="83" name="VBB"/>
                    <label end="94" start="87" name="VVN"/>
                    <label end="97" start="96" name="PRP"/>
                    <label end="101" start="99" name="AT0"/>
                    <label end="110" start="103" name="NN1"/>
                    <label end="113" start="112" name="PRP"/>
                    <label end="124" start="115" name="NN2"/>
                    <label end="126" start="126" name="PUN"/>
                </layer>
                <layer rank="1" name="NER"/>
                <layer rank="1" name="WSL"/>
            </annotationSet>
            <annotationSet cDate="01/08/2003 12:40:11 PST Wed" status="MANUAL" ID="1564757">
                <layer rank="1" name="FE">
                    <label cBy="Sns" feID="3495" end="110" start="103" name="Intoxicant"/>
                </layer>
                <layer rank="1" name="GF"/>
                <layer rank="1" name="PT"/>
                <layer rank="1" name="Sent"/>
                <layer rank="1" name="Other"/>
                <layer rank="1" name="Target">
                    <label cBy="BoC" end="110" start="103" name="Target"/>
                </layer>
                <layer rank="1" name="Noun">
                    <label end="94" start="87" name="Gov"/>
                    <label end="110" start="96" name="X"/>
                </layer>
            </annotationSet>
        </sentence>
        <sentence sentNo="0" aPos="66618612" ID="1056678">
            <text>How do people addicted to nicotine give up smoking cigarettes ? </text>
            <annotationSet cDate="01/08/2003 12:40:12 PST Wed" status="UNANN" ID="1564760">
                <layer rank="1" name="BNC">
                    <label end="2" start="0" name="AVQ"/>
                    <label end="5" start="4" name="VDB"/>
                    <label end="12" start="7" name="NN0"/>
                    <label end="21" start="14" name="VVD"/>
                    <label end="24" start="23" name="PRP"/>
                    <label end="33" start="26" name="NN1"/>
                    <label end="38" start="35" name="VVB"/>
                    <label end="41" start="40" name="AVP"/>
                    <label end="49" start="43" name="VVG"/>
                    <label end="60" start="51" name="NN2"/>
                    <label end="62" start="62" name="PUN"/>
                </layer>
                <layer rank="1" name="NER"/>
                <layer rank="1" name="WSL"/>
            </annotationSet>
            <annotationSet cDate="01/08/2003 12:40:12 PST Wed" status="MANUAL" ID="1564761">
                <layer rank="1" name="FE">
                    <label cBy="Sns" feID="3495" end="33" start="26" name="Intoxicant"/>
                </layer>
                <layer rank="1" name="GF"/>
                <layer rank="1" name="PT"/>
                <layer rank="1" name="Sent"/>
                <layer rank="1" name="Other"/>
                <layer rank="1" name="Target">
                    <label cBy="BoC" end="33" start="26" name="Target"/>
                </layer>
                <layer rank="1" name="Noun">
                    <label end="21" start="14" name="Gov"/>
                    <label end="33" start="23" name="X"/>
                </layer>
            </annotationSet>
        </sentence>
    </subCorpus>
    <subCorpus name="N-429-s20-lgov-get">
        <sentence sentNo="0" aPos="102410684" ID="1056682">
            <text>Putting a patch on is an easy way to get your dose of nicotine while you 're trying to give up . </text>
            <annotationSet cDate="01/08/2003 12:40:12 PST Wed" status="UNANN" ID="1564768">
                <layer rank="1" name="BNC">
                    <label end="6" start="0" name="VVG"/>
                    <label end="8" start="8" name="AT0"/>
                    <label end="14" start="10" name="NN1"/>
                    <label end="17" start="16" name="PRP"/>
                    <label end="20" start="19" name="VBZ"/>
                    <label end="23" start="22" name="AT0"/>
                    <label end="28" start="25" name="AJ0"/>
                    <label end="32" start="30" name="NN1"/>
                    <label end="35" start="34" name="TO0"/>
                    <label end="39" start="37" name="VVI"/>
                    <label end="44" start="41" name="DPS"/>
                    <label end="49" start="46" name="NN1"/>
                    <label end="52" start="51" name="PRF"/>
                    <label end="61" start="54" name="NN1"/>
                    <label end="67" start="63" name="CJS"/>
                    <label end="71" start="69" name="PNP"/>
                    <label end="75" start="73" name="VBB"/>
                    <label end="82" start="77" name="VVG"/>
                    <label end="85" start="84" name="TO0"/>
                    <label end="90" start="87" name="VVI"/>
                    <label end="93" start="92" name="AVP"/>
                    <label end="95" start="95" name="PUN"/>
                </layer>
                <layer rank="1" name="NER"/>
                <layer rank="1" name="WSL"/>
            </annotationSet>
            <annotationSet cDate="01/08/2003 12:40:12 PST Wed" status="MANUAL" ID="1564769">
                <layer rank="1" name="FE">
                    <label cBy="Sns" feID="3495" end="61" start="54" name="Intoxicant"/>
                </layer>
                <layer rank="1" name="GF"/>
                <layer rank="1" name="PT"/>
                <layer rank="1" name="Sent"/>
                <layer rank="1" name="Other"/>
                <layer rank="1" name="Target">
                    <label cBy="BoC" end="61" start="54" name="Target"/>
                </layer>
                <layer rank="1" name="Noun">
                    <label end="49" start="46" name="Gov"/>
                    <label end="61" start="51" name="X"/>
                </layer>
            </annotationSet>
        </sentence>
    </subCorpus>
    <subCorpus name="N-429-s20-lgov-smoke"/>
    <subCorpus name="N-429-s20-lgov-use"/>
    <subCorpus name="manually-added"/>
</lexUnit>