<?xml version="1.0" encoding="UTF-8" standalone="yes"?>
<?xml-stylesheet type="text/xsl" href="lexUnit.xsl"?>
<lexUnit status="Finished_Initial" POS="A" name="ornamented.a" ID="7031" frame="Abounding_with" frameID="262" totalAnnotated="5" xsi:schemaLocation="../schema/lexUnit.xsd" xmlns="http://framenet.icsi.berkeley.edu" xmlns:xsi="http://www.w3.org/2001/XMLSchema-instance">
    <header>
        <frame>
            <FE fgColor="FFFFFF" bgColor="A52A2A" type="Peripheral" abbrev="Degr" name="Degree"/>
            <FE fgColor="FFFFFF" bgColor="90876C" type="Extra-Thematic" abbrev="Dep" name="Depictive"/>
            <FE fgColor="FFFFFF" bgColor="008000" type="Core" abbrev="Loc" name="Location"/>
            <FE fgColor="FFFFFF" bgColor="FF0000" type="Core" abbrev="Thm" name="Theme"/>
            <FE fgColor="FFFF00" bgColor="FFA500" type="Peripheral" abbrev="" name="Time"/>
        </frame>
    </header>
    <definition>FN: covered in ornamental objects</definition>
    <lexeme POS="A" name="ornamented"/>
    <valences>
        <FERealization total="1">
            <FE name="Degree"/>
            <pattern total="1">
                <valenceUnit GF="Dep" PT="AVP" FE="Degree"/>
                <annoSet ID="1560365"/>
            </pattern>
        </FERealization>
        <FERealization total="5">
            <FE name="Location"/>
            <pattern total="5">
                <valenceUnit GF="Ext" PT="NP" FE="Location"/>
                <annoSet ID="1560337"/>
                <annoSet ID="1560339"/>
                <annoSet ID="1560359"/>
                <annoSet ID="1560365"/>
                <annoSet ID="1560367"/>
            </pattern>
        </FERealization>
        <FERealization total="5">
            <FE name="Theme"/>
            <pattern total="5">
                <valenceUnit GF="Dep" PT="PP[with]" FE="Theme"/>
                <annoSet ID="1560337"/>
                <annoSet ID="1560339"/>
                <annoSet ID="1560359"/>
                <annoSet ID="1560365"/>
                <annoSet ID="1560367"/>
            </pattern>
        </FERealization>
        <FEGroupRealization total="1">
            <FE name="Degree"/>
            <FE name="Location"/>
            <FE name="Theme"/>
            <pattern total="1">
                <valenceUnit GF="Dep" PT="AVP" FE="Degree"/>
                <valenceUnit GF="Ext" PT="NP" FE="Location"/>
                <valenceUnit GF="Dep" PT="PP[with]" FE="Theme"/>
                <annoSet ID="1560365"/>
            </pattern>
        </FEGroupRealization>
        <FEGroupRealization total="4">
            <FE name="Location"/>
            <FE name="Theme"/>
            <pattern total="4">
                <valenceUnit GF="Ext" PT="NP" FE="Location"/>
                <valenceUnit GF="Dep" PT="PP[with]" FE="Theme"/>
                <annoSet ID="1560337"/>
                <annoSet ID="1560339"/>
                <annoSet ID="1560359"/>
                <annoSet ID="1560367"/>
            </pattern>
        </FEGroupRealization>
    </valences>
    <subCorpus name="A-001-all">
        <sentence sentNo="0" aPos="12446705" ID="1054466">
            <text>From its inception the Second Empire resembled a splendid military pageant , with its colourful regiments whose uniforms were ornamented with sabretaches , aiguillettes and gleaming leather . </text>
            <annotationSet cDate="01/08/2003 12:35:15 PST Wed" status="UNANN" ID="1560336">
                <layer rank="1" name="BNC">
                    <label end="3" start="0" name="PRP"/>
                    <label end="7" start="5" name="DPS"/>
                    <label end="17" start="9" name="NN1"/>
                    <label end="21" start="19" name="AT0"/>
                    <label end="28" start="23" name="ORD"/>
                    <label end="35" start="30" name="NN1"/>
                    <label end="45" start="37" name="VVD"/>
                    <label end="47" start="47" name="AT0"/>
                    <label end="56" start="49" name="AJ0"/>
                    <label end="65" start="58" name="AJ0"/>
                    <label end="73" start="67" name="NN1"/>
                    <label end="75" start="75" name="PUN"/>
                    <label end="80" start="77" name="PRP"/>
                    <label end="84" start="82" name="DPS"/>
                    <label end="94" start="86" name="AJ0"/>
                    <label end="104" start="96" name="NN2"/>
                    <label end="110" start="106" name="DTQ"/>
                    <label end="119" start="112" name="NN2"/>
                    <label end="124" start="121" name="VBD"/>
                    <label end="135" start="126" name="VVN"/>
                    <label end="140" start="137" name="PRP"/>
                    <label end="152" start="142" name="NN2"/>
                    <label end="154" start="154" name="PUN"/>
                    <label end="167" start="156" name="NN2"/>
                    <label end="171" start="169" name="CJC"/>
                    <label end="180" start="173" name="AJ0-VVG"/>
                    <label end="188" start="182" name="NN1"/>
                    <label end="190" start="190" name="PUN"/>
                </layer>
                <layer rank="1" name="NER"/>
                <layer rank="1" name="WSL"/>
            </annotationSet>
            <annotationSet cDate="01/08/2003 12:35:15 PST Wed" status="MANUAL" ID="1560337">
                <layer rank="1" name="FE">
                    <label cBy="gGK" feID="2261" end="119" start="112" name="Location"/>
                    <label cBy="gGK" feID="2260" end="188" start="137" name="Theme"/>
                </layer>
                <layer rank="1" name="GF">
                    <label end="119" start="112" name="Ext"/>
                    <label end="188" start="137" name="Dep"/>
                </layer>
                <layer rank="1" name="PT">
                    <label end="119" start="112" name="NP"/>
                    <label end="188" start="137" name="PP"/>
                </layer>
                <layer rank="1" name="Sent"/>
                <layer rank="1" name="Other"/>
                <layer rank="1" name="Target">
                    <label cBy="BoC" end="135" start="126" name="Target"/>
                </layer>
                <layer rank="1" name="Adj">
                    <label end="124" start="121" name="Cop"/>
                </layer>
            </annotationSet>
        </sentence>
        <sentence sentNo="0" aPos="12458779" ID="1054467">
            <text>It was surrounded by a splendid park , and its superb gardens ornamented with fountains and a magnificent cascade made of it a cool and airy summer residence . </text>
            <annotationSet cDate="01/08/2003 12:35:15 PST Wed" status="UNANN" ID="1560338">
                <layer rank="1" name="BNC">
                    <label end="1" start="0" name="PNP"/>
                    <label end="5" start="3" name="VBD"/>
                    <label end="16" start="7" name="VVN"/>
                    <label end="19" start="18" name="PRP"/>
                    <label end="21" start="21" name="AT0"/>
                    <label end="30" start="23" name="AJ0"/>
                    <label end="35" start="32" name="NN1"/>
                    <label end="37" start="37" name="PUN"/>
                    <label end="41" start="39" name="CJC"/>
                    <label end="45" start="43" name="DPS"/>
                    <label end="52" start="47" name="AJ0"/>
                    <label end="60" start="54" name="NN2"/>
                    <label end="71" start="62" name="VVD-VVN"/>
                    <label end="76" start="73" name="PRP"/>
                    <label end="86" start="78" name="NN2"/>
                    <label end="90" start="88" name="CJC"/>
                    <label end="92" start="92" name="AT0"/>
                    <label end="104" start="94" name="AJ0"/>
                    <label end="112" start="106" name="NN1"/>
                    <label end="117" start="114" name="VVD-VVN"/>
                    <label end="120" start="119" name="PRF"/>
                    <label end="123" start="122" name="PNP"/>
                    <label end="125" start="125" name="AT0"/>
                    <label end="130" start="127" name="AJ0-NN1"/>
                    <label end="134" start="132" name="CJC"/>
                    <label end="139" start="136" name="AJ0"/>
                    <label end="146" start="141" name="NN1"/>
                    <label end="156" start="148" name="NN1"/>
                    <label end="158" start="158" name="PUN"/>
                </layer>
                <layer rank="1" name="NER"/>
                <layer rank="1" name="WSL"/>
            </annotationSet>
            <annotationSet cDate="01/08/2003 12:35:15 PST Wed" status="MANUAL" ID="1560339">
                <layer rank="1" name="FE">
                    <label cBy="gGK" feID="2261" end="60" start="43" name="Location"/>
                    <label cBy="gGK" feID="2260" end="112" start="73" name="Theme"/>
                </layer>
                <layer rank="1" name="GF">
                    <label end="60" start="43" name="Ext"/>
                    <label end="112" start="73" name="Dep"/>
                </layer>
                <layer rank="1" name="PT">
                    <label end="60" start="43" name="NP"/>
                    <label end="112" start="73" name="PP"/>
                </layer>
                <layer rank="1" name="Sent"/>
                <layer rank="1" name="Other"/>
                <layer rank="1" name="Target">
                    <label cBy="BoC" end="71" start="62" name="Target"/>
                </layer>
                <layer rank="1" name="Adj"/>
            </annotationSet>
        </sentence>
        <sentence sentNo="0" aPos="24476619" ID="1054477">
            <text>The dorsal fin is ornamented with these two colours . </text>
            <annotationSet cDate="01/08/2003 12:35:16 PST Wed" status="UNANN" ID="1560358">
                <layer rank="1" name="BNC">
                    <label end="2" start="0" name="AT0"/>
                    <label end="9" start="4" name="AJ0-NN1"/>
                    <label end="13" start="11" name="NN1"/>
                    <label end="16" start="15" name="VBZ"/>
                    <label end="27" start="18" name="VVN"/>
                    <label end="32" start="29" name="PRP"/>
                    <label end="38" start="34" name="DT0"/>
                    <label end="42" start="40" name="CRD"/>
                    <label end="50" start="44" name="NN2"/>
                    <label end="52" start="52" name="PUN"/>
                </layer>
                <layer rank="1" name="NER"/>
                <layer rank="1" name="WSL"/>
            </annotationSet>
            <annotationSet cDate="01/08/2003 12:35:16 PST Wed" status="MANUAL" ID="1560359">
                <layer rank="1" name="FE">
                    <label cBy="gGK" feID="2261" end="13" start="0" name="Location"/>
                    <label cBy="gGK" feID="2260" end="50" start="29" name="Theme"/>
                </layer>
                <layer rank="1" name="GF">
                    <label end="13" start="0" name="Ext"/>
                    <label end="50" start="29" name="Dep"/>
                </layer>
                <layer rank="1" name="PT">
                    <label end="13" start="0" name="NP"/>
                    <label end="50" start="29" name="PP"/>
                </layer>
                <layer rank="1" name="Sent"/>
                <layer rank="1" name="Other"/>
                <layer rank="1" name="Target">
                    <label cBy="BoC" end="27" start="18" name="Target"/>
                </layer>
                <layer rank="1" name="Adj">
                    <label end="16" start="15" name="Cop"/>
                </layer>
            </annotationSet>
        </sentence>
        <sentence sentNo="0" aPos="29097182" ID="1054480">
            <text>Wearing tunic and hose of pale blue satin lavishly ornamented with silver , he looked more angelic than ever . </text>
            <annotationSet cDate="01/08/2003 12:35:16 PST Wed" status="UNANN" ID="1560364">
                <layer rank="1" name="BNC">
                    <label end="6" start="0" name="AJ0-VVG"/>
                    <label end="12" start="8" name="NN1"/>
                    <label end="16" start="14" name="CJC"/>
                    <label end="21" start="18" name="NN1"/>
                    <label end="24" start="23" name="PRF"/>
                    <label end="29" start="26" name="AJ0"/>
                    <label end="34" start="31" name="AJ0"/>
                    <label end="40" start="36" name="NN1"/>
                    <label end="49" start="42" name="AV0"/>
                    <label end="60" start="51" name="VVD-VVN"/>
                    <label end="65" start="62" name="PRP"/>
                    <label end="72" start="67" name="NN1"/>
                    <label end="74" start="74" name="PUN"/>
                    <label end="77" start="76" name="PNP"/>
                    <label end="84" start="79" name="VVD"/>
                    <label end="89" start="86" name="AV0"/>
                    <label end="97" start="91" name="AJ0"/>
                    <label end="102" start="99" name="CJS"/>
                    <label end="107" start="104" name="AV0"/>
                    <label end="109" start="109" name="PUN"/>
                </layer>
                <layer rank="1" name="NER"/>
                <layer rank="1" name="WSL"/>
            </annotationSet>
            <annotationSet cDate="01/08/2003 12:35:16 PST Wed" status="MANUAL" ID="1560365">
                <layer rank="1" name="FE">
                    <label cBy="gGK" feID="2261" end="40" start="26" name="Location"/>
                    <label cBy="gGK" feID="2271" end="49" start="42" name="Degree"/>
                    <label cBy="gGK" feID="2260" end="72" start="62" name="Theme"/>
                </layer>
                <layer rank="1" name="GF">
                    <label end="40" start="26" name="Ext"/>
                    <label end="49" start="42" name="Dep"/>
                    <label end="72" start="62" name="Dep"/>
                </layer>
                <layer rank="1" name="PT">
                    <label end="40" start="26" name="NP"/>
                    <label end="49" start="42" name="AVP"/>
                    <label end="72" start="62" name="PP"/>
                </layer>
                <layer rank="1" name="Sent"/>
                <layer rank="1" name="Other"/>
                <layer rank="1" name="Target">
                    <label cBy="BoC" end="60" start="51" name="Target"/>
                </layer>
                <layer rank="1" name="Adj"/>
            </annotationSet>
        </sentence>
        <sentence sentNo="0" aPos="29100344" ID="1054481">
            <text>The gold ring was exquisitely ornamented with tiny pearls . </text>
            <annotationSet cDate="01/08/2003 12:35:16 PST Wed" status="UNANN" ID="1560366">
                <layer rank="1" name="BNC">
                    <label end="2" start="0" name="AT0"/>
                    <label end="7" start="4" name="AJ0-NN1"/>
                    <label end="12" start="9" name="NN1"/>
                    <label end="16" start="14" name="VBD"/>
                    <label end="28" start="18" name="AV0"/>
                    <label end="39" start="30" name="VVN"/>
                    <label end="44" start="41" name="PRP"/>
                    <label end="49" start="46" name="AJ0"/>
                    <label end="56" start="51" name="NN2"/>
                    <label end="58" start="58" name="PUN"/>
                </layer>
                <layer rank="1" name="NER"/>
                <layer rank="1" name="WSL"/>
            </annotationSet>
            <annotationSet cDate="01/08/2003 12:35:16 PST Wed" status="MANUAL" ID="1560367">
                <layer rank="1" name="FE">
                    <label cBy="gGK" feID="2261" end="12" start="0" name="Location"/>
                    <label cBy="gGK" feID="2260" end="56" start="41" name="Theme"/>
                </layer>
                <layer rank="1" name="GF">
                    <label end="12" start="0" name="Ext"/>
                    <label end="56" start="41" name="Dep"/>
                </layer>
                <layer rank="1" name="PT">
                    <label end="12" start="0" name="NP"/>
                    <label end="56" start="41" name="PP"/>
                </layer>
                <layer rank="1" name="Sent"/>
                <layer rank="1" name="Other"/>
                <layer rank="1" name="Target">
                    <label cBy="BoC" end="39" start="30" name="Target"/>
                </layer>
                <layer rank="1" name="Adj">
                    <label end="16" start="14" name="Cop"/>
                </layer>
            </annotationSet>
        </sentence>
    </subCorpus>
</lexUnit>