<?xml version="1.0" encoding="UTF-8" standalone="yes"?>
<?xml-stylesheet type="text/xsl" href="lexUnit.xsl"?>
<lexUnit status="Created" POS="N" name="task.n" ID="7119" frame="Being_obligated" frameID="392" totalAnnotated="4" xsi:schemaLocation="../schema/lexUnit.xsd" xmlns="http://framenet.icsi.berkeley.edu" xmlns:xsi="http://www.w3.org/2001/XMLSchema-instance">
    <header>
        <corpus description="American National Corpus Texts" name="ANC" ID="195">
            <document description="Berlitz History of Greece" name="HistoryOfGreece" ID="23692"/>
            <document description="Berlitz Intro of Jamaica" name="IntroJamaica" ID="23754"/>
            <document description="Children's home fund-raising letter" name="112C-L013" ID="23811"/>
        </corpus>
        <corpus description="LUCorpus-v0.3" name="LUCorpus-v0.3" ID="205">
            <document description="AFGP-2002-600002-Trans" name="AFGP-2002-600002-Trans" ID="23736"/>
        </corpus>
        <frame>
            <FE fgColor="FFFFFF" bgColor="9400D3" type="Extra-Thematic" abbrev="con" name="Condition"/>
            <FE fgColor="FFFFFF" bgColor="00008B" type="Peripheral" abbrev="Con" name="Consequence"/>
            <FE fgColor="FFFFFF" bgColor="008000" type="Core" abbrev="Duty" name="Duty"/>
            <FE fgColor="FFFFFF" bgColor="FF69B4" type="Extra-Thematic" abbrev="" name="Frequency"/>
            <FE fgColor="FFFFFF" bgColor="0000FF" type="Peripheral" abbrev="pla" name="Place"/>
            <FE fgColor="FFFFFF" bgColor="FF0000" type="Core" abbrev="Resp" name="Responsible_party"/>
            <FE fgColor="FFFFFF" bgColor="FFA500" type="Peripheral" abbrev="tim" name="Time"/>
        </frame>
    </header>
    <definition>COD: a piece of work. </definition>
    <lexeme POS="N" name="task"/>
    <valences>
        <governor type="Ctrlr" lemma="entrust">
            <annoSet ID="6550018"/>
        </governor>
        <FERealization total="3">
            <FE name="Duty"/>
            <pattern total="1">
                <valenceUnit GF="" PT="INI" FE="Duty"/>
                <annoSet ID="6559114"/>
            </pattern>
            <pattern total="1">
                <valenceUnit GF="Dep" PT="PPing[of]" FE="Duty"/>
                <annoSet ID="6550018"/>
            </pattern>
            <pattern total="1">
                <valenceUnit GF="Dep" PT="VPto" FE="Duty"/>
                <annoSet ID="6557590"/>
            </pattern>
        </FERealization>
        <FERealization total="1">
            <FE name="Frequency"/>
            <pattern total="1">
                <valenceUnit GF="Dep" PT="A" FE="Frequency"/>
                <annoSet ID="6542261"/>
            </pattern>
        </FERealization>
        <FERealization total="3">
            <FE name="Responsible_party"/>
            <pattern total="3">
                <valenceUnit GF="" PT="DNI" FE="Responsible_party"/>
                <annoSet ID="6542261"/>
                <annoSet ID="6557590"/>
                <annoSet ID="6559114"/>
            </pattern>
        </FERealization>
        <FERealization total="1">
            <FE name="Time"/>
            <pattern total="1">
                <valenceUnit GF="Dep" PT="AVP" FE="Time"/>
                <annoSet ID="6557590"/>
            </pattern>
        </FERealization>
        <FEGroupRealization total="1">
            <FE name="Duty"/>
            <pattern total="1">
                <valenceUnit GF="Dep" PT="PPing[of]" FE="Duty"/>
                <annoSet ID="6550018"/>
            </pattern>
        </FEGroupRealization>
        <FEGroupRealization total="1">
            <FE name="Duty"/>
            <FE name="Responsible_party"/>
            <pattern total="1">
                <valenceUnit GF="" PT="INI" FE="Duty"/>
                <valenceUnit GF="" PT="DNI" FE="Responsible_party"/>
                <annoSet ID="6559114"/>
            </pattern>
        </FEGroupRealization>
        <FEGroupRealization total="1">
            <FE name="Duty"/>
            <FE name="Responsible_party"/>
            <FE name="Time"/>
            <pattern total="1">
                <valenceUnit GF="Dep" PT="VPto" FE="Duty"/>
                <valenceUnit GF="" PT="DNI" FE="Responsible_party"/>
                <valenceUnit GF="Dep" PT="AVP" FE="Time"/>
                <annoSet ID="6557590"/>
            </pattern>
        </FEGroupRealization>
        <FEGroupRealization total="1">
            <FE name="Frequency"/>
            <FE name="Responsible_party"/>
            <pattern total="1">
                <valenceUnit GF="Dep" PT="A" FE="Frequency"/>
                <valenceUnit GF="" PT="DNI" FE="Responsible_party"/>
                <annoSet ID="6542261"/>
            </pattern>
        </FEGroupRealization>
    </valences>
    <subCorpus name="manually-added">
        <sentence corpID="195" docID="23692" sentNo="2" paragNo="4" aPos="0" ID="4101177">
            <text>The major changes were not to daily tasks and routines , but to the political power base , which changed regularly and not necessarily peacefully throughout the ages .</text>
            <annotationSet cDate="03/12/2007 02:50:53 PDT Mon" status="UNANN" ID="6541970">
                <layer rank="1" name="PENN">
                    <label end="2" start="0" name="dt"/>
                    <label end="8" start="4" name="jj"/>
                    <label end="16" start="10" name="nns"/>
                    <label end="21" start="18" name="VBD"/>
                    <label end="25" start="23" name="rb"/>
                    <label end="28" start="27" name="to"/>
                    <label end="34" start="30" name="jj"/>
                    <label end="40" start="36" name="nns"/>
                    <label end="44" start="42" name="cc"/>
                    <label end="53" start="46" name="nns"/>
                    <label end="55" start="55" name=","/>
                    <label end="59" start="57" name="cc"/>
                    <label end="62" start="61" name="to"/>
                    <label end="66" start="64" name="dt"/>
                    <label end="76" start="68" name="jj"/>
                    <label end="82" start="78" name="nn"/>
                    <label end="87" start="84" name="nn"/>
                    <label end="89" start="89" name=","/>
                    <label end="95" start="91" name="wdt"/>
                    <label end="103" start="97" name="VVD"/>
                    <label end="113" start="105" name="rb"/>
                    <label end="117" start="115" name="cc"/>
                    <label end="121" start="119" name="rb"/>
                    <label end="133" start="123" name="rb"/>
                    <label end="144" start="135" name="rb"/>
                    <label end="155" start="146" name="in"/>
                    <label end="159" start="157" name="dt"/>
                    <label end="164" start="161" name="nns"/>
                    <label end="166" start="166" name="sent"/>
                </layer>
                <layer rank="1" name="NER"/>
                <layer rank="1" name="WSL">
                    <label end="2" start="0" name="NT"/>
                    <label end="21" start="18" name="NT"/>
                    <label end="25" start="23" name="NT"/>
                    <label end="28" start="27" name="NT"/>
                    <label end="44" start="42" name="NT"/>
                    <label end="55" start="55" name="NT"/>
                    <label end="59" start="57" name="NT"/>
                    <label end="62" start="61" name="NT"/>
                    <label end="66" start="64" name="NT"/>
                    <label end="89" start="89" name="NT"/>
                    <label end="95" start="91" name="NT"/>
                    <label end="117" start="115" name="NT"/>
                    <label end="121" start="119" name="NT"/>
                    <label end="133" start="123" name="NT"/>
                    <label end="155" start="146" name="NT"/>
                    <label end="159" start="157" name="NT"/>
                    <label end="166" start="166" name="NT"/>
                    <label end="53" start="46" name="Nonrelational"/>
                    <label end="76" start="68" name="NT"/>
                </layer>
            </annotationSet>
            <annotationSet cDate="03/14/2007 01:44:11 PDT Wed" status="MANUAL" ID="6542261">
                <layer rank="1" name="Target">
                    <label cBy="KmG" end="40" start="36" name="Target"/>
                </layer>
                <layer rank="1" name="FE">
                    <label cBy="KmG" feID="13313" end="34" start="30" name="Frequency"/>
                    <label cBy="DYo" feID="3502" itype="DNI" name="Responsible_party"/>
                </layer>
                <layer rank="1" name="GF">
                    <label end="34" start="30" name="Dep"/>
                </layer>
                <layer rank="1" name="PT">
                    <label end="34" start="30" name="A"/>
                </layer>
                <layer rank="1" name="Other"/>
                <layer rank="1" name="Sent"/>
                <layer rank="1" name="Noun"/>
            </annotationSet>
        </sentence>
        <sentence corpID="205" docID="23736" sentNo="3" paragNo="26" aPos="0" ID="4102847">
            <text>They are entrusted with the task of tracking down the movement of strangers who are approaching the location .</text>
            <annotationSet cDate="08/21/2007 01:37:59 PDT Tue" status="UNANN" ID="6546662">
                <layer rank="1" name="PENN">
                    <label end="3" start="0" name="PP"/>
                    <label end="7" start="5" name="vbp"/>
                    <label end="17" start="9" name="VVN"/>
                    <label end="22" start="19" name="in"/>
                    <label end="26" start="24" name="dt"/>
                    <label end="31" start="28" name="nn"/>
                    <label end="34" start="33" name="in"/>
                    <label end="43" start="36" name="VVG"/>
                    <label end="48" start="45" name="rp"/>
                    <label end="52" start="50" name="dt"/>
                    <label end="61" start="54" name="nn"/>
                    <label end="64" start="63" name="in"/>
                    <label end="74" start="66" name="nns"/>
                    <label end="78" start="76" name="wp"/>
                    <label end="82" start="80" name="vbp"/>
                    <label end="94" start="84" name="VVG"/>
                    <label end="98" start="96" name="dt"/>
                    <label end="107" start="100" name="nn"/>
                    <label end="109" start="109" name="sent"/>
                </layer>
                <layer rank="1" name="NER"/>
                <layer rank="1" name="WSL">
                    <label end="3" start="0" name="NT"/>
                    <label end="7" start="5" name="NT"/>
                    <label end="22" start="19" name="NT"/>
                    <label end="26" start="24" name="NT"/>
                    <label end="34" start="33" name="NT"/>
                    <label end="48" start="45" name="NT"/>
                    <label end="52" start="50" name="NT"/>
                    <label end="64" start="63" name="NT"/>
                    <label end="78" start="76" name="NT"/>
                    <label end="82" start="80" name="NT"/>
                    <label end="98" start="96" name="NT"/>
                    <label end="109" start="109" name="NT"/>
                </layer>
            </annotationSet>
            <annotationSet cDate="11/05/2007 02:32:43 PST Mon" status="MANUAL" ID="6550018">
                <layer rank="1" name="Target">
                    <label cBy="JKs" end="31" start="28" name="Target"/>
                </layer>
                <layer rank="1" name="FE">
                    <label cBy="JKs" feID="3503" end="107" start="33" name="Duty"/>
                </layer>
                <layer rank="1" name="GF">
                    <label end="107" start="33" name="Dep"/>
                </layer>
                <layer rank="1" name="PT">
                    <label end="107" start="33" name="PPing"/>
                </layer>
                <layer rank="1" name="Other"/>
                <layer rank="1" name="Sent"/>
                <layer rank="1" name="Noun">
                    <label end="17" start="9" name="Ctrlr"/>
                </layer>
            </annotationSet>
        </sentence>
        <sentence corpID="195" docID="23811" sentNo="2" paragNo="6" aPos="0" ID="4106599">
            <text>Then the task was to help children who lost parents in the Civil War .</text>
            <annotationSet cDate="01/08/2009 11:47:15 PST Thu" status="UNANN" ID="6557496">
                <layer rank="1" name="PENN">
                    <label end="3" start="0" name="rb"/>
                    <label end="7" start="5" name="dt"/>
                    <label end="12" start="9" name="nn"/>
                    <label end="16" start="14" name="VBD"/>
                    <label end="19" start="18" name="to"/>
                    <label end="24" start="21" name="VV"/>
                    <label end="33" start="26" name="nns"/>
                    <label end="37" start="35" name="wp"/>
                    <label end="42" start="39" name="VVD"/>
                    <label end="50" start="44" name="nns"/>
                    <label end="53" start="52" name="in"/>
                    <label end="57" start="55" name="dt"/>
                    <label end="63" start="59" name="NP"/>
                    <label end="67" start="65" name="NP"/>
                    <label end="69" start="69" name="sent"/>
                </layer>
                <layer rank="1" name="NER"/>
                <layer rank="1" name="WSL">
                    <label end="3" start="0" name="NT"/>
                    <label end="7" start="5" name="NT"/>
                    <label end="16" start="14" name="NT"/>
                    <label end="19" start="18" name="NT"/>
                    <label end="37" start="35" name="NT"/>
                    <label end="57" start="55" name="NT"/>
                    <label end="69" start="69" name="NT"/>
                </layer>
            </annotationSet>
            <annotationSet cDate="01/12/2009 04:05:47 PST Mon" status="MANUAL" ID="6557590">
                <layer rank="1" name="Target">
                    <label cBy="AlK" end="12" start="9" name="Target"/>
                </layer>
                <layer rank="1" name="FE">
                    <label cBy="AlK" feID="3503" end="67" start="18" name="Duty"/>
                    <label cBy="AlK" feID="3502" itype="DNI" name="Responsible_party"/>
                    <label cBy="AlK" feID="8134" end="3" start="0" name="Time"/>
                </layer>
                <layer rank="1" name="GF">
                    <label end="67" start="18" name="Dep"/>
                    <label end="3" start="0" name="Dep"/>
                </layer>
                <layer rank="1" name="PT">
                    <label end="67" start="18" name="VPto"/>
                    <label end="3" start="0" name="AVP"/>
                </layer>
                <layer rank="1" name="Other"/>
                <layer rank="1" name="Sent"/>
                <layer rank="1" name="Noun">
                    <label end="16" start="14" name="Cop"/>
                </layer>
            </annotationSet>
        </sentence>
        <sentence corpID="195" docID="23754" sentNo="2" paragNo="14" aPos="0" ID="4103893">
            <text>The popular phrase `` Soon come '' indicates an apparent lack of concern about time and an unhurried attitude to daily tasks .</text>
            <annotationSet cDate="07/17/2008 06:10:05 PDT Thu" status="UNANN" ID="6552700">
                <layer rank="1" name="PENN">
                    <label end="2" start="0" name="dt"/>
                    <label end="10" start="4" name="jj"/>
                    <label end="17" start="12" name="nn"/>
                    <label end="20" start="19" name="``"/>
                    <label end="25" start="22" name="rb"/>
                    <label end="30" start="27" name="VVN"/>
                    <label end="33" start="32" name="''"/>
                    <label end="43" start="35" name="VVZ"/>
                    <label end="46" start="45" name="dt"/>
                    <label end="55" start="48" name="jj"/>
                    <label end="60" start="57" name="nn"/>
                    <label end="63" start="62" name="in"/>
                    <label end="71" start="65" name="nn"/>
                    <label end="77" start="73" name="in"/>
                    <label end="82" start="79" name="nn"/>
                    <label end="86" start="84" name="cc"/>
                    <label end="89" start="88" name="dt"/>
                    <label end="99" start="91" name="jj"/>
                    <label end="108" start="101" name="nn"/>
                    <label end="111" start="110" name="to"/>
                    <label end="117" start="113" name="jj"/>
                    <label end="123" start="119" name="nns"/>
                    <label end="125" start="125" name="sent"/>
                </layer>
                <layer rank="1" name="NER">
                    <label end="25" start="22" name="person"/>
                </layer>
                <layer rank="1" name="WSL">
                    <label end="2" start="0" name="NT"/>
                    <label end="20" start="19" name="NT"/>
                    <label end="25" start="22" name="NT"/>
                    <label end="33" start="32" name="NT"/>
                    <label end="46" start="45" name="NT"/>
                    <label end="63" start="62" name="NT"/>
                    <label end="77" start="73" name="NT"/>
                    <label end="86" start="84" name="NT"/>
                    <label end="89" start="88" name="NT"/>
                    <label end="111" start="110" name="NT"/>
                    <label end="125" start="125" name="NT"/>
                </layer>
            </annotationSet>
            <annotationSet cDate="11/10/2009 04:01:12 PST Tue" status="MANUAL" ID="6559114">
                <layer rank="1" name="Target">
                    <label cBy="AnW" end="123" start="119" name="Target"/>
                </layer>
                <layer rank="1" name="FE">
                    <label cBy="AnW" feID="3503" itype="INI" name="Duty"/>
                    <label cBy="AnW" feID="3502" itype="DNI" name="Responsible_party"/>
                </layer>
                <layer rank="1" name="GF"/>
                <layer rank="1" name="PT"/>
                <layer rank="1" name="Other"/>
                <layer rank="1" name="Sent"/>
                <layer rank="1" name="Noun"/>
            </annotationSet>
        </sentence>
    </subCorpus>
</lexUnit>