<?xml version="1.0" encoding="UTF-8" standalone="yes"?>
<?xml-stylesheet type="text/xsl" href="lexUnit.xsl"?>
<lexUnit status="Finished_Initial" POS="V" name="sniff.v" ID="7121" frame="Ingest_substance" frameID="386" totalAnnotated="13" xsi:schemaLocation="../schema/lexUnit.xsd" xmlns="http://framenet.icsi.berkeley.edu" xmlns:xsi="http://www.w3.org/2001/XMLSchema-instance">
    <header>
        <frame>
            <FE fgColor="FFFFFF" bgColor="0000FF" type="Core" abbrev="D_device" name="Delivery_device"/>
            <FE fgColor="FFFFFF" bgColor="00BFFF" type="Peripheral" abbrev="Dur" name="Duration"/>
            <FE fgColor="FFFFFF" bgColor="006400" type="Peripheral" abbrev="E_path" name="Entry_path"/>
            <FE fgColor="FFFFFF" bgColor="2E8B57" type="Extra-Thematic" abbrev="Freq" name="Frequency"/>
            <FE fgColor="FFFFFF" bgColor="FF0000" type="Core" abbrev="Ing" name="Ingestor"/>
            <FE fgColor="FFFFFF" bgColor="FF00FF" type="Peripheral" abbrev="Mnr" name="Manner"/>
            <FE fgColor="FFFFFF" bgColor="FF69B4" type="Peripheral" abbrev="Means" name="Means"/>
            <FE fgColor="FFFFFF" bgColor="008000" type="Peripheral" abbrev="Place" name="Place"/>
            <FE fgColor="FFFFFF" bgColor="800080" type="Peripheral" abbrev="Purp" name="Purpose"/>
            <FE fgColor="2E8B57" bgColor="00008B" type="Core" abbrev="Sub" name="Substance"/>
            <FE fgColor="FFFFFF" bgColor="FFA500" type="Peripheral" abbrev="Time" name="Time"/>
        </frame>
    </header>
    <definition>FN: draw intoxicating fumes or other substance through the nose</definition>
    <lexeme POS="V" name="sniff"/>
    <valences>
        <FERealization total="2">
            <FE name="Delivery_device"/>
            <pattern total="2">
                <valenceUnit GF="Dep" PT="PP[from]" FE="Delivery_device"/>
                <annoSet ID="1577079"/>
                <annoSet ID="1577083"/>
            </pattern>
        </FERealization>
        <FERealization total="13">
            <FE name="Ingestor"/>
            <pattern total="3">
                <valenceUnit GF="" PT="CNI" FE="Ingestor"/>
                <annoSet ID="1577067"/>
                <annoSet ID="1577079"/>
                <annoSet ID="1577083"/>
            </pattern>
            <pattern total="10">
                <valenceUnit GF="Ext" PT="NP" FE="Ingestor"/>
                <annoSet ID="1577019"/>
                <annoSet ID="1577023"/>
                <annoSet ID="1577025"/>
                <annoSet ID="1577027"/>
                <annoSet ID="1577031"/>
                <annoSet ID="1577035"/>
                <annoSet ID="1577041"/>
                <annoSet ID="1577047"/>
                <annoSet ID="1577051"/>
                <annoSet ID="1577053"/>
            </pattern>
        </FERealization>
        <FERealization total="1">
            <FE name="Purpose"/>
            <pattern total="1">
                <valenceUnit GF="Dep" PT="VPto" FE="Purpose"/>
                <annoSet ID="1577051"/>
            </pattern>
        </FERealization>
        <FERealization total="13">
            <FE name="Substance"/>
            <pattern total="3">
                <valenceUnit GF="Ext" PT="NP" FE="Substance"/>
                <annoSet ID="1577067"/>
                <annoSet ID="1577079"/>
                <annoSet ID="1577083"/>
            </pattern>
            <pattern total="10">
                <valenceUnit GF="Obj" PT="NP" FE="Substance"/>
                <annoSet ID="1577019"/>
                <annoSet ID="1577023"/>
                <annoSet ID="1577025"/>
                <annoSet ID="1577027"/>
                <annoSet ID="1577031"/>
                <annoSet ID="1577035"/>
                <annoSet ID="1577041"/>
                <annoSet ID="1577047"/>
                <annoSet ID="1577051"/>
                <annoSet ID="1577053"/>
            </pattern>
        </FERealization>
        <FEGroupRealization total="2">
            <FE name="Delivery_device"/>
            <FE name="Ingestor"/>
            <FE name="Substance"/>
            <pattern total="2">
                <valenceUnit GF="Dep" PT="PP[from]" FE="Delivery_device"/>
                <valenceUnit GF="" PT="CNI" FE="Ingestor"/>
                <valenceUnit GF="Ext" PT="NP" FE="Substance"/>
                <annoSet ID="1577079"/>
                <annoSet ID="1577083"/>
            </pattern>
        </FEGroupRealization>
        <FEGroupRealization total="1">
            <FE name="Ingestor"/>
            <FE name="Ingestor"/>
            <FE name="Substance"/>
            <pattern total="1">
                <valenceUnit GF="Ext" PT="NP" FE="Ingestor"/>
                <valenceUnit GF="Ext" PT="NP" FE="Ingestor"/>
                <valenceUnit GF="Obj" PT="NP" FE="Substance"/>
                <annoSet ID="1577035"/>
            </pattern>
        </FEGroupRealization>
        <FEGroupRealization total="1">
            <FE name="Ingestor"/>
            <FE name="Purpose"/>
            <FE name="Substance"/>
            <pattern total="1">
                <valenceUnit GF="Ext" PT="NP" FE="Ingestor"/>
                <valenceUnit GF="Dep" PT="VPto" FE="Purpose"/>
                <valenceUnit GF="Obj" PT="NP" FE="Substance"/>
                <annoSet ID="1577051"/>
            </pattern>
        </FEGroupRealization>
        <FEGroupRealization total="9">
            <FE name="Ingestor"/>
            <FE name="Substance"/>
            <pattern total="1">
                <valenceUnit GF="" PT="CNI" FE="Ingestor"/>
                <valenceUnit GF="Ext" PT="NP" FE="Substance"/>
                <annoSet ID="1577067"/>
            </pattern>
            <pattern total="8">
                <valenceUnit GF="Ext" PT="NP" FE="Ingestor"/>
                <valenceUnit GF="Obj" PT="NP" FE="Substance"/>
                <annoSet ID="1577019"/>
                <annoSet ID="1577023"/>
                <annoSet ID="1577025"/>
                <annoSet ID="1577027"/>
                <annoSet ID="1577031"/>
                <annoSet ID="1577041"/>
                <annoSet ID="1577047"/>
                <annoSet ID="1577053"/>
            </pattern>
        </FEGroupRealization>
    </valences>
    <subCorpus name="V-429-s20-rcoll-butane">
        <sentence sentNo="0" aPos="62126243" ID="1062807">
            <text>Yeah there was about three kids three kids in a in one of these cupboards , and they were sniffing butane gas . </text>
            <annotationSet cDate="01/08/2003 12:54:27 PST Wed" status="UNANN" ID="1577018">
                <layer rank="1" name="BNC">
                    <label end="3" start="0" name="ITJ"/>
                    <label end="9" start="5" name="AV0"/>
                    <label end="13" start="11" name="VBD"/>
                    <label end="19" start="15" name="AV0"/>
                    <label end="25" start="21" name="CRD"/>
                    <label end="30" start="27" name="NN2"/>
                    <label end="36" start="32" name="CRD"/>
                    <label end="41" start="38" name="NN2"/>
                    <label end="44" start="43" name="PRP"/>
                    <label end="46" start="46" name="AT0"/>
                    <label end="49" start="48" name="AVP-PRP"/>
                    <label end="53" start="51" name="CRD"/>
                    <label end="56" start="55" name="PRF"/>
                    <label end="62" start="58" name="DT0"/>
                    <label end="72" start="64" name="NN2"/>
                    <label end="74" start="74" name="PUN"/>
                    <label end="78" start="76" name="CJC"/>
                    <label end="83" start="80" name="PNP"/>
                    <label end="88" start="85" name="VBD"/>
                    <label end="97" start="90" name="VVG"/>
                    <label end="104" start="99" name="NN1"/>
                    <label end="108" start="106" name="NN1"/>
                    <label end="110" start="110" name="PUN"/>
                </layer>
                <layer rank="1" name="NER"/>
                <layer rank="1" name="WSL"/>
            </annotationSet>
            <annotationSet cDate="01/08/2003 12:54:27 PST Wed" status="MANUAL" ID="1577019">
                <layer rank="1" name="FE">
                    <label cBy="RLG" feID="3459" end="83" start="80" name="Ingestor"/>
                    <label cBy="RLG" feID="3460" end="108" start="99" name="Substance"/>
                </layer>
                <layer rank="1" name="GF">
                    <label end="83" start="80" name="Ext"/>
                    <label end="108" start="99" name="Obj"/>
                </layer>
                <layer rank="1" name="PT">
                    <label end="83" start="80" name="NP"/>
                    <label end="108" start="99" name="NP"/>
                </layer>
                <layer rank="1" name="Sent"/>
                <layer rank="1" name="Other"/>
                <layer rank="1" name="Target">
                    <label cBy="BoC" end="97" start="90" name="Target"/>
                </layer>
                <layer rank="1" name="Verb"/>
            </annotationSet>
        </sentence>
        <sentence sentNo="0" aPos="102911060" ID="1062809">
            <text>A fourteen year old boy who was in council care has died after sniffing butane gas . </text>
            <annotationSet cDate="01/08/2003 12:54:27 PST Wed" status="UNANN" ID="1577022">
                <layer rank="1" name="BNC">
                    <label end="0" start="0" name="AT0"/>
                    <label end="9" start="2" name="CRD"/>
                    <label end="14" start="11" name="NN1"/>
                    <label end="18" start="16" name="AJ0"/>
                    <label end="22" start="20" name="NN1"/>
                    <label end="26" start="24" name="PNQ"/>
                    <label end="30" start="28" name="VBD"/>
                    <label end="33" start="32" name="PRP"/>
                    <label end="41" start="35" name="NN0"/>
                    <label end="46" start="43" name="NN1"/>
                    <label end="50" start="48" name="VHZ"/>
                    <label end="55" start="52" name="VVN"/>
                    <label end="61" start="57" name="PRP"/>
                    <label end="70" start="63" name="VVG"/>
                    <label end="77" start="72" name="NN1"/>
                    <label end="81" start="79" name="NN1"/>
                    <label end="83" start="83" name="PUN"/>
                </layer>
                <layer rank="1" name="NER"/>
                <layer rank="1" name="WSL"/>
            </annotationSet>
            <annotationSet cDate="01/08/2003 12:54:27 PST Wed" status="MANUAL" ID="1577023">
                <layer rank="1" name="FE">
                    <label cBy="RLG" feID="3459" end="46" start="0" name="Ingestor"/>
                    <label cBy="RLG" feID="3460" end="81" start="72" name="Substance"/>
                </layer>
                <layer rank="1" name="GF">
                    <label end="46" start="0" name="Ext"/>
                    <label end="81" start="72" name="Obj"/>
                </layer>
                <layer rank="1" name="PT">
                    <label end="46" start="0" name="NP"/>
                    <label end="81" start="72" name="NP"/>
                </layer>
                <layer rank="1" name="Sent"/>
                <layer rank="1" name="Other"/>
                <layer rank="1" name="Target">
                    <label cBy="BoC" end="70" start="63" name="Target"/>
                </layer>
                <layer rank="1" name="Verb"/>
            </annotationSet>
        </sentence>
    </subCorpus>
    <subCorpus name="V-429-s20-rcoll-cocaine">
        <sentence sentNo="0" aPos="65226748" ID="1062810">
            <text>At that moment the camera tracked to the left and zoomed in to reveal that Nicola had a tube of paper up her left nostril and was pretending to sniff cocaine from the table top . </text>
            <annotationSet cDate="01/08/2003 12:54:27 PST Wed" status="UNANN" ID="1577024">
                <layer rank="1" name="BNC">
                    <label end="1" start="0" name="PRP"/>
                    <label end="6" start="3" name="DT0"/>
                    <label end="13" start="8" name="NN1"/>
                    <label end="17" start="15" name="AT0"/>
                    <label end="24" start="19" name="NN1"/>
                    <label end="32" start="26" name="VVD-VVN"/>
                    <label end="35" start="34" name="PRP"/>
                    <label end="39" start="37" name="AT0"/>
                    <label end="44" start="41" name="AJ0"/>
                    <label end="48" start="46" name="CJC"/>
                    <label end="55" start="50" name="VVD"/>
                    <label end="58" start="57" name="AVP"/>
                    <label end="61" start="60" name="TO0"/>
                    <label end="68" start="63" name="VVI"/>
                    <label end="73" start="70" name="CJT"/>
                    <label end="80" start="75" name="NP0"/>
                    <label end="84" start="82" name="VHD"/>
                    <label end="86" start="86" name="AT0"/>
                    <label end="91" start="88" name="NN1"/>
                    <label end="94" start="93" name="PRF"/>
                    <label end="100" start="96" name="NN1"/>
                    <label end="103" start="102" name="AVP-PRP"/>
                    <label end="107" start="105" name="DPS"/>
                    <label end="112" start="109" name="AJ0"/>
                    <label end="120" start="114" name="NN1"/>
                    <label end="124" start="122" name="CJC"/>
                    <label end="128" start="126" name="VBD"/>
                    <label end="139" start="130" name="VVG"/>
                    <label end="142" start="141" name="TO0"/>
                    <label end="148" start="144" name="VVI"/>
                    <label end="156" start="150" name="NN1"/>
                    <label end="161" start="158" name="PRP"/>
                    <label end="165" start="163" name="AT0"/>
                    <label end="171" start="167" name="NN1"/>
                    <label end="175" start="173" name="NN1"/>
                    <label end="177" start="177" name="PUN"/>
                </layer>
                <layer rank="1" name="NER"/>
                <layer rank="1" name="WSL"/>
            </annotationSet>
            <annotationSet cDate="01/08/2003 12:54:27 PST Wed" status="MANUAL" ID="1577025">
                <layer rank="1" name="FE">
                    <label cBy="RLG" feID="3459" end="80" start="75" name="Ingestor"/>
                    <label cBy="RLG" feID="3460" end="156" start="150" name="Substance"/>
                </layer>
                <layer rank="1" name="GF">
                    <label end="80" start="75" name="Ext"/>
                    <label end="156" start="150" name="Obj"/>
                </layer>
                <layer rank="1" name="PT">
                    <label end="80" start="75" name="NP"/>
                    <label end="156" start="150" name="NP"/>
                </layer>
                <layer rank="1" name="Sent"/>
                <layer rank="1" name="Other"/>
                <layer rank="1" name="Target">
                    <label cBy="BoC" end="148" start="144" name="Target"/>
                </layer>
                <layer rank="1" name="Verb"/>
            </annotationSet>
        </sentence>
        <sentence sentNo="0" aPos="74344294" ID="1062811">
            <text>Now he sniffs cocaine , too . </text>
            <annotationSet cDate="01/08/2003 12:54:27 PST Wed" status="UNANN" ID="1577026">
                <layer rank="1" name="BNC">
                    <label end="2" start="0" name="AV0"/>
                    <label end="5" start="4" name="PNP"/>
                    <label end="12" start="7" name="VVZ"/>
                    <label end="20" start="14" name="NN1"/>
                    <label end="22" start="22" name="PUN"/>
                    <label end="26" start="24" name="AV0"/>
                    <label end="28" start="28" name="PUN"/>
                </layer>
                <layer rank="1" name="NER"/>
                <layer rank="1" name="WSL"/>
            </annotationSet>
            <annotationSet cDate="01/08/2003 12:54:27 PST Wed" status="MANUAL" ID="1577027">
                <layer rank="1" name="FE">
                    <label cBy="RLG" feID="3459" end="5" start="4" name="Ingestor"/>
                    <label cBy="RLG" feID="3460" end="26" start="14" name="Substance"/>
                </layer>
                <layer rank="1" name="GF">
                    <label end="5" start="4" name="Ext"/>
                    <label end="26" start="14" name="Obj"/>
                </layer>
                <layer rank="1" name="PT">
                    <label end="5" start="4" name="NP"/>
                    <label end="26" start="14" name="NP"/>
                </layer>
                <layer rank="1" name="Sent"/>
                <layer rank="1" name="Other"/>
                <layer rank="1" name="Target">
                    <label cBy="BoC" end="12" start="7" name="Target"/>
                </layer>
                <layer rank="1" name="Verb"/>
            </annotationSet>
        </sentence>
    </subCorpus>
    <subCorpus name="V-429-s20-rcoll-coke">
        <sentence sentNo="0" aPos="65227563" ID="1062813">
            <text>` Did Nicola actually sniff coke ? &quot; </text>
            <annotationSet cDate="01/08/2003 12:54:27 PST Wed" status="UNANN" ID="1577030">
                <layer rank="1" name="BNC">
                    <label end="0" start="0" name="PUQ"/>
                    <label end="4" start="2" name="VDD"/>
                    <label end="11" start="6" name="NP0"/>
                    <label end="20" start="13" name="AV0"/>
                    <label end="26" start="22" name="VVI"/>
                    <label end="31" start="28" name="NN1-NP0"/>
                    <label end="33" start="33" name="PUN"/>
                    <label end="35" start="35" name="PUQ"/>
                </layer>
                <layer rank="1" name="NER"/>
                <layer rank="1" name="WSL"/>
            </annotationSet>
            <annotationSet cDate="01/08/2003 12:54:27 PST Wed" status="MANUAL" ID="1577031">
                <layer rank="1" name="FE">
                    <label cBy="RLG" feID="3459" end="11" start="6" name="Ingestor"/>
                    <label cBy="RLG" feID="3460" end="31" start="28" name="Substance"/>
                </layer>
                <layer rank="1" name="GF">
                    <label end="11" start="6" name="Ext"/>
                    <label end="31" start="28" name="Obj"/>
                </layer>
                <layer rank="1" name="PT">
                    <label end="11" start="6" name="NP"/>
                    <label end="31" start="28" name="NP"/>
                </layer>
                <layer rank="1" name="Sent"/>
                <layer rank="1" name="Other"/>
                <layer rank="1" name="Target">
                    <label cBy="BoC" end="26" start="22" name="Target"/>
                </layer>
                <layer rank="1" name="Verb"/>
            </annotationSet>
        </sentence>
    </subCorpus>
    <subCorpus name="V-429-s20-rcoll-glue">
        <sentence sentNo="0" aPos="527662" ID="1062815">
            <text>If you feel that your child may be mixing with youngsters who sniff glue , you could talk to your child and warn him or her of the possible risks and dangers involved . </text>
            <annotationSet cDate="01/08/2003 12:54:28 PST Wed" status="UNANN" ID="1577034">
                <layer rank="1" name="BNC">
                    <label end="1" start="0" name="CJS"/>
                    <label end="5" start="3" name="PNP"/>
                    <label end="10" start="7" name="VVB"/>
                    <label end="15" start="12" name="CJT"/>
                    <label end="20" start="17" name="DPS"/>
                    <label end="26" start="22" name="NN1"/>
                    <label end="30" start="28" name="VM0"/>
                    <label end="33" start="32" name="VBI"/>
                    <label end="40" start="35" name="VVG"/>
                    <label end="45" start="42" name="PRP"/>
                    <label end="56" start="47" name="NN2"/>
                    <label end="60" start="58" name="PNQ"/>
                    <label end="66" start="62" name="VVB"/>
                    <label end="71" start="68" name="NN1"/>
                    <label end="73" start="73" name="PUN"/>
                    <label end="77" start="75" name="PNP"/>
                    <label end="83" start="79" name="VM0"/>
                    <label end="88" start="85" name="VVI"/>
                    <label end="91" start="90" name="PRP"/>
                    <label end="96" start="93" name="DPS"/>
                    <label end="102" start="98" name="NN1"/>
                    <label end="106" start="104" name="CJC"/>
                    <label end="111" start="108" name="VVB"/>
                    <label end="115" start="113" name="PNP"/>
                    <label end="118" start="117" name="CJC"/>
                    <label end="122" start="120" name="PNP"/>
                    <label end="125" start="124" name="PRF"/>
                    <label end="129" start="127" name="AT0"/>
                    <label end="138" start="131" name="AJ0"/>
                    <label end="144" start="140" name="NN2"/>
                    <label end="148" start="146" name="CJC"/>
                    <label end="156" start="150" name="NN2"/>
                    <label end="165" start="158" name="VVD-VVN"/>
                    <label end="167" start="167" name="PUN"/>
                </layer>
                <layer rank="1" name="NER"/>
                <layer rank="1" name="WSL"/>
            </annotationSet>
            <annotationSet cDate="01/08/2003 12:54:28 PST Wed" status="MANUAL" ID="1577035">
                <layer rank="1" name="FE">
                    <label cBy="RLG" feID="3459" end="56" start="47" name="Ingestor"/>
                    <label cBy="RLG" feID="3460" end="71" start="68" name="Substance"/>
                    <label cBy="Hay" feID="3459" end="60" start="58" name="Ingestor"/>
                </layer>
                <layer rank="1" name="GF">
                    <label end="56" start="47" name="Ext"/>
                    <label end="71" start="68" name="Obj"/>
                    <label end="60" start="58" name="Ext"/>
                </layer>
                <layer rank="1" name="PT">
                    <label end="56" start="47" name="NP"/>
                    <label end="71" start="68" name="NP"/>
                    <label end="60" start="58" name="NP"/>
                </layer>
                <layer rank="1" name="Sent"/>
                <layer rank="1" name="Other">
                    <label end="56" start="47" name="Ant"/>
                    <label end="60" start="58" name="Rel"/>
                </layer>
                <layer rank="1" name="Target">
                    <label cBy="BoC" end="66" start="62" name="Target"/>
                </layer>
                <layer rank="1" name="Verb"/>
            </annotationSet>
        </sentence>
        <sentence sentNo="0" aPos="36750524" ID="1062818">
            <text>He was out in a field one day sniffing glue and after he 'd finished he stumbled home . </text>
            <annotationSet cDate="01/08/2003 12:54:28 PST Wed" status="UNANN" ID="1577040">
                <layer rank="1" name="BNC">
                    <label end="1" start="0" name="PNP"/>
                    <label end="5" start="3" name="VBD"/>
                    <label end="9" start="7" name="AVP"/>
                    <label end="12" start="11" name="PRP"/>
                    <label end="14" start="14" name="AT0"/>
                    <label end="20" start="16" name="NN1"/>
                    <label end="24" start="22" name="CRD"/>
                    <label end="28" start="26" name="NN1"/>
                    <label end="37" start="30" name="VVG"/>
                    <label end="42" start="39" name="NN1"/>
                    <label end="46" start="44" name="CJC"/>
                    <label end="52" start="48" name="CJS"/>
                    <label end="55" start="54" name="PNP"/>
                    <label end="58" start="57" name="VHD"/>
                    <label end="67" start="60" name="VVN"/>
                    <label end="70" start="69" name="PNP"/>
                    <label end="79" start="72" name="VVD"/>
                    <label end="84" start="81" name="AV0"/>
                    <label end="86" start="86" name="PUN"/>
                </layer>
                <layer rank="1" name="NER"/>
                <layer rank="1" name="WSL"/>
            </annotationSet>
            <annotationSet cDate="01/08/2003 12:54:28 PST Wed" status="MANUAL" ID="1577041">
                <layer rank="1" name="FE">
                    <label cBy="RLG" feID="3459" end="1" start="0" name="Ingestor"/>
                    <label cBy="RLG" feID="3460" end="42" start="39" name="Substance"/>
                </layer>
                <layer rank="1" name="GF">
                    <label end="1" start="0" name="Ext"/>
                    <label end="42" start="39" name="Obj"/>
                </layer>
                <layer rank="1" name="PT">
                    <label end="1" start="0" name="NP"/>
                    <label end="42" start="39" name="NP"/>
                </layer>
                <layer rank="1" name="Sent"/>
                <layer rank="1" name="Other"/>
                <layer rank="1" name="Target">
                    <label cBy="BoC" end="37" start="30" name="Target"/>
                </layer>
                <layer rank="1" name="Verb"/>
            </annotationSet>
        </sentence>
        <sentence sentNo="0" aPos="102038749" ID="1062821">
            <text>The bare statistical truth of solvent abuse is that one in four of the children who die from the habit do so the first time they ever sniff glue or lighter fluid . </text>
            <annotationSet cDate="01/08/2003 12:54:28 PST Wed" status="UNANN" ID="1577046">
                <layer rank="1" name="BNC">
                    <label end="2" start="0" name="AT0"/>
                    <label end="7" start="4" name="AJ0"/>
                    <label end="19" start="9" name="AJ0"/>
                    <label end="25" start="21" name="NN1"/>
                    <label end="28" start="27" name="PRF"/>
                    <label end="36" start="30" name="AJ0-NN1"/>
                    <label end="42" start="38" name="NN1"/>
                    <label end="45" start="44" name="VBZ"/>
                    <label end="50" start="47" name="DT0"/>
                    <label end="54" start="52" name="CRD"/>
                    <label end="57" start="56" name="PRP"/>
                    <label end="62" start="59" name="CRD"/>
                    <label end="65" start="64" name="PRF"/>
                    <label end="69" start="67" name="AT0"/>
                    <label end="78" start="71" name="NN2"/>
                    <label end="82" start="80" name="PNQ"/>
                    <label end="86" start="84" name="VVB"/>
                    <label end="91" start="88" name="PRP"/>
                    <label end="95" start="93" name="AT0"/>
                    <label end="101" start="97" name="NN1"/>
                    <label end="104" start="103" name="VDB"/>
                    <label end="107" start="106" name="CJS"/>
                    <label end="111" start="109" name="AT0"/>
                    <label end="117" start="113" name="ORD"/>
                    <label end="122" start="119" name="NN1"/>
                    <label end="127" start="124" name="PNP"/>
                    <label end="132" start="129" name="AV0"/>
                    <label end="138" start="134" name="VVB"/>
                    <label end="143" start="140" name="NN1"/>
                    <label end="146" start="145" name="CJC"/>
                    <label end="154" start="148" name="AJC"/>
                    <label end="160" start="156" name="NN1"/>
                    <label end="162" start="162" name="PUN"/>
                </layer>
                <layer rank="1" name="NER"/>
                <layer rank="1" name="WSL"/>
            </annotationSet>
            <annotationSet cDate="01/08/2003 12:54:28 PST Wed" status="MANUAL" ID="1577047">
                <layer rank="1" name="FE">
                    <label cBy="RLG" feID="3459" end="127" start="124" name="Ingestor"/>
                    <label cBy="RLG" feID="3460" end="160" start="140" name="Substance"/>
                </layer>
                <layer rank="1" name="GF">
                    <label end="127" start="124" name="Ext"/>
                    <label end="160" start="140" name="Obj"/>
                </layer>
                <layer rank="1" name="PT">
                    <label end="127" start="124" name="NP"/>
                    <label end="160" start="140" name="NP"/>
                </layer>
                <layer rank="1" name="Sent"/>
                <layer rank="1" name="Other"/>
                <layer rank="1" name="Target">
                    <label cBy="BoC" end="138" start="134" name="Target"/>
                </layer>
                <layer rank="1" name="Verb"/>
            </annotationSet>
        </sentence>
    </subCorpus>
    <subCorpus name="V-429-s20-rcoll-solvent">
        <sentence sentNo="0" aPos="66300414" ID="1062823">
            <text>` I sniffed solvents to blot out my problems . </text>
            <annotationSet cDate="01/08/2003 12:54:29 PST Wed" status="UNANN" ID="1577050">
                <layer rank="1" name="BNC">
                    <label end="0" start="0" name="PUQ"/>
                    <label end="2" start="2" name="PNP"/>
                    <label end="10" start="4" name="VVD"/>
                    <label end="19" start="12" name="NN2"/>
                    <label end="22" start="21" name="TO0"/>
                    <label end="27" start="24" name="VVI"/>
                    <label end="31" start="29" name="AVP"/>
                    <label end="34" start="33" name="DPS"/>
                    <label end="43" start="36" name="NN2"/>
                    <label end="45" start="45" name="PUN"/>
                </layer>
                <layer rank="1" name="NER"/>
                <layer rank="1" name="WSL"/>
            </annotationSet>
            <annotationSet cDate="01/08/2003 12:54:29 PST Wed" status="MANUAL" ID="1577051">
                <layer rank="1" name="FE">
                    <label cBy="RLG" feID="3459" end="2" start="2" name="Ingestor"/>
                    <label cBy="RLG" feID="3460" end="19" start="12" name="Substance"/>
                    <label cBy="RLG" feID="3456" end="43" start="21" name="Purpose"/>
                </layer>
                <layer rank="1" name="GF">
                    <label end="2" start="2" name="Ext"/>
                    <label end="19" start="12" name="Obj"/>
                    <label end="43" start="21" name="Dep"/>
                </layer>
                <layer rank="1" name="PT">
                    <label end="2" start="2" name="NP"/>
                    <label end="19" start="12" name="NP"/>
                    <label end="43" start="21" name="VPto"/>
                </layer>
                <layer rank="1" name="Sent"/>
                <layer rank="1" name="Other"/>
                <layer rank="1" name="Target">
                    <label cBy="BoC" end="10" start="4" name="Target"/>
                </layer>
                <layer rank="1" name="Verb"/>
            </annotationSet>
        </sentence>
        <sentence sentNo="0" aPos="105386352" ID="1062824">
            <text>We doubt whether the shock-horror TV advertising campaign will directly stop youngsters sniffing solvents , but it should bring home the horrors of the practice to those who can do something about it parents . </text>
            <annotationSet cDate="01/08/2003 12:54:29 PST Wed" status="UNANN" ID="1577052">
                <layer rank="1" name="BNC">
                    <label end="1" start="0" name="PNP"/>
                    <label end="7" start="3" name="VVB"/>
                    <label end="15" start="9" name="CJS"/>
                    <label end="19" start="17" name="AT0"/>
                    <label end="32" start="21" name="AJ0"/>
                    <label end="35" start="34" name="NN1"/>
                    <label end="47" start="37" name="NN1"/>
                    <label end="56" start="49" name="NN1"/>
                    <label end="61" start="58" name="VM0"/>
                    <label end="70" start="63" name="AV0"/>
                    <label end="75" start="72" name="VVI"/>
                    <label end="86" start="77" name="NN2"/>
                    <label end="95" start="88" name="VVG"/>
                    <label end="104" start="97" name="NN2"/>
                    <label end="106" start="106" name="PUN"/>
                    <label end="110" start="108" name="CJC"/>
                    <label end="113" start="112" name="PNP"/>
                    <label end="120" start="115" name="VM0"/>
                    <label end="126" start="122" name="VVI"/>
                    <label end="131" start="128" name="AV0"/>
                    <label end="135" start="133" name="AT0"/>
                    <label end="143" start="137" name="NN2"/>
                    <label end="146" start="145" name="PRF"/>
                    <label end="150" start="148" name="AT0"/>
                    <label end="159" start="152" name="NN1"/>
                    <label end="162" start="161" name="PRP"/>
                    <label end="168" start="164" name="DT0"/>
                    <label end="172" start="170" name="PNQ"/>
                    <label end="176" start="174" name="VM0"/>
                    <label end="179" start="178" name="VDI"/>
                    <label end="189" start="181" name="PNI"/>
                    <label end="195" start="191" name="AV0"/>
                    <label end="198" start="197" name="PNP"/>
                    <label end="206" start="200" name="NN2"/>
                    <label end="208" start="208" name="PUN"/>
                </layer>
                <layer rank="1" name="NER"/>
                <layer rank="1" name="WSL"/>
            </annotationSet>
            <annotationSet cDate="01/08/2003 12:54:29 PST Wed" status="MANUAL" ID="1577053">
                <layer rank="1" name="FE">
                    <label cBy="JKR" feID="3459" end="86" start="77" name="Ingestor"/>
                    <label cBy="JKR" feID="3460" end="104" start="97" name="Substance"/>
                </layer>
                <layer rank="1" name="GF">
                    <label end="86" start="77" name="Ext"/>
                    <label end="104" start="97" name="Obj"/>
                </layer>
                <layer rank="1" name="PT">
                    <label end="86" start="77" name="NP"/>
                    <label end="104" start="97" name="NP"/>
                </layer>
                <layer rank="1" name="Sent"/>
                <layer rank="1" name="Other"/>
                <layer rank="1" name="Target">
                    <label cBy="BoC" end="95" start="88" name="Target"/>
                </layer>
                <layer rank="1" name="Verb"/>
            </annotationSet>
        </sentence>
    </subCorpus>
    <subCorpus name="V-670-s20-pass-by"/>
    <subCorpus name="V-680-s20-pass">
        <sentence sentNo="0" aPos="27029653" ID="1062831">
            <text>The powder is usually sniffed . </text>
            <annotationSet cDate="01/08/2003 12:54:30 PST Wed" status="UNANN" ID="1577066">
                <layer rank="1" name="BNC">
                    <label end="2" start="0" name="AT0"/>
                    <label end="9" start="4" name="NN1"/>
                    <label end="12" start="11" name="VBZ"/>
                    <label end="20" start="14" name="AV0"/>
                    <label end="28" start="22" name="VVN"/>
                    <label end="30" start="30" name="PUN"/>
                </layer>
                <layer rank="1" name="NER"/>
                <layer rank="1" name="WSL"/>
            </annotationSet>
            <annotationSet cDate="01/08/2003 12:54:30 PST Wed" status="MANUAL" ID="1577067">
                <layer rank="1" name="FE">
                    <label cBy="RLG" feID="3460" end="9" start="0" name="Substance"/>
                    <label cBy="RLG" feID="3459" itype="CNI" name="Ingestor"/>
                </layer>
                <layer rank="1" name="GF">
                    <label end="9" start="0" name="Ext"/>
                </layer>
                <layer rank="1" name="PT">
                    <label end="9" start="0" name="NP"/>
                </layer>
                <layer rank="1" name="Sent"/>
                <layer rank="1" name="Other"/>
                <layer rank="1" name="Target">
                    <label cBy="BoC" end="28" start="22" name="Target"/>
                </layer>
                <layer rank="1" name="Verb"/>
            </annotationSet>
        </sentence>
        <sentence sentNo="0" aPos="21934790" ID="1062837">
            <text>Thinners such as Tipp-Ex may be sniffed from a cloth or a coatsleeve . </text>
            <annotationSet cDate="01/08/2003 12:54:30 PST Wed" status="UNANN" ID="1577078">
                <layer rank="1" name="BNC">
                    <label end="7" start="0" name="NP0"/>
                    <label end="12" start="9" name="PRP"/>
                    <label end="15" start="14" name="PRP"/>
                    <label end="23" start="17" name="NN1"/>
                    <label end="27" start="25" name="VM0"/>
                    <label end="30" start="29" name="VBI"/>
                    <label end="38" start="32" name="VVN"/>
                    <label end="43" start="40" name="PRP"/>
                    <label end="45" start="45" name="AT0"/>
                    <label end="51" start="47" name="NN1"/>
                    <label end="54" start="53" name="CJC"/>
                    <label end="56" start="56" name="AT0"/>
                    <label end="67" start="58" name="NN1"/>
                    <label end="69" start="69" name="PUN"/>
                </layer>
                <layer rank="1" name="NER"/>
                <layer rank="1" name="WSL"/>
            </annotationSet>
            <annotationSet cDate="01/08/2003 12:54:30 PST Wed" status="MANUAL" ID="1577079">
                <layer rank="1" name="FE">
                    <label cBy="RLG" feID="3460" end="23" start="0" name="Substance"/>
                    <label cBy="RLG" feID="3458" end="67" start="40" name="Delivery_device"/>
                    <label cBy="RLG" feID="3459" itype="CNI" name="Ingestor"/>
                </layer>
                <layer rank="1" name="GF">
                    <label end="23" start="0" name="Ext"/>
                    <label end="67" start="40" name="Dep"/>
                </layer>
                <layer rank="1" name="PT">
                    <label end="23" start="0" name="NP"/>
                    <label end="67" start="40" name="PP"/>
                </layer>
                <layer rank="1" name="Sent"/>
                <layer rank="1" name="Other"/>
                <layer rank="1" name="Target">
                    <label cBy="BoC" end="38" start="32" name="Target"/>
                </layer>
                <layer rank="1" name="Verb"/>
            </annotationSet>
        </sentence>
        <sentence sentNo="0" aPos="21934727" ID="1062839">
            <text>Butane gas and aerosols may be sniffed from bags , but are sometimes sprayed directly into the mouth . </text>
            <annotationSet cDate="01/08/2003 12:54:31 PST Wed" status="UNANN" ID="1577082">
                <layer rank="1" name="BNC">
                    <label end="5" start="0" name="NN1-NP0"/>
                    <label end="9" start="7" name="NN1"/>
                    <label end="13" start="11" name="CJC"/>
                    <label end="22" start="15" name="NN2"/>
                    <label end="26" start="24" name="VM0"/>
                    <label end="29" start="28" name="VBI"/>
                    <label end="37" start="31" name="VVN"/>
                    <label end="42" start="39" name="PRP"/>
                    <label end="47" start="44" name="NN2"/>
                    <label end="49" start="49" name="PUN"/>
                    <label end="53" start="51" name="CJC"/>
                    <label end="57" start="55" name="VBB"/>
                    <label end="67" start="59" name="AV0"/>
                    <label end="75" start="69" name="VVN"/>
                    <label end="84" start="77" name="AV0"/>
                    <label end="89" start="86" name="PRP"/>
                    <label end="93" start="91" name="AT0"/>
                    <label end="99" start="95" name="NN1"/>
                    <label end="101" start="101" name="PUN"/>
                </layer>
                <layer rank="1" name="NER"/>
                <layer rank="1" name="WSL"/>
            </annotationSet>
            <annotationSet cDate="01/08/2003 12:54:31 PST Wed" status="MANUAL" ID="1577083">
                <layer rank="1" name="FE">
                    <label cBy="RLG" feID="3460" end="22" start="0" name="Substance"/>
                    <label cBy="RLG" feID="3458" end="47" start="39" name="Delivery_device"/>
                    <label cBy="RLG" feID="3459" itype="CNI" name="Ingestor"/>
                </layer>
                <layer rank="1" name="GF">
                    <label end="22" start="0" name="Ext"/>
                    <label end="47" start="39" name="Dep"/>
                </layer>
                <layer rank="1" name="PT">
                    <label end="22" start="0" name="NP"/>
                    <label end="47" start="39" name="PP"/>
                </layer>
                <layer rank="1" name="Sent"/>
                <layer rank="1" name="Other"/>
                <layer rank="1" name="Target">
                    <label cBy="BoC" end="37" start="31" name="Target"/>
                </layer>
                <layer rank="1" name="Verb"/>
            </annotationSet>
        </sentence>
    </subCorpus>
    <subCorpus name="V-880-s20-intrans-simple"/>
    <subCorpus name="V-890-s20-intrans-adverb"/>
    <subCorpus name="V-900-s20-other"/>
</lexUnit>