<?xml version="1.0" encoding="UTF-8" standalone="yes"?>
<?xml-stylesheet type="text/xsl" href="lexUnit.xsl"?>
<lexUnit status="Finished_Initial" POS="N" name="snuff.n" ID="7122" frame="Intoxicants" frameID="390" totalAnnotated="12" xsi:schemaLocation="../schema/lexUnit.xsd" xmlns="http://framenet.icsi.berkeley.edu" xmlns:xsi="http://www.w3.org/2001/XMLSchema-instance">
    <header>
        <frame>
            <FE fgColor="FFFFFF" bgColor="800080" type="Peripheral" abbrev="Co" name="Country_of_origin"/>
            <FE fgColor="FFFFFF" bgColor="008000" type="Peripheral" abbrev="Desc" name="Descriptor"/>
            <FE fgColor="FFFFFF" bgColor="0000FF" type="Core" abbrev="Int" name="Intoxicant"/>
            <FE fgColor="FFFFFF" bgColor="9F79EE" type="Peripheral" abbrev="Type" name="Type"/>
        </frame>
    </header>
    <definition>COD: powdered tobacco that is sniffed up the nostril. </definition>
    <lexeme POS="N" name="snuff"/>
    <valences>
        <governor type="Gov" lemma="ask">
            <annoSet ID="1577249"/>
        </governor>
        <governor type="Gov" lemma="cover">
            <annoSet ID="1577221"/>
        </governor>
        <governor type="Gov" lemma="inhale">
            <annoSet ID="1577247"/>
        </governor>
        <governor type="Gov" lemma="like">
            <annoSet ID="1577205"/>
        </governor>
        <governor type="Gov" lemma="offer">
            <annoSet ID="1577209"/>
        </governor>
        <governor type="Gov" lemma="pinch">
            <annoSet ID="1577273"/>
            <annoSet ID="1577283"/>
        </governor>
        <governor type="Gov" lemma="produce">
            <annoSet ID="1577217"/>
        </governor>
        <governor type="Gov" lemma="smell">
            <annoSet ID="1577235"/>
        </governor>
        <governor type="Gov" lemma="take">
            <annoSet ID="1577279"/>
        </governor>
        <governor type="Gov" lemma="use">
            <annoSet ID="1577285"/>
            <annoSet ID="1577287"/>
        </governor>
        <FERealization total="12">
            <FE name="Intoxicant"/>
            <pattern total="12">
                <valenceUnit GF="" PT="DEN" FE="Intoxicant"/>
                <annoSet ID="1577205"/>
                <annoSet ID="1577209"/>
                <annoSet ID="1577217"/>
                <annoSet ID="1577221"/>
                <annoSet ID="1577235"/>
                <annoSet ID="1577247"/>
                <annoSet ID="1577249"/>
                <annoSet ID="1577273"/>
                <annoSet ID="1577279"/>
                <annoSet ID="1577283"/>
                <annoSet ID="1577285"/>
                <annoSet ID="1577287"/>
            </pattern>
        </FERealization>
        <FEGroupRealization total="12">
            <FE name="Intoxicant"/>
            <pattern total="12">
                <valenceUnit GF="" PT="DEN" FE="Intoxicant"/>
                <annoSet ID="1577205"/>
                <annoSet ID="1577209"/>
                <annoSet ID="1577217"/>
                <annoSet ID="1577221"/>
                <annoSet ID="1577235"/>
                <annoSet ID="1577247"/>
                <annoSet ID="1577249"/>
                <annoSet ID="1577273"/>
                <annoSet ID="1577279"/>
                <annoSet ID="1577283"/>
                <annoSet ID="1577285"/>
                <annoSet ID="1577287"/>
            </pattern>
        </FEGroupRealization>
    </valences>
    <subCorpus name="N-280-s20-poss">
        <sentence sentNo="0" aPos="19307282" ID="1062900">
            <text>The hankie had once been white , but Josh liked his snuff . </text>
            <annotationSet cDate="01/08/2003 12:54:39 PST Wed" status="UNANN" ID="1577204">
                <layer rank="1" name="BNC">
                    <label end="2" start="0" name="AT0"/>
                    <label end="9" start="4" name="NN1"/>
                    <label end="13" start="11" name="VHD"/>
                    <label end="18" start="15" name="AV0"/>
                    <label end="23" start="20" name="VBN"/>
                    <label end="29" start="25" name="AJ0"/>
                    <label end="31" start="31" name="PUN"/>
                    <label end="35" start="33" name="CJC"/>
                    <label end="40" start="37" name="NP0"/>
                    <label end="46" start="42" name="VVD"/>
                    <label end="50" start="48" name="DPS"/>
                    <label end="56" start="52" name="NN1"/>
                    <label end="58" start="58" name="PUN"/>
                </layer>
                <layer rank="1" name="NER"/>
                <layer rank="1" name="WSL"/>
            </annotationSet>
            <annotationSet cDate="01/08/2003 12:54:39 PST Wed" status="MANUAL" ID="1577205">
                <layer rank="1" name="FE">
                    <label cBy="Sns" feID="3495" end="56" start="52" name="Intoxicant"/>
                </layer>
                <layer rank="1" name="GF"/>
                <layer rank="1" name="PT"/>
                <layer rank="1" name="Sent"/>
                <layer rank="1" name="Other"/>
                <layer rank="1" name="Target">
                    <label cBy="BoC" end="56" start="52" name="Target"/>
                </layer>
                <layer rank="1" name="Noun">
                    <label end="46" start="42" name="Gov"/>
                    <label end="56" start="48" name="X"/>
                </layer>
            </annotationSet>
        </sentence>
        <sentence sentNo="0" aPos="88730089" ID="1062902">
            <text>Dickinson offered his snuff . </text>
            <annotationSet cDate="01/08/2003 12:54:39 PST Wed" status="UNANN" ID="1577208">
                <layer rank="1" name="BNC">
                    <label end="8" start="0" name="NN1-NP0"/>
                    <label end="16" start="10" name="VVD"/>
                    <label end="20" start="18" name="DPS"/>
                    <label end="26" start="22" name="NN1"/>
                    <label end="28" start="28" name="PUN"/>
                </layer>
                <layer rank="1" name="NER"/>
                <layer rank="1" name="WSL"/>
            </annotationSet>
            <annotationSet cDate="01/08/2003 12:54:39 PST Wed" status="MANUAL" ID="1577209">
                <layer rank="1" name="FE">
                    <label cBy="Sns" feID="3495" end="26" start="22" name="Intoxicant"/>
                </layer>
                <layer rank="1" name="GF"/>
                <layer rank="1" name="PT"/>
                <layer rank="1" name="Sent"/>
                <layer rank="1" name="Other"/>
                <layer rank="1" name="Target">
                    <label cBy="BoC" end="26" start="22" name="Target"/>
                </layer>
                <layer rank="1" name="Noun">
                    <label end="16" start="10" name="Gov"/>
                    <label end="26" start="18" name="X"/>
                </layer>
            </annotationSet>
        </sentence>
    </subCorpus>
    <subCorpus name="N-300-s20-cmpd"/>
    <subCorpus name="N-330-s20-period">
        <sentence sentNo="0" aPos="16242768" ID="1062906">
            <text>One of the mills still produces snuff . </text>
            <annotationSet cDate="01/08/2003 12:54:40 PST Wed" status="UNANN" ID="1577216">
                <layer rank="1" name="BNC">
                    <label end="2" start="0" name="CRD"/>
                    <label end="5" start="4" name="PRF"/>
                    <label end="9" start="7" name="AT0"/>
                    <label end="15" start="11" name="NN2"/>
                    <label end="21" start="17" name="AV0"/>
                    <label end="30" start="23" name="VVZ"/>
                    <label end="36" start="32" name="NN1"/>
                    <label end="38" start="38" name="PUN"/>
                </layer>
                <layer rank="1" name="NER"/>
                <layer rank="1" name="WSL"/>
            </annotationSet>
            <annotationSet cDate="01/08/2003 12:54:40 PST Wed" status="MANUAL" ID="1577217">
                <layer rank="1" name="FE">
                    <label cBy="Sns" feID="3495" end="36" start="32" name="Intoxicant"/>
                </layer>
                <layer rank="1" name="GF"/>
                <layer rank="1" name="PT"/>
                <layer rank="1" name="Sent"/>
                <layer rank="1" name="Other"/>
                <layer rank="1" name="Target">
                    <label cBy="BoC" end="36" start="32" name="Target"/>
                </layer>
                <layer rank="1" name="Noun">
                    <label end="30" start="23" name="Gov"/>
                    <label end="36" start="32" name="X"/>
                </layer>
            </annotationSet>
        </sentence>
        <sentence sentNo="0" aPos="90000107" ID="1062908">
            <text>` He 's the one who 's always covered in snuff . </text>
            <annotationSet cDate="01/08/2003 12:54:40 PST Wed" status="UNANN" ID="1577220">
                <layer rank="1" name="BNC">
                    <label end="0" start="0" name="PUQ"/>
                    <label end="3" start="2" name="PNP"/>
                    <label end="6" start="5" name="VBZ"/>
                    <label end="10" start="8" name="AT0"/>
                    <label end="14" start="12" name="PNI"/>
                    <label end="18" start="16" name="PNQ"/>
                    <label end="21" start="20" name="VHZ"/>
                    <label end="28" start="23" name="AV0"/>
                    <label end="36" start="30" name="VVD-VVN"/>
                    <label end="39" start="38" name="PRP"/>
                    <label end="45" start="41" name="NN1"/>
                    <label end="47" start="47" name="PUN"/>
                </layer>
                <layer rank="1" name="NER"/>
                <layer rank="1" name="WSL"/>
            </annotationSet>
            <annotationSet cDate="01/08/2003 12:54:40 PST Wed" status="MANUAL" ID="1577221">
                <layer rank="1" name="FE">
                    <label cBy="Sns" feID="3495" end="45" start="41" name="Intoxicant"/>
                </layer>
                <layer rank="1" name="GF"/>
                <layer rank="1" name="PT"/>
                <layer rank="1" name="Sent"/>
                <layer rank="1" name="Other"/>
                <layer rank="1" name="Target">
                    <label cBy="BoC" end="45" start="41" name="Target"/>
                </layer>
                <layer rank="1" name="Noun">
                    <label end="36" start="30" name="Gov"/>
                    <label end="45" start="38" name="X"/>
                </layer>
            </annotationSet>
        </sentence>
    </subCorpus>
    <subCorpus name="N-380-s20-other">
        <sentence sentNo="0" aPos="30502140" ID="1062915">
            <text>She smelt of snuff when she leaned over and said , ` Sit down dearie , yer blockin' me view . &quot; </text>
            <annotationSet cDate="01/08/2003 12:54:41 PST Wed" status="UNANN" ID="1577234">
                <layer rank="1" name="BNC">
                    <label end="2" start="0" name="PNP"/>
                    <label end="8" start="4" name="VVD"/>
                    <label end="11" start="10" name="PRF"/>
                    <label end="17" start="13" name="NN1"/>
                    <label end="22" start="19" name="AVQ-CJS"/>
                    <label end="26" start="24" name="PNP"/>
                    <label end="33" start="28" name="VVD"/>
                    <label end="38" start="35" name="AVP"/>
                    <label end="42" start="40" name="CJC"/>
                    <label end="47" start="44" name="VVD"/>
                    <label end="49" start="49" name="PUN"/>
                    <label end="51" start="51" name="PUQ"/>
                    <label end="55" start="53" name="VVB"/>
                    <label end="60" start="57" name="AVP-PRP"/>
                    <label end="67" start="62" name="NN1"/>
                    <label end="69" start="69" name="PUN"/>
                    <label end="73" start="71" name="NN1"/>
                    <label end="82" start="75" name="NN1-VVG"/>
                    <label end="85" start="84" name="PNP"/>
                    <label end="90" start="87" name="NN1-VVB"/>
                    <label end="92" start="92" name="PUN"/>
                    <label end="94" start="94" name="PUQ"/>
                </layer>
                <layer rank="1" name="NER"/>
                <layer rank="1" name="WSL"/>
            </annotationSet>
            <annotationSet cDate="01/08/2003 12:54:41 PST Wed" status="MANUAL" ID="1577235">
                <layer rank="1" name="FE">
                    <label cBy="Sns" feID="3495" end="17" start="13" name="Intoxicant"/>
                </layer>
                <layer rank="1" name="GF"/>
                <layer rank="1" name="PT"/>
                <layer rank="1" name="Sent"/>
                <layer rank="1" name="Other"/>
                <layer rank="1" name="Target">
                    <label cBy="BoC" end="17" start="13" name="Target"/>
                </layer>
                <layer rank="1" name="Noun">
                    <label end="8" start="4" name="Gov"/>
                    <label end="17" start="10" name="X"/>
                </layer>
            </annotationSet>
        </sentence>
        <sentence sentNo="0" aPos="64214049" ID="1062921">
            <text>Outside the cafe Inspector Dickinson of Special Branch was inhaling snuff from the back of his hand . </text>
            <annotationSet cDate="01/08/2003 12:54:42 PST Wed" status="UNANN" ID="1577246">
                <layer rank="1" name="BNC">
                    <label end="6" start="0" name="PRP"/>
                    <label end="10" start="8" name="AT0"/>
                    <label end="15" start="12" name="NN1"/>
                    <label end="25" start="17" name="NP0"/>
                    <label end="35" start="27" name="NN1-NP0"/>
                    <label end="38" start="37" name="PRF"/>
                    <label end="46" start="40" name="AJ0"/>
                    <label end="53" start="48" name="NN1"/>
                    <label end="57" start="55" name="VBD"/>
                    <label end="66" start="59" name="AJ0-VVG"/>
                    <label end="72" start="68" name="NN1"/>
                    <label end="77" start="74" name="PRP"/>
                    <label end="81" start="79" name="AT0"/>
                    <label end="86" start="83" name="NN1"/>
                    <label end="89" start="88" name="PRF"/>
                    <label end="93" start="91" name="DPS"/>
                    <label end="98" start="95" name="NN1"/>
                    <label end="100" start="100" name="PUN"/>
                </layer>
                <layer rank="1" name="NER"/>
                <layer rank="1" name="WSL"/>
            </annotationSet>
            <annotationSet cDate="01/08/2003 12:54:42 PST Wed" status="MANUAL" ID="1577247">
                <layer rank="1" name="FE">
                    <label cBy="Sns" feID="3495" end="72" start="68" name="Intoxicant"/>
                </layer>
                <layer rank="1" name="GF"/>
                <layer rank="1" name="PT"/>
                <layer rank="1" name="Sent"/>
                <layer rank="1" name="Other"/>
                <layer rank="1" name="Target">
                    <label cBy="BoC" end="72" start="68" name="Target"/>
                </layer>
                <layer rank="1" name="Noun">
                    <label end="66" start="59" name="Gov"/>
                    <label end="72" start="68" name="X"/>
                </layer>
            </annotationSet>
        </sentence>
        <sentence sentNo="0" aPos="65298781" ID="1062922">
            <text>Johnson did not drink her proffered dram , but Boswell and the two guides did , and when she asked them for snuff , her great luxury , they had none , but gave her money instead . </text>
            <annotationSet cDate="01/08/2003 12:54:42 PST Wed" status="UNANN" ID="1577248">
                <layer rank="1" name="BNC">
                    <label end="6" start="0" name="NP0"/>
                    <label end="10" start="8" name="VDD"/>
                    <label end="14" start="12" name="XX0"/>
                    <label end="20" start="16" name="VVI"/>
                    <label end="24" start="22" name="PNP"/>
                    <label end="34" start="26" name="AJ0-VVD"/>
                    <label end="39" start="36" name="NN1"/>
                    <label end="41" start="41" name="PUN"/>
                    <label end="45" start="43" name="CJC"/>
                    <label end="53" start="47" name="NP0"/>
                    <label end="57" start="55" name="CJC"/>
                    <label end="61" start="59" name="AT0"/>
                    <label end="65" start="63" name="CRD"/>
                    <label end="72" start="67" name="NN2"/>
                    <label end="76" start="74" name="VDD"/>
                    <label end="78" start="78" name="PUN"/>
                    <label end="82" start="80" name="CJC"/>
                    <label end="87" start="84" name="AVQ-CJS"/>
                    <label end="91" start="89" name="PNP"/>
                    <label end="97" start="93" name="VVD"/>
                    <label end="102" start="99" name="PNP"/>
                    <label end="106" start="104" name="PRP"/>
                    <label end="112" start="108" name="NN1"/>
                    <label end="114" start="114" name="PUN"/>
                    <label end="118" start="116" name="DPS"/>
                    <label end="124" start="120" name="AJ0"/>
                    <label end="131" start="126" name="NN1"/>
                    <label end="133" start="133" name="PUN"/>
                    <label end="138" start="135" name="PNP"/>
                    <label end="142" start="140" name="VHD"/>
                    <label end="147" start="144" name="PNI"/>
                    <label end="149" start="149" name="PUN"/>
                    <label end="153" start="151" name="CJC"/>
                    <label end="158" start="155" name="VVD"/>
                    <label end="162" start="160" name="DPS"/>
                    <label end="168" start="164" name="NN1"/>
                    <label end="176" start="170" name="AV0"/>
                    <label end="178" start="178" name="PUN"/>
                </layer>
                <layer rank="1" name="NER"/>
                <layer rank="1" name="WSL"/>
            </annotationSet>
            <annotationSet cDate="01/08/2003 12:54:42 PST Wed" status="MANUAL" ID="1577249">
                <layer rank="1" name="FE">
                    <label cBy="Sns" feID="3495" end="112" start="108" name="Intoxicant"/>
                </layer>
                <layer rank="1" name="GF"/>
                <layer rank="1" name="PT"/>
                <layer rank="1" name="Sent"/>
                <layer rank="1" name="Other"/>
                <layer rank="1" name="Target">
                    <label cBy="BoC" end="112" start="108" name="Target"/>
                </layer>
                <layer rank="1" name="Noun">
                    <label end="97" start="93" name="Gov"/>
                    <label end="112" start="104" name="X"/>
                </layer>
            </annotationSet>
        </sentence>
    </subCorpus>
    <subCorpus name="N-429-s20-lgov-have"/>
    <subCorpus name="N-429-s20-lgov-take">
        <sentence sentNo="0" aPos="8949604" ID="1062934">
            <text>He took a pinch of snuff that would have fired a cannon . </text>
            <annotationSet cDate="01/08/2003 12:54:43 PST Wed" status="UNANN" ID="1577272">
                <layer rank="1" name="BNC">
                    <label end="1" start="0" name="PNP"/>
                    <label end="6" start="3" name="VVD"/>
                    <label end="8" start="8" name="AT0"/>
                    <label end="14" start="10" name="NN1"/>
                    <label end="17" start="16" name="PRF"/>
                    <label end="23" start="19" name="NN1"/>
                    <label end="28" start="25" name="CJT"/>
                    <label end="34" start="30" name="VM0"/>
                    <label end="39" start="36" name="VHI"/>
                    <label end="45" start="41" name="VVN"/>
                    <label end="47" start="47" name="AT0"/>
                    <label end="54" start="49" name="NN1"/>
                    <label end="56" start="56" name="PUN"/>
                </layer>
                <layer rank="1" name="NER"/>
                <layer rank="1" name="WSL"/>
            </annotationSet>
            <annotationSet cDate="01/08/2003 12:54:43 PST Wed" status="MANUAL" ID="1577273">
                <layer rank="1" name="FE">
                    <label cBy="Sns" feID="3495" end="23" start="19" name="Intoxicant"/>
                </layer>
                <layer rank="1" name="GF"/>
                <layer rank="1" name="PT"/>
                <layer rank="1" name="Sent"/>
                <layer rank="1" name="Other"/>
                <layer rank="1" name="Target">
                    <label cBy="BoC" end="23" start="19" name="Target"/>
                </layer>
                <layer rank="1" name="Noun">
                    <label end="14" start="10" name="Gov"/>
                    <label end="23" start="16" name="X"/>
                </layer>
            </annotationSet>
        </sentence>
        <sentence sentNo="0" aPos="67015864" ID="1062937">
            <text>Mrs Sugar used to curl her hair with rags and take snuff , and every Saturday she had a bet on the horses . </text>
            <annotationSet cDate="01/08/2003 12:54:44 PST Wed" status="UNANN" ID="1577278">
                <layer rank="1" name="BNC">
                    <label end="2" start="0" name="NP0"/>
                    <label end="8" start="4" name="NP0"/>
                    <label end="13" start="10" name="VM0"/>
                    <label end="16" start="15" name="TO0"/>
                    <label end="21" start="18" name="VVI"/>
                    <label end="25" start="23" name="DPS"/>
                    <label end="30" start="27" name="NN1"/>
                    <label end="35" start="32" name="PRP"/>
                    <label end="40" start="37" name="NN2"/>
                    <label end="44" start="42" name="CJC"/>
                    <label end="49" start="46" name="VVB"/>
                    <label end="55" start="51" name="NN1"/>
                    <label end="57" start="57" name="PUN"/>
                    <label end="61" start="59" name="CJC"/>
                    <label end="67" start="63" name="AT0"/>
                    <label end="76" start="69" name="NP0"/>
                    <label end="80" start="78" name="PNP"/>
                    <label end="84" start="82" name="VHD"/>
                    <label end="86" start="86" name="AT0"/>
                    <label end="90" start="88" name="NN1"/>
                    <label end="93" start="92" name="PRP"/>
                    <label end="97" start="95" name="AT0"/>
                    <label end="104" start="99" name="NN2"/>
                    <label end="106" start="106" name="PUN"/>
                </layer>
                <layer rank="1" name="NER"/>
                <layer rank="1" name="WSL"/>
            </annotationSet>
            <annotationSet cDate="01/08/2003 12:54:44 PST Wed" status="MANUAL" ID="1577279">
                <layer rank="1" name="FE">
                    <label cBy="Sns" feID="3495" end="55" start="51" name="Intoxicant"/>
                </layer>
                <layer rank="1" name="GF"/>
                <layer rank="1" name="PT"/>
                <layer rank="1" name="Sent"/>
                <layer rank="1" name="Other"/>
                <layer rank="1" name="Target">
                    <label cBy="BoC" end="55" start="51" name="Target"/>
                </layer>
                <layer rank="1" name="Noun">
                    <label end="49" start="46" name="Gov"/>
                    <label end="55" start="51" name="X"/>
                </layer>
            </annotationSet>
        </sentence>
        <sentence sentNo="0" aPos="80354515" ID="1062939">
            <text>She took a pinch of snuff in her hand and sprinkled it over the note murmuring something under her breath . </text>
            <annotationSet cDate="01/08/2003 12:54:44 PST Wed" status="UNANN" ID="1577282">
                <layer rank="1" name="BNC">
                    <label end="2" start="0" name="PNP"/>
                    <label end="7" start="4" name="VVD"/>
                    <label end="9" start="9" name="AT0"/>
                    <label end="15" start="11" name="NN1"/>
                    <label end="18" start="17" name="PRF"/>
                    <label end="24" start="20" name="NN1"/>
                    <label end="27" start="26" name="PRP"/>
                    <label end="31" start="29" name="DPS"/>
                    <label end="36" start="33" name="NN1"/>
                    <label end="40" start="38" name="CJC"/>
                    <label end="50" start="42" name="VVD"/>
                    <label end="53" start="52" name="PNP"/>
                    <label end="58" start="55" name="AVP-PRP"/>
                    <label end="62" start="60" name="AT0"/>
                    <label end="67" start="64" name="NN1"/>
                    <label end="77" start="69" name="VVG"/>
                    <label end="87" start="79" name="PNI"/>
                    <label end="93" start="89" name="PRP"/>
                    <label end="97" start="95" name="DPS"/>
                    <label end="104" start="99" name="NN1"/>
                    <label end="106" start="106" name="PUN"/>
                </layer>
                <layer rank="1" name="NER"/>
                <layer rank="1" name="WSL"/>
            </annotationSet>
            <annotationSet cDate="01/08/2003 12:54:44 PST Wed" status="MANUAL" ID="1577283">
                <layer rank="1" name="FE">
                    <label cBy="Sns" feID="3495" end="24" start="20" name="Intoxicant"/>
                </layer>
                <layer rank="1" name="GF"/>
                <layer rank="1" name="PT"/>
                <layer rank="1" name="Sent"/>
                <layer rank="1" name="Other"/>
                <layer rank="1" name="Target">
                    <label cBy="BoC" end="24" start="20" name="Target"/>
                </layer>
                <layer rank="1" name="Noun">
                    <label end="15" start="11" name="Gov"/>
                    <label end="24" start="17" name="X"/>
                </layer>
            </annotationSet>
        </sentence>
    </subCorpus>
    <subCorpus name="N-429-s20-lgov-use">
        <sentence sentNo="0" aPos="13954043" ID="1062940">
            <text>In 1761 J. Hill associated cancer of the nasal passages with the immoderate use of snuff . </text>
            <annotationSet cDate="01/08/2003 12:54:44 PST Wed" status="UNANN" ID="1577284">
                <layer rank="1" name="BNC">
                    <label end="1" start="0" name="PRP"/>
                    <label end="6" start="3" name="CRD"/>
                    <label end="9" start="8" name="NP0"/>
                    <label end="14" start="11" name="NP0"/>
                    <label end="25" start="16" name="VVD"/>
                    <label end="32" start="27" name="NN1"/>
                    <label end="35" start="34" name="PRF"/>
                    <label end="39" start="37" name="AT0"/>
                    <label end="45" start="41" name="AJ0"/>
                    <label end="54" start="47" name="NN2"/>
                    <label end="59" start="56" name="PRP"/>
                    <label end="63" start="61" name="AT0"/>
                    <label end="74" start="65" name="AJ0"/>
                    <label end="78" start="76" name="NN1"/>
                    <label end="81" start="80" name="PRF"/>
                    <label end="87" start="83" name="NN1"/>
                    <label end="89" start="89" name="PUN"/>
                </layer>
                <layer rank="1" name="NER"/>
                <layer rank="1" name="WSL"/>
            </annotationSet>
            <annotationSet cDate="01/08/2003 12:54:44 PST Wed" status="MANUAL" ID="1577285">
                <layer rank="1" name="FE">
                    <label cBy="Sns" feID="3495" end="87" start="83" name="Intoxicant"/>
                </layer>
                <layer rank="1" name="GF"/>
                <layer rank="1" name="PT"/>
                <layer rank="1" name="Sent"/>
                <layer rank="1" name="Other"/>
                <layer rank="1" name="Target">
                    <label cBy="BoC" end="87" start="83" name="Target"/>
                </layer>
                <layer rank="1" name="Noun">
                    <label end="78" start="76" name="Gov"/>
                    <label end="87" start="80" name="X"/>
                </layer>
            </annotationSet>
        </sentence>
        <sentence sentNo="0" aPos="45270712" ID="1062941">
            <text>Overall , when the children on the course were compared to those in the control groups , it was found that none of them had taken up smoking and some who had been using snuff before the start of the programme had now given up . </text>
            <annotationSet cDate="01/08/2003 12:54:44 PST Wed" status="UNANN" ID="1577286">
                <layer rank="1" name="BNC">
                    <label end="6" start="0" name="AV0"/>
                    <label end="8" start="8" name="PUN"/>
                    <label end="13" start="10" name="AVQ-CJS"/>
                    <label end="17" start="15" name="AT0"/>
                    <label end="26" start="19" name="NN2"/>
                    <label end="29" start="28" name="PRP"/>
                    <label end="33" start="31" name="AT0"/>
                    <label end="40" start="35" name="NN1"/>
                    <label end="45" start="42" name="VBD"/>
                    <label end="54" start="47" name="VVN"/>
                    <label end="57" start="56" name="PRP"/>
                    <label end="63" start="59" name="DT0"/>
                    <label end="66" start="65" name="PRP"/>
                    <label end="70" start="68" name="AT0"/>
                    <label end="78" start="72" name="NN1"/>
                    <label end="85" start="80" name="NN2"/>
                    <label end="87" start="87" name="PUN"/>
                    <label end="90" start="89" name="PNP"/>
                    <label end="94" start="92" name="VBD"/>
                    <label end="100" start="96" name="VVN"/>
                    <label end="105" start="102" name="CJT"/>
                    <label end="110" start="107" name="PNI"/>
                    <label end="113" start="112" name="PRF"/>
                    <label end="118" start="115" name="PNP"/>
                    <label end="122" start="120" name="VHD"/>
                    <label end="128" start="124" name="VVN"/>
                    <label end="131" start="130" name="AVP-PRP"/>
                    <label end="139" start="133" name="VVG"/>
                    <label end="143" start="141" name="CJC"/>
                    <label end="148" start="145" name="DT0"/>
                    <label end="152" start="150" name="PNQ"/>
                    <label end="156" start="154" name="VHD"/>
                    <label end="161" start="158" name="VBN"/>
                    <label end="167" start="163" name="VVG"/>
                    <label end="173" start="169" name="NN1"/>
                    <label end="180" start="175" name="PRP"/>
                    <label end="184" start="182" name="AT0"/>
                    <label end="190" start="186" name="NN1"/>
                    <label end="193" start="192" name="PRF"/>
                    <label end="197" start="195" name="AT0"/>
                    <label end="207" start="199" name="NN1"/>
                    <label end="211" start="209" name="VHD"/>
                    <label end="215" start="213" name="AV0"/>
                    <label end="221" start="217" name="VVN"/>
                    <label end="224" start="223" name="AVP"/>
                    <label end="226" start="226" name="PUN"/>
                </layer>
                <layer rank="1" name="NER"/>
                <layer rank="1" name="WSL"/>
            </annotationSet>
            <annotationSet cDate="01/08/2003 12:54:44 PST Wed" status="MANUAL" ID="1577287">
                <layer rank="1" name="FE">
                    <label cBy="Sns" feID="3495" end="173" start="169" name="Intoxicant"/>
                </layer>
                <layer rank="1" name="GF"/>
                <layer rank="1" name="PT"/>
                <layer rank="1" name="Sent"/>
                <layer rank="1" name="Other"/>
                <layer rank="1" name="Target">
                    <label cBy="BoC" end="173" start="169" name="Target"/>
                </layer>
                <layer rank="1" name="Noun">
                    <label end="167" start="163" name="Gov"/>
                    <label end="173" start="169" name="X"/>
                </layer>
            </annotationSet>
        </sentence>
    </subCorpus>
</lexUnit>