<?xml version="1.0" encoding="UTF-8" standalone="yes"?>
<?xml-stylesheet type="text/xsl" href="lexUnit.xsl"?>
<lexUnit status="Finished_Initial" incorporatedFE="Theme" POS="A" name="lacquered.a" ID="7126" frame="Abounding_with" frameID="262" totalAnnotated="16" xsi:schemaLocation="../schema/lexUnit.xsd" xmlns="http://framenet.icsi.berkeley.edu" xmlns:xsi="http://www.w3.org/2001/XMLSchema-instance">
    <header>
        <frame>
            <FE fgColor="FFFFFF" bgColor="A52A2A" type="Peripheral" abbrev="Degr" name="Degree"/>
            <FE fgColor="FFFFFF" bgColor="90876C" type="Extra-Thematic" abbrev="Dep" name="Depictive"/>
            <FE fgColor="FFFFFF" bgColor="008000" type="Core" abbrev="Loc" name="Location"/>
            <FE fgColor="FFFFFF" bgColor="FF0000" type="Core" abbrev="Thm" name="Theme"/>
            <FE fgColor="FFFF00" bgColor="FFA500" type="Peripheral" abbrev="" name="Time"/>
        </frame>
    </header>
    <definition>FN: covered in lacquer</definition>
    <lexeme POS="A" name="lacquered"/>
    <valences>
        <FERealization total="1">
            <FE name="Degree"/>
            <pattern total="1">
                <valenceUnit GF="Dep" PT="AVP" FE="Degree"/>
                <annoSet ID="1577519"/>
            </pattern>
        </FERealization>
        <FERealization total="8">
            <FE name="Depictive"/>
            <pattern total="8">
                <valenceUnit GF="Dep" PT="A" FE="Depictive"/>
                <annoSet ID="1577523"/>
                <annoSet ID="1577537"/>
                <annoSet ID="1577541"/>
                <annoSet ID="1577563"/>
                <annoSet ID="1577581"/>
                <annoSet ID="1577591"/>
                <annoSet ID="1577599"/>
                <annoSet ID="1577609"/>
            </pattern>
        </FERealization>
        <FERealization total="16">
            <FE name="Location"/>
            <pattern total="11">
                <valenceUnit GF="Head" PT="N" FE="Location"/>
                <annoSet ID="1577519"/>
                <annoSet ID="1577523"/>
                <annoSet ID="1577533"/>
                <annoSet ID="1577537"/>
                <annoSet ID="1577539"/>
                <annoSet ID="1577563"/>
                <annoSet ID="1577567"/>
                <annoSet ID="1577581"/>
                <annoSet ID="1577591"/>
                <annoSet ID="1577599"/>
                <annoSet ID="1577609"/>
            </pattern>
            <pattern total="5">
                <valenceUnit GF="Ext" PT="NP" FE="Location"/>
                <annoSet ID="1577535"/>
                <annoSet ID="1577541"/>
                <annoSet ID="1577547"/>
                <annoSet ID="1577575"/>
                <annoSet ID="1577583"/>
            </pattern>
        </FERealization>
        <FERealization total="16">
            <FE name="Theme"/>
            <pattern total="13">
                <valenceUnit GF="" PT="--" FE="Theme"/>
                <annoSet ID="1577519"/>
                <annoSet ID="1577523"/>
                <annoSet ID="1577533"/>
                <annoSet ID="1577535"/>
                <annoSet ID="1577537"/>
                <annoSet ID="1577539"/>
                <annoSet ID="1577541"/>
                <annoSet ID="1577563"/>
                <annoSet ID="1577567"/>
                <annoSet ID="1577581"/>
                <annoSet ID="1577591"/>
                <annoSet ID="1577599"/>
                <annoSet ID="1577609"/>
            </pattern>
            <pattern total="3">
                <valenceUnit GF="Dep" PT="PP[with]" FE="Theme"/>
                <annoSet ID="1577547"/>
                <annoSet ID="1577575"/>
                <annoSet ID="1577583"/>
            </pattern>
        </FERealization>
        <FEGroupRealization total="1">
            <FE name="Degree"/>
            <FE name="Location"/>
            <FE name="Theme"/>
            <pattern total="1">
                <valenceUnit GF="Dep" PT="AVP" FE="Degree"/>
                <valenceUnit GF="Head" PT="N" FE="Location"/>
                <valenceUnit GF="" PT="--" FE="Theme"/>
                <annoSet ID="1577519"/>
            </pattern>
        </FEGroupRealization>
        <FEGroupRealization total="1">
            <FE name="Depictive"/>
            <FE name="Depictive"/>
            <FE name="Location"/>
            <FE name="Theme"/>
            <pattern total="1">
                <valenceUnit GF="Dep" PT="A" FE="Depictive"/>
                <valenceUnit GF="Dep" PT="A" FE="Depictive"/>
                <valenceUnit GF="Head" PT="N" FE="Location"/>
                <valenceUnit GF="" PT="--" FE="Theme"/>
                <annoSet ID="1577609"/>
            </pattern>
        </FEGroupRealization>
        <FEGroupRealization total="7">
            <FE name="Depictive"/>
            <FE name="Location"/>
            <FE name="Theme"/>
            <pattern total="6">
                <valenceUnit GF="Dep" PT="A" FE="Depictive"/>
                <valenceUnit GF="Head" PT="N" FE="Location"/>
                <valenceUnit GF="" PT="--" FE="Theme"/>
                <annoSet ID="1577523"/>
                <annoSet ID="1577537"/>
                <annoSet ID="1577563"/>
                <annoSet ID="1577581"/>
                <annoSet ID="1577591"/>
                <annoSet ID="1577599"/>
            </pattern>
            <pattern total="1">
                <valenceUnit GF="Dep" PT="A" FE="Depictive"/>
                <valenceUnit GF="Ext" PT="NP" FE="Location"/>
                <valenceUnit GF="" PT="--" FE="Theme"/>
                <annoSet ID="1577541"/>
            </pattern>
        </FEGroupRealization>
        <FEGroupRealization total="1">
            <FE name="Location"/>
            <FE name="Location"/>
            <FE name="Theme"/>
            <pattern total="1">
                <valenceUnit GF="Ext" PT="NP" FE="Location"/>
                <valenceUnit GF="Ext" PT="NP" FE="Location"/>
                <valenceUnit GF="Dep" PT="PP[with]" FE="Theme"/>
                <annoSet ID="1577583"/>
            </pattern>
        </FEGroupRealization>
        <FEGroupRealization total="6">
            <FE name="Location"/>
            <FE name="Theme"/>
            <pattern total="3">
                <valenceUnit GF="Head" PT="N" FE="Location"/>
                <valenceUnit GF="" PT="--" FE="Theme"/>
                <annoSet ID="1577533"/>
                <annoSet ID="1577539"/>
                <annoSet ID="1577567"/>
            </pattern>
            <pattern total="1">
                <valenceUnit GF="Ext" PT="NP" FE="Location"/>
                <valenceUnit GF="" PT="--" FE="Theme"/>
                <annoSet ID="1577535"/>
            </pattern>
            <pattern total="2">
                <valenceUnit GF="Ext" PT="NP" FE="Location"/>
                <valenceUnit GF="Dep" PT="PP[with]" FE="Theme"/>
                <annoSet ID="1577547"/>
                <annoSet ID="1577575"/>
            </pattern>
        </FEGroupRealization>
    </valences>
    <subCorpus name="A-001-all">
        <sentence sentNo="0" aPos="8410282" ID="1063057">
            <text>From her aureole of spun-gold hair to her perfectly lacquered toenails , Kylie is every inch a star . </text>
            <annotationSet cDate="01/08/2003 12:55:01 PST Wed" status="UNANN" ID="1577518">
                <layer rank="1" name="BNC">
                    <label end="3" start="0" name="PRP"/>
                    <label end="7" start="5" name="DPS"/>
                    <label end="15" start="9" name="NN1"/>
                    <label end="18" start="17" name="PRF"/>
                    <label end="28" start="20" name="AJ0-NN1"/>
                    <label end="33" start="30" name="NN1"/>
                    <label end="36" start="35" name="PRP"/>
                    <label end="40" start="38" name="PNP"/>
                    <label end="50" start="42" name="AV0"/>
                    <label end="60" start="52" name="AJ0-VVD"/>
                    <label end="69" start="62" name="NN2"/>
                    <label end="71" start="71" name="PUN"/>
                    <label end="77" start="73" name="NP0"/>
                    <label end="80" start="79" name="VBZ"/>
                    <label end="86" start="82" name="AT0"/>
                    <label end="91" start="88" name="NN1"/>
                    <label end="93" start="93" name="AT0"/>
                    <label end="98" start="95" name="NN1"/>
                    <label end="100" start="100" name="PUN"/>
                </layer>
                <layer rank="1" name="NER"/>
                <layer rank="1" name="WSL"/>
            </annotationSet>
            <annotationSet cDate="01/08/2003 12:55:01 PST Wed" status="MANUAL" ID="1577519">
                <layer rank="1" name="FE">
                    <label cBy="hmC" feID="2271" end="50" start="42" name="Degree"/>
                    <label cBy="hmC" feID="2261" end="69" start="62" name="Location"/>
                    <label cBy="Hay" feID="2260" end="60" start="52" name="Theme"/>
                </layer>
                <layer rank="1" name="GF">
                    <label end="50" start="42" name="Dep"/>
                    <label end="69" start="62" name="Head"/>
                </layer>
                <layer rank="1" name="PT">
                    <label end="50" start="42" name="AVP"/>
                    <label end="69" start="62" name="N"/>
                </layer>
                <layer rank="1" name="Sent"/>
                <layer rank="1" name="Other"/>
                <layer rank="1" name="Target">
                    <label cBy="BoC" end="60" start="52" name="Target"/>
                </layer>
                <layer rank="1" name="Adj"/>
            </annotationSet>
        </sentence>
        <sentence sentNo="0" aPos="9661012" ID="1063059">
            <text>Cartier takes pride in its Pasha Signature , which has a gold top with the owner 's signature encrusted on its black lacquered shaft . </text>
            <annotationSet cDate="01/08/2003 12:55:01 PST Wed" status="UNANN" ID="1577522">
                <layer rank="1" name="BNC">
                    <label end="6" start="0" name="NN1-NP0"/>
                    <label end="12" start="8" name="VVZ"/>
                    <label end="18" start="14" name="NN1"/>
                    <label end="21" start="20" name="PRP"/>
                    <label end="25" start="23" name="DPS"/>
                    <label end="31" start="27" name="NN1"/>
                    <label end="41" start="33" name="NN1"/>
                    <label end="43" start="43" name="PUN"/>
                    <label end="49" start="45" name="DTQ"/>
                    <label end="53" start="51" name="VHZ"/>
                    <label end="55" start="55" name="AT0"/>
                    <label end="60" start="57" name="AJ0-NN1"/>
                    <label end="64" start="62" name="NN1"/>
                    <label end="69" start="66" name="PRP"/>
                    <label end="73" start="71" name="AT0"/>
                    <label end="79" start="75" name="NN1"/>
                    <label end="82" start="81" name="POS"/>
                    <label end="92" start="84" name="NN1"/>
                    <label end="102" start="94" name="VVD-VVN"/>
                    <label end="105" start="104" name="PRP"/>
                    <label end="109" start="107" name="DPS"/>
                    <label end="115" start="111" name="AJ0"/>
                    <label end="125" start="117" name="AJ0"/>
                    <label end="131" start="127" name="NN1"/>
                    <label end="133" start="133" name="PUN"/>
                </layer>
                <layer rank="1" name="NER"/>
                <layer rank="1" name="WSL"/>
            </annotationSet>
            <annotationSet cDate="01/08/2003 12:55:01 PST Wed" status="MANUAL" ID="1577523">
                <layer rank="1" name="FE">
                    <label cBy="hmC" feID="2261" end="131" start="127" name="Location"/>
                    <label cBy="hmC" feID="3491" end="115" start="111" name="Depictive"/>
                    <label cBy="Hay" feID="2260" end="125" start="117" name="Theme"/>
                </layer>
                <layer rank="1" name="GF">
                    <label end="131" start="127" name="Head"/>
                    <label end="115" start="111" name="Dep"/>
                </layer>
                <layer rank="1" name="PT">
                    <label end="131" start="127" name="N"/>
                    <label end="115" start="111" name="A"/>
                </layer>
                <layer rank="1" name="Sent"/>
                <layer rank="1" name="Other"/>
                <layer rank="1" name="Target">
                    <label cBy="BoC" end="125" start="117" name="Target"/>
                </layer>
                <layer rank="1" name="Adj"/>
            </annotationSet>
        </sentence>
        <sentence sentNo="0" aPos="20028579" ID="1063064">
            <text>An interesting finding was the similarity of the samples from the same lacquered object , even if they had been taken from a different layer or area . </text>
            <annotationSet cDate="01/08/2003 12:55:02 PST Wed" status="UNANN" ID="1577532">
                <layer rank="1" name="BNC">
                    <label end="1" start="0" name="AT0"/>
                    <label end="13" start="3" name="AJ0"/>
                    <label end="21" start="15" name="NN1"/>
                    <label end="25" start="23" name="VBD"/>
                    <label end="29" start="27" name="AT0"/>
                    <label end="40" start="31" name="NN1"/>
                    <label end="43" start="42" name="PRF"/>
                    <label end="47" start="45" name="AT0"/>
                    <label end="55" start="49" name="NN2"/>
                    <label end="60" start="57" name="PRP"/>
                    <label end="64" start="62" name="AT0"/>
                    <label end="69" start="66" name="DT0"/>
                    <label end="79" start="71" name="AJ0"/>
                    <label end="86" start="81" name="NN1"/>
                    <label end="88" start="88" name="PUN"/>
                    <label end="93" start="90" name="CJS"/>
                    <label end="96" start="95" name="CJS"/>
                    <label end="101" start="98" name="PNP"/>
                    <label end="105" start="103" name="VHD"/>
                    <label end="110" start="107" name="VBN"/>
                    <label end="116" start="112" name="VVN"/>
                    <label end="121" start="118" name="PRP"/>
                    <label end="123" start="123" name="AT0"/>
                    <label end="133" start="125" name="AJ0"/>
                    <label end="139" start="135" name="NN1"/>
                    <label end="142" start="141" name="CJC"/>
                    <label end="147" start="144" name="NN1"/>
                    <label end="149" start="149" name="PUN"/>
                </layer>
                <layer rank="1" name="NER"/>
                <layer rank="1" name="WSL"/>
            </annotationSet>
            <annotationSet cDate="01/08/2003 12:55:02 PST Wed" status="MANUAL" ID="1577533">
                <layer rank="1" name="FE">
                    <label cBy="hmC" feID="2261" end="86" start="81" name="Location"/>
                    <label cBy="Hay" feID="2260" end="79" start="71" name="Theme"/>
                </layer>
                <layer rank="1" name="GF">
                    <label end="86" start="81" name="Head"/>
                </layer>
                <layer rank="1" name="PT">
                    <label end="86" start="81" name="N"/>
                </layer>
                <layer rank="1" name="Sent"/>
                <layer rank="1" name="Other"/>
                <layer rank="1" name="Target">
                    <label cBy="BoC" end="79" start="71" name="Target"/>
                </layer>
                <layer rank="1" name="Adj"/>
            </annotationSet>
        </sentence>
        <sentence sentNo="0" aPos="24771697" ID="1063065">
            <text>Because of Tony 's damaged fingers he insisted that the ebony fingerboard was lacquered , making the frets seem lower and providing a smoother action . </text>
            <annotationSet cDate="01/08/2003 12:55:02 PST Wed" status="UNANN" ID="1577534">
                <layer rank="1" name="BNC">
                    <label end="6" start="0" name="PRP"/>
                    <label end="9" start="8" name="PRP"/>
                    <label end="14" start="11" name="NP0"/>
                    <label end="17" start="16" name="POS"/>
                    <label end="25" start="19" name="AJ0"/>
                    <label end="33" start="27" name="NN2"/>
                    <label end="36" start="35" name="PNP"/>
                    <label end="45" start="38" name="VVD"/>
                    <label end="50" start="47" name="CJT"/>
                    <label end="54" start="52" name="AT0"/>
                    <label end="60" start="56" name="NN1"/>
                    <label end="72" start="62" name="NN1"/>
                    <label end="76" start="74" name="VBD"/>
                    <label end="86" start="78" name="AJ0-VVN"/>
                    <label end="88" start="88" name="PUN"/>
                    <label end="95" start="90" name="VVG"/>
                    <label end="99" start="97" name="AT0"/>
                    <label end="105" start="101" name="NN2"/>
                    <label end="110" start="107" name="VVB"/>
                    <label end="116" start="112" name="AJC"/>
                    <label end="120" start="118" name="CJC"/>
                    <label end="130" start="122" name="VVG"/>
                    <label end="132" start="132" name="AT0"/>
                    <label end="141" start="134" name="AJC"/>
                    <label end="148" start="143" name="NN1"/>
                    <label end="150" start="150" name="PUN"/>
                </layer>
                <layer rank="1" name="NER"/>
                <layer rank="1" name="WSL"/>
            </annotationSet>
            <annotationSet cDate="01/08/2003 12:55:02 PST Wed" status="MANUAL" ID="1577535">
                <layer rank="1" name="FE">
                    <label cBy="hmC" feID="2261" end="72" start="52" name="Location"/>
                    <label cBy="Hay" feID="2260" end="86" start="78" name="Theme"/>
                </layer>
                <layer rank="1" name="GF">
                    <label end="72" start="52" name="Ext"/>
                </layer>
                <layer rank="1" name="PT">
                    <label end="72" start="52" name="NP"/>
                </layer>
                <layer rank="1" name="Sent"/>
                <layer rank="1" name="Other"/>
                <layer rank="1" name="Target">
                    <label cBy="BoC" end="86" start="78" name="Target"/>
                </layer>
                <layer rank="1" name="Adj">
                    <label end="76" start="74" name="Cop"/>
                </layer>
            </annotationSet>
        </sentence>
        <sentence sentNo="0" aPos="24908893" ID="1063066">
            <text>The guitar 's overall finish is faultless : the vintage turquoise body and clear lacquered neck set a standard that many manufacturers would love to emulate . </text>
            <annotationSet cDate="01/08/2003 12:55:02 PST Wed" status="UNANN" ID="1577536">
                <layer rank="1" name="BNC">
                    <label end="2" start="0" name="AT0"/>
                    <label end="9" start="4" name="NN1"/>
                    <label end="12" start="11" name="POS"/>
                    <label end="20" start="14" name="AJ0-NN1"/>
                    <label end="27" start="22" name="NN1"/>
                    <label end="30" start="29" name="VBZ"/>
                    <label end="40" start="32" name="AJ0"/>
                    <label end="42" start="42" name="PUN"/>
                    <label end="46" start="44" name="AT0"/>
                    <label end="54" start="48" name="AJ0-NN1"/>
                    <label end="64" start="56" name="AJ0-NN1"/>
                    <label end="69" start="66" name="NN1"/>
                    <label end="73" start="71" name="CJC"/>
                    <label end="79" start="75" name="AJ0"/>
                    <label end="89" start="81" name="AJ0"/>
                    <label end="94" start="91" name="NN1"/>
                    <label end="98" start="96" name="VVD"/>
                    <label end="100" start="100" name="AT0"/>
                    <label end="109" start="102" name="AJ0-NN1"/>
                    <label end="114" start="111" name="CJT"/>
                    <label end="119" start="116" name="DT0"/>
                    <label end="133" start="121" name="NN2"/>
                    <label end="139" start="135" name="VM0"/>
                    <label end="144" start="141" name="VVI"/>
                    <label end="147" start="146" name="TO0"/>
                    <label end="155" start="149" name="VVI"/>
                    <label end="157" start="157" name="PUN"/>
                </layer>
                <layer rank="1" name="NER"/>
                <layer rank="1" name="WSL"/>
            </annotationSet>
            <annotationSet cDate="01/08/2003 12:55:02 PST Wed" status="MANUAL" ID="1577537">
                <layer rank="1" name="FE">
                    <label cBy="hmC" feID="2261" end="94" start="91" name="Location"/>
                    <label cBy="hmC" feID="3491" end="79" start="75" name="Depictive"/>
                    <label cBy="Hay" feID="2260" end="89" start="81" name="Theme"/>
                </layer>
                <layer rank="1" name="GF">
                    <label end="94" start="91" name="Head"/>
                    <label end="79" start="75" name="Dep"/>
                </layer>
                <layer rank="1" name="PT">
                    <label end="94" start="91" name="N"/>
                    <label end="79" start="75" name="A"/>
                </layer>
                <layer rank="1" name="Sent"/>
                <layer rank="1" name="Other"/>
                <layer rank="1" name="Target">
                    <label cBy="BoC" end="89" start="81" name="Target"/>
                </layer>
                <layer rank="1" name="Adj"/>
            </annotationSet>
        </sentence>
        <sentence sentNo="0" aPos="24909158" ID="1063067">
            <text>The lacquered fingerboard felt to me like those few maple-boarded Les Pauls that Gibson made during the late '70s/early '80s . </text>
            <annotationSet cDate="01/08/2003 12:55:02 PST Wed" status="UNANN" ID="1577538">
                <layer rank="1" name="BNC">
                    <label end="2" start="0" name="AT0"/>
                    <label end="12" start="4" name="AJ0"/>
                    <label end="24" start="14" name="NN1"/>
                    <label end="29" start="26" name="VVD-VVN"/>
                    <label end="32" start="31" name="PRP"/>
                    <label end="35" start="34" name="PNP"/>
                    <label end="40" start="37" name="PRP"/>
                    <label end="46" start="42" name="DT0"/>
                    <label end="50" start="48" name="DT0"/>
                    <label end="64" start="52" name="AJ0"/>
                    <label end="68" start="66" name="NP0"/>
                    <label end="74" start="70" name="NP0"/>
                    <label end="79" start="76" name="CJT"/>
                    <label end="86" start="81" name="NP0"/>
                    <label end="91" start="88" name="VVD"/>
                    <label end="98" start="93" name="PRP"/>
                    <label end="102" start="100" name="AT0"/>
                    <label end="107" start="104" name="AJ0"/>
                    <label end="118" start="109" name="UNC"/>
                    <label end="123" start="120" name="UNC"/>
                    <label end="125" start="125" name="PUN"/>
                </layer>
                <layer rank="1" name="NER"/>
                <layer rank="1" name="WSL"/>
            </annotationSet>
            <annotationSet cDate="01/08/2003 12:55:02 PST Wed" status="MANUAL" ID="1577539">
                <layer rank="1" name="FE">
                    <label cBy="hmC" feID="2261" end="24" start="14" name="Location"/>
                    <label cBy="Hay" feID="2260" end="12" start="4" name="Theme"/>
                </layer>
                <layer rank="1" name="GF">
                    <label end="24" start="14" name="Head"/>
                </layer>
                <layer rank="1" name="PT">
                    <label end="24" start="14" name="N"/>
                </layer>
                <layer rank="1" name="Sent"/>
                <layer rank="1" name="Other"/>
                <layer rank="1" name="Target">
                    <label cBy="BoC" end="12" start="4" name="Target"/>
                </layer>
                <layer rank="1" name="Adj"/>
            </annotationSet>
        </sentence>
        <sentence sentNo="0" aPos="24960962" ID="1063068">
            <text>The maple neck is matt lacquered , the profile having that modern sort of ` shallow dish &quot; feel to it . </text>
            <annotationSet cDate="01/08/2003 12:55:02 PST Wed" status="UNANN" ID="1577540">
                <layer rank="1" name="BNC">
                    <label end="2" start="0" name="AT0"/>
                    <label end="8" start="4" name="NN1"/>
                    <label end="13" start="10" name="NN1"/>
                    <label end="16" start="15" name="VBZ"/>
                    <label end="21" start="18" name="AJ0"/>
                    <label end="31" start="23" name="AJ0"/>
                    <label end="33" start="33" name="PUN"/>
                    <label end="37" start="35" name="AT0"/>
                    <label end="45" start="39" name="NN1"/>
                    <label end="52" start="47" name="VHG"/>
                    <label end="57" start="54" name="DT0"/>
                    <label end="64" start="59" name="AJ0"/>
                    <label end="69" start="66" name="NN1"/>
                    <label end="72" start="71" name="PRF"/>
                    <label end="74" start="74" name="PUQ"/>
                    <label end="82" start="76" name="AJ0"/>
                    <label end="87" start="84" name="NN1"/>
                    <label end="89" start="89" name="PUQ"/>
                    <label end="94" start="91" name="VVB"/>
                    <label end="97" start="96" name="PRP"/>
                    <label end="100" start="99" name="PNP"/>
                    <label end="102" start="102" name="PUN"/>
                </layer>
                <layer rank="1" name="NER"/>
                <layer rank="1" name="WSL"/>
            </annotationSet>
            <annotationSet cDate="01/08/2003 12:55:02 PST Wed" status="MANUAL" ID="1577541">
                <layer rank="1" name="FE">
                    <label cBy="hmC" feID="3491" end="21" start="18" name="Depictive"/>
                    <label cBy="hmC" feID="2261" end="13" start="0" name="Location"/>
                    <label cBy="Hay" feID="2260" end="31" start="23" name="Theme"/>
                </layer>
                <layer rank="1" name="GF">
                    <label end="21" start="18" name="Dep"/>
                    <label end="13" start="0" name="Ext"/>
                </layer>
                <layer rank="1" name="PT">
                    <label end="21" start="18" name="A"/>
                    <label end="13" start="0" name="NP"/>
                </layer>
                <layer rank="1" name="Sent"/>
                <layer rank="1" name="Other"/>
                <layer rank="1" name="Target">
                    <label cBy="BoC" end="31" start="23" name="Target"/>
                </layer>
                <layer rank="1" name="Adj">
                    <label end="16" start="15" name="Cop"/>
                </layer>
            </annotationSet>
        </sentence>
        <sentence sentNo="0" aPos="30614333" ID="1063071">
            <text>Go for wholewheat and grain breads every time ; make sure that they are not lacquered with butter and laden with high-fat fillings . </text>
            <annotationSet cDate="01/08/2003 12:55:03 PST Wed" status="UNANN" ID="1577546">
                <layer rank="1" name="BNC">
                    <label end="1" start="0" name="VVB"/>
                    <label end="5" start="3" name="PRP"/>
                    <label end="16" start="7" name="NN1"/>
                    <label end="20" start="18" name="CJC"/>
                    <label end="26" start="22" name="NN1"/>
                    <label end="33" start="28" name="NN2-VVZ"/>
                    <label end="39" start="35" name="AT0"/>
                    <label end="44" start="41" name="NN1"/>
                    <label end="46" start="46" name="PUN"/>
                    <label end="51" start="48" name="VVB"/>
                    <label end="56" start="53" name="AJ0"/>
                    <label end="61" start="58" name="CJT"/>
                    <label end="66" start="63" name="PNP"/>
                    <label end="70" start="68" name="VBB"/>
                    <label end="74" start="72" name="XX0"/>
                    <label end="84" start="76" name="VVN"/>
                    <label end="89" start="86" name="PRP"/>
                    <label end="96" start="91" name="NN1"/>
                    <label end="100" start="98" name="CJC"/>
                    <label end="106" start="102" name="AJ0-VVN"/>
                    <label end="111" start="108" name="PRP"/>
                    <label end="120" start="113" name="AJ0"/>
                    <label end="129" start="122" name="NN2"/>
                    <label end="131" start="131" name="PUN"/>
                </layer>
                <layer rank="1" name="NER"/>
                <layer rank="1" name="WSL"/>
            </annotationSet>
            <annotationSet cDate="01/08/2003 12:55:03 PST Wed" status="MANUAL" ID="1577547">
                <layer rank="1" name="FE">
                    <label cBy="hmC" feID="2261" end="66" start="63" name="Location"/>
                    <label cBy="hmC" feID="2260" end="96" start="86" name="Theme"/>
                </layer>
                <layer rank="1" name="GF">
                    <label end="66" start="63" name="Ext"/>
                    <label end="96" start="86" name="Dep"/>
                </layer>
                <layer rank="1" name="PT">
                    <label end="66" start="63" name="NP"/>
                    <label end="96" start="86" name="PP"/>
                </layer>
                <layer rank="1" name="Sent"/>
                <layer rank="1" name="Other"/>
                <layer rank="1" name="Target">
                    <label cBy="BoC" end="84" start="76" name="Target"/>
                </layer>
                <layer rank="1" name="Adj">
                    <label end="70" start="68" name="Cop"/>
                </layer>
            </annotationSet>
        </sentence>
        <sentence sentNo="0" aPos="46951547" ID="1063079">
            <text>This gleaming white kitchen has high-gloss lacquered units finished with brass rails and handles . </text>
            <annotationSet cDate="01/08/2003 12:55:06 PST Wed" status="UNANN" ID="1577562">
                <layer rank="1" name="BNC">
                    <label end="3" start="0" name="DT0"/>
                    <label end="12" start="5" name="AJ0-VVG"/>
                    <label end="18" start="14" name="AJ0"/>
                    <label end="26" start="20" name="NN1"/>
                    <label end="30" start="28" name="VHZ"/>
                    <label end="41" start="32" name="NN1"/>
                    <label end="51" start="43" name="VVN"/>
                    <label end="57" start="53" name="NN2"/>
                    <label end="66" start="59" name="VVD-VVN"/>
                    <label end="71" start="68" name="PRP"/>
                    <label end="77" start="73" name="NN1"/>
                    <label end="83" start="79" name="NN2"/>
                    <label end="87" start="85" name="CJC"/>
                    <label end="95" start="89" name="NN2"/>
                    <label end="97" start="97" name="PUN"/>
                </layer>
                <layer rank="1" name="NER"/>
                <layer rank="1" name="WSL"/>
            </annotationSet>
            <annotationSet cDate="01/08/2003 12:55:06 PST Wed" status="MANUAL" ID="1577563">
                <layer rank="1" name="FE">
                    <label cBy="hmC" feID="2261" end="57" start="53" name="Location"/>
                    <label cBy="hmC" feID="3491" end="41" start="32" name="Depictive"/>
                    <label cBy="Hay" feID="2260" end="51" start="43" name="Theme"/>
                </layer>
                <layer rank="1" name="GF">
                    <label end="57" start="53" name="Head"/>
                    <label end="41" start="32" name="Dep"/>
                </layer>
                <layer rank="1" name="PT">
                    <label end="57" start="53" name="N"/>
                    <label end="41" start="32" name="A"/>
                </layer>
                <layer rank="1" name="Sent"/>
                <layer rank="1" name="Other"/>
                <layer rank="1" name="Target">
                    <label cBy="BoC" end="51" start="43" name="Target"/>
                </layer>
                <layer rank="1" name="Adj"/>
            </annotationSet>
        </sentence>
        <sentence sentNo="0" aPos="48884266" ID="1063081">
            <text>The lacquered table , using the same veneers , had been slightly disappointing in colour . </text>
            <annotationSet cDate="01/08/2003 12:55:06 PST Wed" status="UNANN" ID="1577566">
                <layer rank="1" name="BNC">
                    <label end="2" start="0" name="AT0"/>
                    <label end="12" start="4" name="AJ0"/>
                    <label end="18" start="14" name="NN1"/>
                    <label end="20" start="20" name="PUN"/>
                    <label end="26" start="22" name="VVG"/>
                    <label end="30" start="28" name="AT0"/>
                    <label end="35" start="32" name="DT0"/>
                    <label end="43" start="37" name="NN2"/>
                    <label end="45" start="45" name="PUN"/>
                    <label end="49" start="47" name="VHD"/>
                    <label end="54" start="51" name="VBN"/>
                    <label end="63" start="56" name="AV0"/>
                    <label end="77" start="65" name="VVG"/>
                    <label end="80" start="79" name="PRP"/>
                    <label end="87" start="82" name="NN1"/>
                    <label end="89" start="89" name="PUN"/>
                </layer>
                <layer rank="1" name="NER"/>
                <layer rank="1" name="WSL"/>
            </annotationSet>
            <annotationSet cDate="01/08/2003 12:55:06 PST Wed" status="MANUAL" ID="1577567">
                <layer rank="1" name="FE">
                    <label cBy="hmC" feID="2261" end="18" start="14" name="Location"/>
                    <label cBy="Hay" feID="2260" end="12" start="4" name="Theme"/>
                </layer>
                <layer rank="1" name="GF">
                    <label end="18" start="14" name="Head"/>
                </layer>
                <layer rank="1" name="PT">
                    <label end="18" start="14" name="N"/>
                </layer>
                <layer rank="1" name="Sent"/>
                <layer rank="1" name="Other"/>
                <layer rank="1" name="Target">
                    <label cBy="BoC" end="12" start="4" name="Target"/>
                </layer>
                <layer rank="1" name="Adj"/>
            </annotationSet>
        </sentence>
        <sentence sentNo="0" aPos="53633465" ID="1063085">
            <text>And M. Chaillot arranged himself in front of an eighteenth-century writing-table , lacquered with green vernis Martin . </text>
            <annotationSet cDate="01/08/2003 12:55:06 PST Wed" status="UNANN" ID="1577574">
                <layer rank="1" name="BNC">
                    <label end="2" start="0" name="CJC"/>
                    <label end="5" start="4" name="NP0"/>
                    <label end="14" start="7" name="NP0"/>
                    <label end="23" start="16" name="VVD"/>
                    <label end="31" start="25" name="PNX"/>
                    <label end="34" start="33" name="PRP"/>
                    <label end="40" start="36" name="PRP"/>
                    <label end="43" start="42" name="PRP"/>
                    <label end="46" start="45" name="AT0"/>
                    <label end="65" start="48" name="AJ0"/>
                    <label end="79" start="67" name="NN1"/>
                    <label end="81" start="81" name="PUN"/>
                    <label end="91" start="83" name="VVD-VVN"/>
                    <label end="96" start="93" name="PRP"/>
                    <label end="102" start="98" name="AJ0"/>
                    <label end="109" start="104" name="NN1"/>
                    <label end="116" start="111" name="NP0"/>
                    <label end="118" start="118" name="PUN"/>
                </layer>
                <layer rank="1" name="NER"/>
                <layer rank="1" name="WSL"/>
            </annotationSet>
            <annotationSet cDate="01/08/2003 12:55:06 PST Wed" status="MANUAL" ID="1577575">
                <layer rank="1" name="FE">
                    <label cBy="hmC" feID="2260" end="116" start="93" name="Theme"/>
                    <label cBy="hmC" feID="2261" end="79" start="45" name="Location"/>
                </layer>
                <layer rank="1" name="GF">
                    <label end="116" start="93" name="Dep"/>
                    <label end="79" start="45" name="Ext"/>
                </layer>
                <layer rank="1" name="PT">
                    <label end="116" start="93" name="PP"/>
                    <label end="79" start="45" name="NP"/>
                </layer>
                <layer rank="1" name="Sent"/>
                <layer rank="1" name="Other"/>
                <layer rank="1" name="Target">
                    <label cBy="BoC" end="91" start="83" name="Target"/>
                </layer>
                <layer rank="1" name="Adj"/>
            </annotationSet>
        </sentence>
        <sentence sentNo="0" aPos="58769260" ID="1063088">
            <text>They would have fresh-ground coffee in red lacquered pots at Mrs Rundle 's new house , Melanie was certain of it . </text>
            <annotationSet cDate="01/08/2003 12:55:07 PST Wed" status="UNANN" ID="1577580">
                <layer rank="1" name="BNC">
                    <label end="3" start="0" name="PNP"/>
                    <label end="9" start="5" name="VM0"/>
                    <label end="14" start="11" name="VHI"/>
                    <label end="27" start="16" name="AJ0"/>
                    <label end="34" start="29" name="NN1"/>
                    <label end="37" start="36" name="PRP"/>
                    <label end="41" start="39" name="AJ0"/>
                    <label end="51" start="43" name="AJ0"/>
                    <label end="56" start="53" name="NN2"/>
                    <label end="59" start="58" name="PRP"/>
                    <label end="63" start="61" name="NP0"/>
                    <label end="70" start="65" name="NP0"/>
                    <label end="73" start="72" name="POS"/>
                    <label end="77" start="75" name="AJ0"/>
                    <label end="83" start="79" name="NN1"/>
                    <label end="85" start="85" name="PUN"/>
                    <label end="93" start="87" name="NP0"/>
                    <label end="97" start="95" name="VBD"/>
                    <label end="105" start="99" name="AJ0"/>
                    <label end="108" start="107" name="PRF"/>
                    <label end="111" start="110" name="PNP"/>
                    <label end="113" start="113" name="PUN"/>
                </layer>
                <layer rank="1" name="NER"/>
                <layer rank="1" name="WSL"/>
            </annotationSet>
            <annotationSet cDate="01/08/2003 12:55:07 PST Wed" status="MANUAL" ID="1577581">
                <layer rank="1" name="FE">
                    <label cBy="hmC" feID="3491" end="41" start="39" name="Depictive"/>
                    <label cBy="hmC" feID="2261" end="56" start="53" name="Location"/>
                    <label cBy="Hay" feID="2260" end="51" start="43" name="Theme"/>
                </layer>
                <layer rank="1" name="GF">
                    <label end="41" start="39" name="Dep"/>
                    <label end="56" start="53" name="Head"/>
                </layer>
                <layer rank="1" name="PT">
                    <label end="41" start="39" name="A"/>
                    <label end="56" start="53" name="N"/>
                </layer>
                <layer rank="1" name="Sent"/>
                <layer rank="1" name="Other"/>
                <layer rank="1" name="Target">
                    <label cBy="BoC" end="51" start="43" name="Target"/>
                </layer>
                <layer rank="1" name="Adj"/>
            </annotationSet>
        </sentence>
        <sentence sentNo="0" aPos="59938627" ID="1063089">
            <text>He had already observed that many of the officers , especially the older men like Burun , had fingernails which were lacquered or overlaid with silver or gold . </text>
            <annotationSet cDate="01/08/2003 12:55:07 PST Wed" status="UNANN" ID="1577582">
                <layer rank="1" name="BNC">
                    <label end="1" start="0" name="PNP"/>
                    <label end="5" start="3" name="VHD"/>
                    <label end="13" start="7" name="AV0"/>
                    <label end="22" start="15" name="VVN"/>
                    <label end="27" start="24" name="CJT"/>
                    <label end="32" start="29" name="DT0"/>
                    <label end="35" start="34" name="PRF"/>
                    <label end="39" start="37" name="AT0"/>
                    <label end="48" start="41" name="NN2"/>
                    <label end="50" start="50" name="PUN"/>
                    <label end="61" start="52" name="AV0"/>
                    <label end="65" start="63" name="AT0"/>
                    <label end="71" start="67" name="AJC"/>
                    <label end="75" start="73" name="NN2"/>
                    <label end="80" start="77" name="PRP"/>
                    <label end="86" start="82" name="NN1-NP0"/>
                    <label end="88" start="88" name="PUN"/>
                    <label end="92" start="90" name="VHD"/>
                    <label end="104" start="94" name="NN2"/>
                    <label end="110" start="106" name="DTQ"/>
                    <label end="115" start="112" name="VBD"/>
                    <label end="125" start="117" name="AJ0-VVN"/>
                    <label end="128" start="127" name="CJC"/>
                    <label end="137" start="130" name="VVD-VVN"/>
                    <label end="142" start="139" name="PRP"/>
                    <label end="149" start="144" name="NN1"/>
                    <label end="152" start="151" name="CJC"/>
                    <label end="157" start="154" name="NN1"/>
                    <label end="159" start="159" name="PUN"/>
                </layer>
                <layer rank="1" name="NER"/>
                <layer rank="1" name="WSL"/>
            </annotationSet>
            <annotationSet cDate="01/08/2003 12:55:07 PST Wed" status="MANUAL" ID="1577583">
                <layer rank="1" name="FE">
                    <label cBy="hmC" feID="2261" end="104" start="94" name="Location"/>
                    <label cBy="hmC" feID="2260" end="157" start="139" name="Theme"/>
                    <label cBy="Hay" feID="2261" end="110" start="106" name="Location"/>
                </layer>
                <layer rank="1" name="GF">
                    <label end="104" start="94" name="Ext"/>
                    <label end="157" start="139" name="Dep"/>
                    <label end="110" start="106" name="Ext"/>
                </layer>
                <layer rank="1" name="PT">
                    <label end="104" start="94" name="NP"/>
                    <label end="157" start="139" name="PP"/>
                    <label end="110" start="106" name="NP"/>
                </layer>
                <layer rank="1" name="Sent"/>
                <layer rank="1" name="Other">
                    <label end="104" start="94" name="Ant"/>
                    <label end="110" start="106" name="Rel"/>
                </layer>
                <layer rank="1" name="Target">
                    <label cBy="BoC" end="125" start="117" name="Target"/>
                </layer>
                <layer rank="1" name="Adj">
                    <label end="115" start="112" name="Cop"/>
                </layer>
            </annotationSet>
        </sentence>
        <sentence sentNo="0" aPos="69189920" ID="1063093">
            <text>There was something restless in the sergeant 's tone and the way he held himself , his black lacquered moccasins tapping on the carpet tiles . </text>
            <annotationSet cDate="01/08/2003 12:55:07 PST Wed" status="UNANN" ID="1577590">
                <layer rank="1" name="BNC">
                    <label end="4" start="0" name="EX0"/>
                    <label end="8" start="6" name="VBD"/>
                    <label end="18" start="10" name="PNI"/>
                    <label end="27" start="20" name="AJ0"/>
                    <label end="30" start="29" name="PRP"/>
                    <label end="34" start="32" name="AT0"/>
                    <label end="43" start="36" name="NN1"/>
                    <label end="46" start="45" name="POS"/>
                    <label end="51" start="48" name="NN1"/>
                    <label end="55" start="53" name="CJC"/>
                    <label end="59" start="57" name="AT0"/>
                    <label end="63" start="61" name="NN1"/>
                    <label end="66" start="65" name="PNP"/>
                    <label end="71" start="68" name="VVD"/>
                    <label end="79" start="73" name="PNX"/>
                    <label end="81" start="81" name="PUN"/>
                    <label end="85" start="83" name="DPS"/>
                    <label end="91" start="87" name="AJ0"/>
                    <label end="101" start="93" name="AJ0"/>
                    <label end="111" start="103" name="NN2"/>
                    <label end="119" start="113" name="VVG"/>
                    <label end="122" start="121" name="PRP"/>
                    <label end="126" start="124" name="AT0"/>
                    <label end="133" start="128" name="NN1"/>
                    <label end="139" start="135" name="NN2"/>
                    <label end="141" start="141" name="PUN"/>
                </layer>
                <layer rank="1" name="NER"/>
                <layer rank="1" name="WSL"/>
            </annotationSet>
            <annotationSet cDate="01/08/2003 12:55:07 PST Wed" status="MANUAL" ID="1577591">
                <layer rank="1" name="FE">
                    <label cBy="hmC" feID="2261" end="111" start="103" name="Location"/>
                    <label cBy="hmC" feID="3491" end="91" start="87" name="Depictive"/>
                    <label cBy="Hay" feID="2260" end="101" start="93" name="Theme"/>
                </layer>
                <layer rank="1" name="GF">
                    <label end="111" start="103" name="Head"/>
                    <label end="91" start="87" name="Dep"/>
                </layer>
                <layer rank="1" name="PT">
                    <label end="111" start="103" name="N"/>
                    <label end="91" start="87" name="A"/>
                </layer>
                <layer rank="1" name="Sent"/>
                <layer rank="1" name="Other"/>
                <layer rank="1" name="Target">
                    <label cBy="BoC" end="101" start="93" name="Target"/>
                </layer>
                <layer rank="1" name="Adj"/>
            </annotationSet>
        </sentence>
        <sentence sentNo="0" aPos="79115148" ID="1063097">
            <text>Miss Mates was carrying a black lacquered tray with a delicately flowered china tea-set on it -- Wedgwood , Sally-Anne noted -- and a silver teapot . </text>
            <annotationSet cDate="01/08/2003 12:55:08 PST Wed" status="UNANN" ID="1577598">
                <layer rank="1" name="BNC">
                    <label end="3" start="0" name="NP0"/>
                    <label end="9" start="5" name="NP0"/>
                    <label end="13" start="11" name="VBD"/>
                    <label end="22" start="15" name="VVG"/>
                    <label end="24" start="24" name="AT0"/>
                    <label end="30" start="26" name="AJ0"/>
                    <label end="40" start="32" name="AJ0"/>
                    <label end="45" start="42" name="NN1"/>
                    <label end="50" start="47" name="PRP"/>
                    <label end="52" start="52" name="AT0"/>
                    <label end="63" start="54" name="AV0"/>
                    <label end="72" start="65" name="AJ0"/>
                    <label end="78" start="74" name="NN1"/>
                    <label end="86" start="80" name="NN1-VVB"/>
                    <label end="89" start="88" name="PRP"/>
                    <label end="92" start="91" name="PNP"/>
                    <label end="95" start="94" name="PUN"/>
                    <label end="104" start="97" name="NP0"/>
                    <label end="106" start="106" name="PUN"/>
                    <label end="117" start="108" name="NP0"/>
                    <label end="123" start="119" name="VVD"/>
                    <label end="126" start="125" name="PUN"/>
                    <label end="130" start="128" name="CJC"/>
                    <label end="132" start="132" name="AT0"/>
                    <label end="139" start="134" name="AJ0-NN1"/>
                    <label end="146" start="141" name="NN1"/>
                    <label end="148" start="148" name="PUN"/>
                </layer>
                <layer rank="1" name="NER"/>
                <layer rank="1" name="WSL"/>
            </annotationSet>
            <annotationSet cDate="01/08/2003 12:55:08 PST Wed" status="MANUAL" ID="1577599">
                <layer rank="1" name="FE">
                    <label cBy="hmC" feID="3491" end="30" start="26" name="Depictive"/>
                    <label cBy="hmC" feID="2261" end="45" start="42" name="Location"/>
                    <label cBy="Hay" feID="2260" end="40" start="32" name="Theme"/>
                </layer>
                <layer rank="1" name="GF">
                    <label end="30" start="26" name="Dep"/>
                    <label end="45" start="42" name="Head"/>
                </layer>
                <layer rank="1" name="PT">
                    <label end="30" start="26" name="A"/>
                    <label end="45" start="42" name="N"/>
                </layer>
                <layer rank="1" name="Sent"/>
                <layer rank="1" name="Other"/>
                <layer rank="1" name="Target">
                    <label cBy="BoC" end="40" start="32" name="Target"/>
                </layer>
                <layer rank="1" name="Adj"/>
            </annotationSet>
        </sentence>
        <sentence sentNo="0" aPos="79980136" ID="1063102">
            <text>Another room I remember for its verve was all shiny dark green lacquered walls , gilded carpet and trompe l'oeil painted walls which looked like real draperies : a theatrical , stunning experience . </text>
            <annotationSet cDate="01/08/2003 12:55:08 PST Wed" status="UNANN" ID="1577608">
                <layer rank="1" name="BNC">
                    <label end="6" start="0" name="DT0"/>
                    <label end="11" start="8" name="NN1"/>
                    <label end="13" start="13" name="PNP"/>
                    <label end="22" start="15" name="VVB"/>
                    <label end="26" start="24" name="PRP"/>
                    <label end="30" start="28" name="DPS"/>
                    <label end="36" start="32" name="NN1"/>
                    <label end="40" start="38" name="VBD"/>
                    <label end="44" start="42" name="DT0"/>
                    <label end="50" start="46" name="AJ0"/>
                    <label end="55" start="52" name="AJ0"/>
                    <label end="61" start="57" name="AJ0-NN1"/>
                    <label end="71" start="63" name="AJ0-VVD"/>
                    <label end="77" start="73" name="NN2"/>
                    <label end="79" start="79" name="PUN"/>
                    <label end="86" start="81" name="AJ0-VVD"/>
                    <label end="93" start="88" name="NN1"/>
                    <label end="97" start="95" name="CJC"/>
                    <label end="104" start="99" name="NN1"/>
                    <label end="111" start="106" name="NN1-VVB"/>
                    <label end="119" start="113" name="AJ0-VVN"/>
                    <label end="125" start="121" name="NN2"/>
                    <label end="131" start="127" name="DTQ"/>
                    <label end="138" start="133" name="VVD"/>
                    <label end="143" start="140" name="PRP"/>
                    <label end="148" start="145" name="AJ0"/>
                    <label end="158" start="150" name="NN2"/>
                    <label end="160" start="160" name="PUN"/>
                    <label end="162" start="162" name="AT0"/>
                    <label end="173" start="164" name="AJ0"/>
                    <label end="175" start="175" name="PUN"/>
                    <label end="184" start="177" name="AJ0"/>
                    <label end="195" start="186" name="NN1"/>
                    <label end="197" start="197" name="PUN"/>
                </layer>
                <layer rank="1" name="NER"/>
                <layer rank="1" name="WSL"/>
            </annotationSet>
            <annotationSet cDate="01/08/2003 12:55:09 PST Wed" status="MANUAL" ID="1577609">
                <layer rank="1" name="FE">
                    <label cBy="hmC" feID="3491" end="50" start="46" name="Depictive"/>
                    <label cBy="hmC" feID="3491" end="61" start="52" name="Depictive"/>
                    <label cBy="hmC" feID="2261" end="77" start="73" name="Location"/>
                    <label cBy="Hay" feID="2260" end="71" start="63" name="Theme"/>
                </layer>
                <layer rank="1" name="GF">
                    <label end="50" start="46" name="Dep"/>
                    <label end="61" start="52" name="Dep"/>
                    <label end="77" start="73" name="Head"/>
                </layer>
                <layer rank="1" name="PT">
                    <label end="50" start="46" name="A"/>
                    <label end="61" start="52" name="A"/>
                    <label end="77" start="73" name="N"/>
                </layer>
                <layer rank="1" name="Sent"/>
                <layer rank="1" name="Other"/>
                <layer rank="1" name="Target">
                    <label cBy="BoC" end="71" start="63" name="Target"/>
                </layer>
                <layer rank="1" name="Adj"/>
            </annotationSet>
        </sentence>
    </subCorpus>
</lexUnit>