<?xml version="1.0" encoding="UTF-8" standalone="yes"?>
<?xml-stylesheet type="text/xsl" href="lexUnit.xsl"?>
<lexUnit status="Created" POS="N" name="job.n" ID="7117" frame="Being_obligated" frameID="392" totalAnnotated="2" xsi:schemaLocation="../schema/lexUnit.xsd" xmlns="http://framenet.icsi.berkeley.edu" xmlns:xsi="http://www.w3.org/2001/XMLSchema-instance">
    <header>
        <corpus description="Texts from Nuclear Threat Initiative website, created by Center for Non-Proliferation Studies" name="NTI" ID="135">
            <document description="WMD News 06/26/2006" name="WMDNews_062606" ID="23621"/>
        </corpus>
        <corpus description="LUCorpus-v0.3" name="LUCorpus-v0.3" ID="205">
            <document description="20000415_apw_eng-NEW" name="20000415_apw_eng-NEW" ID="23703"/>
        </corpus>
        <frame>
            <FE fgColor="FFFFFF" bgColor="9400D3" type="Extra-Thematic" abbrev="con" name="Condition"/>
            <FE fgColor="FFFFFF" bgColor="00008B" type="Peripheral" abbrev="Con" name="Consequence"/>
            <FE fgColor="FFFFFF" bgColor="008000" type="Core" abbrev="Duty" name="Duty"/>
            <FE fgColor="FFFFFF" bgColor="FF69B4" type="Extra-Thematic" abbrev="" name="Frequency"/>
            <FE fgColor="FFFFFF" bgColor="0000FF" type="Peripheral" abbrev="pla" name="Place"/>
            <FE fgColor="FFFFFF" bgColor="FF0000" type="Core" abbrev="Resp" name="Responsible_party"/>
            <FE fgColor="FFFFFF" bgColor="FFA500" type="Peripheral" abbrev="tim" name="Time"/>
        </frame>
    </header>
    <definition>COD: a responsibility or duty. </definition>
    <lexeme POS="N" name="job"/>
    <valences>
        <FERealization total="2">
            <FE name="Duty"/>
            <pattern total="1">
                <valenceUnit GF="" PT="DEN" FE="Duty"/>
                <annoSet ID="6544956"/>
            </pattern>
            <pattern total="1">
                <valenceUnit GF="Dep" PT="VPto" FE="Duty"/>
                <annoSet ID="6536946"/>
            </pattern>
        </FERealization>
        <FERealization total="1">
            <FE name="Responsible_party"/>
            <pattern total="1">
                <valenceUnit GF="Gen" PT="Poss" FE="Responsible_party"/>
                <annoSet ID="6536946"/>
            </pattern>
        </FERealization>
        <FEGroupRealization total="1">
            <FE name="Duty"/>
            <pattern total="1">
                <valenceUnit GF="" PT="DEN" FE="Duty"/>
                <annoSet ID="6544956"/>
            </pattern>
        </FEGroupRealization>
        <FEGroupRealization total="1">
            <FE name="Duty"/>
            <FE name="Responsible_party"/>
            <pattern total="1">
                <valenceUnit GF="Dep" PT="VPto" FE="Duty"/>
                <valenceUnit GF="Gen" PT="Poss" FE="Responsible_party"/>
                <annoSet ID="6536946"/>
            </pattern>
        </FEGroupRealization>
    </valences>
    <subCorpus name="manually-added">
        <sentence corpID="135" docID="23621" sentNo="2" paragNo="5" aPos="0" ID="4099748">
            <text>One of the biologists ' jobs , according to chief scientist Bernard Courtney , will be to create pathogens to match strains that terrorists are clandestinely producing and then develop vaccines and drugs to combat them .</text>
            <annotationSet cDate="07/18/2006 02:44:43 PDT Tue" status="UNANN" ID="6536834">
                <layer rank="1" name="PENN">
                    <label end="2" start="0" name="cd"/>
                    <label end="5" start="4" name="in"/>
                    <label end="9" start="7" name="dt"/>
                    <label end="20" start="11" name="nns"/>
                    <label end="22" start="22" name="POS"/>
                    <label end="27" start="24" name="nns"/>
                    <label end="29" start="29" name=","/>
                    <label end="39" start="31" name="VVG"/>
                    <label end="42" start="41" name="to"/>
                    <label end="48" start="44" name="jj"/>
                    <label end="58" start="50" name="nn"/>
                    <label end="66" start="60" name="NP"/>
                    <label end="75" start="68" name="NP"/>
                    <label end="77" start="77" name=","/>
                    <label end="82" start="79" name="md"/>
                    <label end="85" start="84" name="vb"/>
                    <label end="88" start="87" name="to"/>
                    <label end="95" start="90" name="VV"/>
                    <label end="105" start="97" name="nns"/>
                    <label end="108" start="107" name="to"/>
                    <label end="114" start="110" name="VV"/>
                    <label end="122" start="116" name="nns"/>
                    <label end="127" start="124" name="in"/>
                    <label end="138" start="129" name="nns"/>
                    <label end="142" start="140" name="vbp"/>
                    <label end="156" start="144" name="rb"/>
                    <label end="166" start="158" name="VVG"/>
                    <label end="170" start="168" name="cc"/>
                    <label end="175" start="172" name="rb"/>
                    <label end="183" start="177" name="VV"/>
                    <label end="192" start="185" name="nns"/>
                    <label end="196" start="194" name="cc"/>
                    <label end="202" start="198" name="nns"/>
                    <label end="205" start="204" name="to"/>
                    <label end="212" start="207" name="VV"/>
                    <label end="217" start="214" name="PP"/>
                    <label end="219" start="219" name="sent"/>
                </layer>
                <layer rank="1" name="NER">
                    <label end="75" start="60" name="person"/>
                </layer>
                <layer rank="1" name="WSL">
                    <label end="2" start="0" name="NT"/>
                    <label end="5" start="4" name="NT"/>
                    <label end="9" start="7" name="NT"/>
                    <label end="22" start="22" name="NT"/>
                    <label end="29" start="29" name="NT"/>
                    <label end="66" start="60" name="NT"/>
                    <label end="75" start="68" name="NT"/>
                    <label end="77" start="77" name="NT"/>
                    <label end="82" start="79" name="NT"/>
                    <label end="85" start="84" name="NT"/>
                    <label end="88" start="87" name="NT"/>
                    <label end="108" start="107" name="NT"/>
                    <label end="127" start="124" name="NT"/>
                    <label end="142" start="140" name="NT"/>
                    <label end="156" start="144" name="NT"/>
                    <label end="170" start="168" name="NT"/>
                    <label end="175" start="172" name="NT"/>
                    <label end="196" start="194" name="NT"/>
                    <label end="205" start="204" name="NT"/>
                    <label end="217" start="214" name="NT"/>
                    <label end="219" start="219" name="NT"/>
                    <label end="105" start="97" name="Nonrelational"/>
                </layer>
            </annotationSet>
            <annotationSet cDate="07/19/2006 12:46:51 PDT Wed" status="MANUAL" ID="6536946">
                <layer rank="1" name="Target">
                    <label cBy="KmG" end="27" start="24" name="Target"/>
                </layer>
                <layer rank="1" name="FE">
                    <label cBy="KmG" feID="3503" end="217" start="87" name="Duty"/>
                    <label cBy="KmG" feID="3502" end="22" start="7" name="Responsible_party"/>
                </layer>
                <layer rank="1" name="GF">
                    <label end="217" start="87" name="Dep"/>
                    <label end="22" start="7" name="Gen"/>
                </layer>
                <layer rank="1" name="PT">
                    <label end="217" start="87" name="VPto"/>
                    <label end="22" start="7" name="Poss"/>
                </layer>
                <layer rank="1" name="Other"/>
                <layer rank="1" name="Sent"/>
                <layer rank="1" name="Noun">
                    <label end="85" start="84" name="Cop"/>
                </layer>
            </annotationSet>
        </sentence>
        <sentence corpID="205" docID="23703" sentNo="2" paragNo="6" aPos="0" ID="4101342">
            <text>If supplies are not reaching the people who need them , Hall said , he wanted to find out whether the United Nations or relief agencies needed to handle things differently , or whether `` Iraq needs to get out of the way and let us do the job . ''</text>
            <annotationSet cDate="08/02/2007 09:01:06 PDT Thu" status="UNANN" ID="6544530">
                <layer rank="1" name="PENN">
                    <label end="1" start="0" name="in"/>
                    <label end="10" start="3" name="nns"/>
                    <label end="14" start="12" name="vbp"/>
                    <label end="18" start="16" name="rb"/>
                    <label end="27" start="20" name="VVG"/>
                    <label end="31" start="29" name="dt"/>
                    <label end="38" start="33" name="nns"/>
                    <label end="42" start="40" name="wp"/>
                    <label end="47" start="44" name="VVP"/>
                    <label end="52" start="49" name="PP"/>
                    <label end="54" start="54" name=","/>
                    <label end="59" start="56" name="NP"/>
                    <label end="64" start="61" name="VVD"/>
                    <label end="66" start="66" name=","/>
                    <label end="69" start="68" name="PP"/>
                    <label end="76" start="71" name="VVD"/>
                    <label end="79" start="78" name="to"/>
                    <label end="84" start="81" name="VV"/>
                    <label end="88" start="86" name="rp"/>
                    <label end="96" start="90" name="in"/>
                    <label end="100" start="98" name="dt"/>
                    <label end="107" start="102" name="NP"/>
                    <label end="115" start="109" name="NPS"/>
                    <label end="118" start="117" name="cc"/>
                    <label end="125" start="120" name="nn"/>
                    <label end="134" start="127" name="nns"/>
                    <label end="141" start="136" name="VVN"/>
                    <label end="144" start="143" name="to"/>
                    <label end="151" start="146" name="VV"/>
                    <label end="158" start="153" name="nns"/>
                    <label end="170" start="160" name="rb"/>
                    <label end="172" start="172" name=","/>
                    <label end="175" start="174" name="cc"/>
                    <label end="183" start="177" name="in"/>
                    <label end="186" start="185" name="``"/>
                    <label end="191" start="188" name="NP"/>
                    <label end="197" start="193" name="VVZ"/>
                    <label end="200" start="199" name="to"/>
                    <label end="204" start="202" name="VV"/>
                    <label end="208" start="206" name="rp"/>
                    <label end="211" start="210" name="in"/>
                    <label end="215" start="213" name="dt"/>
                    <label end="219" start="217" name="nn"/>
                    <label end="223" start="221" name="cc"/>
                    <label end="227" start="225" name="VV"/>
                    <label end="230" start="229" name="PP"/>
                    <label end="233" start="232" name="VV"/>
                    <label end="237" start="235" name="dt"/>
                    <label end="241" start="239" name="nn"/>
                    <label end="243" start="243" name="sent"/>
                    <label end="246" start="245" name="''"/>
                </layer>
                <layer rank="1" name="NER">
                    <label end="59" start="56" name="person"/>
                    <label end="115" start="102" name="organization"/>
                    <label end="191" start="188" name="GPE"/>
                </layer>
                <layer rank="1" name="WSL">
                    <label end="1" start="0" name="NT"/>
                    <label end="14" start="12" name="NT"/>
                    <label end="18" start="16" name="NT"/>
                    <label end="31" start="29" name="NT"/>
                    <label end="42" start="40" name="NT"/>
                    <label end="52" start="49" name="NT"/>
                    <label end="54" start="54" name="NT"/>
                    <label end="59" start="56" name="NT"/>
                    <label end="66" start="66" name="NT"/>
                    <label end="69" start="68" name="NT"/>
                    <label end="79" start="78" name="NT"/>
                    <label end="96" start="90" name="NT"/>
                    <label end="100" start="98" name="NT"/>
                    <label end="107" start="102" name="NT"/>
                    <label end="115" start="109" name="NT"/>
                    <label end="118" start="117" name="NT"/>
                    <label end="144" start="143" name="NT"/>
                    <label end="172" start="172" name="NT"/>
                    <label end="175" start="174" name="NT"/>
                    <label end="183" start="177" name="NT"/>
                    <label end="186" start="185" name="NT"/>
                    <label end="191" start="188" name="NT"/>
                    <label end="200" start="199" name="NT"/>
                    <label end="208" start="206" name="NT"/>
                    <label end="211" start="210" name="NT"/>
                    <label end="215" start="213" name="NT"/>
                    <label end="223" start="221" name="NT"/>
                    <label end="230" start="229" name="NT"/>
                    <label end="237" start="235" name="NT"/>
                    <label end="243" start="243" name="NT"/>
                    <label end="246" start="245" name="NT"/>
                </layer>
            </annotationSet>
            <annotationSet cDate="08/07/2007 12:29:36 PDT Tue" status="MANUAL" ID="6544956">
                <layer rank="1" name="Target">
                    <label cBy="KmG" end="241" start="239" name="Target"/>
                </layer>
                <layer rank="1" name="FE">
                    <label cBy="KmG" feID="3503" end="241" start="239" name="Duty"/>
                </layer>
                <layer rank="1" name="GF"/>
                <layer rank="1" name="PT"/>
                <layer rank="1" name="Other"/>
                <layer rank="1" name="Sent"/>
                <layer rank="1" name="Noun"/>
            </annotationSet>
        </sentence>
    </subCorpus>
</lexUnit>