<?xml version="1.0" encoding="UTF-8" standalone="yes"?>
<?xml-stylesheet type="text/xsl" href="lexUnit.xsl"?>
<lexUnit status="Finished_Initial" POS="A" name="horny.a" ID="7175" frame="Biological_urge" frameID="394" totalAnnotated="10" xsi:schemaLocation="../schema/lexUnit.xsd" xmlns="http://framenet.icsi.berkeley.edu" xmlns:xsi="http://www.w3.org/2001/XMLSchema-instance">
    <header>
        <frame>
            <FE fgColor="FFFFFF" bgColor="FF00FF" type="Peripheral" abbrev="Deg" name="Degree"/>
            <FE fgColor="FFFFFF" bgColor="006400" type="Peripheral" abbrev="Dur" name="Duration"/>
            <FE fgColor="FFFFFF" bgColor="FF0000" type="Core" abbrev="Exp" name="Experiencer"/>
            <FE fgColor="FFFFFF" bgColor="90876C" type="Extra-Thematic" abbrev="Exp" name="Explanation"/>
            <FE fgColor="FFFFFF" bgColor="0000FF" type="Core" abbrev="Expressor" name="Expressor"/>
            <FE fgColor="FFFFFF" bgColor="9400D3" type="Peripheral" abbrev="Par" name="Parameter"/>
            <FE fgColor="FFFFFF" bgColor="008000" type="Peripheral" abbrev="Place" name="Place"/>
            <FE fgColor="FFFFFF" bgColor="00BFFF" type="Core" abbrev="Stat" name="State"/>
            <FE fgColor="FFFFFF" bgColor="FFA500" type="Peripheral" abbrev="Time" name="Time"/>
        </frame>
    </header>
    <definition>COD: sexually aroused</definition>
    <lexeme POS="A" name="horny"/>
    <valences>
        <governor type="Ctrlr" lemma="feel">
            <annoSet ID="1607105"/>
            <annoSet ID="1607187"/>
            <annoSet ID="1607195"/>
        </governor>
        <FERealization total="5">
            <FE name="Degree"/>
            <pattern total="1">
                <valenceUnit GF="" PT="--" FE="Degree"/>
                <annoSet ID="1607167"/>
            </pattern>
            <pattern total="4">
                <valenceUnit GF="Dep" PT="AVP" FE="Degree"/>
                <annoSet ID="1607105"/>
                <annoSet ID="1607145"/>
                <annoSet ID="1607147"/>
                <annoSet ID="1607187"/>
            </pattern>
            <pattern total="1">
                <valenceUnit GF="Dep" PT="Sfin" FE="Degree"/>
                <annoSet ID="1607187"/>
            </pattern>
        </FERealization>
        <FERealization total="8">
            <FE name="Experiencer"/>
            <pattern total="2">
                <valenceUnit GF="Head" PT="N" FE="Experiencer"/>
                <annoSet ID="1607151"/>
                <annoSet ID="1607167"/>
            </pattern>
            <pattern total="5">
                <valenceUnit GF="Ext" PT="NP" FE="Experiencer"/>
                <annoSet ID="1607105"/>
                <annoSet ID="1607145"/>
                <annoSet ID="1607147"/>
                <annoSet ID="1607187"/>
                <annoSet ID="1607195"/>
            </pattern>
            <pattern total="1">
                <valenceUnit GF="Head" PT="NP" FE="Experiencer"/>
                <annoSet ID="1607131"/>
            </pattern>
        </FERealization>
        <FERealization total="2">
            <FE name="Expressor"/>
            <pattern total="2">
                <valenceUnit GF="Head" PT="N" FE="Expressor"/>
                <annoSet ID="1607161"/>
                <annoSet ID="1607215"/>
            </pattern>
        </FERealization>
        <FERealization total="1">
            <FE name="Time"/>
            <pattern total="1">
                <valenceUnit GF="Dep" PT="Sinterrog" FE="Time"/>
                <annoSet ID="1607147"/>
            </pattern>
        </FERealization>
        <FEGroupRealization total="1">
            <FE name="Degree"/>
            <FE name="Degree"/>
            <FE name="Experiencer"/>
            <pattern total="1">
                <valenceUnit GF="Dep" PT="AVP" FE="Degree"/>
                <valenceUnit GF="Dep" PT="Sfin" FE="Degree"/>
                <valenceUnit GF="Ext" PT="NP" FE="Experiencer"/>
                <annoSet ID="1607187"/>
            </pattern>
        </FEGroupRealization>
        <FEGroupRealization total="3">
            <FE name="Degree"/>
            <FE name="Experiencer"/>
            <pattern total="1">
                <valenceUnit GF="" PT="--" FE="Degree"/>
                <valenceUnit GF="Head" PT="N" FE="Experiencer"/>
                <annoSet ID="1607167"/>
            </pattern>
            <pattern total="2">
                <valenceUnit GF="Dep" PT="AVP" FE="Degree"/>
                <valenceUnit GF="Ext" PT="NP" FE="Experiencer"/>
                <annoSet ID="1607105"/>
                <annoSet ID="1607145"/>
            </pattern>
        </FEGroupRealization>
        <FEGroupRealization total="1">
            <FE name="Degree"/>
            <FE name="Experiencer"/>
            <FE name="Time"/>
            <pattern total="1">
                <valenceUnit GF="Dep" PT="AVP" FE="Degree"/>
                <valenceUnit GF="Ext" PT="NP" FE="Experiencer"/>
                <valenceUnit GF="Dep" PT="Sinterrog" FE="Time"/>
                <annoSet ID="1607147"/>
            </pattern>
        </FEGroupRealization>
        <FEGroupRealization total="3">
            <FE name="Experiencer"/>
            <pattern total="1">
                <valenceUnit GF="Head" PT="N" FE="Experiencer"/>
                <annoSet ID="1607151"/>
            </pattern>
            <pattern total="1">
                <valenceUnit GF="Ext" PT="NP" FE="Experiencer"/>
                <annoSet ID="1607195"/>
            </pattern>
            <pattern total="1">
                <valenceUnit GF="Head" PT="NP" FE="Experiencer"/>
                <annoSet ID="1607131"/>
            </pattern>
        </FEGroupRealization>
        <FEGroupRealization total="2">
            <FE name="Expressor"/>
            <pattern total="2">
                <valenceUnit GF="Head" PT="N" FE="Expressor"/>
                <annoSet ID="1607161"/>
                <annoSet ID="1607215"/>
            </pattern>
        </FEGroupRealization>
    </valences>
    <subCorpus name="A-001-all">
        <sentence sentNo="0" aPos="7902191" ID="1077850">
            <text>She had begun to feel quite horny herself reciting the exercise . </text>
            <annotationSet cDate="01/08/2003 01:31:06 PST Wed" status="UNANN" ID="1607104">
                <layer rank="1" name="BNC">
                    <label end="2" start="0" name="PNP"/>
                    <label end="6" start="4" name="VHD"/>
                    <label end="12" start="8" name="VVN"/>
                    <label end="15" start="14" name="TO0"/>
                    <label end="20" start="17" name="VVI"/>
                    <label end="26" start="22" name="AV0"/>
                    <label end="32" start="28" name="AJ0"/>
                    <label end="40" start="34" name="PNX"/>
                    <label end="49" start="42" name="VVG"/>
                    <label end="53" start="51" name="AT0"/>
                    <label end="62" start="55" name="NN1"/>
                    <label end="64" start="64" name="PUN"/>
                </layer>
                <layer rank="1" name="NER"/>
                <layer rank="1" name="WSL"/>
            </annotationSet>
            <annotationSet cDate="01/08/2003 01:31:06 PST Wed" status="MANUAL" ID="1607105">
                <layer rank="1" name="FE">
                    <label cBy="Sns" feID="3520" end="2" start="0" name="Experiencer"/>
                    <label cBy="Sns" feID="3519" end="26" start="22" name="Degree"/>
                </layer>
                <layer rank="1" name="GF">
                    <label end="2" start="0" name="Ext"/>
                    <label end="26" start="22" name="Dep"/>
                </layer>
                <layer rank="1" name="PT">
                    <label end="2" start="0" name="NP"/>
                    <label end="26" start="22" name="AVP"/>
                </layer>
                <layer rank="1" name="Sent"/>
                <layer rank="1" name="Other"/>
                <layer rank="1" name="Target">
                    <label cBy="BoC" end="32" start="28" name="Target"/>
                </layer>
                <layer rank="1" name="Adj">
                    <label end="20" start="17" name="Ctrlr"/>
                </layer>
            </annotationSet>
        </sentence>
        <sentence sentNo="0" aPos="23461642" ID="1077863">
            <text>I think you really ought to let your hair down and become one horny bitch ! </text>
            <annotationSet cDate="01/08/2003 01:31:08 PST Wed" status="UNANN" ID="1607130">
                <layer rank="1" name="BNC">
                    <label end="0" start="0" name="PNP"/>
                    <label end="6" start="2" name="VVB"/>
                    <label end="10" start="8" name="PNP"/>
                    <label end="17" start="12" name="AV0"/>
                    <label end="23" start="19" name="VM0"/>
                    <label end="26" start="25" name="TO0"/>
                    <label end="30" start="28" name="VVI"/>
                    <label end="35" start="32" name="DPS"/>
                    <label end="40" start="37" name="NN1"/>
                    <label end="45" start="42" name="AVP"/>
                    <label end="49" start="47" name="CJC"/>
                    <label end="56" start="51" name="VVB"/>
                    <label end="60" start="58" name="CRD"/>
                    <label end="66" start="62" name="AJ0"/>
                    <label end="72" start="68" name="NN1"/>
                    <label end="74" start="74" name="PUN"/>
                </layer>
                <layer rank="1" name="NER"/>
                <layer rank="1" name="WSL"/>
            </annotationSet>
            <annotationSet cDate="01/08/2003 01:31:08 PST Wed" status="MANUAL" ID="1607131">
                <layer rank="1" name="FE">
                    <label cBy="Sns" feID="3520" end="72" start="68" name="Experiencer"/>
                </layer>
                <layer rank="1" name="GF">
                    <label end="72" start="68" name="Head"/>
                </layer>
                <layer rank="1" name="PT">
                    <label end="72" start="68" name="NP"/>
                </layer>
                <layer rank="1" name="Sent"/>
                <layer rank="1" name="Other"/>
                <layer rank="1" name="Target">
                    <label cBy="BoC" end="66" start="62" name="Target"/>
                </layer>
                <layer rank="1" name="Adj"/>
            </annotationSet>
        </sentence>
        <sentence sentNo="0" aPos="30922327" ID="1077870">
            <text>He was a bit too horny to start with , but she had the four children and it was n't a problem now . </text>
            <annotationSet cDate="01/08/2003 01:31:08 PST Wed" status="UNANN" ID="1607144">
                <layer rank="1" name="BNC">
                    <label end="1" start="0" name="PNP"/>
                    <label end="5" start="3" name="VBD"/>
                    <label end="7" start="7" name="PNI"/>
                    <label end="11" start="9" name="PNI"/>
                    <label end="15" start="13" name="AV0"/>
                    <label end="21" start="17" name="AJ0"/>
                    <label end="24" start="23" name="TO0"/>
                    <label end="30" start="26" name="VVI"/>
                    <label end="35" start="32" name="PRP"/>
                    <label end="37" start="37" name="PUN"/>
                    <label end="41" start="39" name="CJC"/>
                    <label end="45" start="43" name="PNP"/>
                    <label end="49" start="47" name="VHD"/>
                    <label end="53" start="51" name="AT0"/>
                    <label end="58" start="55" name="CRD"/>
                    <label end="67" start="60" name="NN2"/>
                    <label end="71" start="69" name="CJC"/>
                    <label end="74" start="73" name="PNP"/>
                    <label end="78" start="76" name="VBD"/>
                    <label end="82" start="80" name="XX0"/>
                    <label end="84" start="84" name="AT0"/>
                    <label end="92" start="86" name="NN1"/>
                    <label end="96" start="94" name="AV0"/>
                    <label end="98" start="98" name="PUN"/>
                </layer>
                <layer rank="1" name="NER"/>
                <layer rank="1" name="WSL"/>
            </annotationSet>
            <annotationSet cDate="01/08/2003 01:31:08 PST Wed" status="MANUAL" ID="1607145">
                <layer rank="1" name="FE">
                    <label cBy="Sns" feID="3520" end="1" start="0" name="Experiencer"/>
                    <label cBy="Sns" feID="3519" end="15" start="7" name="Degree"/>
                </layer>
                <layer rank="1" name="GF">
                    <label end="1" start="0" name="Ext"/>
                    <label end="15" start="7" name="Dep"/>
                </layer>
                <layer rank="1" name="PT">
                    <label end="1" start="0" name="NP"/>
                    <label end="15" start="7" name="AVP"/>
                </layer>
                <layer rank="1" name="Sent"/>
                <layer rank="1" name="Other"/>
                <layer rank="1" name="Target">
                    <label cBy="BoC" end="21" start="17" name="Target"/>
                </layer>
                <layer rank="1" name="Adj">
                    <label end="5" start="3" name="Cop"/>
                </layer>
            </annotationSet>
        </sentence>
        <sentence sentNo="0" aPos="30922562" ID="1077871">
            <text>He dozed on the short drive , but unfortunately he was wide awake and very horny when they reached their hotel room . </text>
            <annotationSet cDate="01/08/2003 01:31:09 PST Wed" status="UNANN" ID="1607146">
                <layer rank="1" name="BNC">
                    <label end="1" start="0" name="PNP"/>
                    <label end="7" start="3" name="VVD"/>
                    <label end="10" start="9" name="PRP"/>
                    <label end="14" start="12" name="AT0"/>
                    <label end="20" start="16" name="AJ0"/>
                    <label end="26" start="22" name="NN1"/>
                    <label end="28" start="28" name="PUN"/>
                    <label end="32" start="30" name="CJC"/>
                    <label end="46" start="34" name="AV0"/>
                    <label end="49" start="48" name="PNP"/>
                    <label end="53" start="51" name="VBD"/>
                    <label end="58" start="55" name="AJ0-AV0"/>
                    <label end="64" start="60" name="AJ0"/>
                    <label end="68" start="66" name="CJC"/>
                    <label end="73" start="70" name="AV0"/>
                    <label end="79" start="75" name="AJ0"/>
                    <label end="84" start="81" name="AVQ-CJS"/>
                    <label end="89" start="86" name="PNP"/>
                    <label end="97" start="91" name="VVD"/>
                    <label end="103" start="99" name="DPS"/>
                    <label end="109" start="105" name="NN1"/>
                    <label end="114" start="111" name="NN1"/>
                    <label end="116" start="116" name="PUN"/>
                </layer>
                <layer rank="1" name="NER"/>
                <layer rank="1" name="WSL"/>
            </annotationSet>
            <annotationSet cDate="01/08/2003 01:31:09 PST Wed" status="MANUAL" ID="1607147">
                <layer rank="1" name="FE">
                    <label cBy="Sns" feID="3520" end="49" start="48" name="Experiencer"/>
                    <label cBy="Sns" feID="3519" end="73" start="70" name="Degree"/>
                    <label cBy="Sns" feID="3521" end="114" start="81" name="Time"/>
                </layer>
                <layer rank="1" name="GF">
                    <label end="49" start="48" name="Ext"/>
                    <label end="73" start="70" name="Dep"/>
                    <label end="114" start="81" name="Dep"/>
                </layer>
                <layer rank="1" name="PT">
                    <label end="49" start="48" name="NP"/>
                    <label end="73" start="70" name="AVP"/>
                    <label end="114" start="81" name="Sinterrog"/>
                </layer>
                <layer rank="1" name="Sent"/>
                <layer rank="1" name="Other"/>
                <layer rank="1" name="Target">
                    <label cBy="BoC" end="79" start="75" name="Target"/>
                </layer>
                <layer rank="1" name="Adj">
                    <label end="53" start="51" name="Cop"/>
                </layer>
            </annotationSet>
        </sentence>
        <sentence sentNo="0" aPos="35979963" ID="1077873">
            <text>I was a horny little creature , you know , Alice . </text>
            <annotationSet cDate="01/08/2003 01:31:09 PST Wed" status="UNANN" ID="1607150">
                <layer rank="1" name="BNC">
                    <label end="0" start="0" name="PNP"/>
                    <label end="4" start="2" name="VBD"/>
                    <label end="6" start="6" name="AT0"/>
                    <label end="12" start="8" name="AJ0"/>
                    <label end="19" start="14" name="AJ0"/>
                    <label end="28" start="21" name="NN1"/>
                    <label end="30" start="30" name="PUN"/>
                    <label end="34" start="32" name="PNP"/>
                    <label end="39" start="36" name="VVB"/>
                    <label end="41" start="41" name="PUN"/>
                    <label end="47" start="43" name="NP0"/>
                    <label end="49" start="49" name="PUN"/>
                </layer>
                <layer rank="1" name="NER"/>
                <layer rank="1" name="WSL"/>
            </annotationSet>
            <annotationSet cDate="01/08/2003 01:31:09 PST Wed" status="MANUAL" ID="1607151">
                <layer rank="1" name="FE">
                    <label cBy="Sns" feID="3520" end="28" start="14" name="Experiencer"/>
                </layer>
                <layer rank="1" name="GF">
                    <label end="28" start="14" name="Head"/>
                </layer>
                <layer rank="1" name="PT">
                    <label end="28" start="14" name="N"/>
                </layer>
                <layer rank="1" name="Sent"/>
                <layer rank="1" name="Other"/>
                <layer rank="1" name="Target">
                    <label cBy="BoC" end="12" start="8" name="Target"/>
                </layer>
                <layer rank="1" name="Adj"/>
            </annotationSet>
        </sentence>
        <sentence sentNo="0" aPos="39056624" ID="1077878">
            <text>He reached out his hand and stroked her horny , savage face . </text>
            <annotationSet cDate="01/08/2003 01:31:09 PST Wed" status="UNANN" ID="1607160">
                <layer rank="1" name="BNC">
                    <label end="1" start="0" name="PNP"/>
                    <label end="9" start="3" name="VVD"/>
                    <label end="13" start="11" name="AVP"/>
                    <label end="17" start="15" name="DPS"/>
                    <label end="22" start="19" name="NN1"/>
                    <label end="26" start="24" name="CJC"/>
                    <label end="34" start="28" name="VVD"/>
                    <label end="38" start="36" name="DPS"/>
                    <label end="44" start="40" name="AJ0"/>
                    <label end="46" start="46" name="PUN"/>
                    <label end="53" start="48" name="AJ0"/>
                    <label end="58" start="55" name="NN1"/>
                    <label end="60" start="60" name="PUN"/>
                </layer>
                <layer rank="1" name="NER"/>
                <layer rank="1" name="WSL"/>
            </annotationSet>
            <annotationSet cDate="01/08/2003 01:31:09 PST Wed" status="MANUAL" ID="1607161">
                <layer rank="1" name="FE">
                    <label cBy="Sns" feID="3526" end="58" start="55" name="Expressor"/>
                </layer>
                <layer rank="1" name="GF">
                    <label end="58" start="55" name="Head"/>
                </layer>
                <layer rank="1" name="PT">
                    <label end="58" start="55" name="N"/>
                </layer>
                <layer rank="1" name="Sent"/>
                <layer rank="1" name="Other"/>
                <layer rank="1" name="Target">
                    <label cBy="BoC" end="44" start="40" name="Target"/>
                </layer>
                <layer rank="1" name="Adj"/>
            </annotationSet>
        </sentence>
        <sentence sentNo="0" aPos="44553225" ID="1077881">
            <text>Oh yes , this is your chance to undress five of the horniest women on the face of this planet ( and Maria Whittaker ) . </text>
            <annotationSet cDate="01/08/2003 01:31:10 PST Wed" status="UNANN" ID="1607166">
                <layer rank="1" name="BNC">
                    <label end="1" start="0" name="ITJ"/>
                    <label end="5" start="3" name="ITJ"/>
                    <label end="7" start="7" name="PUN"/>
                    <label end="12" start="9" name="DT0"/>
                    <label end="15" start="14" name="VBZ"/>
                    <label end="20" start="17" name="DPS"/>
                    <label end="27" start="22" name="NN1"/>
                    <label end="30" start="29" name="TO0"/>
                    <label end="38" start="32" name="VVI"/>
                    <label end="43" start="40" name="CRD"/>
                    <label end="46" start="45" name="PRF"/>
                    <label end="50" start="48" name="AT0"/>
                    <label end="59" start="52" name="AJS"/>
                    <label end="65" start="61" name="NN2"/>
                    <label end="68" start="67" name="PRP"/>
                    <label end="72" start="70" name="AT0"/>
                    <label end="77" start="74" name="NN1"/>
                    <label end="80" start="79" name="PRF"/>
                    <label end="85" start="82" name="DT0"/>
                    <label end="92" start="87" name="NN1"/>
                    <label end="94" start="94" name="PUL"/>
                    <label end="98" start="96" name="CJC"/>
                    <label end="104" start="100" name="NP0"/>
                    <label end="114" start="106" name="NP0"/>
                    <label end="116" start="116" name="PUR"/>
                    <label end="118" start="118" name="PUN"/>
                </layer>
                <layer rank="1" name="NER"/>
                <layer rank="1" name="WSL"/>
            </annotationSet>
            <annotationSet cDate="01/08/2003 01:31:10 PST Wed" status="MANUAL" ID="1607167">
                <layer rank="1" name="FE">
                    <label cBy="Sns" feID="3519" end="59" start="52" name="Degree"/>
                    <label cBy="Sns" feID="3520" end="65" start="61" name="Experiencer"/>
                </layer>
                <layer rank="1" name="GF">
                    <label end="65" start="61" name="Head"/>
                </layer>
                <layer rank="1" name="PT">
                    <label end="65" start="61" name="N"/>
                </layer>
                <layer rank="1" name="Sent"/>
                <layer rank="1" name="Other"/>
                <layer rank="1" name="Target">
                    <label cBy="BoC" end="59" start="52" name="Target"/>
                </layer>
                <layer rank="1" name="Adj"/>
            </annotationSet>
        </sentence>
        <sentence sentNo="0" aPos="57315172" ID="1077891">
            <text>` I feel so horny I think I 'll faint . &quot; </text>
            <annotationSet cDate="01/08/2003 01:31:11 PST Wed" status="UNANN" ID="1607186">
                <layer rank="1" name="BNC">
                    <label end="0" start="0" name="PUQ"/>
                    <label end="2" start="2" name="PNP"/>
                    <label end="7" start="4" name="VVB"/>
                    <label end="10" start="9" name="AV0"/>
                    <label end="16" start="12" name="AJ0"/>
                    <label end="18" start="18" name="PNP"/>
                    <label end="24" start="20" name="VVB"/>
                    <label end="26" start="26" name="PNP"/>
                    <label end="30" start="28" name="VM0"/>
                    <label end="36" start="32" name="VVI"/>
                    <label end="38" start="38" name="PUN"/>
                    <label end="40" start="40" name="PUQ"/>
                </layer>
                <layer rank="1" name="NER"/>
                <layer rank="1" name="WSL"/>
            </annotationSet>
            <annotationSet cDate="01/08/2003 01:31:11 PST Wed" status="MANUAL" ID="1607187">
                <layer rank="1" name="FE">
                    <label cBy="Sns" feID="3520" end="2" start="2" name="Experiencer"/>
                    <label cBy="Sns" feID="3519" end="10" start="9" name="Degree"/>
                    <label cBy="Sns" feID="3519" end="36" start="18" name="Degree"/>
                </layer>
                <layer rank="1" name="GF">
                    <label end="2" start="2" name="Ext"/>
                    <label end="10" start="9" name="Dep"/>
                    <label end="36" start="18" name="Dep"/>
                </layer>
                <layer rank="1" name="PT">
                    <label end="2" start="2" name="NP"/>
                    <label end="10" start="9" name="AVP"/>
                    <label end="36" start="18" name="Sfin"/>
                </layer>
                <layer rank="1" name="Sent"/>
                <layer rank="1" name="Other"/>
                <layer rank="1" name="Target">
                    <label cBy="BoC" end="16" start="12" name="Target"/>
                </layer>
                <layer rank="1" name="Adj">
                    <label end="7" start="4" name="Ctrlr"/>
                </layer>
            </annotationSet>
        </sentence>
        <sentence sentNo="0" aPos="58176427" ID="1077895">
            <text>Christine woke up feeling horny . </text>
            <annotationSet cDate="01/08/2003 01:31:11 PST Wed" status="UNANN" ID="1607194">
                <layer rank="1" name="BNC">
                    <label end="8" start="0" name="NN1-NP0"/>
                    <label end="13" start="10" name="VVD"/>
                    <label end="16" start="15" name="AVP"/>
                    <label end="24" start="18" name="VVG"/>
                    <label end="30" start="26" name="AJ0"/>
                    <label end="32" start="32" name="PUN"/>
                </layer>
                <layer rank="1" name="NER"/>
                <layer rank="1" name="WSL"/>
            </annotationSet>
            <annotationSet cDate="01/08/2003 01:31:11 PST Wed" status="MANUAL" ID="1607195">
                <layer rank="1" name="FE">
                    <label cBy="Sns" feID="3520" end="8" start="0" name="Experiencer"/>
                </layer>
                <layer rank="1" name="GF">
                    <label end="8" start="0" name="Ext"/>
                </layer>
                <layer rank="1" name="PT">
                    <label end="8" start="0" name="NP"/>
                </layer>
                <layer rank="1" name="Sent"/>
                <layer rank="1" name="Other"/>
                <layer rank="1" name="Target">
                    <label cBy="BoC" end="30" start="26" name="Target"/>
                </layer>
                <layer rank="1" name="Adj">
                    <label end="24" start="18" name="Ctrlr"/>
                </layer>
            </annotationSet>
        </sentence>
        <sentence sentNo="0" aPos="90539728" ID="1077905">
            <text>I just knew the horny sex would n't get a mention . </text>
            <annotationSet cDate="01/08/2003 01:31:12 PST Wed" status="UNANN" ID="1607214">
                <layer rank="1" name="BNC">
                    <label end="0" start="0" name="PNP"/>
                    <label end="5" start="2" name="AV0"/>
                    <label end="10" start="7" name="VVD"/>
                    <label end="14" start="12" name="AT0"/>
                    <label end="20" start="16" name="AJ0"/>
                    <label end="24" start="22" name="NN1"/>
                    <label end="30" start="26" name="VM0"/>
                    <label end="34" start="32" name="XX0"/>
                    <label end="38" start="36" name="VVI"/>
                    <label end="40" start="40" name="AT0"/>
                    <label end="48" start="42" name="NN1"/>
                    <label end="50" start="50" name="PUN"/>
                </layer>
                <layer rank="1" name="NER"/>
                <layer rank="1" name="WSL"/>
            </annotationSet>
            <annotationSet cDate="01/08/2003 01:31:12 PST Wed" status="MANUAL" ID="1607215">
                <layer rank="1" name="FE">
                    <label cBy="Sns" feID="3526" end="24" start="22" name="Expressor"/>
                </layer>
                <layer rank="1" name="GF">
                    <label end="24" start="22" name="Head"/>
                </layer>
                <layer rank="1" name="PT">
                    <label end="24" start="22" name="N"/>
                </layer>
                <layer rank="1" name="Sent"/>
                <layer rank="1" name="Other"/>
                <layer rank="1" name="Target">
                    <label cBy="BoC" end="20" start="16" name="Target"/>
                </layer>
                <layer rank="1" name="Adj"/>
            </annotationSet>
        </sentence>
    </subCorpus>
</lexUnit>