<?xml version="1.0" encoding="UTF-8" standalone="yes"?>
<?xml-stylesheet type="text/xsl" href="lexUnit.xsl"?>
<lexUnit status="Finished_Initial" POS="A" name="affronted.a" ID="7163" frame="Emotion_directed" frameID="46" totalAnnotated="6" xsi:schemaLocation="../schema/lexUnit.xsd" xmlns="http://framenet.icsi.berkeley.edu" xmlns:xsi="http://www.w3.org/2001/XMLSchema-instance">
    <header>
        <frame>
            <FE fgColor="FFFFFF" bgColor="00BFFF" type="Extra-Thematic" abbrev="cir" name="Circumstances"/>
            <FE fgColor="FFFFFF" bgColor="FF69B4" type="Peripheral" abbrev="Degr" name="Degree"/>
            <FE fgColor="FFFFFF" bgColor="0000FF" type="Extra-Thematic" abbrev="ET" name="Empathy_target"/>
            <FE fgColor="FFFFFF" bgColor="A52A2A" type="Core" abbrev="Event" name="Event"/>
            <FE fgColor="FFFFFF" bgColor="800080" type="Core" abbrev="Exp" name="Experiencer"/>
            <FE fgColor="FFFFFF" bgColor="00008B" type="Extra-Thematic" abbrev="Exp" name="Explanation"/>
            <FE fgColor="FFFFFF" bgColor="008000" type="Core" abbrev="Exr" name="Expressor"/>
            <FE fgColor="000000" bgColor="7FFF00" type="Extra-Thematic" abbrev="" name="Frequency"/>
            <FE fgColor="FFFFFF" bgColor="FF00FF" type="Peripheral" abbrev="" name="Manner"/>
            <FE fgColor="FFFFFF" bgColor="2E8B57" type="Peripheral" abbrev="" name="Parameter"/>
            <FE fgColor="FFFFFF" bgColor="9F79EE" type="Core" abbrev="State" name="State"/>
            <FE fgColor="FFFFFF" bgColor="FF0000" type="Core" abbrev="Stim" name="Stimulus"/>
            <FE fgColor="FFFFFF" bgColor="FFA500" type="Core" abbrev="Top" name="Topic"/>
        </frame>
    </header>
    <definition>FN: offended</definition>
    <lexeme POS="A" name="affronted"/>
    <valences>
        <governor type="Ctrlr" lemma="feel">
            <annoSet ID="1598125"/>
        </governor>
        <FERealization total="1">
            <FE name="Circumstances"/>
            <pattern total="1">
                <valenceUnit GF="Dep" PT="Sub" FE="Circumstances"/>
                <annoSet ID="1598125"/>
            </pattern>
        </FERealization>
        <FERealization total="2">
            <FE name="Degree"/>
            <pattern total="2">
                <valenceUnit GF="Dep" PT="AVP" FE="Degree"/>
                <annoSet ID="1598117"/>
                <annoSet ID="1598137"/>
            </pattern>
        </FERealization>
        <FERealization total="1">
            <FE name="Empathy_target"/>
            <pattern total="1">
                <valenceUnit GF="Dep" PT="NP" FE="Empathy_target"/>
                <annoSet ID="1598123"/>
            </pattern>
        </FERealization>
        <FERealization total="4">
            <FE name="Experiencer"/>
            <pattern total="3">
                <valenceUnit GF="Ext" PT="NP" FE="Experiencer"/>
                <annoSet ID="1598123"/>
                <annoSet ID="1598125"/>
                <annoSet ID="1598143"/>
            </pattern>
            <pattern total="1">
                <valenceUnit GF="Head" PT="N" FE="Experiencer"/>
                <annoSet ID="1598117"/>
            </pattern>
        </FERealization>
        <FERealization total="2">
            <FE name="Expressor"/>
            <pattern total="2">
                <valenceUnit GF="Head" PT="N" FE="Expressor"/>
                <annoSet ID="1598137"/>
                <annoSet ID="1598149"/>
            </pattern>
        </FERealization>
        <FEGroupRealization total="1">
            <FE name="Circumstances"/>
            <FE name="Experiencer"/>
            <pattern total="1">
                <valenceUnit GF="Dep" PT="Sub" FE="Circumstances"/>
                <valenceUnit GF="Ext" PT="NP" FE="Experiencer"/>
                <annoSet ID="1598125"/>
            </pattern>
        </FEGroupRealization>
        <FEGroupRealization total="1">
            <FE name="Degree"/>
            <FE name="Experiencer"/>
            <pattern total="1">
                <valenceUnit GF="Dep" PT="AVP" FE="Degree"/>
                <valenceUnit GF="Head" PT="N" FE="Experiencer"/>
                <annoSet ID="1598117"/>
            </pattern>
        </FEGroupRealization>
        <FEGroupRealization total="1">
            <FE name="Degree"/>
            <FE name="Expressor"/>
            <pattern total="1">
                <valenceUnit GF="Dep" PT="AVP" FE="Degree"/>
                <valenceUnit GF="Head" PT="N" FE="Expressor"/>
                <annoSet ID="1598137"/>
            </pattern>
        </FEGroupRealization>
        <FEGroupRealization total="1">
            <FE name="Empathy_target"/>
            <FE name="Experiencer"/>
            <pattern total="1">
                <valenceUnit GF="Dep" PT="NP" FE="Empathy_target"/>
                <valenceUnit GF="Ext" PT="NP" FE="Experiencer"/>
                <annoSet ID="1598123"/>
            </pattern>
        </FEGroupRealization>
        <FEGroupRealization total="1">
            <FE name="Experiencer"/>
            <pattern total="1">
                <valenceUnit GF="Ext" PT="NP" FE="Experiencer"/>
                <annoSet ID="1598143"/>
            </pattern>
        </FEGroupRealization>
        <FEGroupRealization total="1">
            <FE name="Expressor"/>
            <pattern total="1">
                <valenceUnit GF="Head" PT="N" FE="Expressor"/>
                <annoSet ID="1598149"/>
            </pattern>
        </FEGroupRealization>
    </valences>
    <subCorpus name="A-001-all">
        <sentence sentNo="0" aPos="7301577" ID="1073356">
            <text>` We do n't go to Lightwater Valley , &quot; said an equally affronted bus driver . </text>
            <annotationSet cDate="01/08/2003 01:20:27 PST Wed" status="UNANN" ID="1598116">
                <layer rank="1" name="BNC">
                    <label end="0" start="0" name="PUQ"/>
                    <label end="3" start="2" name="PNP"/>
                    <label end="6" start="5" name="VDB"/>
                    <label end="10" start="8" name="XX0"/>
                    <label end="13" start="12" name="VVI"/>
                    <label end="16" start="15" name="PRP"/>
                    <label end="27" start="18" name="NP0"/>
                    <label end="34" start="29" name="NP0"/>
                    <label end="36" start="36" name="PUN"/>
                    <label end="38" start="38" name="PUQ"/>
                    <label end="43" start="40" name="VVD"/>
                    <label end="46" start="45" name="AT0"/>
                    <label end="54" start="48" name="AV0"/>
                    <label end="64" start="56" name="AJ0"/>
                    <label end="68" start="66" name="NN1"/>
                    <label end="75" start="70" name="NN1"/>
                    <label end="77" start="77" name="PUN"/>
                </layer>
                <layer rank="1" name="NER"/>
                <layer rank="1" name="WSL"/>
            </annotationSet>
            <annotationSet cDate="01/08/2003 01:20:27 PST Wed" status="MANUAL" ID="1598117">
                <layer rank="1" name="FE">
                    <label cBy="RLG" feID="1891" end="54" start="48" name="Degree"/>
                    <label cBy="RLG" feID="194" end="75" start="66" name="Experiencer"/>
                </layer>
                <layer rank="1" name="GF">
                    <label end="54" start="48" name="Dep"/>
                    <label end="75" start="66" name="Head"/>
                </layer>
                <layer rank="1" name="PT">
                    <label end="54" start="48" name="AVP"/>
                    <label end="75" start="66" name="N"/>
                </layer>
                <layer rank="1" name="Sent"/>
                <layer rank="1" name="Other"/>
                <layer rank="1" name="Target">
                    <label cBy="BoC" end="64" start="56" name="Target"/>
                </layer>
                <layer rank="1" name="Adj"/>
            </annotationSet>
        </sentence>
        <sentence sentNo="0" aPos="19062239" ID="1073359">
            <text>Ah was affronted fur her , imagine gettin' stuck ` n &quot; huvin' to get rolled on to a stretcher , the perr o' them , and kerted oot covered up wi' his poplin shortie . </text>
            <annotationSet cDate="01/08/2003 01:20:27 PST Wed" status="UNANN" ID="1598122">
                <layer rank="1" name="BNC">
                    <label end="1" start="0" name="ITJ"/>
                    <label end="5" start="3" name="VBD"/>
                    <label end="15" start="7" name="AJ0-VVN"/>
                    <label end="19" start="17" name="NN1-VVB"/>
                    <label end="23" start="21" name="PNP"/>
                    <label end="25" start="25" name="PUN"/>
                    <label end="33" start="27" name="VVB"/>
                    <label end="41" start="35" name="VVG"/>
                    <label end="47" start="43" name="AJ0-VVN"/>
                    <label end="49" start="49" name="PUQ"/>
                    <label end="51" start="51" name="ZZ0"/>
                    <label end="53" start="53" name="PUQ"/>
                    <label end="60" start="55" name="VVG"/>
                    <label end="63" start="62" name="TO0"/>
                    <label end="67" start="65" name="VVI"/>
                    <label end="74" start="69" name="AJ0-VVN"/>
                    <label end="77" start="76" name="PRP"/>
                    <label end="80" start="79" name="PRP"/>
                    <label end="82" start="82" name="AT0"/>
                    <label end="92" start="84" name="NN1"/>
                    <label end="94" start="94" name="PUN"/>
                    <label end="98" start="96" name="AT0"/>
                    <label end="103" start="100" name="NN1"/>
                    <label end="106" start="105" name="PRF"/>
                    <label end="111" start="108" name="PNP"/>
                    <label end="113" start="113" name="PUN"/>
                    <label end="117" start="115" name="CJC"/>
                    <label end="124" start="119" name="AJ0-VVD"/>
                    <label end="128" start="126" name="NN1"/>
                    <label end="136" start="130" name="VVD-VVN"/>
                    <label end="139" start="138" name="AVP"/>
                    <label end="143" start="141" name="PRP"/>
                    <label end="147" start="145" name="DPS"/>
                    <label end="154" start="149" name="NN1"/>
                    <label end="162" start="156" name="NN1"/>
                    <label end="164" start="164" name="PUN"/>
                </layer>
                <layer rank="1" name="NER"/>
                <layer rank="1" name="WSL"/>
            </annotationSet>
            <annotationSet cDate="01/08/2003 01:20:27 PST Wed" status="MANUAL" ID="1598123">
                <layer rank="1" name="FE">
                    <label cBy="RLG" feID="194" end="1" start="0" name="Experiencer"/>
                    <label cBy="RLG" feID="1892" end="23" start="17" name="Empathy_target"/>
                </layer>
                <layer rank="1" name="GF">
                    <label end="1" start="0" name="Ext"/>
                    <label end="23" start="17" name="Dep"/>
                </layer>
                <layer rank="1" name="PT">
                    <label end="1" start="0" name="NP"/>
                    <label end="23" start="17" name="NP"/>
                </layer>
                <layer rank="1" name="Sent"/>
                <layer rank="1" name="Other"/>
                <layer rank="1" name="Target">
                    <label cBy="BoC" end="15" start="7" name="Target"/>
                </layer>
                <layer rank="1" name="Adj">
                    <label end="5" start="3" name="Cop"/>
                </layer>
            </annotationSet>
        </sentence>
        <sentence sentNo="0" aPos="20459483" ID="1073360">
            <text>If you have symptoms that you think may be caused by food intolerance you should not feel affronted if the doctor 's initial questions seem rather personal and irrelevant to the aches and pains being suffered . </text>
            <annotationSet cDate="01/08/2003 01:20:27 PST Wed" status="UNANN" ID="1598124">
                <layer rank="1" name="BNC">
                    <label end="1" start="0" name="CJS"/>
                    <label end="5" start="3" name="PNP"/>
                    <label end="10" start="7" name="VHB"/>
                    <label end="19" start="12" name="NN2-VVZ"/>
                    <label end="24" start="21" name="CJT"/>
                    <label end="28" start="26" name="PNP"/>
                    <label end="34" start="30" name="VVB"/>
                    <label end="38" start="36" name="VM0"/>
                    <label end="41" start="40" name="VBI"/>
                    <label end="48" start="43" name="VVN"/>
                    <label end="51" start="50" name="PRP"/>
                    <label end="56" start="53" name="NN1"/>
                    <label end="68" start="58" name="NN1"/>
                    <label end="72" start="70" name="PNP"/>
                    <label end="79" start="74" name="VM0"/>
                    <label end="83" start="81" name="XX0"/>
                    <label end="88" start="85" name="VVI"/>
                    <label end="98" start="90" name="AJ0"/>
                    <label end="101" start="100" name="CJS"/>
                    <label end="105" start="103" name="AT0"/>
                    <label end="112" start="107" name="NN1"/>
                    <label end="115" start="114" name="POS"/>
                    <label end="123" start="117" name="AJ0-NN1"/>
                    <label end="133" start="125" name="NN2"/>
                    <label end="138" start="135" name="VVB"/>
                    <label end="145" start="140" name="AV0"/>
                    <label end="154" start="147" name="AJ0"/>
                    <label end="158" start="156" name="CJC"/>
                    <label end="169" start="160" name="AJ0"/>
                    <label end="172" start="171" name="PRP"/>
                    <label end="176" start="174" name="AT0"/>
                    <label end="182" start="178" name="NN2"/>
                    <label end="186" start="184" name="CJC"/>
                    <label end="192" start="188" name="NN2"/>
                    <label end="198" start="194" name="VBG"/>
                    <label end="207" start="200" name="VVN"/>
                    <label end="209" start="209" name="PUN"/>
                </layer>
                <layer rank="1" name="NER"/>
                <layer rank="1" name="WSL"/>
            </annotationSet>
            <annotationSet cDate="01/08/2003 01:20:27 PST Wed" status="MANUAL" ID="1598125">
                <layer rank="1" name="FE">
                    <label cBy="RLG" feID="3470" end="207" start="100" name="Circumstances"/>
                    <label cBy="RLG" feID="194" end="72" start="70" name="Experiencer"/>
                </layer>
                <layer rank="1" name="GF">
                    <label end="207" start="100" name="Dep"/>
                    <label end="72" start="70" name="Ext"/>
                </layer>
                <layer rank="1" name="PT">
                    <label end="207" start="100" name="Sub"/>
                    <label end="72" start="70" name="NP"/>
                </layer>
                <layer rank="1" name="Sent"/>
                <layer rank="1" name="Other"/>
                <layer rank="1" name="Target">
                    <label cBy="BoC" end="98" start="90" name="Target"/>
                </layer>
                <layer rank="1" name="Adj">
                    <label end="88" start="85" name="Ctrlr"/>
                </layer>
            </annotationSet>
        </sentence>
        <sentence sentNo="0" aPos="41478638" ID="1073366">
            <text>` I do n't ask about your private affairs , now do I ? &quot; he said , in a mildly affronted tone . </text>
            <annotationSet cDate="01/08/2003 01:20:28 PST Wed" status="UNANN" ID="1598136">
                <layer rank="1" name="BNC">
                    <label end="0" start="0" name="PUQ"/>
                    <label end="2" start="2" name="PNP"/>
                    <label end="5" start="4" name="VDB"/>
                    <label end="9" start="7" name="XX0"/>
                    <label end="13" start="11" name="VVI"/>
                    <label end="19" start="15" name="PRP"/>
                    <label end="24" start="21" name="DPS"/>
                    <label end="32" start="26" name="AJ0"/>
                    <label end="40" start="34" name="NN2"/>
                    <label end="42" start="42" name="PUN"/>
                    <label end="46" start="44" name="AV0"/>
                    <label end="49" start="48" name="VDB"/>
                    <label end="51" start="51" name="PNP"/>
                    <label end="53" start="53" name="PUN"/>
                    <label end="55" start="55" name="PUQ"/>
                    <label end="58" start="57" name="PNP"/>
                    <label end="63" start="60" name="VVD"/>
                    <label end="65" start="65" name="PUN"/>
                    <label end="68" start="67" name="PRP"/>
                    <label end="70" start="70" name="AT0"/>
                    <label end="77" start="72" name="AV0"/>
                    <label end="87" start="79" name="AJ0"/>
                    <label end="92" start="89" name="NN1"/>
                    <label end="94" start="94" name="PUN"/>
                </layer>
                <layer rank="1" name="NER"/>
                <layer rank="1" name="WSL"/>
            </annotationSet>
            <annotationSet cDate="01/08/2003 01:20:28 PST Wed" status="MANUAL" ID="1598137">
                <layer rank="1" name="FE">
                    <label cBy="RLG" feID="1891" end="77" start="72" name="Degree"/>
                    <label cBy="RLG" feID="1893" end="92" start="89" name="Expressor"/>
                </layer>
                <layer rank="1" name="GF">
                    <label end="77" start="72" name="Dep"/>
                    <label end="92" start="89" name="Head"/>
                </layer>
                <layer rank="1" name="PT">
                    <label end="77" start="72" name="AVP"/>
                    <label end="92" start="89" name="N"/>
                </layer>
                <layer rank="1" name="Sent"/>
                <layer rank="1" name="Other"/>
                <layer rank="1" name="Target">
                    <label cBy="BoC" end="87" start="79" name="Target"/>
                </layer>
                <layer rank="1" name="Adj"/>
            </annotationSet>
        </sentence>
        <sentence sentNo="0" aPos="69071913" ID="1073369">
            <text>The woman was not affronted . </text>
            <annotationSet cDate="01/08/2003 01:20:29 PST Wed" status="UNANN" ID="1598142">
                <layer rank="1" name="BNC">
                    <label end="2" start="0" name="AT0"/>
                    <label end="8" start="4" name="NN1"/>
                    <label end="12" start="10" name="VBD"/>
                    <label end="16" start="14" name="XX0"/>
                    <label end="26" start="18" name="AJ0-VVN"/>
                    <label end="28" start="28" name="PUN"/>
                </layer>
                <layer rank="1" name="NER"/>
                <layer rank="1" name="WSL"/>
            </annotationSet>
            <annotationSet cDate="01/08/2003 01:20:29 PST Wed" status="MANUAL" ID="1598143">
                <layer rank="1" name="FE">
                    <label cBy="RLG" feID="194" end="8" start="0" name="Experiencer"/>
                </layer>
                <layer rank="1" name="GF">
                    <label end="8" start="0" name="Ext"/>
                </layer>
                <layer rank="1" name="PT">
                    <label end="8" start="0" name="NP"/>
                </layer>
                <layer rank="1" name="Sent"/>
                <layer rank="1" name="Other"/>
                <layer rank="1" name="Target">
                    <label cBy="BoC" end="26" start="18" name="Target"/>
                </layer>
                <layer rank="1" name="Adj">
                    <label end="12" start="10" name="Cop"/>
                </layer>
            </annotationSet>
        </sentence>
        <sentence sentNo="0" aPos="80147123" ID="1073372">
            <text>He ignored the affronted expression that crossed Isabel 's face at this sardonic rejoinder , and continued . </text>
            <annotationSet cDate="01/08/2003 01:20:29 PST Wed" status="UNANN" ID="1598148">
                <layer rank="1" name="BNC">
                    <label end="1" start="0" name="PNP"/>
                    <label end="9" start="3" name="VVD"/>
                    <label end="13" start="11" name="AT0"/>
                    <label end="23" start="15" name="AJ0"/>
                    <label end="34" start="25" name="NN1"/>
                    <label end="39" start="36" name="CJT"/>
                    <label end="47" start="41" name="VVD"/>
                    <label end="54" start="49" name="NP0"/>
                    <label end="57" start="56" name="POS"/>
                    <label end="62" start="59" name="NN1"/>
                    <label end="65" start="64" name="PRP"/>
                    <label end="70" start="67" name="DT0"/>
                    <label end="79" start="72" name="AJ0"/>
                    <label end="89" start="81" name="NN1"/>
                    <label end="91" start="91" name="PUN"/>
                    <label end="95" start="93" name="CJC"/>
                    <label end="105" start="97" name="VVD-VVN"/>
                    <label end="107" start="107" name="PUN"/>
                </layer>
                <layer rank="1" name="NER"/>
                <layer rank="1" name="WSL"/>
            </annotationSet>
            <annotationSet cDate="01/08/2003 01:20:29 PST Wed" status="MANUAL" ID="1598149">
                <layer rank="1" name="FE">
                    <label cBy="RLG" feID="1893" end="89" start="25" name="Expressor"/>
                </layer>
                <layer rank="1" name="GF">
                    <label end="89" start="25" name="Head"/>
                </layer>
                <layer rank="1" name="PT">
                    <label end="89" start="25" name="N"/>
                </layer>
                <layer rank="1" name="Sent"/>
                <layer rank="1" name="Other"/>
                <layer rank="1" name="Target">
                    <label cBy="BoC" end="23" start="15" name="Target"/>
                </layer>
                <layer rank="1" name="Adj"/>
            </annotationSet>
        </sentence>
    </subCorpus>
</lexUnit>