<?xml version="1.0" encoding="UTF-8" standalone="yes"?>
<?xml-stylesheet type="text/xsl" href="lexUnit.xsl"?>
<lexUnit status="Insufficient_Attestations" POS="A" name="tuckered.a" ID="7194" frame="Biological_urge" frameID="394" totalAnnotated="2" xsi:schemaLocation="../schema/lexUnit.xsd" xmlns="http://framenet.icsi.berkeley.edu" xmlns:xsi="http://www.w3.org/2001/XMLSchema-instance">
    <header>
        <frame>
            <FE fgColor="FFFFFF" bgColor="FF00FF" type="Peripheral" abbrev="Deg" name="Degree"/>
            <FE fgColor="FFFFFF" bgColor="006400" type="Peripheral" abbrev="Dur" name="Duration"/>
            <FE fgColor="FFFFFF" bgColor="FF0000" type="Core" abbrev="Exp" name="Experiencer"/>
            <FE fgColor="FFFFFF" bgColor="90876C" type="Extra-Thematic" abbrev="Exp" name="Explanation"/>
            <FE fgColor="FFFFFF" bgColor="0000FF" type="Core" abbrev="Expressor" name="Expressor"/>
            <FE fgColor="FFFFFF" bgColor="9400D3" type="Peripheral" abbrev="Par" name="Parameter"/>
            <FE fgColor="FFFFFF" bgColor="008000" type="Peripheral" abbrev="Place" name="Place"/>
            <FE fgColor="FFFFFF" bgColor="00BFFF" type="Core" abbrev="Stat" name="State"/>
            <FE fgColor="FFFFFF" bgColor="FFA500" type="Peripheral" abbrev="Time" name="Time"/>
        </frame>
    </header>
    <definition>FN: ready to sleep.</definition>
    <lexeme POS="A" name="tuckered"/>
    <valences>
        <governor type="Ctrlr" lemma="look">
            <annoSet ID="1611329"/>
        </governor>
        <FERealization total="2">
            <FE name="Experiencer"/>
            <pattern total="2">
                <valenceUnit GF="Ext" PT="NP" FE="Experiencer"/>
                <annoSet ID="1611327"/>
                <annoSet ID="1611329"/>
            </pattern>
        </FERealization>
        <FEGroupRealization total="2">
            <FE name="Experiencer"/>
            <pattern total="2">
                <valenceUnit GF="Ext" PT="NP" FE="Experiencer"/>
                <annoSet ID="1611327"/>
                <annoSet ID="1611329"/>
            </pattern>
        </FEGroupRealization>
    </valences>
    <subCorpus name="A-001-all">
        <sentence sentNo="0" aPos="70399779" ID="1079961">
            <text>I 'm tuckered . &quot; </text>
            <annotationSet cDate="01/08/2003 01:35:58 PST Wed" status="UNANN" ID="1611326">
                <layer rank="1" name="BNC">
                    <label end="0" start="0" name="PNP"/>
                    <label end="3" start="2" name="VBB"/>
                    <label end="12" start="5" name="AJ0-VVN"/>
                    <label end="14" start="14" name="PUN"/>
                    <label end="16" start="16" name="PUQ"/>
                </layer>
                <layer rank="1" name="NER"/>
                <layer rank="1" name="WSL"/>
            </annotationSet>
            <annotationSet cDate="01/08/2003 01:35:58 PST Wed" status="MANUAL" ID="1611327">
                <layer rank="1" name="FE">
                    <label cBy="RLG" feID="3520" end="0" start="0" name="Experiencer"/>
                </layer>
                <layer rank="1" name="GF">
                    <label end="0" start="0" name="Ext"/>
                </layer>
                <layer rank="1" name="PT">
                    <label end="0" start="0" name="NP"/>
                </layer>
                <layer rank="1" name="Sent"/>
                <layer rank="1" name="Other"/>
                <layer rank="1" name="Target">
                    <label cBy="BoC" end="12" start="5" name="Target"/>
                </layer>
                <layer rank="1" name="Adj">
                    <label end="3" start="2" name="Cop"/>
                </layer>
            </annotationSet>
        </sentence>
        <sentence sentNo="0" aPos="86952009" ID="1079962">
            <text>` You look tuckered . &quot; </text>
            <annotationSet cDate="01/08/2003 01:35:58 PST Wed" status="UNANN" ID="1611328">
                <layer rank="1" name="BNC">
                    <label end="0" start="0" name="PUQ"/>
                    <label end="4" start="2" name="PNP"/>
                    <label end="9" start="6" name="VVB"/>
                    <label end="18" start="11" name="AJ0-VVN"/>
                    <label end="20" start="20" name="PUN"/>
                    <label end="22" start="22" name="PUQ"/>
                </layer>
                <layer rank="1" name="NER"/>
                <layer rank="1" name="WSL"/>
            </annotationSet>
            <annotationSet cDate="01/08/2003 01:35:58 PST Wed" status="MANUAL" ID="1611329">
                <layer rank="1" name="FE">
                    <label cBy="RLG" feID="3520" end="4" start="2" name="Experiencer"/>
                </layer>
                <layer rank="1" name="GF">
                    <label end="4" start="2" name="Ext"/>
                </layer>
                <layer rank="1" name="PT">
                    <label end="4" start="2" name="NP"/>
                </layer>
                <layer rank="1" name="Sent"/>
                <layer rank="1" name="Other"/>
                <layer rank="1" name="Target">
                    <label cBy="BoC" end="18" start="11" name="Target"/>
                </layer>
                <layer rank="1" name="Adj">
                    <label end="9" start="6" name="Ctrlr"/>
                </layer>
            </annotationSet>
        </sentence>
    </subCorpus>
</lexUnit>