<?xml version="1.0" encoding="UTF-8" standalone="yes"?>
<?xml-stylesheet type="text/xsl" href="lexUnit.xsl"?>
<lexUnit status="Finished_Initial" POS="A" name="befuddled.a" ID="7196" frame="Emotion_directed" frameID="46" totalAnnotated="5" xsi:schemaLocation="../schema/lexUnit.xsd" xmlns="http://framenet.icsi.berkeley.edu" xmlns:xsi="http://www.w3.org/2001/XMLSchema-instance">
    <header>
        <frame>
            <FE fgColor="FFFFFF" bgColor="00BFFF" type="Extra-Thematic" abbrev="cir" name="Circumstances"/>
            <FE fgColor="FFFFFF" bgColor="FF69B4" type="Peripheral" abbrev="Degr" name="Degree"/>
            <FE fgColor="FFFFFF" bgColor="0000FF" type="Extra-Thematic" abbrev="ET" name="Empathy_target"/>
            <FE fgColor="FFFFFF" bgColor="A52A2A" type="Core" abbrev="Event" name="Event"/>
            <FE fgColor="FFFFFF" bgColor="800080" type="Core" abbrev="Exp" name="Experiencer"/>
            <FE fgColor="FFFFFF" bgColor="00008B" type="Extra-Thematic" abbrev="Exp" name="Explanation"/>
            <FE fgColor="FFFFFF" bgColor="008000" type="Core" abbrev="Exr" name="Expressor"/>
            <FE fgColor="000000" bgColor="7FFF00" type="Extra-Thematic" abbrev="" name="Frequency"/>
            <FE fgColor="FFFFFF" bgColor="FF00FF" type="Peripheral" abbrev="" name="Manner"/>
            <FE fgColor="FFFFFF" bgColor="2E8B57" type="Peripheral" abbrev="" name="Parameter"/>
            <FE fgColor="FFFFFF" bgColor="9F79EE" type="Core" abbrev="State" name="State"/>
            <FE fgColor="FFFFFF" bgColor="FF0000" type="Core" abbrev="Stim" name="Stimulus"/>
            <FE fgColor="FFFFFF" bgColor="FFA500" type="Core" abbrev="Top" name="Topic"/>
        </frame>
    </header>
    <definition>FN: confused or perplexed</definition>
    <lexeme POS="A" name="befuddled"/>
    <valences>
        <FERealization total="1">
            <FE name="Degree"/>
            <pattern total="1">
                <valenceUnit GF="Dep" PT="AVP" FE="Degree"/>
                <annoSet ID="1611633"/>
            </pattern>
            <pattern total="1">
                <valenceUnit GF="Dep" PT="Sforto" FE="Degree"/>
                <annoSet ID="1611633"/>
            </pattern>
        </FERealization>
        <FERealization total="3">
            <FE name="Experiencer"/>
            <pattern total="2">
                <valenceUnit GF="Ext" PT="NP" FE="Experiencer"/>
                <annoSet ID="1611621"/>
                <annoSet ID="1611633"/>
            </pattern>
            <pattern total="1">
                <valenceUnit GF="Head" PT="N" FE="Experiencer"/>
                <annoSet ID="1611599"/>
            </pattern>
        </FERealization>
        <FERealization total="1">
            <FE name="Explanation"/>
            <pattern total="1">
                <valenceUnit GF="Dep" PT="PP[with]" FE="Explanation"/>
                <annoSet ID="1611633"/>
            </pattern>
        </FERealization>
        <FERealization total="2">
            <FE name="State"/>
            <pattern total="2">
                <valenceUnit GF="Head" PT="N" FE="State"/>
                <annoSet ID="1611603"/>
                <annoSet ID="1611623"/>
            </pattern>
        </FERealization>
        <FEGroupRealization total="1">
            <FE name="Degree"/>
            <FE name="Degree"/>
            <FE name="Experiencer"/>
            <FE name="Explanation"/>
            <pattern total="1">
                <valenceUnit GF="Dep" PT="AVP" FE="Degree"/>
                <valenceUnit GF="Dep" PT="Sforto" FE="Degree"/>
                <valenceUnit GF="Ext" PT="NP" FE="Experiencer"/>
                <valenceUnit GF="Dep" PT="PP[with]" FE="Explanation"/>
                <annoSet ID="1611633"/>
            </pattern>
        </FEGroupRealization>
        <FEGroupRealization total="2">
            <FE name="Experiencer"/>
            <pattern total="1">
                <valenceUnit GF="Head" PT="N" FE="Experiencer"/>
                <annoSet ID="1611599"/>
            </pattern>
            <pattern total="1">
                <valenceUnit GF="Ext" PT="NP" FE="Experiencer"/>
                <annoSet ID="1611621"/>
            </pattern>
        </FEGroupRealization>
        <FEGroupRealization total="2">
            <FE name="State"/>
            <pattern total="2">
                <valenceUnit GF="Head" PT="N" FE="State"/>
                <annoSet ID="1611603"/>
                <annoSet ID="1611623"/>
            </pattern>
        </FEGroupRealization>
    </valences>
    <subCorpus name="A-001-all">
        <sentence sentNo="0" aPos="21263415" ID="1080097">
            <text>Then the English clerk gently asked the befuddled Alexander his questions , though he learnt nothing new . </text>
            <annotationSet cDate="01/08/2003 01:36:18 PST Wed" status="UNANN" ID="1611598">
                <layer rank="1" name="BNC">
                    <label end="3" start="0" name="AV0"/>
                    <label end="7" start="5" name="AT0"/>
                    <label end="15" start="9" name="AJ0"/>
                    <label end="21" start="17" name="NN1"/>
                    <label end="28" start="23" name="AV0"/>
                    <label end="34" start="30" name="VVD-VVN"/>
                    <label end="38" start="36" name="AT0"/>
                    <label end="48" start="40" name="AJ0"/>
                    <label end="58" start="50" name="NP0"/>
                    <label end="62" start="60" name="DPS"/>
                    <label end="72" start="64" name="NN2"/>
                    <label end="74" start="74" name="PUN"/>
                    <label end="81" start="76" name="CJS"/>
                    <label end="84" start="83" name="PNP"/>
                    <label end="91" start="86" name="VVD"/>
                    <label end="99" start="93" name="PNI"/>
                    <label end="103" start="101" name="AJ0"/>
                    <label end="105" start="105" name="PUN"/>
                </layer>
                <layer rank="1" name="NER"/>
                <layer rank="1" name="WSL"/>
            </annotationSet>
            <annotationSet cDate="01/08/2003 01:36:18 PST Wed" status="MANUAL" ID="1611599">
                <layer rank="1" name="FE">
                    <label cBy="RLG" feID="194" end="58" start="50" name="Experiencer"/>
                </layer>
                <layer rank="1" name="GF">
                    <label end="58" start="50" name="Head"/>
                </layer>
                <layer rank="1" name="PT">
                    <label end="58" start="50" name="N"/>
                </layer>
                <layer rank="1" name="Sent"/>
                <layer rank="1" name="Other"/>
                <layer rank="1" name="Target">
                    <label cBy="BoC" end="48" start="40" name="Target"/>
                </layer>
                <layer rank="1" name="Adj"/>
            </annotationSet>
        </sentence>
        <sentence sentNo="0" aPos="31526893" ID="1080099">
            <text>Even in their befuddled state its meaning was frighteningly explicit . </text>
            <annotationSet cDate="01/08/2003 01:36:19 PST Wed" status="UNANN" ID="1611602">
                <layer rank="1" name="BNC">
                    <label end="3" start="0" name="AV0"/>
                    <label end="6" start="5" name="PRP"/>
                    <label end="12" start="8" name="DPS"/>
                    <label end="22" start="14" name="AJ0"/>
                    <label end="28" start="24" name="NN1-VVB"/>
                    <label end="32" start="30" name="DPS"/>
                    <label end="40" start="34" name="NN1"/>
                    <label end="44" start="42" name="VBD"/>
                    <label end="58" start="46" name="AV0"/>
                    <label end="67" start="60" name="AJ0"/>
                    <label end="69" start="69" name="PUN"/>
                </layer>
                <layer rank="1" name="NER"/>
                <layer rank="1" name="WSL"/>
            </annotationSet>
            <annotationSet cDate="01/08/2003 01:36:19 PST Wed" status="MANUAL" ID="1611603">
                <layer rank="1" name="FE">
                    <label cBy="RLG" feID="3477" end="28" start="24" name="State"/>
                </layer>
                <layer rank="1" name="GF">
                    <label end="28" start="24" name="Head"/>
                </layer>
                <layer rank="1" name="PT">
                    <label end="28" start="24" name="N"/>
                </layer>
                <layer rank="1" name="Sent"/>
                <layer rank="1" name="Other"/>
                <layer rank="1" name="Target">
                    <label cBy="BoC" end="22" start="14" name="Target"/>
                </layer>
                <layer rank="1" name="Adj"/>
            </annotationSet>
        </sentence>
        <sentence sentNo="0" aPos="62969081" ID="1080108">
            <text>Rory watched for a while , befuddled . </text>
            <annotationSet cDate="01/08/2003 01:36:20 PST Wed" status="UNANN" ID="1611620">
                <layer rank="1" name="BNC">
                    <label end="3" start="0" name="NN1-NP0"/>
                    <label end="11" start="5" name="VVD"/>
                    <label end="15" start="13" name="PRP"/>
                    <label end="17" start="17" name="AT0"/>
                    <label end="23" start="19" name="NN1"/>
                    <label end="25" start="25" name="PUN"/>
                    <label end="35" start="27" name="VVD"/>
                    <label end="37" start="37" name="PUN"/>
                </layer>
                <layer rank="1" name="NER"/>
                <layer rank="1" name="WSL"/>
            </annotationSet>
            <annotationSet cDate="01/08/2003 01:36:20 PST Wed" status="MANUAL" ID="1611621">
                <layer rank="1" name="FE">
                    <label cBy="RLG" feID="194" end="3" start="0" name="Experiencer"/>
                </layer>
                <layer rank="1" name="GF">
                    <label end="3" start="0" name="Ext"/>
                </layer>
                <layer rank="1" name="PT">
                    <label end="3" start="0" name="NP"/>
                </layer>
                <layer rank="1" name="Sent"/>
                <layer rank="1" name="Other"/>
                <layer rank="1" name="Target">
                    <label cBy="BoC" end="35" start="27" name="Target"/>
                </layer>
                <layer rank="1" name="Adj"/>
            </annotationSet>
        </sentence>
        <sentence sentNo="0" aPos="63405118" ID="1080109">
            <text>Goodenache watched them , not knowing in his befuddled state what to do . </text>
            <annotationSet cDate="01/08/2003 01:36:20 PST Wed" status="UNANN" ID="1611622">
                <layer rank="1" name="BNC">
                    <label end="9" start="0" name="NN1-NP0"/>
                    <label end="17" start="11" name="VVD"/>
                    <label end="22" start="19" name="PNP"/>
                    <label end="24" start="24" name="PUN"/>
                    <label end="28" start="26" name="XX0"/>
                    <label end="36" start="30" name="VVG"/>
                    <label end="39" start="38" name="PRP"/>
                    <label end="43" start="41" name="DPS"/>
                    <label end="53" start="45" name="AJ0"/>
                    <label end="59" start="55" name="NN1"/>
                    <label end="64" start="61" name="DTQ"/>
                    <label end="67" start="66" name="TO0"/>
                    <label end="70" start="69" name="VDI"/>
                    <label end="72" start="72" name="PUN"/>
                </layer>
                <layer rank="1" name="NER"/>
                <layer rank="1" name="WSL"/>
            </annotationSet>
            <annotationSet cDate="01/08/2003 01:36:20 PST Wed" status="MANUAL" ID="1611623">
                <layer rank="1" name="FE">
                    <label cBy="RLG" feID="3477" end="59" start="55" name="State"/>
                </layer>
                <layer rank="1" name="GF">
                    <label end="59" start="55" name="Head"/>
                </layer>
                <layer rank="1" name="PT">
                    <label end="59" start="55" name="N"/>
                </layer>
                <layer rank="1" name="Sent"/>
                <layer rank="1" name="Other"/>
                <layer rank="1" name="Target">
                    <label cBy="BoC" end="53" start="45" name="Target"/>
                </layer>
                <layer rank="1" name="Adj"/>
            </annotationSet>
        </sentence>
        <sentence sentNo="0" aPos="101122940" ID="1080114">
            <text>She gave him no explanation why ; he was too befuddled with sleep and a probable hangover for it to register anyway , whatever she told him . </text>
            <annotationSet cDate="01/08/2003 01:36:20 PST Wed" status="UNANN" ID="1611632">
                <layer rank="1" name="BNC">
                    <label end="2" start="0" name="PNP"/>
                    <label end="7" start="4" name="VVD"/>
                    <label end="11" start="9" name="PNP"/>
                    <label end="14" start="13" name="AT0"/>
                    <label end="26" start="16" name="NN1"/>
                    <label end="30" start="28" name="AVQ"/>
                    <label end="32" start="32" name="PUN"/>
                    <label end="35" start="34" name="PNP"/>
                    <label end="39" start="37" name="VBD"/>
                    <label end="43" start="41" name="AV0"/>
                    <label end="53" start="45" name="VVN"/>
                    <label end="58" start="55" name="PRP"/>
                    <label end="64" start="60" name="NN1"/>
                    <label end="68" start="66" name="CJC"/>
                    <label end="70" start="70" name="AT0"/>
                    <label end="79" start="72" name="AJ0"/>
                    <label end="88" start="81" name="NN1"/>
                    <label end="92" start="90" name="PRP"/>
                    <label end="95" start="94" name="PNP"/>
                    <label end="98" start="97" name="TO0"/>
                    <label end="107" start="100" name="VVI"/>
                    <label end="114" start="109" name="AV0"/>
                    <label end="116" start="116" name="PUN"/>
                    <label end="125" start="118" name="DTQ"/>
                    <label end="129" start="127" name="PNP"/>
                    <label end="134" start="131" name="VVD"/>
                    <label end="138" start="136" name="PNP"/>
                    <label end="140" start="140" name="PUN"/>
                </layer>
                <layer rank="1" name="NER"/>
                <layer rank="1" name="WSL"/>
            </annotationSet>
            <annotationSet cDate="01/08/2003 01:36:20 PST Wed" status="MANUAL" ID="1611633">
                <layer rank="1" name="FE">
                    <label cBy="RLG" feID="3469" end="88" start="55" name="Explanation"/>
                    <label cBy="RLG" feID="1891" end="107" start="90" name="Degree"/>
                    <label cBy="RLG" feID="1891" end="43" start="41" name="Degree"/>
                    <label cBy="RLG" feID="194" end="35" start="34" name="Experiencer"/>
                </layer>
                <layer rank="1" name="GF">
                    <label end="88" start="55" name="Dep"/>
                    <label end="107" start="90" name="Dep"/>
                    <label end="43" start="41" name="Dep"/>
                    <label end="35" start="34" name="Ext"/>
                </layer>
                <layer rank="1" name="PT">
                    <label end="88" start="55" name="PP"/>
                    <label end="107" start="90" name="Sforto"/>
                    <label end="43" start="41" name="AVP"/>
                    <label end="35" start="34" name="NP"/>
                </layer>
                <layer rank="1" name="Sent"/>
                <layer rank="1" name="Other"/>
                <layer rank="1" name="Target">
                    <label cBy="BoC" end="53" start="45" name="Target"/>
                </layer>
                <layer rank="1" name="Adj">
                    <label end="39" start="37" name="Cop"/>
                </layer>
            </annotationSet>
        </sentence>
    </subCorpus>
</lexUnit>