<?xml version="1.0" encoding="UTF-8" standalone="yes"?>
<?xml-stylesheet type="text/xsl" href="lexUnit.xsl"?>
<lexUnit status="Finished_Initial" POS="A" name="nonplussed.a" ID="7147" frame="Emotion_directed" frameID="46" totalAnnotated="11" xsi:schemaLocation="../schema/lexUnit.xsd" xmlns="http://framenet.icsi.berkeley.edu" xmlns:xsi="http://www.w3.org/2001/XMLSchema-instance">
    <header>
        <frame>
            <FE fgColor="FFFFFF" bgColor="00BFFF" type="Extra-Thematic" abbrev="cir" name="Circumstances"/>
            <FE fgColor="FFFFFF" bgColor="FF69B4" type="Peripheral" abbrev="Degr" name="Degree"/>
            <FE fgColor="FFFFFF" bgColor="0000FF" type="Extra-Thematic" abbrev="ET" name="Empathy_target"/>
            <FE fgColor="FFFFFF" bgColor="A52A2A" type="Core" abbrev="Event" name="Event"/>
            <FE fgColor="FFFFFF" bgColor="800080" type="Core" abbrev="Exp" name="Experiencer"/>
            <FE fgColor="FFFFFF" bgColor="00008B" type="Extra-Thematic" abbrev="Exp" name="Explanation"/>
            <FE fgColor="FFFFFF" bgColor="008000" type="Core" abbrev="Exr" name="Expressor"/>
            <FE fgColor="000000" bgColor="7FFF00" type="Extra-Thematic" abbrev="" name="Frequency"/>
            <FE fgColor="FFFFFF" bgColor="FF00FF" type="Peripheral" abbrev="" name="Manner"/>
            <FE fgColor="FFFFFF" bgColor="2E8B57" type="Peripheral" abbrev="" name="Parameter"/>
            <FE fgColor="FFFFFF" bgColor="9F79EE" type="Core" abbrev="State" name="State"/>
            <FE fgColor="FFFFFF" bgColor="FF0000" type="Core" abbrev="Stim" name="Stimulus"/>
            <FE fgColor="FFFFFF" bgColor="FFA500" type="Core" abbrev="Top" name="Topic"/>
        </frame>
    </header>
    <definition>FN: flummoxed</definition>
    <lexeme POS="A" name="nonplussed"/>
    <valences>
        <governor type="Ctrlr" lemma="look">
            <annoSet ID="1596007"/>
            <annoSet ID="1596035"/>
        </governor>
        <FERealization total="5">
            <FE name="Degree"/>
            <pattern total="5">
                <valenceUnit GF="Dep" PT="AVP" FE="Degree"/>
                <annoSet ID="1595961"/>
                <annoSet ID="1595979"/>
                <annoSet ID="1595981"/>
                <annoSet ID="1596007"/>
                <annoSet ID="1596039"/>
            </pattern>
        </FERealization>
        <FERealization total="11">
            <FE name="Experiencer"/>
            <pattern total="1">
                <valenceUnit GF="" PT="CNI" FE="Experiencer"/>
                <annoSet ID="1595981"/>
            </pattern>
            <pattern total="9">
                <valenceUnit GF="Ext" PT="NP" FE="Experiencer"/>
                <annoSet ID="1595951"/>
                <annoSet ID="1595961"/>
                <annoSet ID="1595965"/>
                <annoSet ID="1595979"/>
                <annoSet ID="1595983"/>
                <annoSet ID="1595987"/>
                <annoSet ID="1596007"/>
                <annoSet ID="1596035"/>
                <annoSet ID="1596039"/>
            </pattern>
            <pattern total="1">
                <valenceUnit GF="Head" PT="N" FE="Experiencer"/>
                <annoSet ID="1596005"/>
            </pattern>
        </FERealization>
        <FERealization total="6">
            <FE name="Stimulus"/>
            <pattern total="2">
                <valenceUnit GF="Dep" PT="PP[by]" FE="Stimulus"/>
                <annoSet ID="1595981"/>
                <annoSet ID="1595983"/>
            </pattern>
            <pattern total="1">
                <valenceUnit GF="Dep" PT="PP[about]" FE="Stimulus"/>
                <annoSet ID="1596039"/>
            </pattern>
            <pattern total="1">
                <valenceUnit GF="Dep" PT="PP[at]" FE="Stimulus"/>
                <annoSet ID="1595979"/>
            </pattern>
            <pattern total="1">
                <valenceUnit GF="" PT="DNI" FE="Stimulus"/>
                <annoSet ID="1596035"/>
            </pattern>
            <pattern total="1">
                <valenceUnit GF="Dep" PT="VPto" FE="Stimulus"/>
                <annoSet ID="1595965"/>
            </pattern>
        </FERealization>
        <FEGroupRealization total="2">
            <FE name="Degree"/>
            <FE name="Experiencer"/>
            <pattern total="2">
                <valenceUnit GF="Dep" PT="AVP" FE="Degree"/>
                <valenceUnit GF="Ext" PT="NP" FE="Experiencer"/>
                <annoSet ID="1595961"/>
                <annoSet ID="1596007"/>
            </pattern>
        </FEGroupRealization>
        <FEGroupRealization total="3">
            <FE name="Degree"/>
            <FE name="Experiencer"/>
            <FE name="Stimulus"/>
            <pattern total="1">
                <valenceUnit GF="Dep" PT="AVP" FE="Degree"/>
                <valenceUnit GF="" PT="CNI" FE="Experiencer"/>
                <valenceUnit GF="Dep" PT="PP[by]" FE="Stimulus"/>
                <annoSet ID="1595981"/>
            </pattern>
            <pattern total="1">
                <valenceUnit GF="Dep" PT="AVP" FE="Degree"/>
                <valenceUnit GF="Ext" PT="NP" FE="Experiencer"/>
                <valenceUnit GF="Dep" PT="PP[about]" FE="Stimulus"/>
                <annoSet ID="1596039"/>
            </pattern>
            <pattern total="1">
                <valenceUnit GF="Dep" PT="AVP" FE="Degree"/>
                <valenceUnit GF="Ext" PT="NP" FE="Experiencer"/>
                <valenceUnit GF="Dep" PT="PP[at]" FE="Stimulus"/>
                <annoSet ID="1595979"/>
            </pattern>
        </FEGroupRealization>
        <FEGroupRealization total="3">
            <FE name="Experiencer"/>
            <pattern total="1">
                <valenceUnit GF="Head" PT="N" FE="Experiencer"/>
                <annoSet ID="1596005"/>
            </pattern>
            <pattern total="2">
                <valenceUnit GF="Ext" PT="NP" FE="Experiencer"/>
                <annoSet ID="1595951"/>
                <annoSet ID="1595987"/>
            </pattern>
        </FEGroupRealization>
        <FEGroupRealization total="3">
            <FE name="Experiencer"/>
            <FE name="Stimulus"/>
            <pattern total="1">
                <valenceUnit GF="Ext" PT="NP" FE="Experiencer"/>
                <valenceUnit GF="" PT="DNI" FE="Stimulus"/>
                <annoSet ID="1596035"/>
            </pattern>
            <pattern total="1">
                <valenceUnit GF="Ext" PT="NP" FE="Experiencer"/>
                <valenceUnit GF="Dep" PT="PP[by]" FE="Stimulus"/>
                <annoSet ID="1595983"/>
            </pattern>
            <pattern total="1">
                <valenceUnit GF="Ext" PT="NP" FE="Experiencer"/>
                <valenceUnit GF="Dep" PT="VPto" FE="Stimulus"/>
                <annoSet ID="1595965"/>
            </pattern>
        </FEGroupRealization>
    </valences>
    <subCorpus name="A-001-all">
        <sentence sentNo="0" aPos="3326312" ID="1072273">
            <text>Rachel had been nonplussed . </text>
            <annotationSet cDate="01/08/2003 01:17:55 PST Wed" status="UNANN" ID="1595950">
                <layer rank="1" name="BNC">
                    <label end="5" start="0" name="NP0"/>
                    <label end="9" start="7" name="VHD"/>
                    <label end="14" start="11" name="VBN"/>
                    <label end="25" start="16" name="VVN"/>
                    <label end="27" start="27" name="PUN"/>
                </layer>
                <layer rank="1" name="NER"/>
                <layer rank="1" name="WSL"/>
            </annotationSet>
            <annotationSet cDate="01/08/2003 01:17:55 PST Wed" status="MANUAL" ID="1595951">
                <layer rank="1" name="FE">
                    <label cBy="RLG" feID="194" end="5" start="0" name="Experiencer"/>
                </layer>
                <layer rank="1" name="GF">
                    <label end="5" start="0" name="Ext"/>
                </layer>
                <layer rank="1" name="PT">
                    <label end="5" start="0" name="NP"/>
                </layer>
                <layer rank="1" name="Sent"/>
                <layer rank="1" name="Other"/>
                <layer rank="1" name="Target">
                    <label cBy="BoC" end="25" start="16" name="Target"/>
                </layer>
                <layer rank="1" name="Adj">
                    <label end="14" start="11" name="Cop"/>
                </layer>
            </annotationSet>
        </sentence>
        <sentence sentNo="0" aPos="21225671" ID="1072278">
            <text>She was totally nonplussed . </text>
            <annotationSet cDate="01/08/2003 01:17:56 PST Wed" status="UNANN" ID="1595960">
                <layer rank="1" name="BNC">
                    <label end="2" start="0" name="PNP"/>
                    <label end="6" start="4" name="VBD"/>
                    <label end="14" start="8" name="AV0"/>
                    <label end="25" start="16" name="VVD-VVN"/>
                    <label end="27" start="27" name="PUN"/>
                </layer>
                <layer rank="1" name="NER"/>
                <layer rank="1" name="WSL"/>
            </annotationSet>
            <annotationSet cDate="01/08/2003 01:17:56 PST Wed" status="MANUAL" ID="1595961">
                <layer rank="1" name="FE">
                    <label cBy="RLG" feID="1891" end="14" start="8" name="Degree"/>
                    <label cBy="RLG" feID="194" end="2" start="0" name="Experiencer"/>
                </layer>
                <layer rank="1" name="GF">
                    <label end="14" start="8" name="Dep"/>
                    <label end="2" start="0" name="Ext"/>
                </layer>
                <layer rank="1" name="PT">
                    <label end="14" start="8" name="AVP"/>
                    <label end="2" start="0" name="NP"/>
                </layer>
                <layer rank="1" name="Sent"/>
                <layer rank="1" name="Other"/>
                <layer rank="1" name="Target">
                    <label cBy="BoC" end="25" start="16" name="Target"/>
                </layer>
                <layer rank="1" name="Adj">
                    <label end="6" start="4" name="Cop"/>
                </layer>
            </annotationSet>
        </sentence>
        <sentence sentNo="0" aPos="24579470" ID="1072280">
            <text>Upon his arrival , he was nonplussed to find the yard and buildings deserted . </text>
            <annotationSet cDate="01/08/2003 01:17:56 PST Wed" status="UNANN" ID="1595964">
                <layer rank="1" name="BNC">
                    <label end="3" start="0" name="PRP"/>
                    <label end="7" start="5" name="DPS"/>
                    <label end="15" start="9" name="NN1"/>
                    <label end="17" start="17" name="PUN"/>
                    <label end="20" start="19" name="PNP"/>
                    <label end="24" start="22" name="VBD"/>
                    <label end="35" start="26" name="VVN"/>
                    <label end="38" start="37" name="TO0"/>
                    <label end="43" start="40" name="VVI"/>
                    <label end="47" start="45" name="AT0"/>
                    <label end="52" start="49" name="NN1"/>
                    <label end="56" start="54" name="CJC"/>
                    <label end="66" start="58" name="NN2"/>
                    <label end="75" start="68" name="VVD-VVN"/>
                    <label end="77" start="77" name="PUN"/>
                </layer>
                <layer rank="1" name="NER"/>
                <layer rank="1" name="WSL"/>
            </annotationSet>
            <annotationSet cDate="01/08/2003 01:17:56 PST Wed" status="MANUAL" ID="1595965">
                <layer rank="1" name="FE">
                    <label cBy="RLG" feID="194" end="20" start="19" name="Experiencer"/>
                    <label cBy="RLG" feID="197" end="75" start="37" name="Stimulus"/>
                </layer>
                <layer rank="1" name="GF">
                    <label end="20" start="19" name="Ext"/>
                    <label end="75" start="37" name="Dep"/>
                </layer>
                <layer rank="1" name="PT">
                    <label end="20" start="19" name="NP"/>
                    <label end="75" start="37" name="VPto"/>
                </layer>
                <layer rank="1" name="Sent"/>
                <layer rank="1" name="Other"/>
                <layer rank="1" name="Target">
                    <label cBy="BoC" end="35" start="26" name="Target"/>
                </layer>
                <layer rank="1" name="Adj">
                    <label end="24" start="22" name="Cop"/>
                </layer>
            </annotationSet>
        </sentence>
        <sentence sentNo="0" aPos="53034462" ID="1072287">
            <text>George knew that she was a bit nonplussed at his eagerness for her to have her own social life . </text>
            <annotationSet cDate="01/08/2003 01:17:57 PST Wed" status="UNANN" ID="1595978">
                <layer rank="1" name="BNC">
                    <label end="5" start="0" name="NP0"/>
                    <label end="10" start="7" name="VVD"/>
                    <label end="15" start="12" name="CJT"/>
                    <label end="19" start="17" name="PNP"/>
                    <label end="23" start="21" name="VBD"/>
                    <label end="25" start="25" name="PNI"/>
                    <label end="29" start="27" name="PNI"/>
                    <label end="40" start="31" name="VVD-VVN"/>
                    <label end="43" start="42" name="PRP"/>
                    <label end="47" start="45" name="DPS"/>
                    <label end="57" start="49" name="NN1"/>
                    <label end="61" start="59" name="PRP"/>
                    <label end="65" start="63" name="PNP"/>
                    <label end="68" start="67" name="TO0"/>
                    <label end="73" start="70" name="VHI"/>
                    <label end="77" start="75" name="DPS"/>
                    <label end="81" start="79" name="DT0"/>
                    <label end="88" start="83" name="AJ0"/>
                    <label end="93" start="90" name="NN1"/>
                    <label end="95" start="95" name="PUN"/>
                </layer>
                <layer rank="1" name="NER"/>
                <layer rank="1" name="WSL"/>
            </annotationSet>
            <annotationSet cDate="01/08/2003 01:17:57 PST Wed" status="MANUAL" ID="1595979">
                <layer rank="1" name="FE">
                    <label cBy="RLG" feID="194" end="19" start="17" name="Experiencer"/>
                    <label cBy="RLG" feID="1891" end="29" start="25" name="Degree"/>
                    <label cBy="RLG" feID="197" end="93" start="42" name="Stimulus"/>
                </layer>
                <layer rank="1" name="GF">
                    <label end="19" start="17" name="Ext"/>
                    <label end="29" start="25" name="Dep"/>
                    <label end="93" start="42" name="Dep"/>
                </layer>
                <layer rank="1" name="PT">
                    <label end="19" start="17" name="NP"/>
                    <label end="29" start="25" name="AVP"/>
                    <label end="93" start="42" name="PP"/>
                </layer>
                <layer rank="1" name="Sent"/>
                <layer rank="1" name="Other"/>
                <layer rank="1" name="Target">
                    <label cBy="BoC" end="40" start="31" name="Target"/>
                </layer>
                <layer rank="1" name="Adj">
                    <label end="23" start="21" name="Cop"/>
                </layer>
            </annotationSet>
        </sentence>
        <sentence sentNo="0" aPos="56967978" ID="1072288">
            <text>Joan 's great skill , then as now , was to be completely nonplussed by anything Richard did . </text>
            <annotationSet cDate="01/08/2003 01:17:57 PST Wed" status="UNANN" ID="1595980">
                <layer rank="1" name="BNC">
                    <label end="3" start="0" name="NP0"/>
                    <label end="6" start="5" name="POS"/>
                    <label end="12" start="8" name="AJ0"/>
                    <label end="18" start="14" name="NN1"/>
                    <label end="20" start="20" name="PUN"/>
                    <label end="25" start="22" name="AV0"/>
                    <label end="28" start="27" name="AV0"/>
                    <label end="32" start="30" name="AV0"/>
                    <label end="34" start="34" name="PUN"/>
                    <label end="38" start="36" name="VBD"/>
                    <label end="41" start="40" name="TO0"/>
                    <label end="44" start="43" name="VBI"/>
                    <label end="55" start="46" name="AV0"/>
                    <label end="66" start="57" name="VVN"/>
                    <label end="69" start="68" name="PRP"/>
                    <label end="78" start="71" name="PNI"/>
                    <label end="86" start="80" name="NP0"/>
                    <label end="90" start="88" name="VDD"/>
                    <label end="92" start="92" name="PUN"/>
                </layer>
                <layer rank="1" name="NER"/>
                <layer rank="1" name="WSL"/>
            </annotationSet>
            <annotationSet cDate="01/08/2003 01:17:57 PST Wed" status="MANUAL" ID="1595981">
                <layer rank="1" name="FE">
                    <label cBy="JKR" feID="197" end="90" start="68" name="Stimulus"/>
                    <label cBy="JKR" feID="194" itype="CNI" name="Experiencer"/>
                    <label cBy="JKR" feID="1891" end="55" start="46" name="Degree"/>
                </layer>
                <layer rank="1" name="GF">
                    <label end="90" start="68" name="Dep"/>
                    <label end="55" start="46" name="Dep"/>
                </layer>
                <layer rank="1" name="PT">
                    <label end="90" start="68" name="PP"/>
                    <label end="55" start="46" name="AVP"/>
                </layer>
                <layer rank="1" name="Sent"/>
                <layer rank="1" name="Other"/>
                <layer rank="1" name="Target">
                    <label cBy="BoC" end="66" start="57" name="Target"/>
                </layer>
                <layer rank="1" name="Adj">
                    <label end="44" start="43" name="Cop"/>
                </layer>
            </annotationSet>
        </sentence>
        <sentence sentNo="0" aPos="56981494" ID="1072289">
            <text>Branson was nonplussed by Elliott 's refusal ; in fact , it constituted the perfect challenge . </text>
            <annotationSet cDate="01/08/2003 01:17:57 PST Wed" status="UNANN" ID="1595982">
                <layer rank="1" name="BNC">
                    <label end="6" start="0" name="NN1-NP0"/>
                    <label end="10" start="8" name="VBD"/>
                    <label end="21" start="12" name="VVN"/>
                    <label end="24" start="23" name="PRP"/>
                    <label end="32" start="26" name="NP0"/>
                    <label end="35" start="34" name="POS"/>
                    <label end="43" start="37" name="NN1"/>
                    <label end="45" start="45" name="PUN"/>
                    <label end="48" start="47" name="PRP"/>
                    <label end="53" start="50" name="NN1"/>
                    <label end="55" start="55" name="PUN"/>
                    <label end="58" start="57" name="PNP"/>
                    <label end="70" start="60" name="VVD"/>
                    <label end="74" start="72" name="AT0"/>
                    <label end="82" start="76" name="AJ0"/>
                    <label end="92" start="84" name="NN1"/>
                    <label end="94" start="94" name="PUN"/>
                </layer>
                <layer rank="1" name="NER"/>
                <layer rank="1" name="WSL"/>
            </annotationSet>
            <annotationSet cDate="01/08/2003 01:17:57 PST Wed" status="MANUAL" ID="1595983">
                <layer rank="1" name="FE">
                    <label cBy="JKR" feID="194" end="6" start="0" name="Experiencer"/>
                    <label cBy="JKR" feID="197" end="43" start="23" name="Stimulus"/>
                </layer>
                <layer rank="1" name="GF">
                    <label end="6" start="0" name="Ext"/>
                    <label end="43" start="23" name="Dep"/>
                </layer>
                <layer rank="1" name="PT">
                    <label end="6" start="0" name="NP"/>
                    <label end="43" start="23" name="PP"/>
                </layer>
                <layer rank="1" name="Sent"/>
                <layer rank="1" name="Other"/>
                <layer rank="1" name="Target">
                    <label cBy="BoC" end="21" start="12" name="Target"/>
                </layer>
                <layer rank="1" name="Adj">
                    <label end="10" start="8" name="Cop"/>
                </layer>
            </annotationSet>
        </sentence>
        <sentence sentNo="0" aPos="60257630" ID="1072291">
            <text>Mait was momentarily nonplussed , but soon recovered , as he mentally ran through the possible effects of this on his plan . </text>
            <annotationSet cDate="01/08/2003 01:17:57 PST Wed" status="UNANN" ID="1595986">
                <layer rank="1" name="BNC">
                    <label end="3" start="0" name="NN1-NP0"/>
                    <label end="7" start="5" name="VBD"/>
                    <label end="19" start="9" name="AV0"/>
                    <label end="30" start="21" name="VVN"/>
                    <label end="32" start="32" name="PUN"/>
                    <label end="36" start="34" name="CJC"/>
                    <label end="41" start="38" name="AV0"/>
                    <label end="51" start="43" name="VVD-VVN"/>
                    <label end="53" start="53" name="PUN"/>
                    <label end="56" start="55" name="CJS"/>
                    <label end="59" start="58" name="PNP"/>
                    <label end="68" start="61" name="AV0"/>
                    <label end="72" start="70" name="VVD"/>
                    <label end="80" start="74" name="PRP"/>
                    <label end="84" start="82" name="AT0"/>
                    <label end="93" start="86" name="AJ0"/>
                    <label end="101" start="95" name="NN2"/>
                    <label end="104" start="103" name="PRF"/>
                    <label end="109" start="106" name="DT0"/>
                    <label end="112" start="111" name="PRP"/>
                    <label end="116" start="114" name="DPS"/>
                    <label end="121" start="118" name="NN1"/>
                    <label end="123" start="123" name="PUN"/>
                </layer>
                <layer rank="1" name="NER"/>
                <layer rank="1" name="WSL"/>
            </annotationSet>
            <annotationSet cDate="01/08/2003 01:17:57 PST Wed" status="MANUAL" ID="1595987">
                <layer rank="1" name="FE">
                    <label cBy="RLG" feID="194" end="3" start="0" name="Experiencer"/>
                </layer>
                <layer rank="1" name="GF">
                    <label end="3" start="0" name="Ext"/>
                </layer>
                <layer rank="1" name="PT">
                    <label end="3" start="0" name="NP"/>
                </layer>
                <layer rank="1" name="Sent"/>
                <layer rank="1" name="Other"/>
                <layer rank="1" name="Target">
                    <label cBy="BoC" end="30" start="21" name="Target"/>
                </layer>
                <layer rank="1" name="Adj">
                    <label end="7" start="5" name="Cop"/>
                </layer>
            </annotationSet>
        </sentence>
        <sentence sentNo="0" aPos="72323828" ID="1072300">
            <text>It is also worth speculating on the fate of what must have been a nonplussed Christopher Chryselius , Sir John Pennington must have been thoroughly annoyed at the outcome , too . </text>
            <annotationSet cDate="01/08/2003 01:17:58 PST Wed" status="UNANN" ID="1596004">
                <layer rank="1" name="BNC">
                    <label end="1" start="0" name="PNP"/>
                    <label end="4" start="3" name="VBZ"/>
                    <label end="9" start="6" name="AV0"/>
                    <label end="15" start="11" name="PRP"/>
                    <label end="27" start="17" name="VVG"/>
                    <label end="30" start="29" name="PRP"/>
                    <label end="34" start="32" name="AT0"/>
                    <label end="39" start="36" name="NN1"/>
                    <label end="42" start="41" name="PRF"/>
                    <label end="47" start="44" name="DTQ"/>
                    <label end="52" start="49" name="VM0"/>
                    <label end="57" start="54" name="VHI"/>
                    <label end="62" start="59" name="VBN"/>
                    <label end="64" start="64" name="AT0"/>
                    <label end="75" start="66" name="AJ0"/>
                    <label end="87" start="77" name="NP0"/>
                    <label end="98" start="89" name="NP0"/>
                    <label end="100" start="100" name="PUN"/>
                    <label end="104" start="102" name="NP0"/>
                    <label end="109" start="106" name="NP0"/>
                    <label end="120" start="111" name="NP0"/>
                    <label end="125" start="122" name="VM0"/>
                    <label end="130" start="127" name="VHI"/>
                    <label end="135" start="132" name="VBN"/>
                    <label end="146" start="137" name="AV0"/>
                    <label end="154" start="148" name="AJ0"/>
                    <label end="157" start="156" name="PRP"/>
                    <label end="161" start="159" name="AT0"/>
                    <label end="169" start="163" name="NN1"/>
                    <label end="171" start="171" name="PUN"/>
                    <label end="175" start="173" name="AV0"/>
                    <label end="177" start="177" name="PUN"/>
                </layer>
                <layer rank="1" name="NER"/>
                <layer rank="1" name="WSL"/>
            </annotationSet>
            <annotationSet cDate="01/08/2003 01:17:58 PST Wed" status="MANUAL" ID="1596005">
                <layer rank="1" name="FE">
                    <label cBy="JKR" feID="194" end="98" start="77" name="Experiencer"/>
                </layer>
                <layer rank="1" name="GF">
                    <label end="98" start="77" name="Head"/>
                </layer>
                <layer rank="1" name="PT">
                    <label end="98" start="77" name="N"/>
                </layer>
                <layer rank="1" name="Sent"/>
                <layer rank="1" name="Other"/>
                <layer rank="1" name="Target">
                    <label cBy="BoC" end="75" start="66" name="Target"/>
                </layer>
                <layer rank="1" name="Adj"/>
            </annotationSet>
        </sentence>
        <sentence sentNo="0" aPos="75589025" ID="1072301">
            <text>He looked quite nonplussed . </text>
            <annotationSet cDate="01/08/2003 01:17:58 PST Wed" status="UNANN" ID="1596006">
                <layer rank="1" name="BNC">
                    <label end="1" start="0" name="PNP"/>
                    <label end="8" start="3" name="VVD"/>
                    <label end="14" start="10" name="AV0"/>
                    <label end="25" start="16" name="VVD-VVN"/>
                    <label end="27" start="27" name="PUN"/>
                </layer>
                <layer rank="1" name="NER"/>
                <layer rank="1" name="WSL"/>
            </annotationSet>
            <annotationSet cDate="01/08/2003 01:17:58 PST Wed" status="MANUAL" ID="1596007">
                <layer rank="1" name="FE">
                    <label cBy="RLG" feID="1891" end="14" start="10" name="Degree"/>
                    <label cBy="RLG" feID="194" end="1" start="0" name="Experiencer"/>
                </layer>
                <layer rank="1" name="GF">
                    <label end="14" start="10" name="Dep"/>
                    <label end="1" start="0" name="Ext"/>
                </layer>
                <layer rank="1" name="PT">
                    <label end="14" start="10" name="AVP"/>
                    <label end="1" start="0" name="NP"/>
                </layer>
                <layer rank="1" name="Sent"/>
                <layer rank="1" name="Other"/>
                <layer rank="1" name="Target">
                    <label cBy="BoC" end="25" start="16" name="Target"/>
                </layer>
                <layer rank="1" name="Adj">
                    <label end="8" start="3" name="Ctrlr"/>
                </layer>
            </annotationSet>
        </sentence>
        <sentence sentNo="0" aPos="100969462" ID="1072315">
            <text>Usually so mentally attuned , so aware of what she was thinking and feeling , he looked angry and nonplussed , unable to understand her withdrawal . </text>
            <annotationSet cDate="01/08/2003 01:18:00 PST Wed" status="UNANN" ID="1596034">
                <layer rank="1" name="BNC">
                    <label end="6" start="0" name="AV0"/>
                    <label end="9" start="8" name="AV0"/>
                    <label end="18" start="11" name="AV0"/>
                    <label end="26" start="20" name="VVD-VVN"/>
                    <label end="28" start="28" name="PUN"/>
                    <label end="31" start="30" name="AV0"/>
                    <label end="37" start="33" name="AJ0"/>
                    <label end="40" start="39" name="PRF"/>
                    <label end="45" start="42" name="DTQ"/>
                    <label end="49" start="47" name="PNP"/>
                    <label end="53" start="51" name="VBD"/>
                    <label end="62" start="55" name="VVG"/>
                    <label end="66" start="64" name="CJC"/>
                    <label end="74" start="68" name="NN1-VVG"/>
                    <label end="76" start="76" name="PUN"/>
                    <label end="79" start="78" name="PNP"/>
                    <label end="86" start="81" name="VVD"/>
                    <label end="92" start="88" name="AJ0"/>
                    <label end="96" start="94" name="CJC"/>
                    <label end="107" start="98" name="VVD"/>
                    <label end="109" start="109" name="PUN"/>
                    <label end="116" start="111" name="AJ0"/>
                    <label end="119" start="118" name="TO0"/>
                    <label end="130" start="121" name="VVI"/>
                    <label end="134" start="132" name="DPS"/>
                    <label end="145" start="136" name="NN1"/>
                    <label end="147" start="147" name="PUN"/>
                </layer>
                <layer rank="1" name="NER"/>
                <layer rank="1" name="WSL"/>
            </annotationSet>
            <annotationSet cDate="01/08/2003 01:18:00 PST Wed" status="MANUAL" ID="1596035">
                <layer rank="1" name="FE">
                    <label cBy="JKR" feID="197" itype="DNI" name="Stimulus"/>
                    <label cBy="JKR" feID="194" end="79" start="78" name="Experiencer"/>
                </layer>
                <layer rank="1" name="GF">
                    <label end="79" start="78" name="Ext"/>
                </layer>
                <layer rank="1" name="PT">
                    <label end="79" start="78" name="NP"/>
                </layer>
                <layer rank="1" name="Sent"/>
                <layer rank="1" name="Other"/>
                <layer rank="1" name="Target">
                    <label cBy="BoC" end="107" start="98" name="Target"/>
                </layer>
                <layer rank="1" name="Adj">
                    <label end="86" start="81" name="Ctrlr"/>
                </layer>
            </annotationSet>
        </sentence>
        <sentence sentNo="0" aPos="101800388" ID="1072317">
            <text>Fabia felt it might be a touch cruel to laugh at him again but , feeling certain he would run a mile if she took him seriously , she was a little nonplussed about how to answer him . </text>
            <annotationSet cDate="01/08/2003 01:18:00 PST Wed" status="UNANN" ID="1596038">
                <layer rank="1" name="BNC">
                    <label end="4" start="0" name="NN1-NP0"/>
                    <label end="9" start="6" name="VVD"/>
                    <label end="12" start="11" name="PNP"/>
                    <label end="18" start="14" name="VM0"/>
                    <label end="21" start="20" name="VBI"/>
                    <label end="23" start="23" name="AT0"/>
                    <label end="29" start="25" name="NN1"/>
                    <label end="35" start="31" name="AJ0"/>
                    <label end="38" start="37" name="TO0"/>
                    <label end="44" start="40" name="VVI"/>
                    <label end="47" start="46" name="PRP"/>
                    <label end="51" start="49" name="PNP"/>
                    <label end="57" start="53" name="AV0"/>
                    <label end="61" start="59" name="CJC"/>
                    <label end="63" start="63" name="PUN"/>
                    <label end="71" start="65" name="VVG"/>
                    <label end="79" start="73" name="AJ0"/>
                    <label end="82" start="81" name="PNP"/>
                    <label end="88" start="84" name="VM0"/>
                    <label end="92" start="90" name="VVI"/>
                    <label end="94" start="94" name="AT0"/>
                    <label end="99" start="96" name="NN1"/>
                    <label end="102" start="101" name="CJS"/>
                    <label end="106" start="104" name="PNP"/>
                    <label end="111" start="108" name="VVD"/>
                    <label end="115" start="113" name="PNP"/>
                    <label end="125" start="117" name="AV0"/>
                    <label end="127" start="127" name="PUN"/>
                    <label end="131" start="129" name="PNP"/>
                    <label end="135" start="133" name="VBD"/>
                    <label end="137" start="137" name="AV0"/>
                    <label end="144" start="139" name="AV0"/>
                    <label end="155" start="146" name="VVD-VVN"/>
                    <label end="161" start="157" name="AVP-PRP"/>
                    <label end="165" start="163" name="AVQ"/>
                    <label end="168" start="167" name="TO0"/>
                    <label end="175" start="170" name="VVI"/>
                    <label end="179" start="177" name="PNP"/>
                    <label end="181" start="181" name="PUN"/>
                </layer>
                <layer rank="1" name="NER"/>
                <layer rank="1" name="WSL"/>
            </annotationSet>
            <annotationSet cDate="01/08/2003 01:18:00 PST Wed" status="MANUAL" ID="1596039">
                <layer rank="1" name="FE">
                    <label cBy="RLG" feID="194" end="131" start="129" name="Experiencer"/>
                    <label cBy="RLG" feID="1891" end="144" start="137" name="Degree"/>
                    <label cBy="RLG" feID="197" end="179" start="157" name="Stimulus"/>
                </layer>
                <layer rank="1" name="GF">
                    <label end="131" start="129" name="Ext"/>
                    <label end="144" start="137" name="Dep"/>
                    <label end="179" start="157" name="Dep"/>
                </layer>
                <layer rank="1" name="PT">
                    <label end="131" start="129" name="NP"/>
                    <label end="144" start="137" name="AVP"/>
                    <label end="179" start="157" name="PP"/>
                </layer>
                <layer rank="1" name="Sent"/>
                <layer rank="1" name="Other"/>
                <layer rank="1" name="Target">
                    <label cBy="BoC" end="155" start="146" name="Target"/>
                </layer>
                <layer rank="1" name="Adj">
                    <label end="135" start="133" name="Cop"/>
                </layer>
            </annotationSet>
        </sentence>
    </subCorpus>
</lexUnit>