<?xml version="1.0" encoding="UTF-8" standalone="yes"?>
<?xml-stylesheet type="text/xsl" href="lexUnit.xsl"?>
<lexUnit status="Needs_SCs" POS="V" name="panel.v" ID="7138" frame="Filling" frameID="59" totalAnnotated="3" xsi:schemaLocation="../schema/lexUnit.xsd" xmlns="http://framenet.icsi.berkeley.edu" xmlns:xsi="http://www.w3.org/2001/XMLSchema-instance">
    <header>
        <frame>
            <FE fgColor="FFFFFF" bgColor="FF0000" type="Core" abbrev="Agt" name="Agent"/>
            <FE fgColor="FFFFFF" bgColor="7CCD7C" type="Core" abbrev="cau" name="Cause"/>
            <FE fgColor="FFFFFF" bgColor="FF69B4" type="Peripheral" abbrev="Degr" name="Degree"/>
            <FE fgColor="FFFFFF" bgColor="9400D3" type="Extra-Thematic" abbrev="Dep" name="Depictive"/>
            <FE fgColor="FFFFFF" bgColor="1E90FF" type="Extra-Thematic" abbrev="Exp" name="Explanation"/>
            <FE fgColor="FFFFFF" bgColor="00BFFF" type="Core" abbrev="Goal" name="Goal"/>
            <FE fgColor="FFFFFF" bgColor="808080" type="Peripheral" abbrev="Ins" name="Instrument"/>
            <FE fgColor="FFFFFF" bgColor="FF00FF" type="Peripheral" abbrev="Manr" name="Manner"/>
            <FE fgColor="FFFFFF" bgColor="0000FF" type="Peripheral" abbrev="Mns" name="Means"/>
            <FE fgColor="FFFFFF" bgColor="A52A2A" type="Peripheral" abbrev="Path" name="Path"/>
            <FE fgColor="FFFFFF" bgColor="008000" type="Peripheral" abbrev="Place" name="Place"/>
            <FE fgColor="FFFFFF" bgColor="800080" type="Extra-Thematic" abbrev="Purp" name="Purpose"/>
            <FE fgColor="FFFFFF" bgColor="9F79EE" type="Extra-Thematic" abbrev="Result" name="Result"/>
            <FE fgColor="FFFFFF" bgColor="006400" type="Peripheral" abbrev="Src" name="Source"/>
            <FE fgColor="FFFFFF" bgColor="90876C" type="Extra-Thematic" abbrev="Sub" name="Subregion"/>
            <FE fgColor="FFFFFF" bgColor="00008B" type="Core" abbrev="Thm" name="Theme"/>
            <FE fgColor="FFFFFF" bgColor="FFA500" type="Peripheral" abbrev="Time" name="Time"/>
        </frame>
    </header>
    <definition>COD: cover (a wall or other surface) with panels. </definition>
    <lexeme POS="V" name="panel"/>
    <valences>
        <FERealization total="3">
            <FE name="Agent"/>
            <pattern total="3">
                <valenceUnit GF="" PT="CNI" FE="Agent"/>
                <annoSet ID="1593883"/>
                <annoSet ID="1593893"/>
                <annoSet ID="1593927"/>
            </pattern>
        </FERealization>
        <FERealization total="3">
            <FE name="Goal"/>
            <pattern total="3">
                <valenceUnit GF="Ext" PT="NP" FE="Goal"/>
                <annoSet ID="1593883"/>
                <annoSet ID="1593893"/>
                <annoSet ID="1593927"/>
            </pattern>
        </FERealization>
        <FERealization total="3">
            <FE name="Theme"/>
            <pattern total="1">
                <valenceUnit GF="" PT="INI" FE="Theme"/>
                <annoSet ID="1593883"/>
            </pattern>
            <pattern total="2">
                <valenceUnit GF="Dep" PT="PP[in]" FE="Theme"/>
                <annoSet ID="1593893"/>
                <annoSet ID="1593927"/>
            </pattern>
        </FERealization>
        <FEGroupRealization total="3">
            <FE name="Agent"/>
            <FE name="Goal"/>
            <FE name="Theme"/>
            <pattern total="1">
                <valenceUnit GF="" PT="CNI" FE="Agent"/>
                <valenceUnit GF="Ext" PT="NP" FE="Goal"/>
                <valenceUnit GF="" PT="INI" FE="Theme"/>
                <annoSet ID="1593883"/>
            </pattern>
            <pattern total="2">
                <valenceUnit GF="" PT="CNI" FE="Agent"/>
                <valenceUnit GF="Ext" PT="NP" FE="Goal"/>
                <valenceUnit GF="Dep" PT="PP[in]" FE="Theme"/>
                <annoSet ID="1593893"/>
                <annoSet ID="1593927"/>
            </pattern>
        </FEGroupRealization>
    </valences>
    <subCorpus name="V-001-all">
        <sentence sentNo="0" aPos="25357426" ID="1071239">
            <text>To give a period look , the bath and basin have been panelled and the walls tiled just up to dado height . </text>
            <annotationSet cDate="01/08/2003 01:15:20 PST Wed" status="UNANN" ID="1593882">
                <layer rank="1" name="BNC">
                    <label end="1" start="0" name="TO0"/>
                    <label end="6" start="3" name="VVI"/>
                    <label end="8" start="8" name="AT0"/>
                    <label end="15" start="10" name="NN1"/>
                    <label end="20" start="17" name="NN1"/>
                    <label end="22" start="22" name="PUN"/>
                    <label end="26" start="24" name="AT0"/>
                    <label end="31" start="28" name="NN1"/>
                    <label end="35" start="33" name="CJC"/>
                    <label end="41" start="37" name="NN1"/>
                    <label end="46" start="43" name="VHB"/>
                    <label end="51" start="48" name="VBN"/>
                    <label end="60" start="53" name="VVN"/>
                    <label end="64" start="62" name="CJC"/>
                    <label end="68" start="66" name="AT0"/>
                    <label end="74" start="70" name="NN2"/>
                    <label end="80" start="76" name="VVD"/>
                    <label end="85" start="82" name="AV0"/>
                    <label end="88" start="87" name="PRP"/>
                    <label end="91" start="90" name="PRP"/>
                    <label end="96" start="93" name="NN1"/>
                    <label end="103" start="98" name="NN1"/>
                    <label end="105" start="105" name="PUN"/>
                </layer>
                <layer rank="1" name="NER"/>
                <layer rank="1" name="WSL"/>
            </annotationSet>
            <annotationSet cDate="01/08/2003 01:15:20 PST Wed" status="MANUAL" ID="1593883">
                <layer rank="1" name="FE">
                    <label cBy="Sns" feID="257" end="41" start="24" name="Goal"/>
                    <label cBy="Sns" feID="253" itype="CNI" name="Agent"/>
                    <label cBy="jLu" feID="254" itype="INI" name="Theme"/>
                </layer>
                <layer rank="1" name="GF">
                    <label end="41" start="24" name="Ext"/>
                </layer>
                <layer rank="1" name="PT">
                    <label end="41" start="24" name="NP"/>
                </layer>
                <layer rank="1" name="Sent"/>
                <layer rank="1" name="Other"/>
                <layer rank="1" name="Target">
                    <label cBy="BoC" end="60" start="53" name="Target"/>
                </layer>
                <layer rank="1" name="Verb"/>
            </annotationSet>
        </sentence>
        <sentence sentNo="0" aPos="40191918" ID="1071244">
            <text>The walls were panelled in mahogany except for the fourth wall behind him . </text>
            <annotationSet cDate="01/08/2003 01:15:22 PST Wed" status="UNANN" ID="1593892">
                <layer rank="1" name="BNC">
                    <label end="2" start="0" name="AT0"/>
                    <label end="8" start="4" name="NN2"/>
                    <label end="13" start="10" name="VBD"/>
                    <label end="22" start="15" name="VVN"/>
                    <label end="25" start="24" name="PRP"/>
                    <label end="34" start="27" name="NN1"/>
                    <label end="41" start="36" name="PRP"/>
                    <label end="45" start="43" name="PRP"/>
                    <label end="49" start="47" name="AT0"/>
                    <label end="56" start="51" name="ORD"/>
                    <label end="61" start="58" name="NN1"/>
                    <label end="68" start="63" name="PRP"/>
                    <label end="72" start="70" name="PNP"/>
                    <label end="74" start="74" name="PUN"/>
                </layer>
                <layer rank="1" name="NER"/>
                <layer rank="1" name="WSL"/>
            </annotationSet>
            <annotationSet cDate="01/08/2003 01:15:22 PST Wed" status="MANUAL" ID="1593893">
                <layer rank="1" name="FE">
                    <label cBy="Sns" feID="257" end="8" start="0" name="Goal"/>
                    <label cBy="Sns" feID="254" end="34" start="24" name="Theme"/>
                    <label cBy="Sns" feID="253" itype="CNI" name="Agent"/>
                </layer>
                <layer rank="1" name="GF">
                    <label end="8" start="0" name="Ext"/>
                    <label end="34" start="24" name="Dep"/>
                </layer>
                <layer rank="1" name="PT">
                    <label end="8" start="0" name="NP"/>
                    <label end="34" start="24" name="PP"/>
                </layer>
                <layer rank="1" name="Sent"/>
                <layer rank="1" name="Other"/>
                <layer rank="1" name="Target">
                    <label cBy="BoC" end="22" start="15" name="Target"/>
                </layer>
                <layer rank="1" name="Verb"/>
            </annotationSet>
        </sentence>
        <sentence sentNo="0" aPos="78531287" ID="1071261">
            <text>The walls had been panelled in varnished oak . </text>
            <annotationSet cDate="01/08/2003 01:15:24 PST Wed" status="UNANN" ID="1593926">
                <layer rank="1" name="BNC">
                    <label end="2" start="0" name="AT0"/>
                    <label end="8" start="4" name="NN2"/>
                    <label end="12" start="10" name="VHD"/>
                    <label end="17" start="14" name="VBN"/>
                    <label end="26" start="19" name="VVN"/>
                    <label end="29" start="28" name="PRP"/>
                    <label end="39" start="31" name="AJ0"/>
                    <label end="43" start="41" name="NN1"/>
                    <label end="45" start="45" name="PUN"/>
                </layer>
                <layer rank="1" name="NER"/>
                <layer rank="1" name="WSL"/>
            </annotationSet>
            <annotationSet cDate="01/08/2003 01:15:24 PST Wed" status="MANUAL" ID="1593927">
                <layer rank="1" name="FE">
                    <label cBy="Sns" feID="257" end="8" start="0" name="Goal"/>
                    <label cBy="Sns" feID="254" end="43" start="28" name="Theme"/>
                    <label cBy="Sns" feID="253" itype="CNI" name="Agent"/>
                </layer>
                <layer rank="1" name="GF">
                    <label end="8" start="0" name="Ext"/>
                    <label end="43" start="28" name="Dep"/>
                </layer>
                <layer rank="1" name="PT">
                    <label end="8" start="0" name="NP"/>
                    <label end="43" start="28" name="PP"/>
                </layer>
                <layer rank="1" name="Sent"/>
                <layer rank="1" name="Other"/>
                <layer rank="1" name="Target">
                    <label cBy="BoC" end="26" start="19" name="Target"/>
                </layer>
                <layer rank="1" name="Verb"/>
            </annotationSet>
        </sentence>
    </subCorpus>
</lexUnit>