<?xml version="1.0" encoding="UTF-8" standalone="yes"?>
<?xml-stylesheet type="text/xsl" href="lexUnit.xsl"?>
<lexUnit status="Finished_Initial" POS="V" name="glaze.v" ID="7128" frame="Filling" frameID="59" totalAnnotated="4" xsi:schemaLocation="../schema/lexUnit.xsd" xmlns="http://framenet.icsi.berkeley.edu" xmlns:xsi="http://www.w3.org/2001/XMLSchema-instance">
    <header>
        <frame>
            <FE fgColor="FFFFFF" bgColor="FF0000" type="Core" abbrev="Agt" name="Agent"/>
            <FE fgColor="FFFFFF" bgColor="7CCD7C" type="Core" abbrev="cau" name="Cause"/>
            <FE fgColor="FFFFFF" bgColor="FF69B4" type="Peripheral" abbrev="Degr" name="Degree"/>
            <FE fgColor="FFFFFF" bgColor="9400D3" type="Extra-Thematic" abbrev="Dep" name="Depictive"/>
            <FE fgColor="FFFFFF" bgColor="1E90FF" type="Extra-Thematic" abbrev="Exp" name="Explanation"/>
            <FE fgColor="FFFFFF" bgColor="00BFFF" type="Core" abbrev="Goal" name="Goal"/>
            <FE fgColor="FFFFFF" bgColor="808080" type="Peripheral" abbrev="Ins" name="Instrument"/>
            <FE fgColor="FFFFFF" bgColor="FF00FF" type="Peripheral" abbrev="Manr" name="Manner"/>
            <FE fgColor="FFFFFF" bgColor="0000FF" type="Peripheral" abbrev="Mns" name="Means"/>
            <FE fgColor="FFFFFF" bgColor="A52A2A" type="Peripheral" abbrev="Path" name="Path"/>
            <FE fgColor="FFFFFF" bgColor="008000" type="Peripheral" abbrev="Place" name="Place"/>
            <FE fgColor="FFFFFF" bgColor="800080" type="Extra-Thematic" abbrev="Purp" name="Purpose"/>
            <FE fgColor="FFFFFF" bgColor="9F79EE" type="Extra-Thematic" abbrev="Result" name="Result"/>
            <FE fgColor="FFFFFF" bgColor="006400" type="Peripheral" abbrev="Src" name="Source"/>
            <FE fgColor="FFFFFF" bgColor="90876C" type="Extra-Thematic" abbrev="Sub" name="Subregion"/>
            <FE fgColor="FFFFFF" bgColor="00008B" type="Core" abbrev="Thm" name="Theme"/>
            <FE fgColor="FFFFFF" bgColor="FFA500" type="Peripheral" abbrev="Time" name="Time"/>
        </frame>
    </header>
    <definition>COD: cover with a glaze. </definition>
    <lexeme POS="V" name="glaze"/>
    <valences>
        <FERealization total="4">
            <FE name="Agent"/>
            <pattern total="3">
                <valenceUnit GF="" PT="CNI" FE="Agent"/>
                <annoSet ID="1577775"/>
                <annoSet ID="1577781"/>
                <annoSet ID="1577803"/>
            </pattern>
            <pattern total="1">
                <valenceUnit GF="Ext" PT="NP" FE="Agent"/>
                <annoSet ID="1577845"/>
            </pattern>
        </FERealization>
        <FERealization total="4">
            <FE name="Goal"/>
            <pattern total="3">
                <valenceUnit GF="Ext" PT="NP" FE="Goal"/>
                <annoSet ID="1577775"/>
                <annoSet ID="1577781"/>
                <annoSet ID="1577803"/>
            </pattern>
            <pattern total="1">
                <valenceUnit GF="Obj" PT="NP" FE="Goal"/>
                <annoSet ID="1577845"/>
            </pattern>
        </FERealization>
        <FERealization total="1">
            <FE name="Manner"/>
            <pattern total="1">
                <valenceUnit GF="Dep" PT="AVP" FE="Manner"/>
                <annoSet ID="1577845"/>
            </pattern>
        </FERealization>
        <FERealization total="4">
            <FE name="Theme"/>
            <pattern total="2">
                <valenceUnit GF="" PT="INI" FE="Theme"/>
                <annoSet ID="1577775"/>
                <annoSet ID="1577845"/>
            </pattern>
            <pattern total="2">
                <valenceUnit GF="Dep" PT="PP[with]" FE="Theme"/>
                <annoSet ID="1577781"/>
                <annoSet ID="1577803"/>
            </pattern>
        </FERealization>
        <FEGroupRealization total="1">
            <FE name="Agent"/>
            <FE name="Goal"/>
            <FE name="Manner"/>
            <FE name="Theme"/>
            <pattern total="1">
                <valenceUnit GF="Ext" PT="NP" FE="Agent"/>
                <valenceUnit GF="Obj" PT="NP" FE="Goal"/>
                <valenceUnit GF="Dep" PT="AVP" FE="Manner"/>
                <valenceUnit GF="" PT="INI" FE="Theme"/>
                <annoSet ID="1577845"/>
            </pattern>
        </FEGroupRealization>
        <FEGroupRealization total="3">
            <FE name="Agent"/>
            <FE name="Goal"/>
            <FE name="Theme"/>
            <pattern total="1">
                <valenceUnit GF="" PT="CNI" FE="Agent"/>
                <valenceUnit GF="Ext" PT="NP" FE="Goal"/>
                <valenceUnit GF="" PT="INI" FE="Theme"/>
                <annoSet ID="1577775"/>
            </pattern>
            <pattern total="2">
                <valenceUnit GF="" PT="CNI" FE="Agent"/>
                <valenceUnit GF="Ext" PT="NP" FE="Goal"/>
                <valenceUnit GF="Dep" PT="PP[with]" FE="Theme"/>
                <annoSet ID="1577781"/>
                <annoSet ID="1577803"/>
            </pattern>
        </FEGroupRealization>
    </valences>
    <subCorpus name="V-001-all">
        <sentence sentNo="0" aPos="313428" ID="1063185">
            <text>The meat is put back , coated in a cream-reduction sauce and glazed . </text>
            <annotationSet cDate="01/08/2003 12:55:20 PST Wed" status="UNANN" ID="1577774">
                <layer rank="1" name="BNC">
                    <label end="2" start="0" name="AT0"/>
                    <label end="7" start="4" name="NN1"/>
                    <label end="10" start="9" name="VBZ"/>
                    <label end="14" start="12" name="VVN"/>
                    <label end="19" start="16" name="AVP"/>
                    <label end="21" start="21" name="PUN"/>
                    <label end="28" start="23" name="VVD-VVN"/>
                    <label end="31" start="30" name="PRP"/>
                    <label end="33" start="33" name="AT0"/>
                    <label end="49" start="35" name="AJ0-NN1"/>
                    <label end="55" start="51" name="NN1"/>
                    <label end="59" start="57" name="CJC"/>
                    <label end="66" start="61" name="VVD"/>
                    <label end="68" start="68" name="PUN"/>
                </layer>
                <layer rank="1" name="NER"/>
                <layer rank="1" name="WSL"/>
            </annotationSet>
            <annotationSet cDate="01/08/2003 12:55:20 PST Wed" status="MANUAL" ID="1577775">
                <layer rank="1" name="FE">
                    <label cBy="Sns" feID="257" end="7" start="0" name="Goal"/>
                    <label cBy="Sns" feID="253" itype="CNI" name="Agent"/>
                    <label cBy="jLu" feID="254" itype="INI" name="Theme"/>
                </layer>
                <layer rank="1" name="GF">
                    <label end="7" start="0" name="Ext"/>
                </layer>
                <layer rank="1" name="PT">
                    <label end="7" start="0" name="NP"/>
                </layer>
                <layer rank="1" name="Sent"/>
                <layer rank="1" name="Other"/>
                <layer rank="1" name="Target">
                    <label cBy="BoC" end="66" start="61" name="Target"/>
                </layer>
                <layer rank="1" name="Verb"/>
            </annotationSet>
        </sentence>
        <sentence sentNo="0" aPos="1175899" ID="1063188">
            <text>They may be glazed , with a plain colour or a printed design , or unglazed -- more commonly known as quarry tiles -- and many have textured surfaces to make them less slippery underfoot . </text>
            <annotationSet cDate="01/08/2003 12:55:21 PST Wed" status="UNANN" ID="1577780">
                <layer rank="1" name="BNC">
                    <label end="3" start="0" name="PNP"/>
                    <label end="7" start="5" name="VM0"/>
                    <label end="10" start="9" name="VBI"/>
                    <label end="17" start="12" name="VVN"/>
                    <label end="19" start="19" name="PUN"/>
                    <label end="24" start="21" name="PRP"/>
                    <label end="26" start="26" name="AT0"/>
                    <label end="32" start="28" name="AJ0"/>
                    <label end="39" start="34" name="NN1"/>
                    <label end="42" start="41" name="CJC"/>
                    <label end="44" start="44" name="AT0"/>
                    <label end="52" start="46" name="AJ0"/>
                    <label end="59" start="54" name="NN1"/>
                    <label end="61" start="61" name="PUN"/>
                    <label end="64" start="63" name="CJC"/>
                    <label end="73" start="66" name="AJ0"/>
                    <label end="76" start="75" name="PUN"/>
                    <label end="81" start="78" name="AV0"/>
                    <label end="90" start="83" name="AV0"/>
                    <label end="96" start="92" name="VVN"/>
                    <label end="99" start="98" name="PRP"/>
                    <label end="106" start="101" name="NN1"/>
                    <label end="112" start="108" name="NN2"/>
                    <label end="115" start="114" name="PUN"/>
                    <label end="119" start="117" name="CJC"/>
                    <label end="124" start="121" name="DT0"/>
                    <label end="129" start="126" name="VHB"/>
                    <label end="138" start="131" name="AJ0"/>
                    <label end="147" start="140" name="NN2"/>
                    <label end="150" start="149" name="TO0"/>
                    <label end="155" start="152" name="VVI"/>
                    <label end="160" start="157" name="PNP"/>
                    <label end="165" start="162" name="AV0"/>
                    <label end="174" start="167" name="AJ0"/>
                    <label end="184" start="176" name="AV0"/>
                    <label end="186" start="186" name="PUN"/>
                </layer>
                <layer rank="1" name="NER"/>
                <layer rank="1" name="WSL"/>
            </annotationSet>
            <annotationSet cDate="01/08/2003 12:55:21 PST Wed" status="MANUAL" ID="1577781">
                <layer rank="1" name="FE">
                    <label cBy="Sns" feID="257" end="3" start="0" name="Goal"/>
                    <label cBy="Sns" feID="254" end="59" start="21" name="Theme"/>
                    <label cBy="Sns" feID="253" itype="CNI" name="Agent"/>
                </layer>
                <layer rank="1" name="GF">
                    <label end="3" start="0" name="Ext"/>
                    <label end="59" start="21" name="Dep"/>
                </layer>
                <layer rank="1" name="PT">
                    <label end="3" start="0" name="NP"/>
                    <label end="59" start="21" name="PP"/>
                </layer>
                <layer rank="1" name="Sent"/>
                <layer rank="1" name="Other"/>
                <layer rank="1" name="Target">
                    <label cBy="BoC" end="17" start="12" name="Target"/>
                </layer>
                <layer rank="1" name="Verb"/>
            </annotationSet>
        </sentence>
        <sentence sentNo="0" aPos="28083226" ID="1063199">
            <text>As these boxes had a small square opening at the back , glazed with opal glass , the Oyster lamps were removed . </text>
            <annotationSet cDate="01/08/2003 12:55:22 PST Wed" status="UNANN" ID="1577802">
                <layer rank="1" name="BNC">
                    <label end="1" start="0" name="CJS"/>
                    <label end="7" start="3" name="DT0"/>
                    <label end="13" start="9" name="NN2"/>
                    <label end="17" start="15" name="VHD"/>
                    <label end="19" start="19" name="AT0"/>
                    <label end="25" start="21" name="AJ0"/>
                    <label end="32" start="27" name="AJ0-NN1"/>
                    <label end="40" start="34" name="NN1-VVG"/>
                    <label end="43" start="42" name="PRP"/>
                    <label end="47" start="45" name="AT0"/>
                    <label end="52" start="49" name="NN1"/>
                    <label end="54" start="54" name="PUN"/>
                    <label end="61" start="56" name="VVD-VVN"/>
                    <label end="66" start="63" name="PRP"/>
                    <label end="71" start="68" name="NN1"/>
                    <label end="77" start="73" name="NN1"/>
                    <label end="79" start="79" name="PUN"/>
                    <label end="83" start="81" name="AT0"/>
                    <label end="90" start="85" name="NN1"/>
                    <label end="96" start="92" name="NN2"/>
                    <label end="101" start="98" name="VBD"/>
                    <label end="109" start="103" name="VVN"/>
                    <label end="111" start="111" name="PUN"/>
                </layer>
                <layer rank="1" name="NER"/>
                <layer rank="1" name="WSL"/>
            </annotationSet>
            <annotationSet cDate="01/08/2003 12:55:22 PST Wed" status="MANUAL" ID="1577803">
                <layer rank="1" name="FE">
                    <label cBy="Sns" feID="257" end="52" start="19" name="Goal"/>
                    <label cBy="Sns" feID="254" end="77" start="63" name="Theme"/>
                    <label cBy="Sns" feID="253" itype="CNI" name="Agent"/>
                </layer>
                <layer rank="1" name="GF">
                    <label end="52" start="19" name="Ext"/>
                    <label end="77" start="63" name="Dep"/>
                </layer>
                <layer rank="1" name="PT">
                    <label end="52" start="19" name="NP"/>
                    <label end="77" start="63" name="PP"/>
                </layer>
                <layer rank="1" name="Sent"/>
                <layer rank="1" name="Other"/>
                <layer rank="1" name="Target">
                    <label cBy="BoC" end="61" start="56" name="Target"/>
                </layer>
                <layer rank="1" name="Verb"/>
            </annotationSet>
        </sentence>
        <sentence sentNo="0" aPos="87389795" ID="1063220">
            <text>` We make a simple flat triangular truss of iron , like a railway station roof , and we glaze it direct . </text>
            <annotationSet cDate="01/08/2003 12:55:24 PST Wed" status="UNANN" ID="1577844">
                <layer rank="1" name="BNC">
                    <label end="0" start="0" name="PUQ"/>
                    <label end="3" start="2" name="PNP"/>
                    <label end="8" start="5" name="VVB"/>
                    <label end="10" start="10" name="AT0"/>
                    <label end="17" start="12" name="AJ0"/>
                    <label end="22" start="19" name="AJ0-NN1"/>
                    <label end="33" start="24" name="AJ0"/>
                    <label end="39" start="35" name="NN1"/>
                    <label end="42" start="41" name="PRF"/>
                    <label end="47" start="44" name="NN1"/>
                    <label end="49" start="49" name="PUN"/>
                    <label end="54" start="51" name="PRP"/>
                    <label end="56" start="56" name="AT0"/>
                    <label end="64" start="58" name="NN1"/>
                    <label end="72" start="66" name="NN1"/>
                    <label end="77" start="74" name="NN1"/>
                    <label end="79" start="79" name="PUN"/>
                    <label end="83" start="81" name="CJC"/>
                    <label end="86" start="85" name="PNP"/>
                    <label end="92" start="88" name="VVB"/>
                    <label end="95" start="94" name="PNP"/>
                    <label end="102" start="97" name="VVB"/>
                    <label end="104" start="104" name="PUN"/>
                </layer>
                <layer rank="1" name="NER"/>
                <layer rank="1" name="WSL"/>
            </annotationSet>
            <annotationSet cDate="01/08/2003 12:55:24 PST Wed" status="MANUAL" ID="1577845">
                <layer rank="1" name="FE">
                    <label cBy="Sns" feID="253" end="86" start="85" name="Agent"/>
                    <label cBy="Sns" feID="257" end="95" start="94" name="Goal"/>
                    <label cBy="Sns" feID="844" end="102" start="97" name="Manner"/>
                    <label cBy="jLu" feID="254" itype="INI" name="Theme"/>
                </layer>
                <layer rank="1" name="GF">
                    <label end="86" start="85" name="Ext"/>
                    <label end="95" start="94" name="Obj"/>
                    <label end="102" start="97" name="Dep"/>
                </layer>
                <layer rank="1" name="PT">
                    <label end="86" start="85" name="NP"/>
                    <label end="95" start="94" name="NP"/>
                    <label end="102" start="97" name="AVP"/>
                </layer>
                <layer rank="1" name="Sent"/>
                <layer rank="1" name="Other"/>
                <layer rank="1" name="Target">
                    <label cBy="BoC" end="92" start="88" name="Target"/>
                </layer>
                <layer rank="1" name="Verb"/>
            </annotationSet>
        </sentence>
    </subCorpus>
</lexUnit>