<?xml version="1.0" encoding="UTF-8" standalone="yes"?>
<?xml-stylesheet type="text/xsl" href="lexUnit.xsl"?>
<lexUnit status="Finished_Initial" POS="A" name="downcast.a" ID="7157" frame="Emotion_directed" frameID="46" totalAnnotated="18" xsi:schemaLocation="../schema/lexUnit.xsd" xmlns="http://framenet.icsi.berkeley.edu" xmlns:xsi="http://www.w3.org/2001/XMLSchema-instance">
    <header>
        <frame>
            <FE fgColor="FFFFFF" bgColor="00BFFF" type="Extra-Thematic" abbrev="cir" name="Circumstances"/>
            <FE fgColor="FFFFFF" bgColor="FF69B4" type="Peripheral" abbrev="Degr" name="Degree"/>
            <FE fgColor="FFFFFF" bgColor="0000FF" type="Extra-Thematic" abbrev="ET" name="Empathy_target"/>
            <FE fgColor="FFFFFF" bgColor="A52A2A" type="Core" abbrev="Event" name="Event"/>
            <FE fgColor="FFFFFF" bgColor="800080" type="Core" abbrev="Exp" name="Experiencer"/>
            <FE fgColor="FFFFFF" bgColor="00008B" type="Extra-Thematic" abbrev="Exp" name="Explanation"/>
            <FE fgColor="FFFFFF" bgColor="008000" type="Core" abbrev="Exr" name="Expressor"/>
            <FE fgColor="000000" bgColor="7FFF00" type="Extra-Thematic" abbrev="" name="Frequency"/>
            <FE fgColor="FFFFFF" bgColor="FF00FF" type="Peripheral" abbrev="" name="Manner"/>
            <FE fgColor="FFFFFF" bgColor="2E8B57" type="Peripheral" abbrev="" name="Parameter"/>
            <FE fgColor="FFFFFF" bgColor="9F79EE" type="Core" abbrev="State" name="State"/>
            <FE fgColor="FFFFFF" bgColor="FF0000" type="Core" abbrev="Stim" name="Stimulus"/>
            <FE fgColor="FFFFFF" bgColor="FFA500" type="Core" abbrev="Top" name="Topic"/>
        </frame>
    </header>
    <definition>COD: (of a person) feeling despondent. </definition>
    <lexeme POS="A" name="downcast"/>
    <valences>
        <governor type="Ctrlr" lemma="feel">
            <annoSet ID="1597717"/>
            <annoSet ID="1597739"/>
        </governor>
        <governor type="Ctrlr" lemma="look">
            <annoSet ID="1597635"/>
            <annoSet ID="1597665"/>
            <annoSet ID="1597749"/>
        </governor>
        <FERealization total="7">
            <FE name="Degree"/>
            <pattern total="6">
                <valenceUnit GF="Dep" PT="AVP" FE="Degree"/>
                <annoSet ID="1597633"/>
                <annoSet ID="1597661"/>
                <annoSet ID="1597665"/>
                <annoSet ID="1597701"/>
                <annoSet ID="1597739"/>
                <annoSet ID="1597749"/>
            </pattern>
            <pattern total="1">
                <valenceUnit GF="Dep" PT="Sfin" FE="Degree"/>
                <annoSet ID="1597665"/>
            </pattern>
            <pattern total="1">
                <valenceUnit GF="Dep" PT="N" FE="Degree"/>
                <annoSet ID="1597717"/>
            </pattern>
        </FERealization>
        <FERealization total="12">
            <FE name="Experiencer"/>
            <pattern total="10">
                <valenceUnit GF="Ext" PT="NP" FE="Experiencer"/>
                <annoSet ID="1597633"/>
                <annoSet ID="1597635"/>
                <annoSet ID="1597641"/>
                <annoSet ID="1597643"/>
                <annoSet ID="1597665"/>
                <annoSet ID="1597701"/>
                <annoSet ID="1597711"/>
                <annoSet ID="1597717"/>
                <annoSet ID="1597739"/>
                <annoSet ID="1597749"/>
            </pattern>
            <pattern total="2">
                <valenceUnit GF="Head" PT="N" FE="Experiencer"/>
                <annoSet ID="1597699"/>
                <annoSet ID="1597773"/>
            </pattern>
        </FERealization>
        <FERealization total="6">
            <FE name="Expressor"/>
            <pattern total="4">
                <valenceUnit GF="Ext" PT="NP" FE="Expressor"/>
                <annoSet ID="1597637"/>
                <annoSet ID="1597655"/>
                <annoSet ID="1597661"/>
                <annoSet ID="1597691"/>
            </pattern>
            <pattern total="2">
                <valenceUnit GF="Head" PT="N" FE="Expressor"/>
                <annoSet ID="1597719"/>
                <annoSet ID="1597741"/>
            </pattern>
        </FERealization>
        <FERealization total="1">
            <FE name="Stimulus"/>
            <pattern total="1">
                <valenceUnit GF="Dep" PT="PPing[about]" FE="Stimulus"/>
                <annoSet ID="1597739"/>
            </pattern>
        </FERealization>
        <FERealization total="1">
            <FE name="Topic"/>
            <pattern total="1">
                <valenceUnit GF="Dep" PT="PP[about]" FE="Topic"/>
                <annoSet ID="1597641"/>
            </pattern>
        </FERealization>
        <FEGroupRealization total="1">
            <FE name="Degree"/>
            <FE name="Degree"/>
            <FE name="Experiencer"/>
            <pattern total="1">
                <valenceUnit GF="Dep" PT="AVP" FE="Degree"/>
                <valenceUnit GF="Dep" PT="Sfin" FE="Degree"/>
                <valenceUnit GF="Ext" PT="NP" FE="Experiencer"/>
                <annoSet ID="1597665"/>
            </pattern>
        </FEGroupRealization>
        <FEGroupRealization total="4">
            <FE name="Degree"/>
            <FE name="Experiencer"/>
            <pattern total="3">
                <valenceUnit GF="Dep" PT="AVP" FE="Degree"/>
                <valenceUnit GF="Ext" PT="NP" FE="Experiencer"/>
                <annoSet ID="1597633"/>
                <annoSet ID="1597701"/>
                <annoSet ID="1597749"/>
            </pattern>
            <pattern total="1">
                <valenceUnit GF="Dep" PT="N" FE="Degree"/>
                <valenceUnit GF="Ext" PT="NP" FE="Experiencer"/>
                <annoSet ID="1597717"/>
            </pattern>
        </FEGroupRealization>
        <FEGroupRealization total="1">
            <FE name="Degree"/>
            <FE name="Experiencer"/>
            <FE name="Stimulus"/>
            <pattern total="1">
                <valenceUnit GF="Dep" PT="AVP" FE="Degree"/>
                <valenceUnit GF="Ext" PT="NP" FE="Experiencer"/>
                <valenceUnit GF="Dep" PT="PPing[about]" FE="Stimulus"/>
                <annoSet ID="1597739"/>
            </pattern>
        </FEGroupRealization>
        <FEGroupRealization total="1">
            <FE name="Degree"/>
            <FE name="Expressor"/>
            <pattern total="1">
                <valenceUnit GF="Dep" PT="AVP" FE="Degree"/>
                <valenceUnit GF="Ext" PT="NP" FE="Expressor"/>
                <annoSet ID="1597661"/>
            </pattern>
        </FEGroupRealization>
        <FEGroupRealization total="5">
            <FE name="Experiencer"/>
            <pattern total="2">
                <valenceUnit GF="Head" PT="N" FE="Experiencer"/>
                <annoSet ID="1597699"/>
                <annoSet ID="1597773"/>
            </pattern>
            <pattern total="3">
                <valenceUnit GF="Ext" PT="NP" FE="Experiencer"/>
                <annoSet ID="1597635"/>
                <annoSet ID="1597643"/>
                <annoSet ID="1597711"/>
            </pattern>
        </FEGroupRealization>
        <FEGroupRealization total="1">
            <FE name="Experiencer"/>
            <FE name="Topic"/>
            <pattern total="1">
                <valenceUnit GF="Ext" PT="NP" FE="Experiencer"/>
                <valenceUnit GF="Dep" PT="PP[about]" FE="Topic"/>
                <annoSet ID="1597641"/>
            </pattern>
        </FEGroupRealization>
        <FEGroupRealization total="5">
            <FE name="Expressor"/>
            <pattern total="2">
                <valenceUnit GF="Head" PT="N" FE="Expressor"/>
                <annoSet ID="1597719"/>
                <annoSet ID="1597741"/>
            </pattern>
            <pattern total="3">
                <valenceUnit GF="Ext" PT="NP" FE="Expressor"/>
                <annoSet ID="1597637"/>
                <annoSet ID="1597655"/>
                <annoSet ID="1597691"/>
            </pattern>
        </FEGroupRealization>
    </valences>
    <subCorpus name="A-001-all">
        <sentence sentNo="0" aPos="5587119" ID="1073114">
            <text>Support for the Greens may have shrunk but it was still at the same level as the Liberal Democrats &quot; , the third party in Parliament , so perhaps Ms Cooke was unduly downcast . </text>
            <annotationSet cDate="01/08/2003 01:19:53 PST Wed" status="UNANN" ID="1597632">
                <layer rank="1" name="BNC">
                    <label end="6" start="0" name="NN1-VVB"/>
                    <label end="10" start="8" name="PRP"/>
                    <label end="14" start="12" name="AT0"/>
                    <label end="21" start="16" name="NP0"/>
                    <label end="25" start="23" name="VM0"/>
                    <label end="30" start="27" name="VHI"/>
                    <label end="37" start="32" name="VVN"/>
                    <label end="41" start="39" name="CJC"/>
                    <label end="44" start="43" name="PNP"/>
                    <label end="48" start="46" name="VBD"/>
                    <label end="54" start="50" name="AV0"/>
                    <label end="57" start="56" name="PRP"/>
                    <label end="61" start="59" name="AT0"/>
                    <label end="66" start="63" name="DT0"/>
                    <label end="72" start="68" name="AJ0-NN1"/>
                    <label end="75" start="74" name="PRP"/>
                    <label end="79" start="77" name="AT0"/>
                    <label end="87" start="81" name="AJ0"/>
                    <label end="97" start="89" name="NN2"/>
                    <label end="99" start="99" name="PUQ"/>
                    <label end="101" start="101" name="PUN"/>
                    <label end="105" start="103" name="AT0"/>
                    <label end="111" start="107" name="ORD"/>
                    <label end="117" start="113" name="NN0"/>
                    <label end="120" start="119" name="PRP"/>
                    <label end="131" start="122" name="NN1"/>
                    <label end="133" start="133" name="PUN"/>
                    <label end="136" start="135" name="CJS"/>
                    <label end="144" start="138" name="AV0"/>
                    <label end="147" start="146" name="NP0"/>
                    <label end="153" start="149" name="NP0"/>
                    <label end="157" start="155" name="VBD"/>
                    <label end="164" start="159" name="AV0"/>
                    <label end="173" start="166" name="AJ0"/>
                    <label end="175" start="175" name="PUN"/>
                </layer>
                <layer rank="1" name="NER"/>
                <layer rank="1" name="WSL"/>
            </annotationSet>
            <annotationSet cDate="01/08/2003 01:19:53 PST Wed" status="MANUAL" ID="1597633">
                <layer rank="1" name="FE">
                    <label cBy="Sns" feID="194" end="153" start="146" name="Experiencer"/>
                    <label cBy="Sns" feID="1891" end="164" start="159" name="Degree"/>
                </layer>
                <layer rank="1" name="GF">
                    <label end="153" start="146" name="Ext"/>
                    <label end="164" start="159" name="Dep"/>
                </layer>
                <layer rank="1" name="PT">
                    <label end="153" start="146" name="NP"/>
                    <label end="164" start="159" name="AVP"/>
                </layer>
                <layer rank="1" name="Sent"/>
                <layer rank="1" name="Other"/>
                <layer rank="1" name="Target">
                    <label cBy="BoC" end="173" start="166" name="Target"/>
                </layer>
                <layer rank="1" name="Adj">
                    <label end="157" start="155" name="Cop"/>
                </layer>
            </annotationSet>
        </sentence>
        <sentence sentNo="0" aPos="5660882" ID="1073115">
            <text>Catherine looked downcast , and McLeish felt uneasy . </text>
            <annotationSet cDate="01/08/2003 01:19:53 PST Wed" status="UNANN" ID="1597634">
                <layer rank="1" name="BNC">
                    <label end="8" start="0" name="NP0"/>
                    <label end="15" start="10" name="VVD"/>
                    <label end="24" start="17" name="AJ0"/>
                    <label end="26" start="26" name="PUN"/>
                    <label end="30" start="28" name="CJC"/>
                    <label end="38" start="32" name="NP0"/>
                    <label end="43" start="40" name="VVD"/>
                    <label end="50" start="45" name="AJ0"/>
                    <label end="52" start="52" name="PUN"/>
                </layer>
                <layer rank="1" name="NER"/>
                <layer rank="1" name="WSL"/>
            </annotationSet>
            <annotationSet cDate="01/08/2003 01:19:53 PST Wed" status="MANUAL" ID="1597635">
                <layer rank="1" name="FE">
                    <label cBy="Sns" feID="194" end="8" start="0" name="Experiencer"/>
                </layer>
                <layer rank="1" name="GF">
                    <label end="8" start="0" name="Ext"/>
                </layer>
                <layer rank="1" name="PT">
                    <label end="8" start="0" name="NP"/>
                </layer>
                <layer rank="1" name="Sent"/>
                <layer rank="1" name="Other"/>
                <layer rank="1" name="Target">
                    <label cBy="BoC" end="24" start="17" name="Target"/>
                </layer>
                <layer rank="1" name="Adj">
                    <label end="15" start="10" name="Ctrlr"/>
                </layer>
            </annotationSet>
        </sentence>
        <sentence sentNo="0" aPos="5666763" ID="1073116">
            <text>Penelope Huntley sat silent through this speech , chain-smoking , her eyes downcast . </text>
            <annotationSet cDate="01/08/2003 01:19:53 PST Wed" status="UNANN" ID="1597636">
                <layer rank="1" name="BNC">
                    <label end="7" start="0" name="NP0"/>
                    <label end="15" start="9" name="NP0"/>
                    <label end="19" start="17" name="VVD"/>
                    <label end="26" start="21" name="AJ0"/>
                    <label end="34" start="28" name="PRP"/>
                    <label end="39" start="36" name="DT0"/>
                    <label end="46" start="41" name="NN1"/>
                    <label end="48" start="48" name="PUN"/>
                    <label end="62" start="50" name="AJ0-NN1"/>
                    <label end="64" start="64" name="PUN"/>
                    <label end="68" start="66" name="DPS"/>
                    <label end="73" start="70" name="NN2"/>
                    <label end="82" start="75" name="AJ0"/>
                    <label end="84" start="84" name="PUN"/>
                </layer>
                <layer rank="1" name="NER"/>
                <layer rank="1" name="WSL"/>
            </annotationSet>
            <annotationSet cDate="01/08/2003 01:19:54 PST Wed" status="MANUAL" ID="1597637">
                <layer rank="1" name="FE">
                    <label cBy="Sns" feID="1893" end="73" start="66" name="Expressor"/>
                </layer>
                <layer rank="1" name="GF">
                    <label end="73" start="66" name="Ext"/>
                </layer>
                <layer rank="1" name="PT">
                    <label end="73" start="66" name="NP"/>
                </layer>
                <layer rank="1" name="Sent"/>
                <layer rank="1" name="Other"/>
                <layer rank="1" name="Target">
                    <label cBy="BoC" end="82" start="75" name="Target"/>
                </layer>
                <layer rank="1" name="Adj"/>
            </annotationSet>
        </sentence>
        <sentence sentNo="0" aPos="11822939" ID="1073118">
            <text>Leapor was still downcast about the loss of her job , perhaps unable to write much poetry , when she met Freemantle . </text>
            <annotationSet cDate="01/08/2003 01:19:54 PST Wed" status="UNANN" ID="1597640">
                <layer rank="1" name="BNC">
                    <label end="5" start="0" name="NN1-NP0"/>
                    <label end="9" start="7" name="VBD"/>
                    <label end="15" start="11" name="AV0"/>
                    <label end="24" start="17" name="AJ0"/>
                    <label end="30" start="26" name="PRP"/>
                    <label end="34" start="32" name="AT0"/>
                    <label end="39" start="36" name="NN1"/>
                    <label end="42" start="41" name="PRF"/>
                    <label end="46" start="44" name="DPS"/>
                    <label end="50" start="48" name="NN1"/>
                    <label end="52" start="52" name="PUN"/>
                    <label end="60" start="54" name="AV0"/>
                    <label end="67" start="62" name="AJ0"/>
                    <label end="70" start="69" name="TO0"/>
                    <label end="76" start="72" name="VVI"/>
                    <label end="81" start="78" name="DT0"/>
                    <label end="88" start="83" name="NN1"/>
                    <label end="90" start="90" name="PUN"/>
                    <label end="95" start="92" name="AVQ-CJS"/>
                    <label end="99" start="97" name="PNP"/>
                    <label end="103" start="101" name="VVD"/>
                    <label end="114" start="105" name="NN1-NP0"/>
                    <label end="116" start="116" name="PUN"/>
                </layer>
                <layer rank="1" name="NER"/>
                <layer rank="1" name="WSL"/>
            </annotationSet>
            <annotationSet cDate="01/08/2003 01:19:54 PST Wed" status="MANUAL" ID="1597641">
                <layer rank="1" name="FE">
                    <label cBy="Sns" feID="194" end="5" start="0" name="Experiencer"/>
                    <label cBy="Sns" feID="196" end="50" start="26" name="Topic"/>
                </layer>
                <layer rank="1" name="GF">
                    <label end="5" start="0" name="Ext"/>
                    <label end="50" start="26" name="Dep"/>
                </layer>
                <layer rank="1" name="PT">
                    <label end="5" start="0" name="NP"/>
                    <label end="50" start="26" name="PP"/>
                </layer>
                <layer rank="1" name="Sent"/>
                <layer rank="1" name="Other"/>
                <layer rank="1" name="Target">
                    <label cBy="BoC" end="24" start="17" name="Target"/>
                </layer>
                <layer rank="1" name="Adj">
                    <label end="9" start="7" name="Cop"/>
                </layer>
            </annotationSet>
        </sentence>
        <sentence sentNo="0" aPos="11991665" ID="1073119">
            <text>Which was a curious sensation , since in fact her eyes were downcast , apparently studying the vinyl squares of the floor . </text>
            <annotationSet cDate="01/08/2003 01:19:54 PST Wed" status="UNANN" ID="1597642">
                <layer rank="1" name="BNC">
                    <label end="4" start="0" name="DTQ"/>
                    <label end="8" start="6" name="VBD"/>
                    <label end="10" start="10" name="AT0"/>
                    <label end="18" start="12" name="AJ0"/>
                    <label end="28" start="20" name="NN1"/>
                    <label end="30" start="30" name="PUN"/>
                    <label end="36" start="32" name="CJS"/>
                    <label end="39" start="38" name="PRP"/>
                    <label end="44" start="41" name="NN1"/>
                    <label end="48" start="46" name="DPS"/>
                    <label end="53" start="50" name="NN2"/>
                    <label end="58" start="55" name="VBD"/>
                    <label end="67" start="60" name="AJ0"/>
                    <label end="69" start="69" name="PUN"/>
                    <label end="80" start="71" name="AV0"/>
                    <label end="89" start="82" name="VVG"/>
                    <label end="93" start="91" name="AT0"/>
                    <label end="99" start="95" name="NN1"/>
                    <label end="107" start="101" name="NN2"/>
                    <label end="110" start="109" name="PRF"/>
                    <label end="114" start="112" name="AT0"/>
                    <label end="120" start="116" name="NN1"/>
                    <label end="122" start="122" name="PUN"/>
                </layer>
                <layer rank="1" name="NER"/>
                <layer rank="1" name="WSL"/>
            </annotationSet>
            <annotationSet cDate="01/08/2003 01:19:54 PST Wed" status="MANUAL" ID="1597643">
                <layer rank="1" name="FE">
                    <label cBy="Sns" feID="194" end="53" start="46" name="Experiencer"/>
                </layer>
                <layer rank="1" name="GF">
                    <label end="53" start="46" name="Ext"/>
                </layer>
                <layer rank="1" name="PT">
                    <label end="53" start="46" name="NP"/>
                </layer>
                <layer rank="1" name="Sent"/>
                <layer rank="1" name="Other"/>
                <layer rank="1" name="Target">
                    <label cBy="BoC" end="67" start="60" name="Target"/>
                </layer>
                <layer rank="1" name="Adj">
                    <label end="58" start="55" name="Cop"/>
                </layer>
            </annotationSet>
        </sentence>
        <sentence sentNo="0" aPos="26964751" ID="1073125">
            <text>Flora 's eyes were downcast too ; they usually were . </text>
            <annotationSet cDate="01/08/2003 01:19:55 PST Wed" status="UNANN" ID="1597654">
                <layer rank="1" name="BNC">
                    <label end="4" start="0" name="NP0"/>
                    <label end="7" start="6" name="POS"/>
                    <label end="12" start="9" name="NN2"/>
                    <label end="17" start="14" name="VBD"/>
                    <label end="26" start="19" name="AJ0"/>
                    <label end="30" start="28" name="AV0"/>
                    <label end="32" start="32" name="PUN"/>
                    <label end="37" start="34" name="PNP"/>
                    <label end="45" start="39" name="AV0"/>
                    <label end="50" start="47" name="VBD"/>
                    <label end="52" start="52" name="PUN"/>
                </layer>
                <layer rank="1" name="NER"/>
                <layer rank="1" name="WSL"/>
            </annotationSet>
            <annotationSet cDate="01/08/2003 01:19:55 PST Wed" status="MANUAL" ID="1597655">
                <layer rank="1" name="FE">
                    <label cBy="Sns" feID="1893" end="12" start="0" name="Expressor"/>
                </layer>
                <layer rank="1" name="GF">
                    <label end="12" start="0" name="Ext"/>
                </layer>
                <layer rank="1" name="PT">
                    <label end="12" start="0" name="NP"/>
                </layer>
                <layer rank="1" name="Sent"/>
                <layer rank="1" name="Other"/>
                <layer rank="1" name="Target">
                    <label cBy="BoC" end="26" start="19" name="Target"/>
                </layer>
                <layer rank="1" name="Adj">
                    <label end="17" start="14" name="Cop"/>
                </layer>
            </annotationSet>
        </sentence>
        <sentence sentNo="0" aPos="30066700" ID="1073128">
            <text>Cowed , he stiffened his stance , his eyes slightly downcast . </text>
            <annotationSet cDate="01/08/2003 01:19:55 PST Wed" status="UNANN" ID="1597660">
                <layer rank="1" name="BNC">
                    <label end="4" start="0" name="NP0"/>
                    <label end="6" start="6" name="PUN"/>
                    <label end="9" start="8" name="PNP"/>
                    <label end="19" start="11" name="VVD"/>
                    <label end="23" start="21" name="DPS"/>
                    <label end="30" start="25" name="NN1"/>
                    <label end="32" start="32" name="PUN"/>
                    <label end="36" start="34" name="DPS"/>
                    <label end="41" start="38" name="NN2"/>
                    <label end="50" start="43" name="AV0"/>
                    <label end="59" start="52" name="AJ0"/>
                    <label end="61" start="61" name="PUN"/>
                </layer>
                <layer rank="1" name="NER"/>
                <layer rank="1" name="WSL"/>
            </annotationSet>
            <annotationSet cDate="01/08/2003 01:19:55 PST Wed" status="MANUAL" ID="1597661">
                <layer rank="1" name="FE">
                    <label cBy="Sns" feID="1893" end="41" start="34" name="Expressor"/>
                    <label cBy="Sns" feID="1891" end="50" start="43" name="Degree"/>
                </layer>
                <layer rank="1" name="GF">
                    <label end="41" start="34" name="Ext"/>
                    <label end="50" start="43" name="Dep"/>
                </layer>
                <layer rank="1" name="PT">
                    <label end="41" start="34" name="NP"/>
                    <label end="50" start="43" name="AVP"/>
                </layer>
                <layer rank="1" name="Sent"/>
                <layer rank="1" name="Other"/>
                <layer rank="1" name="Target">
                    <label cBy="BoC" end="59" start="52" name="Target"/>
                </layer>
                <layer rank="1" name="Adj"/>
            </annotationSet>
        </sentence>
        <sentence sentNo="0" aPos="32286613" ID="1073130">
            <text>He looked so downcast that even Angalo patted him on the shoulder . </text>
            <annotationSet cDate="01/08/2003 01:19:55 PST Wed" status="UNANN" ID="1597664">
                <layer rank="1" name="BNC">
                    <label end="1" start="0" name="PNP"/>
                    <label end="8" start="3" name="VVD"/>
                    <label end="11" start="10" name="AV0"/>
                    <label end="20" start="13" name="AJ0"/>
                    <label end="25" start="22" name="CJT"/>
                    <label end="30" start="27" name="AV0"/>
                    <label end="37" start="32" name="NP0"/>
                    <label end="44" start="39" name="VVD"/>
                    <label end="48" start="46" name="PNP"/>
                    <label end="51" start="50" name="PRP"/>
                    <label end="55" start="53" name="AT0"/>
                    <label end="64" start="57" name="NN1"/>
                    <label end="66" start="66" name="PUN"/>
                </layer>
                <layer rank="1" name="NER"/>
                <layer rank="1" name="WSL"/>
            </annotationSet>
            <annotationSet cDate="01/08/2003 01:19:55 PST Wed" status="MANUAL" ID="1597665">
                <layer rank="1" name="FE">
                    <label cBy="Sns" feID="194" end="1" start="0" name="Experiencer"/>
                    <label cBy="Sns" feID="1891" end="11" start="10" name="Degree"/>
                    <label cBy="Sns" feID="1891" end="64" start="22" name="Degree"/>
                </layer>
                <layer rank="1" name="GF">
                    <label end="1" start="0" name="Ext"/>
                    <label end="11" start="10" name="Dep"/>
                    <label end="64" start="22" name="Dep"/>
                </layer>
                <layer rank="1" name="PT">
                    <label end="1" start="0" name="NP"/>
                    <label end="11" start="10" name="AVP"/>
                    <label end="64" start="22" name="Sfin"/>
                </layer>
                <layer rank="1" name="Sent"/>
                <layer rank="1" name="Other"/>
                <layer rank="1" name="Target">
                    <label cBy="BoC" end="20" start="13" name="Target"/>
                </layer>
                <layer rank="1" name="Adj">
                    <label end="8" start="3" name="Ctrlr"/>
                </layer>
            </annotationSet>
        </sentence>
        <sentence sentNo="0" aPos="59510453" ID="1073143">
            <text>Harry released her and once again his expression was downcast . </text>
            <annotationSet cDate="01/08/2003 01:19:57 PST Wed" status="UNANN" ID="1597690">
                <layer rank="1" name="BNC">
                    <label end="4" start="0" name="NP0"/>
                    <label end="13" start="6" name="VVD"/>
                    <label end="17" start="15" name="PNP"/>
                    <label end="21" start="19" name="CJC"/>
                    <label end="26" start="23" name="AV0"/>
                    <label end="32" start="28" name="AV0"/>
                    <label end="36" start="34" name="DPS"/>
                    <label end="47" start="38" name="NN1"/>
                    <label end="51" start="49" name="VBD"/>
                    <label end="60" start="53" name="AJ0"/>
                    <label end="62" start="62" name="PUN"/>
                </layer>
                <layer rank="1" name="NER"/>
                <layer rank="1" name="WSL"/>
            </annotationSet>
            <annotationSet cDate="01/08/2003 01:19:57 PST Wed" status="MANUAL" ID="1597691">
                <layer rank="1" name="FE">
                    <label cBy="Sns" feID="1893" end="47" start="34" name="Expressor"/>
                </layer>
                <layer rank="1" name="GF">
                    <label end="47" start="34" name="Ext"/>
                </layer>
                <layer rank="1" name="PT">
                    <label end="47" start="34" name="NP"/>
                </layer>
                <layer rank="1" name="Sent"/>
                <layer rank="1" name="Other"/>
                <layer rank="1" name="Target">
                    <label cBy="BoC" end="60" start="53" name="Target"/>
                </layer>
                <layer rank="1" name="Adj">
                    <label end="51" start="49" name="Cop"/>
                </layer>
            </annotationSet>
        </sentence>
        <sentence sentNo="0" aPos="61606681" ID="1073147">
            <text>A group of thirty or forty downcast men stood apart in the canter of thin ring , their heads and arms hanging slack in attitudes of despair . </text>
            <annotationSet cDate="01/08/2003 01:19:57 PST Wed" status="UNANN" ID="1597698">
                <layer rank="1" name="BNC">
                    <label end="0" start="0" name="AT0"/>
                    <label end="6" start="2" name="NN0"/>
                    <label end="9" start="8" name="PRF"/>
                    <label end="16" start="11" name="CRD"/>
                    <label end="19" start="18" name="CJC"/>
                    <label end="25" start="21" name="CRD"/>
                    <label end="34" start="27" name="AJ0"/>
                    <label end="38" start="36" name="NN2"/>
                    <label end="44" start="40" name="VVD"/>
                    <label end="50" start="46" name="AV0"/>
                    <label end="53" start="52" name="PRP"/>
                    <label end="57" start="55" name="AT0"/>
                    <label end="64" start="59" name="NN1"/>
                    <label end="67" start="66" name="PRF"/>
                    <label end="72" start="69" name="AJ0"/>
                    <label end="77" start="74" name="NN1"/>
                    <label end="79" start="79" name="PUN"/>
                    <label end="85" start="81" name="DPS"/>
                    <label end="91" start="87" name="NN2"/>
                    <label end="95" start="93" name="CJC"/>
                    <label end="100" start="97" name="NN2"/>
                    <label end="108" start="102" name="AJ0-VVG"/>
                    <label end="114" start="110" name="AJ0-NN1"/>
                    <label end="117" start="116" name="PRP"/>
                    <label end="127" start="119" name="NN2"/>
                    <label end="130" start="129" name="PRF"/>
                    <label end="138" start="132" name="NN1"/>
                    <label end="140" start="140" name="PUN"/>
                </layer>
                <layer rank="1" name="NER"/>
                <layer rank="1" name="WSL"/>
            </annotationSet>
            <annotationSet cDate="01/08/2003 01:19:57 PST Wed" status="MANUAL" ID="1597699">
                <layer rank="1" name="FE">
                    <label cBy="Sns" feID="194" end="38" start="36" name="Experiencer"/>
                </layer>
                <layer rank="1" name="GF">
                    <label end="38" start="36" name="Head"/>
                </layer>
                <layer rank="1" name="PT">
                    <label end="38" start="36" name="N"/>
                </layer>
                <layer rank="1" name="Sent"/>
                <layer rank="1" name="Other"/>
                <layer rank="1" name="Target">
                    <label cBy="BoC" end="34" start="27" name="Target"/>
                </layer>
                <layer rank="1" name="Adj"/>
            </annotationSet>
        </sentence>
        <sentence sentNo="0" aPos="61664771" ID="1073148">
            <text>But one day when the lord was off hunting the fox said : &quot; Friends , we are all happy and contented , but our master sometimes seems rather sad and downcast . </text>
            <annotationSet cDate="01/08/2003 01:19:57 PST Wed" status="UNANN" ID="1597700">
                <layer rank="1" name="BNC">
                    <label end="2" start="0" name="CJC"/>
                    <label end="6" start="4" name="CRD"/>
                    <label end="10" start="8" name="NN1"/>
                    <label end="15" start="12" name="AVQ"/>
                    <label end="19" start="17" name="AT0"/>
                    <label end="24" start="21" name="NN1"/>
                    <label end="28" start="26" name="VBD"/>
                    <label end="32" start="30" name="AVP-PRP"/>
                    <label end="40" start="34" name="NN1-VVG"/>
                    <label end="44" start="42" name="AT0"/>
                    <label end="48" start="46" name="NN1"/>
                    <label end="53" start="50" name="VVD"/>
                    <label end="55" start="55" name="PUN"/>
                    <label end="57" start="57" name="PUQ"/>
                    <label end="65" start="59" name="NN2"/>
                    <label end="67" start="67" name="PUN"/>
                    <label end="70" start="69" name="PNP"/>
                    <label end="74" start="72" name="VBB"/>
                    <label end="78" start="76" name="DT0"/>
                    <label end="84" start="80" name="AJ0"/>
                    <label end="88" start="86" name="CJC"/>
                    <label end="98" start="90" name="VVD"/>
                    <label end="100" start="100" name="PUN"/>
                    <label end="104" start="102" name="CJC"/>
                    <label end="108" start="106" name="DPS"/>
                    <label end="115" start="110" name="NN1"/>
                    <label end="125" start="117" name="AV0"/>
                    <label end="131" start="127" name="VVZ"/>
                    <label end="138" start="133" name="AV0"/>
                    <label end="142" start="140" name="AJ0"/>
                    <label end="146" start="144" name="CJC"/>
                    <label end="155" start="148" name="AJ0"/>
                    <label end="157" start="157" name="PUN"/>
                </layer>
                <layer rank="1" name="NER"/>
                <layer rank="1" name="WSL"/>
            </annotationSet>
            <annotationSet cDate="01/08/2003 01:19:57 PST Wed" status="MANUAL" ID="1597701">
                <layer rank="1" name="FE">
                    <label cBy="Sns" feID="194" end="115" start="106" name="Experiencer"/>
                    <label cBy="Sns" feID="1891" end="138" start="133" name="Degree"/>
                </layer>
                <layer rank="1" name="GF">
                    <label end="115" start="106" name="Ext"/>
                    <label end="138" start="133" name="Dep"/>
                </layer>
                <layer rank="1" name="PT">
                    <label end="115" start="106" name="NP"/>
                    <label end="138" start="133" name="AVP"/>
                </layer>
                <layer rank="1" name="Sent"/>
                <layer rank="1" name="Other"/>
                <layer rank="1" name="Target">
                    <label cBy="BoC" end="155" start="148" name="Target"/>
                </layer>
                <layer rank="1" name="Adj">
                    <label end="131" start="127" name="Cop"/>
                </layer>
            </annotationSet>
        </sentence>
        <sentence sentNo="0" aPos="63913767" ID="1073153">
            <text>` You must n't be downcast , &quot; said Lydia . </text>
            <annotationSet cDate="01/08/2003 01:19:58 PST Wed" status="UNANN" ID="1597710">
                <layer rank="1" name="BNC">
                    <label end="0" start="0" name="PUQ"/>
                    <label end="4" start="2" name="PNP"/>
                    <label end="9" start="6" name="VM0"/>
                    <label end="13" start="11" name="XX0"/>
                    <label end="16" start="15" name="VBI"/>
                    <label end="25" start="18" name="AJ0"/>
                    <label end="27" start="27" name="PUN"/>
                    <label end="29" start="29" name="PUQ"/>
                    <label end="34" start="31" name="VVD"/>
                    <label end="40" start="36" name="NP0"/>
                    <label end="42" start="42" name="PUN"/>
                </layer>
                <layer rank="1" name="NER"/>
                <layer rank="1" name="WSL"/>
            </annotationSet>
            <annotationSet cDate="01/08/2003 01:19:58 PST Wed" status="MANUAL" ID="1597711">
                <layer rank="1" name="FE">
                    <label cBy="Sns" feID="194" end="4" start="2" name="Experiencer"/>
                </layer>
                <layer rank="1" name="GF">
                    <label end="4" start="2" name="Ext"/>
                </layer>
                <layer rank="1" name="PT">
                    <label end="4" start="2" name="NP"/>
                </layer>
                <layer rank="1" name="Sent"/>
                <layer rank="1" name="Other"/>
                <layer rank="1" name="Target">
                    <label cBy="BoC" end="25" start="18" name="Target"/>
                </layer>
                <layer rank="1" name="Adj">
                    <label end="16" start="15" name="Cop"/>
                </layer>
            </annotationSet>
        </sentence>
        <sentence sentNo="0" aPos="66757367" ID="1073156">
            <text>I might have felt a little downcast at that point , only the evening had made me feel more encouraged about my prospects with her than I 'd felt for some time . </text>
            <annotationSet cDate="01/08/2003 01:19:58 PST Wed" status="UNANN" ID="1597716">
                <layer rank="1" name="BNC">
                    <label end="0" start="0" name="PNP"/>
                    <label end="6" start="2" name="VM0"/>
                    <label end="11" start="8" name="VHI"/>
                    <label end="16" start="13" name="VVN"/>
                    <label end="18" start="18" name="AV0"/>
                    <label end="25" start="20" name="AV0"/>
                    <label end="34" start="27" name="AJ0"/>
                    <label end="37" start="36" name="PRP"/>
                    <label end="42" start="39" name="DT0"/>
                    <label end="48" start="44" name="NN1"/>
                    <label end="50" start="50" name="PUN"/>
                    <label end="55" start="52" name="AV0"/>
                    <label end="59" start="57" name="AT0"/>
                    <label end="67" start="61" name="NN1"/>
                    <label end="71" start="69" name="VHD"/>
                    <label end="76" start="73" name="VVN"/>
                    <label end="79" start="78" name="PNP"/>
                    <label end="84" start="81" name="VVB"/>
                    <label end="89" start="86" name="AV0"/>
                    <label end="100" start="91" name="VVD-VVN"/>
                    <label end="106" start="102" name="PRP"/>
                    <label end="109" start="108" name="DPS"/>
                    <label end="119" start="111" name="NN2"/>
                    <label end="124" start="121" name="PRP"/>
                    <label end="128" start="126" name="PNP"/>
                    <label end="133" start="130" name="CJS"/>
                    <label end="135" start="135" name="PNP"/>
                    <label end="138" start="137" name="VHD"/>
                    <label end="143" start="140" name="VVN"/>
                    <label end="147" start="145" name="PRP"/>
                    <label end="152" start="149" name="DT0"/>
                    <label end="157" start="154" name="NN1"/>
                    <label end="159" start="159" name="PUN"/>
                </layer>
                <layer rank="1" name="NER"/>
                <layer rank="1" name="WSL"/>
            </annotationSet>
            <annotationSet cDate="01/08/2003 01:19:58 PST Wed" status="MANUAL" ID="1597717">
                <layer rank="1" name="FE">
                    <label cBy="Sns" feID="194" end="0" start="0" name="Experiencer"/>
                    <label cBy="Sns" feID="1891" end="25" start="18" name="Degree"/>
                </layer>
                <layer rank="1" name="GF">
                    <label end="0" start="0" name="Ext"/>
                    <label end="25" start="18" name="Dep"/>
                </layer>
                <layer rank="1" name="PT">
                    <label end="0" start="0" name="NP"/>
                    <label end="25" start="18" name="N"/>
                </layer>
                <layer rank="1" name="Sent"/>
                <layer rank="1" name="Other"/>
                <layer rank="1" name="Target">
                    <label cBy="BoC" end="34" start="27" name="Target"/>
                </layer>
                <layer rank="1" name="Adj">
                    <label end="16" start="13" name="Ctrlr"/>
                </layer>
            </annotationSet>
        </sentence>
        <sentence sentNo="0" aPos="66973770" ID="1073157">
            <text>They gossip and joke and giggle like schoolgirls : very different from their daughters-in-law who are sometimes seen shuffling behind them , heavily veiled and silent and with the downcast eyes of prisoners under guard . </text>
            <annotationSet cDate="01/08/2003 01:19:58 PST Wed" status="UNANN" ID="1597718">
                <layer rank="1" name="BNC">
                    <label end="3" start="0" name="PNP"/>
                    <label end="10" start="5" name="VVB"/>
                    <label end="14" start="12" name="CJC"/>
                    <label end="19" start="16" name="NN1-VVB"/>
                    <label end="23" start="21" name="CJC"/>
                    <label end="30" start="25" name="NN1-VVB"/>
                    <label end="35" start="32" name="PRP"/>
                    <label end="47" start="37" name="NN2"/>
                    <label end="49" start="49" name="PUN"/>
                    <label end="54" start="51" name="AV0"/>
                    <label end="64" start="56" name="AJ0"/>
                    <label end="69" start="66" name="PRP"/>
                    <label end="75" start="71" name="DPS"/>
                    <label end="92" start="77" name="NN2"/>
                    <label end="96" start="94" name="PNQ"/>
                    <label end="100" start="98" name="VBB"/>
                    <label end="110" start="102" name="AV0"/>
                    <label end="115" start="112" name="VVN"/>
                    <label end="125" start="117" name="VVG"/>
                    <label end="132" start="127" name="PRP"/>
                    <label end="137" start="134" name="PNP"/>
                    <label end="139" start="139" name="PUN"/>
                    <label end="147" start="141" name="AV0"/>
                    <label end="154" start="149" name="AJ0-VVD"/>
                    <label end="158" start="156" name="CJC"/>
                    <label end="165" start="160" name="AJ0"/>
                    <label end="169" start="167" name="CJC"/>
                    <label end="174" start="171" name="PRP"/>
                    <label end="178" start="176" name="AT0"/>
                    <label end="187" start="180" name="AJ0"/>
                    <label end="192" start="189" name="NN2"/>
                    <label end="195" start="194" name="PRF"/>
                    <label end="205" start="197" name="NN2"/>
                    <label end="211" start="207" name="PRP"/>
                    <label end="217" start="213" name="NN1"/>
                    <label end="219" start="219" name="PUN"/>
                </layer>
                <layer rank="1" name="NER"/>
                <layer rank="1" name="WSL"/>
            </annotationSet>
            <annotationSet cDate="01/08/2003 01:19:58 PST Wed" status="MANUAL" ID="1597719">
                <layer rank="1" name="FE">
                    <label cBy="Sns" feID="1893" end="217" start="189" name="Expressor"/>
                </layer>
                <layer rank="1" name="GF">
                    <label end="217" start="189" name="Head"/>
                </layer>
                <layer rank="1" name="PT">
                    <label end="217" start="189" name="N"/>
                </layer>
                <layer rank="1" name="Sent"/>
                <layer rank="1" name="Other"/>
                <layer rank="1" name="Target">
                    <label cBy="BoC" end="187" start="180" name="Target"/>
                </layer>
                <layer rank="1" name="Adj"/>
            </annotationSet>
        </sentence>
        <sentence sentNo="0" aPos="79383816" ID="1073167">
            <text>It was hot , sunny and the water looked so cool and inviting that Maggie felt quite downcast about having no swimsuit . </text>
            <annotationSet cDate="01/08/2003 01:20:00 PST Wed" status="UNANN" ID="1597738">
                <layer rank="1" name="BNC">
                    <label end="1" start="0" name="PNP"/>
                    <label end="5" start="3" name="VBD"/>
                    <label end="9" start="7" name="AJ0"/>
                    <label end="11" start="11" name="PUN"/>
                    <label end="17" start="13" name="AJ0"/>
                    <label end="21" start="19" name="CJC"/>
                    <label end="25" start="23" name="AT0"/>
                    <label end="31" start="27" name="NN1"/>
                    <label end="38" start="33" name="VVD-VVN"/>
                    <label end="41" start="40" name="AV0"/>
                    <label end="46" start="43" name="AJ0"/>
                    <label end="50" start="48" name="CJC"/>
                    <label end="59" start="52" name="VVG"/>
                    <label end="64" start="61" name="CJT"/>
                    <label end="71" start="66" name="NP0"/>
                    <label end="76" start="73" name="VVD"/>
                    <label end="82" start="78" name="AV0"/>
                    <label end="91" start="84" name="AJ0"/>
                    <label end="97" start="93" name="PRP"/>
                    <label end="104" start="99" name="VHG"/>
                    <label end="107" start="106" name="AT0"/>
                    <label end="116" start="109" name="NN1"/>
                    <label end="118" start="118" name="PUN"/>
                </layer>
                <layer rank="1" name="NER"/>
                <layer rank="1" name="WSL"/>
            </annotationSet>
            <annotationSet cDate="01/08/2003 01:20:00 PST Wed" status="MANUAL" ID="1597739">
                <layer rank="1" name="FE">
                    <label cBy="Sns" feID="194" end="71" start="66" name="Experiencer"/>
                    <label cBy="Sns" feID="1891" end="82" start="78" name="Degree"/>
                    <label cBy="Sns" feID="197" end="116" start="93" name="Stimulus"/>
                </layer>
                <layer rank="1" name="GF">
                    <label end="71" start="66" name="Ext"/>
                    <label end="82" start="78" name="Dep"/>
                    <label end="116" start="93" name="Dep"/>
                </layer>
                <layer rank="1" name="PT">
                    <label end="71" start="66" name="NP"/>
                    <label end="82" start="78" name="AVP"/>
                    <label end="116" start="93" name="PPing"/>
                </layer>
                <layer rank="1" name="Sent"/>
                <layer rank="1" name="Other"/>
                <layer rank="1" name="Target">
                    <label cBy="BoC" end="91" start="84" name="Target"/>
                </layer>
                <layer rank="1" name="Adj">
                    <label end="76" start="73" name="Ctrlr"/>
                </layer>
            </annotationSet>
        </sentence>
        <sentence sentNo="0" aPos="79400516" ID="1073168">
            <text>` It is a long time since anyone cared for you as tonight you cared for Ana , is it not ? &quot; he asked softly , his hand coming to tilt her downcast face . </text>
            <annotationSet cDate="01/08/2003 01:20:00 PST Wed" status="UNANN" ID="1597740">
                <layer rank="1" name="BNC">
                    <label end="0" start="0" name="PUQ"/>
                    <label end="3" start="2" name="PNP"/>
                    <label end="6" start="5" name="VBZ"/>
                    <label end="8" start="8" name="AT0"/>
                    <label end="13" start="10" name="AJ0"/>
                    <label end="18" start="15" name="NN1"/>
                    <label end="24" start="20" name="CJS"/>
                    <label end="31" start="26" name="PNI"/>
                    <label end="37" start="33" name="VVD"/>
                    <label end="41" start="39" name="PRP"/>
                    <label end="45" start="43" name="PNP"/>
                    <label end="48" start="47" name="AV0"/>
                    <label end="56" start="50" name="AV0"/>
                    <label end="60" start="58" name="PNP"/>
                    <label end="66" start="62" name="VVD"/>
                    <label end="70" start="68" name="PRP"/>
                    <label end="74" start="72" name="NP0"/>
                    <label end="76" start="76" name="PUN"/>
                    <label end="79" start="78" name="VBZ"/>
                    <label end="82" start="81" name="PNP"/>
                    <label end="86" start="84" name="XX0"/>
                    <label end="88" start="88" name="PUN"/>
                    <label end="90" start="90" name="PUQ"/>
                    <label end="93" start="92" name="PNP"/>
                    <label end="99" start="95" name="VVD"/>
                    <label end="106" start="101" name="AV0"/>
                    <label end="108" start="108" name="PUN"/>
                    <label end="112" start="110" name="DPS"/>
                    <label end="117" start="114" name="NN1"/>
                    <label end="124" start="119" name="VVG"/>
                    <label end="127" start="126" name="TO0"/>
                    <label end="132" start="129" name="VVI"/>
                    <label end="136" start="134" name="DPS"/>
                    <label end="145" start="138" name="AJ0"/>
                    <label end="150" start="147" name="NN1"/>
                    <label end="152" start="152" name="PUN"/>
                </layer>
                <layer rank="1" name="NER"/>
                <layer rank="1" name="WSL"/>
            </annotationSet>
            <annotationSet cDate="01/08/2003 01:20:00 PST Wed" status="MANUAL" ID="1597741">
                <layer rank="1" name="FE">
                    <label cBy="Sns" feID="1893" end="150" start="147" name="Expressor"/>
                </layer>
                <layer rank="1" name="GF">
                    <label end="150" start="147" name="Head"/>
                </layer>
                <layer rank="1" name="PT">
                    <label end="150" start="147" name="N"/>
                </layer>
                <layer rank="1" name="Sent"/>
                <layer rank="1" name="Other"/>
                <layer rank="1" name="Target">
                    <label cBy="BoC" end="145" start="138" name="Target"/>
                </layer>
                <layer rank="1" name="Adj"/>
            </annotationSet>
        </sentence>
        <sentence sentNo="0" aPos="79882378" ID="1073172">
            <text>` Forgive me , Miss Kyte , &quot; said the other lady softly , ` but you look quite downcast . &quot; </text>
            <annotationSet cDate="01/08/2003 01:20:00 PST Wed" status="UNANN" ID="1597748">
                <layer rank="1" name="BNC">
                    <label end="0" start="0" name="PUQ"/>
                    <label end="8" start="2" name="VVB"/>
                    <label end="11" start="10" name="PNP"/>
                    <label end="13" start="13" name="PUN"/>
                    <label end="18" start="15" name="NP0"/>
                    <label end="23" start="20" name="NP0"/>
                    <label end="25" start="25" name="PUN"/>
                    <label end="27" start="27" name="PUQ"/>
                    <label end="32" start="29" name="VVD"/>
                    <label end="36" start="34" name="AT0"/>
                    <label end="42" start="38" name="AJ0"/>
                    <label end="47" start="44" name="NN1"/>
                    <label end="54" start="49" name="AV0"/>
                    <label end="56" start="56" name="PUN"/>
                    <label end="58" start="58" name="PUQ"/>
                    <label end="62" start="60" name="CJC"/>
                    <label end="66" start="64" name="PNP"/>
                    <label end="71" start="68" name="VVB"/>
                    <label end="77" start="73" name="AV0"/>
                    <label end="86" start="79" name="AJ0"/>
                    <label end="88" start="88" name="PUN"/>
                    <label end="90" start="90" name="PUQ"/>
                </layer>
                <layer rank="1" name="NER"/>
                <layer rank="1" name="WSL"/>
            </annotationSet>
            <annotationSet cDate="01/08/2003 01:20:00 PST Wed" status="MANUAL" ID="1597749">
                <layer rank="1" name="FE">
                    <label cBy="Sns" feID="194" end="66" start="64" name="Experiencer"/>
                    <label cBy="Sns" feID="1891" end="77" start="73" name="Degree"/>
                </layer>
                <layer rank="1" name="GF">
                    <label end="66" start="64" name="Ext"/>
                    <label end="77" start="73" name="Dep"/>
                </layer>
                <layer rank="1" name="PT">
                    <label end="66" start="64" name="NP"/>
                    <label end="77" start="73" name="AVP"/>
                </layer>
                <layer rank="1" name="Sent"/>
                <layer rank="1" name="Other"/>
                <layer rank="1" name="Target">
                    <label cBy="BoC" end="86" start="79" name="Target"/>
                </layer>
                <layer rank="1" name="Adj">
                    <label end="71" start="68" name="Ctrlr"/>
                </layer>
            </annotationSet>
        </sentence>
        <sentence sentNo="0" aPos="104745576" ID="1073184">
            <text>One unnamed area was criticised after it appeared to have industrial dereliction and sad , downcast people . </text>
            <annotationSet cDate="01/08/2003 01:20:01 PST Wed" status="UNANN" ID="1597772">
                <layer rank="1" name="BNC">
                    <label end="2" start="0" name="CRD"/>
                    <label end="10" start="4" name="AJ0"/>
                    <label end="15" start="12" name="NN1"/>
                    <label end="19" start="17" name="VBD"/>
                    <label end="30" start="21" name="VVN"/>
                    <label end="36" start="32" name="CJS-PRP"/>
                    <label end="39" start="38" name="PNP"/>
                    <label end="48" start="41" name="VVD"/>
                    <label end="51" start="50" name="TO0"/>
                    <label end="56" start="53" name="VHI"/>
                    <label end="67" start="58" name="AJ0"/>
                    <label end="79" start="69" name="NN1"/>
                    <label end="83" start="81" name="CJC"/>
                    <label end="87" start="85" name="AJ0"/>
                    <label end="89" start="89" name="PUN"/>
                    <label end="98" start="91" name="AJ0"/>
                    <label end="105" start="100" name="NN0"/>
                    <label end="107" start="107" name="PUN"/>
                </layer>
                <layer rank="1" name="NER"/>
                <layer rank="1" name="WSL"/>
            </annotationSet>
            <annotationSet cDate="01/08/2003 01:20:01 PST Wed" status="MANUAL" ID="1597773">
                <layer rank="1" name="FE">
                    <label cBy="Sns" feID="194" end="105" start="100" name="Experiencer"/>
                </layer>
                <layer rank="1" name="GF">
                    <label end="105" start="100" name="Head"/>
                </layer>
                <layer rank="1" name="PT">
                    <label end="105" start="100" name="N"/>
                </layer>
                <layer rank="1" name="Sent"/>
                <layer rank="1" name="Other"/>
                <layer rank="1" name="Target">
                    <label cBy="BoC" end="98" start="91" name="Target"/>
                </layer>
                <layer rank="1" name="Adj"/>
            </annotationSet>
        </sentence>
    </subCorpus>
</lexUnit>