<?xml version="1.0" encoding="UTF-8" standalone="yes"?>
<?xml-stylesheet type="text/xsl" href="lexUnit.xsl"?>
<lexUnit status="Created" POS="N" name="duty.n" ID="7116" frame="Being_obligated" frameID="392" totalAnnotated="16" xsi:schemaLocation="../schema/lexUnit.xsd" xmlns="http://framenet.icsi.berkeley.edu" xmlns:xsi="http://www.w3.org/2001/XMLSchema-instance">
    <header>
        <corpus description="Wall Street Journal Texts from the PropBank Project" name="PropBank" ID="115">
            <document description="Ticket Splitting" name="TicketSplitting" ID="23012"/>
        </corpus>
        <corpus description="Texts from Nuclear Threat Initiative website, created by Center for Non-Proliferation Studies" name="NTI" ID="135">
            <document description="Iran Chemical" name="Iran_Chemical" ID="23514"/>
            <document description="B W Tutorial chapter1" name="BWTutorial_chapter1" ID="23602"/>
        </corpus>
        <corpus description="AQUAINT Knowledge-Based Evaluation Texts" name="KBEval" ID="185">
            <document description="lcch" name="lcch" ID="23574"/>
        </corpus>
        <corpus description="American National Corpus Texts" name="ANC" ID="195">
            <document description="Berlitz History of Las Vegas" name="HistoryOfLasVegas" ID="23691"/>
        </corpus>
        <corpus description="LUCorpus-v0.3" name="LUCorpus-v0.3" ID="205">
            <document description="AFGP-2002-600002-Trans" name="AFGP-2002-600002-Trans" ID="23736"/>
            <document description="AFGP-2002-600045-Trans" name="AFGP-2002-600045-Trans" ID="23740"/>
        </corpus>
        <frame>
            <FE fgColor="FFFFFF" bgColor="9400D3" type="Extra-Thematic" abbrev="con" name="Condition"/>
            <FE fgColor="FFFFFF" bgColor="00008B" type="Peripheral" abbrev="Con" name="Consequence"/>
            <FE fgColor="FFFFFF" bgColor="008000" type="Core" abbrev="Duty" name="Duty"/>
            <FE fgColor="FFFFFF" bgColor="FF69B4" type="Extra-Thematic" abbrev="" name="Frequency"/>
            <FE fgColor="FFFFFF" bgColor="0000FF" type="Peripheral" abbrev="pla" name="Place"/>
            <FE fgColor="FFFFFF" bgColor="FF0000" type="Core" abbrev="Resp" name="Responsible_party"/>
            <FE fgColor="FFFFFF" bgColor="FFA500" type="Peripheral" abbrev="tim" name="Time"/>
        </frame>
    </header>
    <definition>COD: a moral or legal obligation; a task required as part of one's job. </definition>
    <lexeme POS="N" name="duty"/>
    <valences>
        <FERealization total="2">
            <FE name="Condition"/>
            <pattern total="2">
                <valenceUnit GF="Dep" PT="PP[under]" FE="Condition"/>
                <annoSet ID="6524583"/>
                <annoSet ID="6532004"/>
            </pattern>
        </FERealization>
        <FERealization total="16">
            <FE name="Duty"/>
            <pattern total="13">
                <valenceUnit GF="" PT="DEN" FE="Duty"/>
                <annoSet ID="4529931"/>
                <annoSet ID="6524583"/>
                <annoSet ID="6532004"/>
                <annoSet ID="6544044"/>
                <annoSet ID="6550138"/>
                <annoSet ID="6550436"/>
                <annoSet ID="6550438"/>
                <annoSet ID="6550440"/>
                <annoSet ID="6550695"/>
                <annoSet ID="6550697"/>
                <annoSet ID="6550703"/>
                <annoSet ID="6550706"/>
                <annoSet ID="6550709"/>
            </pattern>
            <pattern total="1">
                <valenceUnit GF="Dep" PT="AJP" FE="Duty"/>
                <annoSet ID="4529999"/>
            </pattern>
            <pattern total="2">
                <valenceUnit GF="Dep" PT="VPto" FE="Duty"/>
                <annoSet ID="6535454"/>
                <annoSet ID="6550184"/>
            </pattern>
        </FERealization>
        <FERealization total="1">
            <FE name="Place"/>
            <pattern total="1">
                <valenceUnit GF="Dep" PT="PP[of]" FE="Place"/>
                <annoSet ID="6544044"/>
            </pattern>
        </FERealization>
        <FERealization total="11">
            <FE name="Responsible_party"/>
            <pattern total="4">
                <valenceUnit GF="Gen" PT="Poss" FE="Responsible_party"/>
                <annoSet ID="6524583"/>
                <annoSet ID="6532004"/>
                <annoSet ID="6535454"/>
                <annoSet ID="6550138"/>
            </pattern>
            <pattern total="5">
                <valenceUnit GF="" PT="DNI" FE="Responsible_party"/>
                <annoSet ID="6550436"/>
                <annoSet ID="6550438"/>
                <annoSet ID="6550440"/>
                <annoSet ID="6550695"/>
                <annoSet ID="6550697"/>
            </pattern>
            <pattern total="2">
                <valenceUnit GF="Dep" PT="PP[of]" FE="Responsible_party"/>
                <annoSet ID="4529931"/>
                <annoSet ID="6550184"/>
            </pattern>
        </FERealization>
        <FEGroupRealization total="2">
            <FE name="Condition"/>
            <FE name="Duty"/>
            <FE name="Responsible_party"/>
            <pattern total="2">
                <valenceUnit GF="Dep" PT="PP[under]" FE="Condition"/>
                <valenceUnit GF="" PT="DEN" FE="Duty"/>
                <valenceUnit GF="Gen" PT="Poss" FE="Responsible_party"/>
                <annoSet ID="6524583"/>
                <annoSet ID="6532004"/>
            </pattern>
        </FEGroupRealization>
        <FEGroupRealization total="4">
            <FE name="Duty"/>
            <pattern total="1">
                <valenceUnit GF="Dep" PT="AJP" FE="Duty"/>
                <annoSet ID="4529999"/>
            </pattern>
            <pattern total="3">
                <valenceUnit GF="" PT="DEN" FE="Duty"/>
                <annoSet ID="6550703"/>
                <annoSet ID="6550706"/>
                <annoSet ID="6550709"/>
            </pattern>
        </FEGroupRealization>
        <FEGroupRealization total="1">
            <FE name="Duty"/>
            <FE name="Place"/>
            <pattern total="1">
                <valenceUnit GF="" PT="DEN" FE="Duty"/>
                <valenceUnit GF="Dep" PT="PP[of]" FE="Place"/>
                <annoSet ID="6544044"/>
            </pattern>
        </FEGroupRealization>
        <FEGroupRealization total="9">
            <FE name="Duty"/>
            <FE name="Responsible_party"/>
            <pattern total="5">
                <valenceUnit GF="" PT="DEN" FE="Duty"/>
                <valenceUnit GF="" PT="DNI" FE="Responsible_party"/>
                <annoSet ID="6550436"/>
                <annoSet ID="6550438"/>
                <annoSet ID="6550440"/>
                <annoSet ID="6550695"/>
                <annoSet ID="6550697"/>
            </pattern>
            <pattern total="1">
                <valenceUnit GF="" PT="DEN" FE="Duty"/>
                <valenceUnit GF="Dep" PT="PP[of]" FE="Responsible_party"/>
                <annoSet ID="4529931"/>
            </pattern>
            <pattern total="1">
                <valenceUnit GF="" PT="DEN" FE="Duty"/>
                <valenceUnit GF="Gen" PT="Poss" FE="Responsible_party"/>
                <annoSet ID="6550138"/>
            </pattern>
            <pattern total="1">
                <valenceUnit GF="Dep" PT="VPto" FE="Duty"/>
                <valenceUnit GF="Dep" PT="PP[of]" FE="Responsible_party"/>
                <annoSet ID="6550184"/>
            </pattern>
            <pattern total="1">
                <valenceUnit GF="Dep" PT="VPto" FE="Duty"/>
                <valenceUnit GF="Gen" PT="Poss" FE="Responsible_party"/>
                <annoSet ID="6535454"/>
            </pattern>
        </FEGroupRealization>
    </valences>
    <subCorpus name="manually-added">
        <sentence corpID="115" docID="23012" sentNo="4" paragNo="15" aPos="0" ID="2824410">
            <text>To the extent that the primary duty of personal staff involves local benefit-seeking , this indicates that political philosophy leads congressional Republicans to pay less attention to narrow constituent concerns .</text>
            <annotationSet cDate="02/05/2004 08:30:30 PST Thu" status="UNANN" ID="4528405">
                <layer rank="1" name="PENN">
                    <label end="1" start="0" name="to"/>
                    <label end="5" start="3" name="dt"/>
                    <label end="12" start="7" name="nn"/>
                    <label end="17" start="14" name="in"/>
                    <label end="21" start="19" name="dt"/>
                    <label end="29" start="23" name="jj"/>
                    <label end="34" start="31" name="nn"/>
                    <label end="37" start="36" name="in"/>
                    <label end="46" start="39" name="jj"/>
                    <label end="52" start="48" name="nn"/>
                    <label end="61" start="54" name="VVZ"/>
                    <label end="67" start="63" name="jj"/>
                    <label end="83" start="69" name="nn"/>
                    <label end="85" start="85" name=","/>
                    <label end="90" start="87" name="dt"/>
                    <label end="100" start="92" name="VVZ"/>
                    <label end="105" start="102" name="dt"/>
                    <label end="115" start="107" name="jj"/>
                    <label end="126" start="117" name="nn"/>
                    <label end="132" start="128" name="VVZ"/>
                    <label end="146" start="134" name="jj"/>
                    <label end="158" start="148" name="nns"/>
                    <label end="161" start="160" name="to"/>
                    <label end="165" start="163" name="VV"/>
                    <label end="170" start="167" name="jjr"/>
                    <label end="180" start="172" name="nn"/>
                    <label end="183" start="182" name="to"/>
                    <label end="190" start="185" name="VV"/>
                    <label end="202" start="192" name="jj"/>
                    <label end="211" start="204" name="nns"/>
                    <label end="213" start="213" name="sent"/>
                </layer>
                <layer rank="1" name="NER">
                    <label end="158" start="148" name="person"/>
                </layer>
                <layer rank="1" name="WSL">
                    <label end="85" start="85" name="NT"/>
                    <label end="161" start="160" name="NT"/>
                    <label end="183" start="182" name="NT"/>
                    <label end="213" start="213" name="NT"/>
                    <label end="1" start="0" name="NT"/>
                    <label end="5" start="3" name="NT"/>
                    <label end="17" start="14" name="NT"/>
                    <label end="21" start="19" name="NT"/>
                    <label end="37" start="36" name="NT"/>
                    <label end="90" start="87" name="NT"/>
                    <label end="105" start="102" name="NT"/>
                </layer>
            </annotationSet>
            <annotationSet cDate="08/19/2004 12:35:31 PDT Thu" status="MANUAL" ID="4529931">
                <layer rank="1" name="Target">
                    <label cBy="CHg" end="34" start="31" name="Target"/>
                </layer>
                <layer rank="1" name="FE">
                    <label cBy="CHg" feID="3502" end="52" start="36" name="Responsible_party"/>
                    <label cBy="CHg" feID="3503" end="34" start="31" name="Duty"/>
                </layer>
                <layer rank="1" name="GF">
                    <label end="52" start="36" name="Dep"/>
                </layer>
                <layer rank="1" name="PT">
                    <label end="52" start="36" name="PP"/>
                </layer>
                <layer rank="1" name="Other"/>
                <layer rank="1" name="Sent"/>
                <layer rank="1" name="Noun"/>
            </annotationSet>
        </sentence>
        <sentence corpID="115" docID="23012" sentNo="1" paragNo="17" aPos="0" ID="2824414">
            <text>Finally , as shown in the table , Democrats allocate a higher proportion of their personal staffs to district offices -- where local benefit-seeking duties matter more and national policy making activities matter less relative to Washington offices .</text>
            <annotationSet cDate="02/05/2004 08:30:32 PST Thu" status="UNANN" ID="4528409">
                <layer rank="1" name="PENN">
                    <label end="6" start="0" name="rb"/>
                    <label end="8" start="8" name=","/>
                    <label end="11" start="10" name="in"/>
                    <label end="17" start="13" name="VVN"/>
                    <label end="20" start="19" name="in"/>
                    <label end="24" start="22" name="dt"/>
                    <label end="30" start="26" name="nn"/>
                    <label end="32" start="32" name=","/>
                    <label end="42" start="34" name="nns"/>
                    <label end="51" start="44" name="VVP"/>
                    <label end="53" start="53" name="dt"/>
                    <label end="60" start="55" name="jjr"/>
                    <label end="71" start="62" name="nn"/>
                    <label end="74" start="73" name="in"/>
                    <label end="80" start="76" name="PP$"/>
                    <label end="89" start="82" name="jj"/>
                    <label end="96" start="91" name="nns"/>
                    <label end="99" start="98" name="to"/>
                    <label end="108" start="101" name="nn"/>
                    <label end="116" start="110" name="nns"/>
                    <label end="119" start="118" name=":"/>
                    <label end="125" start="121" name="wrb"/>
                    <label end="131" start="127" name="jj"/>
                    <label end="147" start="133" name="nn"/>
                    <label end="154" start="149" name="nns"/>
                    <label end="161" start="156" name="VVP"/>
                    <label end="166" start="163" name="rbr"/>
                    <label end="170" start="168" name="cc"/>
                    <label end="179" start="172" name="jj"/>
                    <label end="186" start="181" name="nn"/>
                    <label end="193" start="188" name="VVG"/>
                    <label end="204" start="195" name="nns"/>
                    <label end="211" start="206" name="VV"/>
                    <label end="216" start="213" name="rbr"/>
                    <label end="225" start="218" name="jj"/>
                    <label end="228" start="227" name="to"/>
                    <label end="239" start="230" name="NP"/>
                    <label end="247" start="241" name="nns"/>
                    <label end="249" start="249" name="sent"/>
                </layer>
                <layer rank="1" name="NER">
                    <label end="42" start="34" name="person"/>
                    <label end="239" start="230" name="location"/>
                </layer>
                <layer rank="1" name="WSL">
                    <label end="6" start="0" name="NT"/>
                    <label end="8" start="8" name="NT"/>
                    <label end="32" start="32" name="NT"/>
                    <label end="166" start="163" name="NT"/>
                    <label end="216" start="213" name="NT"/>
                    <label end="228" start="227" name="NT"/>
                    <label end="249" start="249" name="NT"/>
                    <label end="11" start="10" name="NT"/>
                    <label end="24" start="22" name="NT"/>
                    <label end="53" start="53" name="NT"/>
                    <label end="80" start="76" name="NT"/>
                    <label end="119" start="118" name="NT"/>
                    <label end="170" start="168" name="NT"/>
                    <label end="239" start="230" name="NT"/>
                </layer>
            </annotationSet>
            <annotationSet cDate="08/19/2004 05:28:18 PDT Thu" status="MANUAL" ID="4529999">
                <layer rank="1" name="Target">
                    <label cBy="CHg" end="154" start="149" name="Target"/>
                </layer>
                <layer rank="1" name="FE">
                    <label cBy="CHg" feID="3503" end="147" start="127" name="Duty"/>
                </layer>
                <layer rank="1" name="GF">
                    <label end="147" start="127" name="Dep"/>
                </layer>
                <layer rank="1" name="PT">
                    <label end="147" start="127" name="AJP"/>
                </layer>
                <layer rank="1" name="Other"/>
                <layer rank="1" name="Sent"/>
                <layer rank="1" name="Noun"/>
            </annotationSet>
        </sentence>
        <sentence corpID="135" docID="23514" sentNo="2" paragNo="16" aPos="0" ID="4097044">
            <text>In 1996 , it held the first regional seminar on the national implementation of the CWC in Tehran so that government authorities could familiarize themselves with their duties and obligations under the treaty .</text>
            <annotationSet cDate="02/25/2005 12:43:05 PST Fri" status="UNANN" ID="6522709">
                <layer rank="1" name="PENN">
                    <label end="1" start="0" name="in"/>
                    <label end="6" start="3" name="cd"/>
                    <label end="8" start="8" name=","/>
                    <label end="11" start="10" name="PP"/>
                    <label end="16" start="13" name="VVD"/>
                    <label end="20" start="18" name="dt"/>
                    <label end="26" start="22" name="jj"/>
                    <label end="35" start="28" name="jj"/>
                    <label end="43" start="37" name="nn"/>
                    <label end="46" start="45" name="in"/>
                    <label end="50" start="48" name="dt"/>
                    <label end="59" start="52" name="jj"/>
                    <label end="74" start="61" name="nn"/>
                    <label end="77" start="76" name="in"/>
                    <label end="81" start="79" name="dt"/>
                    <label end="85" start="83" name="NP"/>
                    <label end="88" start="87" name="in"/>
                    <label end="95" start="90" name="NP"/>
                    <label end="98" start="97" name="rb"/>
                    <label end="103" start="100" name="in"/>
                    <label end="114" start="105" name="nn"/>
                    <label end="126" start="116" name="nns"/>
                    <label end="132" start="128" name="md"/>
                    <label end="144" start="134" name="VV"/>
                    <label end="155" start="146" name="PP"/>
                    <label end="160" start="157" name="in"/>
                    <label end="166" start="162" name="PP$"/>
                    <label end="173" start="168" name="nns"/>
                    <label end="177" start="175" name="cc"/>
                    <label end="189" start="179" name="nns"/>
                    <label end="195" start="191" name="in"/>
                    <label end="199" start="197" name="dt"/>
                    <label end="206" start="201" name="nn"/>
                    <label end="208" start="208" name="sent"/>
                </layer>
                <layer rank="1" name="NER">
                    <label end="6" start="3" name="date"/>
                    <label end="85" start="83" name="IntAgr"/>
                    <label end="95" start="90" name="location"/>
                </layer>
                <layer rank="1" name="WSL">
                    <label end="1" start="0" name="NT"/>
                    <label end="6" start="3" name="NT"/>
                    <label end="8" start="8" name="NT"/>
                    <label end="11" start="10" name="NT"/>
                    <label end="20" start="18" name="NT"/>
                    <label end="46" start="45" name="NT"/>
                    <label end="50" start="48" name="NT"/>
                    <label end="77" start="76" name="NT"/>
                    <label end="81" start="79" name="NT"/>
                    <label end="85" start="83" name="NT"/>
                    <label end="88" start="87" name="NT"/>
                    <label end="95" start="90" name="NT"/>
                    <label end="103" start="100" name="NT"/>
                    <label end="132" start="128" name="NT"/>
                    <label end="155" start="146" name="NT"/>
                    <label end="160" start="157" name="NT"/>
                    <label end="166" start="162" name="NT"/>
                    <label end="177" start="175" name="NT"/>
                    <label end="195" start="191" name="NT"/>
                    <label end="199" start="197" name="NT"/>
                    <label end="208" start="208" name="NT"/>
                    <label end="98" start="97" name="NT"/>
                </layer>
            </annotationSet>
            <annotationSet cDate="03/11/2005 12:18:09 PST Fri" status="MANUAL" ID="6524583">
                <layer rank="1" name="Target">
                    <label cBy="Pam" end="173" start="168" name="Target"/>
                </layer>
                <layer rank="1" name="FE">
                    <label cBy="Pam" feID="3503" end="173" start="168" name="Duty"/>
                    <label cBy="Pam" feID="3502" end="166" start="162" name="Responsible_party"/>
                    <label cBy="Pam" feID="3505" end="206" start="191" name="Condition"/>
                </layer>
                <layer rank="1" name="GF">
                    <label end="166" start="162" name="Gen"/>
                    <label end="206" start="191" name="Dep"/>
                </layer>
                <layer rank="1" name="PT">
                    <label end="166" start="162" name="Poss"/>
                    <label end="206" start="191" name="PP"/>
                </layer>
                <layer rank="1" name="Other"/>
                <layer rank="1" name="Sent"/>
                <layer rank="1" name="Noun"/>
            </annotationSet>
        </sentence>
        <sentence corpID="185" docID="23574" sentNo="3" paragNo="4" aPos="0" ID="4098195">
            <text>In 1996 , it held the first regional seminar on the national implementation of the CWC in Tehran so that government authorities could familiarize themselves with their duties and obligations under the treaty .</text>
            <annotationSet cDate="10/05/2005 01:26:02 PDT Wed" status="UNANN" ID="6530936">
                <layer rank="1" name="PENN">
                    <label end="1" start="0" name="in"/>
                    <label end="6" start="3" name="cd"/>
                    <label end="8" start="8" name=","/>
                    <label end="11" start="10" name="PP"/>
                    <label end="16" start="13" name="VVD"/>
                    <label end="20" start="18" name="dt"/>
                    <label end="26" start="22" name="jj"/>
                    <label end="35" start="28" name="jj"/>
                    <label end="43" start="37" name="nn"/>
                    <label end="46" start="45" name="in"/>
                    <label end="50" start="48" name="dt"/>
                    <label end="59" start="52" name="jj"/>
                    <label end="74" start="61" name="nn"/>
                    <label end="77" start="76" name="in"/>
                    <label end="81" start="79" name="dt"/>
                    <label end="85" start="83" name="NP"/>
                    <label end="88" start="87" name="in"/>
                    <label end="95" start="90" name="NP"/>
                    <label end="98" start="97" name="rb"/>
                    <label end="103" start="100" name="in"/>
                    <label end="114" start="105" name="nn"/>
                    <label end="126" start="116" name="nns"/>
                    <label end="132" start="128" name="md"/>
                    <label end="144" start="134" name="VV"/>
                    <label end="155" start="146" name="PP"/>
                    <label end="160" start="157" name="in"/>
                    <label end="166" start="162" name="PP$"/>
                    <label end="173" start="168" name="nns"/>
                    <label end="177" start="175" name="cc"/>
                    <label end="189" start="179" name="nns"/>
                    <label end="195" start="191" name="in"/>
                    <label end="199" start="197" name="dt"/>
                    <label end="206" start="201" name="nn"/>
                    <label end="208" start="208" name="sent"/>
                </layer>
                <layer rank="1" name="NER">
                    <label end="6" start="3" name="date"/>
                    <label end="85" start="83" name="IntAgr"/>
                    <label end="95" start="90" name="location"/>
                    <label end="126" start="105" name="organization"/>
                    <label end="35" start="28" name="location"/>
                </layer>
                <layer rank="1" name="WSL">
                    <label end="1" start="0" name="NT"/>
                    <label end="6" start="3" name="NT"/>
                    <label end="8" start="8" name="NT"/>
                    <label end="11" start="10" name="NT"/>
                    <label end="20" start="18" name="NT"/>
                    <label end="46" start="45" name="NT"/>
                    <label end="50" start="48" name="NT"/>
                    <label end="77" start="76" name="NT"/>
                    <label end="81" start="79" name="NT"/>
                    <label end="85" start="83" name="NT"/>
                    <label end="88" start="87" name="NT"/>
                    <label end="95" start="90" name="NT"/>
                    <label end="98" start="97" name="NT"/>
                    <label end="103" start="100" name="NT"/>
                    <label end="155" start="146" name="NT"/>
                    <label end="160" start="157" name="NT"/>
                    <label end="166" start="162" name="NT"/>
                    <label end="177" start="175" name="NT"/>
                    <label end="195" start="191" name="NT"/>
                    <label end="199" start="197" name="NT"/>
                    <label end="208" start="208" name="NT"/>
                </layer>
            </annotationSet>
            <annotationSet cDate="10/05/2005 03:57:45 PDT Wed" status="MANUAL" ID="6532004">
                <layer rank="1" name="Target">
                    <label cBy="MJE" end="173" start="168" name="Target"/>
                </layer>
                <layer rank="1" name="FE">
                    <label cBy="MJE" feID="3503" end="173" start="168" name="Duty"/>
                    <label cBy="MJE" feID="3502" end="166" start="162" name="Responsible_party"/>
                    <label cBy="MJE" feID="3505" end="206" start="191" name="Condition"/>
                </layer>
                <layer rank="1" name="GF">
                    <label end="166" start="162" name="Gen"/>
                    <label end="206" start="191" name="Dep"/>
                </layer>
                <layer rank="1" name="PT">
                    <label end="166" start="162" name="Poss"/>
                    <label end="206" start="191" name="PP"/>
                </layer>
                <layer rank="1" name="Other"/>
                <layer rank="1" name="Sent"/>
                <layer rank="1" name="Noun"/>
            </annotationSet>
        </sentence>
        <sentence corpID="135" docID="23602" sentNo="1" paragNo="58" aPos="0" ID="4099441">
            <text>The network 's mastermind , Osama bin Laden , has stated openly that it is his `` religious duty '' to acquire weapons of mass destruction .</text>
            <annotationSet cDate="06/02/2006 03:12:09 PDT Fri" status="UNANN" ID="6534668">
                <layer rank="1" name="PENN">
                    <label end="2" start="0" name="dt"/>
                    <label end="10" start="4" name="nn"/>
                    <label end="13" start="12" name="POS"/>
                    <label end="24" start="15" name="nn"/>
                    <label end="26" start="26" name=","/>
                    <label end="32" start="28" name="NP"/>
                    <label end="36" start="34" name="nn"/>
                    <label end="42" start="38" name="jj"/>
                    <label end="44" start="44" name=","/>
                    <label end="48" start="46" name="VHZ"/>
                    <label end="55" start="50" name="VVN"/>
                    <label end="62" start="57" name="rb"/>
                    <label end="67" start="64" name="in"/>
                    <label end="70" start="69" name="PP"/>
                    <label end="73" start="72" name="VBZ"/>
                    <label end="77" start="75" name="PP$"/>
                    <label end="80" start="79" name="``"/>
                    <label end="90" start="82" name="jj"/>
                    <label end="95" start="92" name="nn"/>
                    <label end="98" start="97" name="''"/>
                    <label end="101" start="100" name="to"/>
                    <label end="109" start="103" name="VV"/>
                    <label end="117" start="111" name="nns"/>
                    <label end="120" start="119" name="in"/>
                    <label end="125" start="122" name="jj"/>
                    <label end="137" start="127" name="nn"/>
                    <label end="139" start="139" name="sent"/>
                </layer>
                <layer rank="1" name="NER">
                    <label end="42" start="28" name="person"/>
                </layer>
                <layer rank="1" name="WSL">
                    <label end="2" start="0" name="NT"/>
                    <label end="13" start="12" name="NT"/>
                    <label end="26" start="26" name="NT"/>
                    <label end="32" start="28" name="NT"/>
                    <label end="44" start="44" name="NT"/>
                    <label end="48" start="46" name="NT"/>
                    <label end="62" start="57" name="NT"/>
                    <label end="67" start="64" name="NT"/>
                    <label end="70" start="69" name="NT"/>
                    <label end="73" start="72" name="NT"/>
                    <label end="77" start="75" name="NT"/>
                    <label end="80" start="79" name="NT"/>
                    <label end="98" start="97" name="NT"/>
                    <label end="101" start="100" name="NT"/>
                    <label end="120" start="119" name="NT"/>
                    <label end="139" start="139" name="NT"/>
                </layer>
            </annotationSet>
            <annotationSet cDate="06/14/2006 03:18:02 PDT Wed" status="MANUAL" ID="6535454">
                <layer rank="1" name="Target">
                    <label cBy="MiL" end="95" start="92" name="Target"/>
                </layer>
                <layer rank="1" name="FE">
                    <label cBy="MiL" feID="3502" end="77" start="75" name="Responsible_party"/>
                    <label cBy="MiL" feID="3503" end="137" start="100" name="Duty"/>
                </layer>
                <layer rank="1" name="GF">
                    <label end="77" start="75" name="Gen"/>
                    <label end="137" start="100" name="Dep"/>
                </layer>
                <layer rank="1" name="PT">
                    <label end="77" start="75" name="Poss"/>
                    <label end="137" start="100" name="VPto"/>
                </layer>
                <layer rank="1" name="Other">
                    <label end="70" start="69" name="Null"/>
                </layer>
                <layer rank="1" name="Sent"/>
                <layer rank="1" name="Noun"/>
            </annotationSet>
        </sentence>
        <sentence corpID="195" docID="23691" sentNo="3" paragNo="12" aPos="0" ID="4101060">
            <text>True to wild-West stereotypes , Stewart was slain by a neighboring farmer , leaving his strong-willed wife , Helen , to assume the duties of the ranch .</text>
            <annotationSet cDate="03/12/2007 02:46:45 PDT Mon" status="UNANN" ID="6541853">
                <layer rank="1" name="PENN">
                    <label end="3" start="0" name="jj"/>
                    <label end="6" start="5" name="to"/>
                    <label end="16" start="8" name="jj"/>
                    <label end="28" start="18" name="nns"/>
                    <label end="30" start="30" name=","/>
                    <label end="38" start="32" name="NP"/>
                    <label end="42" start="40" name="VBD"/>
                    <label end="48" start="44" name="VVN"/>
                    <label end="51" start="50" name="in"/>
                    <label end="53" start="53" name="dt"/>
                    <label end="65" start="55" name="jj"/>
                    <label end="72" start="67" name="nn"/>
                    <label end="74" start="74" name=","/>
                    <label end="82" start="76" name="VVG"/>
                    <label end="86" start="84" name="PP$"/>
                    <label end="100" start="88" name="jj"/>
                    <label end="105" start="102" name="nn"/>
                    <label end="107" start="107" name=","/>
                    <label end="113" start="109" name="NP"/>
                    <label end="115" start="115" name=","/>
                    <label end="118" start="117" name="to"/>
                    <label end="125" start="120" name="VV"/>
                    <label end="129" start="127" name="dt"/>
                    <label end="136" start="131" name="nns"/>
                    <label end="139" start="138" name="in"/>
                    <label end="143" start="141" name="dt"/>
                    <label end="149" start="145" name="nn"/>
                    <label end="151" start="151" name="sent"/>
                </layer>
                <layer rank="1" name="NER">
                    <label end="38" start="32" name="person"/>
                    <label end="113" start="109" name="person"/>
                </layer>
                <layer rank="1" name="WSL">
                    <label end="6" start="5" name="NT"/>
                    <label end="30" start="30" name="NT"/>
                    <label end="38" start="32" name="NT"/>
                    <label end="42" start="40" name="NT"/>
                    <label end="51" start="50" name="NT"/>
                    <label end="53" start="53" name="NT"/>
                    <label end="74" start="74" name="NT"/>
                    <label end="86" start="84" name="NT"/>
                    <label end="107" start="107" name="NT"/>
                    <label end="113" start="109" name="NT"/>
                    <label end="115" start="115" name="NT"/>
                    <label end="118" start="117" name="NT"/>
                    <label end="129" start="127" name="NT"/>
                    <label end="139" start="138" name="NT"/>
                    <label end="143" start="141" name="NT"/>
                    <label end="151" start="151" name="NT"/>
                    <label end="16" start="8" name="Nonrelational"/>
                    <label end="149" start="145" name="Nonrelational"/>
                </layer>
            </annotationSet>
            <annotationSet cDate="04/03/2007 06:09:02 PDT Tue" status="MANUAL" ID="6544044">
                <layer rank="1" name="Target">
                    <label cBy="KmG" end="136" start="131" name="Target"/>
                </layer>
                <layer rank="1" name="FE">
                    <label cBy="KmG" feID="3503" end="136" start="131" name="Duty"/>
                    <label cBy="KmG" feID="8135" end="149" start="138" name="Place"/>
                </layer>
                <layer rank="1" name="GF">
                    <label end="149" start="138" name="Dep"/>
                </layer>
                <layer rank="1" name="PT">
                    <label end="149" start="138" name="PP"/>
                </layer>
                <layer rank="1" name="Other"/>
                <layer rank="1" name="Sent"/>
                <layer rank="1" name="Noun"/>
            </annotationSet>
        </sentence>
        <sentence corpID="205" docID="23736" sentNo="1" paragNo="35" aPos="0" ID="4102868">
            <text>They also engage with persons approaching the locality and support the guards in their duties .</text>
            <annotationSet cDate="08/21/2007 01:38:03 PDT Tue" status="UNANN" ID="6546683">
                <layer rank="1" name="PENN">
                    <label end="3" start="0" name="PP"/>
                    <label end="8" start="5" name="rb"/>
                    <label end="15" start="10" name="VVP"/>
                    <label end="20" start="17" name="in"/>
                    <label end="28" start="22" name="nns"/>
                    <label end="40" start="30" name="VVG"/>
                    <label end="44" start="42" name="dt"/>
                    <label end="53" start="46" name="nn"/>
                    <label end="57" start="55" name="cc"/>
                    <label end="65" start="59" name="VV"/>
                    <label end="69" start="67" name="dt"/>
                    <label end="76" start="71" name="nns"/>
                    <label end="79" start="78" name="in"/>
                    <label end="85" start="81" name="PP$"/>
                    <label end="92" start="87" name="nns"/>
                    <label end="94" start="94" name="sent"/>
                </layer>
                <layer rank="1" name="NER"/>
                <layer rank="1" name="WSL">
                    <label end="3" start="0" name="NT"/>
                    <label end="8" start="5" name="NT"/>
                    <label end="20" start="17" name="NT"/>
                    <label end="44" start="42" name="NT"/>
                    <label end="57" start="55" name="NT"/>
                    <label end="69" start="67" name="NT"/>
                    <label end="79" start="78" name="NT"/>
                    <label end="85" start="81" name="NT"/>
                    <label end="94" start="94" name="NT"/>
                </layer>
            </annotationSet>
            <annotationSet cDate="11/05/2007 04:40:40 PST Mon" status="MANUAL" ID="6550138">
                <layer rank="1" name="Target">
                    <label cBy="JKs" end="92" start="87" name="Target"/>
                </layer>
                <layer rank="1" name="FE">
                    <label cBy="JKs" feID="3503" end="92" start="87" name="Duty"/>
                    <label cBy="JKs" feID="3502" end="85" start="81" name="Responsible_party"/>
                </layer>
                <layer rank="1" name="GF">
                    <label end="85" start="81" name="Gen"/>
                </layer>
                <layer rank="1" name="PT">
                    <label end="85" start="81" name="Poss"/>
                </layer>
                <layer rank="1" name="Other"/>
                <layer rank="1" name="Sent"/>
                <layer rank="1" name="Noun"/>
            </annotationSet>
        </sentence>
        <sentence corpID="205" docID="23736" sentNo="2" paragNo="39" aPos="0" ID="4102875">
            <text>Also , the duty of area patrols is to discover new paths and shelters in the area in order to hide fighters after a Jihad operation against the enemy .</text>
            <annotationSet cDate="08/21/2007 01:38:06 PDT Tue" status="UNANN" ID="6546690">
                <layer rank="1" name="PENN">
                    <label end="3" start="0" name="rb"/>
                    <label end="5" start="5" name=","/>
                    <label end="9" start="7" name="dt"/>
                    <label end="14" start="11" name="nn"/>
                    <label end="17" start="16" name="in"/>
                    <label end="22" start="19" name="nn"/>
                    <label end="30" start="24" name="nns"/>
                    <label end="33" start="32" name="VBZ"/>
                    <label end="36" start="35" name="to"/>
                    <label end="45" start="38" name="VV"/>
                    <label end="49" start="47" name="jj"/>
                    <label end="55" start="51" name="nns"/>
                    <label end="59" start="57" name="cc"/>
                    <label end="68" start="61" name="nns"/>
                    <label end="71" start="70" name="in"/>
                    <label end="75" start="73" name="dt"/>
                    <label end="80" start="77" name="nn"/>
                    <label end="83" start="82" name="in"/>
                    <label end="89" start="85" name="nn"/>
                    <label end="92" start="91" name="to"/>
                    <label end="97" start="94" name="VV"/>
                    <label end="106" start="99" name="nns"/>
                    <label end="112" start="108" name="in"/>
                    <label end="114" start="114" name="dt"/>
                    <label end="120" start="116" name="NP"/>
                    <label end="130" start="122" name="nn"/>
                    <label end="138" start="132" name="in"/>
                    <label end="142" start="140" name="dt"/>
                    <label end="148" start="144" name="nn"/>
                    <label end="150" start="150" name="sent"/>
                </layer>
                <layer rank="1" name="NER"/>
                <layer rank="1" name="WSL">
                    <label end="3" start="0" name="NT"/>
                    <label end="5" start="5" name="NT"/>
                    <label end="9" start="7" name="NT"/>
                    <label end="17" start="16" name="NT"/>
                    <label end="33" start="32" name="NT"/>
                    <label end="36" start="35" name="NT"/>
                    <label end="59" start="57" name="NT"/>
                    <label end="75" start="73" name="NT"/>
                    <label end="92" start="91" name="NT"/>
                    <label end="114" start="114" name="NT"/>
                    <label end="120" start="116" name="NT"/>
                    <label end="142" start="140" name="NT"/>
                    <label end="150" start="150" name="NT"/>
                </layer>
            </annotationSet>
            <annotationSet cDate="11/05/2007 05:28:46 PST Mon" status="MANUAL" ID="6550184">
                <layer rank="1" name="Target">
                    <label cBy="JKs" end="14" start="11" name="Target"/>
                </layer>
                <layer rank="1" name="FE">
                    <label cBy="JKs" feID="3502" end="30" start="16" name="Responsible_party"/>
                    <label cBy="JKs" feID="3503" end="80" start="35" name="Duty"/>
                </layer>
                <layer rank="1" name="GF">
                    <label end="30" start="16" name="Dep"/>
                    <label end="80" start="35" name="Dep"/>
                </layer>
                <layer rank="1" name="PT">
                    <label end="30" start="16" name="PP"/>
                    <label end="80" start="35" name="VPto"/>
                </layer>
                <layer rank="1" name="Other"/>
                <layer rank="1" name="Sent"/>
                <layer rank="1" name="Noun">
                    <label end="33" start="32" name="Cop"/>
                </layer>
            </annotationSet>
        </sentence>
        <sentence corpID="205" docID="23740" sentNo="2" paragNo="6" aPos="0" ID="4103217">
            <text>Carrying out Jihad is the main reason the members of AL-QAEDA have gathered , together with performing the different duties of Islam as much as possible , shouldering together the duty of Jihad and preparing the efficient duties during conflicts .</text>
            <annotationSet cDate="08/24/2007 01:46:47 PDT Fri" status="UNANN" ID="6547040">
                <layer rank="1" name="PENN">
                    <label end="7" start="0" name="VVG"/>
                    <label end="11" start="9" name="in"/>
                    <label end="17" start="13" name="NP"/>
                    <label end="20" start="19" name="VBZ"/>
                    <label end="24" start="22" name="dt"/>
                    <label end="29" start="26" name="jj"/>
                    <label end="36" start="31" name="nn"/>
                    <label end="40" start="38" name="dt"/>
                    <label end="48" start="42" name="nns"/>
                    <label end="51" start="50" name="in"/>
                    <label end="60" start="53" name="NP"/>
                    <label end="65" start="62" name="VHP"/>
                    <label end="74" start="67" name="VVN"/>
                    <label end="76" start="76" name=","/>
                    <label end="85" start="78" name="rb"/>
                    <label end="90" start="87" name="in"/>
                    <label end="101" start="92" name="VVG"/>
                    <label end="105" start="103" name="dt"/>
                    <label end="115" start="107" name="jj"/>
                    <label end="122" start="117" name="nns"/>
                    <label end="125" start="124" name="in"/>
                    <label end="131" start="127" name="NP"/>
                    <label end="134" start="133" name="in"/>
                    <label end="139" start="136" name="rb"/>
                    <label end="142" start="141" name="rb"/>
                    <label end="151" start="144" name="jj"/>
                    <label end="153" start="153" name=","/>
                    <label end="165" start="155" name="VVG"/>
                    <label end="174" start="167" name="rb"/>
                    <label end="178" start="176" name="dt"/>
                    <label end="183" start="180" name="nn"/>
                    <label end="186" start="185" name="in"/>
                    <label end="192" start="188" name="NP"/>
                    <label end="196" start="194" name="cc"/>
                    <label end="206" start="198" name="VVG"/>
                    <label end="210" start="208" name="dt"/>
                    <label end="220" start="212" name="jj"/>
                    <label end="227" start="222" name="nns"/>
                    <label end="234" start="229" name="in"/>
                    <label end="244" start="236" name="nns"/>
                    <label end="246" start="246" name="sent"/>
                </layer>
                <layer rank="1" name="NER">
                    <label end="60" start="53" name="organization"/>
                </layer>
                <layer rank="1" name="WSL">
                    <label end="17" start="13" name="NT"/>
                    <label end="20" start="19" name="NT"/>
                    <label end="24" start="22" name="NT"/>
                    <label end="40" start="38" name="NT"/>
                    <label end="51" start="50" name="NT"/>
                    <label end="60" start="53" name="NT"/>
                    <label end="65" start="62" name="NT"/>
                    <label end="76" start="76" name="NT"/>
                    <label end="85" start="78" name="NT"/>
                    <label end="90" start="87" name="NT"/>
                    <label end="105" start="103" name="NT"/>
                    <label end="125" start="124" name="NT"/>
                    <label end="131" start="127" name="NT"/>
                    <label end="134" start="133" name="NT"/>
                    <label end="139" start="136" name="NT"/>
                    <label end="142" start="141" name="NT"/>
                    <label end="153" start="153" name="NT"/>
                    <label end="174" start="167" name="NT"/>
                    <label end="178" start="176" name="NT"/>
                    <label end="186" start="185" name="NT"/>
                    <label end="192" start="188" name="NT"/>
                    <label end="196" start="194" name="NT"/>
                    <label end="210" start="208" name="NT"/>
                    <label end="246" start="246" name="NT"/>
                </layer>
            </annotationSet>
            <annotationSet cDate="11/07/2007 04:23:10 PST Wed" status="MANUAL" ID="6550436">
                <layer rank="1" name="Target">
                    <label cBy="JKs" end="122" start="117" name="Target"/>
                </layer>
                <layer rank="1" name="FE">
                    <label cBy="JKs" feID="3503" end="122" start="117" name="Duty"/>
                    <label cBy="JKs" feID="3502" itype="DNI" name="Responsible_party"/>
                </layer>
                <layer rank="1" name="GF"/>
                <layer rank="1" name="PT"/>
                <layer rank="1" name="Other"/>
                <layer rank="1" name="Sent"/>
                <layer rank="1" name="Noun"/>
            </annotationSet>
            <annotationSet cDate="11/07/2007 04:23:33 PST Wed" status="MANUAL" ID="6550438">
                <layer rank="1" name="Target">
                    <label cBy="JKs" end="183" start="180" name="Target"/>
                </layer>
                <layer rank="1" name="FE">
                    <label cBy="JKs" feID="3503" end="183" start="180" name="Duty"/>
                    <label cBy="JKs" feID="3502" itype="DNI" name="Responsible_party"/>
                </layer>
                <layer rank="1" name="GF"/>
                <layer rank="1" name="PT"/>
                <layer rank="1" name="Other"/>
                <layer rank="1" name="Sent"/>
                <layer rank="1" name="Noun"/>
            </annotationSet>
            <annotationSet cDate="11/07/2007 04:23:49 PST Wed" status="MANUAL" ID="6550440">
                <layer rank="1" name="Target">
                    <label cBy="JKs" end="227" start="222" name="Target"/>
                </layer>
                <layer rank="1" name="FE">
                    <label cBy="JKs" feID="3503" end="227" start="222" name="Duty"/>
                    <label cBy="JKs" feID="3502" itype="DNI" name="Responsible_party"/>
                </layer>
                <layer rank="1" name="GF"/>
                <layer rank="1" name="PT"/>
                <layer rank="1" name="Other"/>
                <layer rank="1" name="Sent"/>
                <layer rank="1" name="Noun"/>
            </annotationSet>
        </sentence>
        <sentence corpID="205" docID="23740" sentNo="1" paragNo="28" aPos="0" ID="4103275">
            <text>Matters subject to pledge are either legitimate or permissible duties , legitimate duties like Jihad and obedience to leaders is first in importance .</text>
            <annotationSet cDate="08/24/2007 01:47:03 PDT Fri" status="UNANN" ID="6547098">
                <layer rank="1" name="PENN">
                    <label end="6" start="0" name="nns"/>
                    <label end="14" start="8" name="jj"/>
                    <label end="17" start="16" name="to"/>
                    <label end="24" start="19" name="nn"/>
                    <label end="28" start="26" name="vbp"/>
                    <label end="35" start="30" name="rb"/>
                    <label end="46" start="37" name="jj"/>
                    <label end="49" start="48" name="cc"/>
                    <label end="61" start="51" name="jj"/>
                    <label end="68" start="63" name="nns"/>
                    <label end="70" start="70" name=","/>
                    <label end="81" start="72" name="jj"/>
                    <label end="88" start="83" name="nns"/>
                    <label end="93" start="90" name="in"/>
                    <label end="99" start="95" name="NP"/>
                    <label end="103" start="101" name="cc"/>
                    <label end="113" start="105" name="nn"/>
                    <label end="116" start="115" name="to"/>
                    <label end="124" start="118" name="nns"/>
                    <label end="127" start="126" name="VBZ"/>
                    <label end="133" start="129" name="jj"/>
                    <label end="136" start="135" name="in"/>
                    <label end="147" start="138" name="nn"/>
                    <label end="149" start="149" name="sent"/>
                </layer>
                <layer rank="1" name="NER"/>
                <layer rank="1" name="WSL">
                    <label end="17" start="16" name="NT"/>
                    <label end="28" start="26" name="NT"/>
                    <label end="35" start="30" name="NT"/>
                    <label end="49" start="48" name="NT"/>
                    <label end="70" start="70" name="NT"/>
                    <label end="99" start="95" name="NT"/>
                    <label end="103" start="101" name="NT"/>
                    <label end="116" start="115" name="NT"/>
                    <label end="127" start="126" name="NT"/>
                    <label end="136" start="135" name="NT"/>
                    <label end="149" start="149" name="NT"/>
                </layer>
            </annotationSet>
            <annotationSet cDate="11/09/2007 02:07:37 PST Fri" status="MANUAL" ID="6550695">
                <layer rank="1" name="Target">
                    <label cBy="JKs" end="68" start="63" name="Target"/>
                </layer>
                <layer rank="1" name="FE">
                    <label cBy="JKs" feID="3503" end="68" start="63" name="Duty"/>
                    <label cBy="JKs" feID="3502" itype="DNI" name="Responsible_party"/>
                </layer>
                <layer rank="1" name="GF"/>
                <layer rank="1" name="PT"/>
                <layer rank="1" name="Other"/>
                <layer rank="1" name="Sent"/>
                <layer rank="1" name="Noun"/>
            </annotationSet>
            <annotationSet cDate="11/09/2007 02:07:45 PST Fri" status="MANUAL" ID="6550697">
                <layer rank="1" name="Target">
                    <label cBy="JKs" end="88" start="83" name="Target"/>
                </layer>
                <layer rank="1" name="FE">
                    <label cBy="JKs" feID="3503" end="88" start="83" name="Duty"/>
                    <label cBy="JKs" feID="3502" itype="DNI" name="Responsible_party"/>
                </layer>
                <layer rank="1" name="GF"/>
                <layer rank="1" name="PT"/>
                <layer rank="1" name="Other"/>
                <layer rank="1" name="Sent"/>
                <layer rank="1" name="Noun"/>
            </annotationSet>
        </sentence>
        <sentence corpID="205" docID="23740" sentNo="2" paragNo="28" aPos="0" ID="4103276">
            <text>A legitimate duty for a Muslim and a pledge conforms what is a duty by law , and it is a duty even if it is not subject to a pledge .</text>
            <annotationSet cDate="08/24/2007 01:47:03 PDT Fri" status="UNANN" ID="6547099">
                <layer rank="1" name="PENN">
                    <label end="0" start="0" name="dt"/>
                    <label end="11" start="2" name="jj"/>
                    <label end="16" start="13" name="nn"/>
                    <label end="20" start="18" name="in"/>
                    <label end="22" start="22" name="dt"/>
                    <label end="29" start="24" name="NP"/>
                    <label end="33" start="31" name="cc"/>
                    <label end="35" start="35" name="dt"/>
                    <label end="42" start="37" name="nn"/>
                    <label end="51" start="44" name="VVZ"/>
                    <label end="56" start="53" name="wp"/>
                    <label end="59" start="58" name="VBZ"/>
                    <label end="61" start="61" name="dt"/>
                    <label end="66" start="63" name="nn"/>
                    <label end="69" start="68" name="in"/>
                    <label end="73" start="71" name="nn"/>
                    <label end="75" start="75" name=","/>
                    <label end="79" start="77" name="cc"/>
                    <label end="82" start="81" name="PP"/>
                    <label end="85" start="84" name="VBZ"/>
                    <label end="87" start="87" name="dt"/>
                    <label end="92" start="89" name="nn"/>
                    <label end="97" start="94" name="rb"/>
                    <label end="100" start="99" name="in"/>
                    <label end="103" start="102" name="PP"/>
                    <label end="106" start="105" name="VBZ"/>
                    <label end="110" start="108" name="rb"/>
                    <label end="118" start="112" name="jj"/>
                    <label end="121" start="120" name="to"/>
                    <label end="123" start="123" name="dt"/>
                    <label end="130" start="125" name="nn"/>
                    <label end="132" start="132" name="sent"/>
                </layer>
                <layer rank="1" name="NER"/>
                <layer rank="1" name="WSL">
                    <label end="0" start="0" name="NT"/>
                    <label end="20" start="18" name="NT"/>
                    <label end="22" start="22" name="NT"/>
                    <label end="33" start="31" name="NT"/>
                    <label end="35" start="35" name="NT"/>
                    <label end="56" start="53" name="NT"/>
                    <label end="59" start="58" name="NT"/>
                    <label end="61" start="61" name="NT"/>
                    <label end="75" start="75" name="NT"/>
                    <label end="79" start="77" name="NT"/>
                    <label end="82" start="81" name="NT"/>
                    <label end="85" start="84" name="NT"/>
                    <label end="87" start="87" name="NT"/>
                    <label end="97" start="94" name="NT"/>
                    <label end="100" start="99" name="NT"/>
                    <label end="103" start="102" name="NT"/>
                    <label end="106" start="105" name="NT"/>
                    <label end="110" start="108" name="NT"/>
                    <label end="121" start="120" name="NT"/>
                    <label end="123" start="123" name="NT"/>
                    <label end="132" start="132" name="NT"/>
                </layer>
            </annotationSet>
            <annotationSet cDate="11/09/2007 02:15:52 PST Fri" status="MANUAL" ID="6550703">
                <layer rank="1" name="Target">
                    <label cBy="JKs" end="16" start="13" name="Target"/>
                </layer>
                <layer rank="1" name="FE">
                    <label cBy="JKs" feID="3503" end="16" start="13" name="Duty"/>
                </layer>
                <layer rank="1" name="GF"/>
                <layer rank="1" name="PT"/>
                <layer rank="1" name="Other"/>
                <layer rank="1" name="Sent"/>
                <layer rank="1" name="Noun"/>
            </annotationSet>
            <annotationSet cDate="11/09/2007 02:16:05 PST Fri" status="MANUAL" ID="6550706">
                <layer rank="1" name="Target">
                    <label cBy="JKs" end="66" start="63" name="Target"/>
                </layer>
                <layer rank="1" name="FE">
                    <label cBy="JKs" feID="3503" end="66" start="63" name="Duty"/>
                </layer>
                <layer rank="1" name="GF"/>
                <layer rank="1" name="PT"/>
                <layer rank="1" name="Other"/>
                <layer rank="1" name="Sent"/>
                <layer rank="1" name="Noun"/>
            </annotationSet>
            <annotationSet cDate="11/09/2007 02:16:17 PST Fri" status="MANUAL" ID="6550709">
                <layer rank="1" name="Target">
                    <label cBy="JKs" end="92" start="89" name="Target"/>
                </layer>
                <layer rank="1" name="FE">
                    <label cBy="JKs" feID="3503" end="92" start="89" name="Duty"/>
                </layer>
                <layer rank="1" name="GF"/>
                <layer rank="1" name="PT"/>
                <layer rank="1" name="Other"/>
                <layer rank="1" name="Sent"/>
                <layer rank="1" name="Noun"/>
            </annotationSet>
        </sentence>
    </subCorpus>
</lexUnit>