<?xml version="1.0" encoding="UTF-8" standalone="yes"?>
<?xml-stylesheet type="text/xsl" href="lexUnit.xsl"?>
<lexUnit status="Finished_Initial" POS="V" name="inject.v" ID="7115" frame="Ingest_substance" frameID="386" totalAnnotated="19" xsi:schemaLocation="../schema/lexUnit.xsd" xmlns="http://framenet.icsi.berkeley.edu" xmlns:xsi="http://www.w3.org/2001/XMLSchema-instance">
    <header>
        <frame>
            <FE fgColor="FFFFFF" bgColor="0000FF" type="Core" abbrev="D_device" name="Delivery_device"/>
            <FE fgColor="FFFFFF" bgColor="00BFFF" type="Peripheral" abbrev="Dur" name="Duration"/>
            <FE fgColor="FFFFFF" bgColor="006400" type="Peripheral" abbrev="E_path" name="Entry_path"/>
            <FE fgColor="FFFFFF" bgColor="2E8B57" type="Extra-Thematic" abbrev="Freq" name="Frequency"/>
            <FE fgColor="FFFFFF" bgColor="FF0000" type="Core" abbrev="Ing" name="Ingestor"/>
            <FE fgColor="FFFFFF" bgColor="FF00FF" type="Peripheral" abbrev="Mnr" name="Manner"/>
            <FE fgColor="FFFFFF" bgColor="FF69B4" type="Peripheral" abbrev="Means" name="Means"/>
            <FE fgColor="FFFFFF" bgColor="008000" type="Peripheral" abbrev="Place" name="Place"/>
            <FE fgColor="FFFFFF" bgColor="800080" type="Peripheral" abbrev="Purp" name="Purpose"/>
            <FE fgColor="2E8B57" bgColor="00008B" type="Core" abbrev="Sub" name="Substance"/>
            <FE fgColor="FFFFFF" bgColor="FFA500" type="Peripheral" abbrev="Time" name="Time"/>
        </frame>
    </header>
    <definition>FN: introduce a liquid, especially a drug, into the body with a syringe</definition>
    <lexeme POS="V" name="inject"/>
    <valences>
        <FERealization total="2">
            <FE name="Duration"/>
            <pattern total="1">
                <valenceUnit GF="Dep" PT="PP[for]" FE="Duration"/>
                <annoSet ID="1576387"/>
            </pattern>
            <pattern total="1">
                <valenceUnit GF="Dep" PT="PP[in]" FE="Duration"/>
                <annoSet ID="1576333"/>
            </pattern>
        </FERealization>
        <FERealization total="3">
            <FE name="Entry_path"/>
            <pattern total="1">
                <valenceUnit GF="Dep" PT="AVP" FE="Entry_path"/>
                <annoSet ID="1576525"/>
            </pattern>
            <pattern total="2">
                <valenceUnit GF="Dep" PT="PP[into]" FE="Entry_path"/>
                <annoSet ID="1576309"/>
                <annoSet ID="1576313"/>
            </pattern>
        </FERealization>
        <FERealization total="1">
            <FE name="Frequency"/>
            <pattern total="1">
                <valenceUnit GF="Dep" PT="NP" FE="Frequency"/>
                <annoSet ID="1576315"/>
            </pattern>
        </FERealization>
        <FERealization total="19">
            <FE name="Ingestor"/>
            <pattern total="14">
                <valenceUnit GF="Ext" PT="NP" FE="Ingestor"/>
                <annoSet ID="1576305"/>
                <annoSet ID="1576315"/>
                <annoSet ID="1576317"/>
                <annoSet ID="1576319"/>
                <annoSet ID="1576329"/>
                <annoSet ID="1576333"/>
                <annoSet ID="1576339"/>
                <annoSet ID="1576369"/>
                <annoSet ID="1576373"/>
                <annoSet ID="1576387"/>
                <annoSet ID="1576477"/>
                <annoSet ID="1576493"/>
                <annoSet ID="1576501"/>
                <annoSet ID="1576709"/>
            </pattern>
            <pattern total="5">
                <valenceUnit GF="" PT="CNI" FE="Ingestor"/>
                <annoSet ID="1576309"/>
                <annoSet ID="1576313"/>
                <annoSet ID="1576325"/>
                <annoSet ID="1576525"/>
                <annoSet ID="1576607"/>
            </pattern>
        </FERealization>
        <FERealization total="1">
            <FE name="Purpose"/>
            <pattern total="1">
                <valenceUnit GF="Dep" PT="VPto" FE="Purpose"/>
                <annoSet ID="1576325"/>
            </pattern>
        </FERealization>
        <FERealization total="19">
            <FE name="Substance"/>
            <pattern total="2">
                <valenceUnit GF="Dep" PT="PP[with]" FE="Substance"/>
                <annoSet ID="1576387"/>
                <annoSet ID="1576607"/>
            </pattern>
            <pattern total="12">
                <valenceUnit GF="Obj" PT="NP" FE="Substance"/>
                <annoSet ID="1576305"/>
                <annoSet ID="1576317"/>
                <annoSet ID="1576319"/>
                <annoSet ID="1576325"/>
                <annoSet ID="1576329"/>
                <annoSet ID="1576333"/>
                <annoSet ID="1576339"/>
                <annoSet ID="1576369"/>
                <annoSet ID="1576373"/>
                <annoSet ID="1576477"/>
                <annoSet ID="1576493"/>
                <annoSet ID="1576501"/>
            </pattern>
            <pattern total="3">
                <valenceUnit GF="Ext" PT="NP" FE="Substance"/>
                <annoSet ID="1576309"/>
                <annoSet ID="1576313"/>
                <annoSet ID="1576525"/>
            </pattern>
            <pattern total="2">
                <valenceUnit GF="" PT="DNI" FE="Substance"/>
                <annoSet ID="1576315"/>
                <annoSet ID="1576709"/>
            </pattern>
        </FERealization>
        <FERealization total="3">
            <FE name="Time"/>
            <pattern total="2">
                <valenceUnit GF="Dep" PT="AVP" FE="Time"/>
                <annoSet ID="1576525"/>
                <annoSet ID="1576709"/>
            </pattern>
            <pattern total="1">
                <valenceUnit GF="Dep" PT="PP[during]" FE="Time"/>
                <annoSet ID="1576319"/>
            </pattern>
        </FERealization>
        <FEGroupRealization total="2">
            <FE name="Duration"/>
            <FE name="Ingestor"/>
            <FE name="Substance"/>
            <pattern total="1">
                <valenceUnit GF="Dep" PT="PP[for]" FE="Duration"/>
                <valenceUnit GF="Ext" PT="NP" FE="Ingestor"/>
                <valenceUnit GF="Dep" PT="PP[with]" FE="Substance"/>
                <annoSet ID="1576387"/>
            </pattern>
            <pattern total="1">
                <valenceUnit GF="Dep" PT="PP[in]" FE="Duration"/>
                <valenceUnit GF="Ext" PT="NP" FE="Ingestor"/>
                <valenceUnit GF="Obj" PT="NP" FE="Substance"/>
                <annoSet ID="1576333"/>
            </pattern>
        </FEGroupRealization>
        <FEGroupRealization total="2">
            <FE name="Entry_path"/>
            <FE name="Ingestor"/>
            <FE name="Substance"/>
            <pattern total="2">
                <valenceUnit GF="Dep" PT="PP[into]" FE="Entry_path"/>
                <valenceUnit GF="" PT="CNI" FE="Ingestor"/>
                <valenceUnit GF="Ext" PT="NP" FE="Substance"/>
                <annoSet ID="1576309"/>
                <annoSet ID="1576313"/>
            </pattern>
        </FEGroupRealization>
        <FEGroupRealization total="1">
            <FE name="Entry_path"/>
            <FE name="Ingestor"/>
            <FE name="Substance"/>
            <FE name="Time"/>
            <pattern total="1">
                <valenceUnit GF="Dep" PT="AVP" FE="Entry_path"/>
                <valenceUnit GF="" PT="CNI" FE="Ingestor"/>
                <valenceUnit GF="Ext" PT="NP" FE="Substance"/>
                <valenceUnit GF="Dep" PT="AVP" FE="Time"/>
                <annoSet ID="1576525"/>
            </pattern>
        </FEGroupRealization>
        <FEGroupRealization total="1">
            <FE name="Frequency"/>
            <FE name="Ingestor"/>
            <FE name="Substance"/>
            <pattern total="1">
                <valenceUnit GF="Dep" PT="NP" FE="Frequency"/>
                <valenceUnit GF="Ext" PT="NP" FE="Ingestor"/>
                <valenceUnit GF="" PT="DNI" FE="Substance"/>
                <annoSet ID="1576315"/>
            </pattern>
        </FEGroupRealization>
        <FEGroupRealization total="2">
            <FE name="Ingestor"/>
            <FE name="Ingestor"/>
            <FE name="Substance"/>
            <pattern total="2">
                <valenceUnit GF="Ext" PT="NP" FE="Ingestor"/>
                <valenceUnit GF="Ext" PT="NP" FE="Ingestor"/>
                <valenceUnit GF="Obj" PT="NP" FE="Substance"/>
                <annoSet ID="1576305"/>
                <annoSet ID="1576339"/>
            </pattern>
        </FEGroupRealization>
        <FEGroupRealization total="1">
            <FE name="Ingestor"/>
            <FE name="Purpose"/>
            <FE name="Substance"/>
            <pattern total="1">
                <valenceUnit GF="" PT="CNI" FE="Ingestor"/>
                <valenceUnit GF="Dep" PT="VPto" FE="Purpose"/>
                <valenceUnit GF="Obj" PT="NP" FE="Substance"/>
                <annoSet ID="1576325"/>
            </pattern>
        </FEGroupRealization>
        <FEGroupRealization total="8">
            <FE name="Ingestor"/>
            <FE name="Substance"/>
            <pattern total="1">
                <valenceUnit GF="" PT="CNI" FE="Ingestor"/>
                <valenceUnit GF="Dep" PT="PP[with]" FE="Substance"/>
                <annoSet ID="1576607"/>
            </pattern>
            <pattern total="7">
                <valenceUnit GF="Ext" PT="NP" FE="Ingestor"/>
                <valenceUnit GF="Obj" PT="NP" FE="Substance"/>
                <annoSet ID="1576317"/>
                <annoSet ID="1576329"/>
                <annoSet ID="1576369"/>
                <annoSet ID="1576373"/>
                <annoSet ID="1576477"/>
                <annoSet ID="1576493"/>
                <annoSet ID="1576501"/>
            </pattern>
        </FEGroupRealization>
        <FEGroupRealization total="2">
            <FE name="Ingestor"/>
            <FE name="Substance"/>
            <FE name="Time"/>
            <pattern total="1">
                <valenceUnit GF="Ext" PT="NP" FE="Ingestor"/>
                <valenceUnit GF="" PT="DNI" FE="Substance"/>
                <valenceUnit GF="Dep" PT="AVP" FE="Time"/>
                <annoSet ID="1576709"/>
            </pattern>
            <pattern total="1">
                <valenceUnit GF="Ext" PT="NP" FE="Ingestor"/>
                <valenceUnit GF="Obj" PT="NP" FE="Substance"/>
                <valenceUnit GF="Dep" PT="PP[during]" FE="Time"/>
                <annoSet ID="1576319"/>
            </pattern>
        </FEGroupRealization>
    </valences>
    <subCorpus name="V-429-s20-lcoll-drug">
        <sentence sentNo="0" aPos="35917891" ID="1062450">
            <text>Drug users who continue to inject drugs can protect themselves by never sharing equipment ( e.g. needles , syringes or spoons ) . </text>
            <annotationSet cDate="01/08/2003 12:53:35 PST Wed" status="UNANN" ID="1576304">
                <layer rank="1" name="BNC">
                    <label end="3" start="0" name="NN1-VVB"/>
                    <label end="9" start="5" name="NN2"/>
                    <label end="13" start="11" name="PNQ"/>
                    <label end="22" start="15" name="VVB"/>
                    <label end="25" start="24" name="TO0"/>
                    <label end="32" start="27" name="VVI"/>
                    <label end="38" start="34" name="NN2"/>
                    <label end="42" start="40" name="VM0"/>
                    <label end="50" start="44" name="VVI"/>
                    <label end="61" start="52" name="PNX"/>
                    <label end="64" start="63" name="PRP"/>
                    <label end="70" start="66" name="AV0"/>
                    <label end="78" start="72" name="AJ0-VVG"/>
                    <label end="88" start="80" name="NN1"/>
                    <label end="90" start="90" name="PUL"/>
                    <label end="95" start="92" name="AV0"/>
                    <label end="103" start="97" name="VVZ"/>
                    <label end="105" start="105" name="PUN"/>
                    <label end="114" start="107" name="NN2-VVZ"/>
                    <label end="117" start="116" name="CJC"/>
                    <label end="124" start="119" name="NN2"/>
                    <label end="126" start="126" name="PUR"/>
                    <label end="128" start="128" name="PUN"/>
                </layer>
                <layer rank="1" name="NER"/>
                <layer rank="1" name="WSL"/>
            </annotationSet>
            <annotationSet cDate="01/08/2003 12:53:35 PST Wed" status="MANUAL" ID="1576305">
                <layer rank="1" name="FE">
                    <label cBy="Sns" feID="3459" end="9" start="0" name="Ingestor"/>
                    <label cBy="Sns" feID="3460" end="38" start="34" name="Substance"/>
                    <label cBy="Hay" feID="3459" end="13" start="11" name="Ingestor"/>
                </layer>
                <layer rank="1" name="GF">
                    <label end="9" start="0" name="Ext"/>
                    <label end="38" start="34" name="Obj"/>
                    <label end="13" start="11" name="Ext"/>
                </layer>
                <layer rank="1" name="PT">
                    <label end="9" start="0" name="NP"/>
                    <label end="38" start="34" name="NP"/>
                    <label end="13" start="11" name="NP"/>
                </layer>
                <layer rank="1" name="Sent"/>
                <layer rank="1" name="Other">
                    <label end="9" start="0" name="Ant"/>
                    <label end="13" start="11" name="Rel"/>
                </layer>
                <layer rank="1" name="Target">
                    <label cBy="BoC" end="32" start="27" name="Target"/>
                </layer>
                <layer rank="1" name="Verb"/>
            </annotationSet>
        </sentence>
        <sentence sentNo="0" aPos="35921780" ID="1062452">
            <text>New drugs , such as gancyclovir , injected into a vein , can be effective but the problem often recurs . </text>
            <annotationSet cDate="01/08/2003 12:53:35 PST Wed" status="UNANN" ID="1576308">
                <layer rank="1" name="BNC">
                    <label end="2" start="0" name="AJ0"/>
                    <label end="8" start="4" name="NN2"/>
                    <label end="10" start="10" name="PUN"/>
                    <label end="15" start="12" name="PRP"/>
                    <label end="18" start="17" name="PRP"/>
                    <label end="30" start="20" name="NN1"/>
                    <label end="32" start="32" name="PUN"/>
                    <label end="41" start="34" name="VVD-VVN"/>
                    <label end="46" start="43" name="PRP"/>
                    <label end="48" start="48" name="AT0"/>
                    <label end="53" start="50" name="NN1"/>
                    <label end="55" start="55" name="PUN"/>
                    <label end="59" start="57" name="VM0"/>
                    <label end="62" start="61" name="VBI"/>
                    <label end="72" start="64" name="AJ0"/>
                    <label end="76" start="74" name="CJC"/>
                    <label end="80" start="78" name="AT0"/>
                    <label end="88" start="82" name="NN1"/>
                    <label end="94" start="90" name="AV0"/>
                    <label end="101" start="96" name="NN2-VVZ"/>
                    <label end="103" start="103" name="PUN"/>
                </layer>
                <layer rank="1" name="NER"/>
                <layer rank="1" name="WSL"/>
            </annotationSet>
            <annotationSet cDate="01/08/2003 12:53:35 PST Wed" status="MANUAL" ID="1576309">
                <layer rank="1" name="FE">
                    <label cBy="Sns" feID="3460" end="30" start="0" name="Substance"/>
                    <label cBy="Sns" feID="3465" end="53" start="43" name="Entry_path"/>
                    <label cBy="Sns" feID="3459" itype="CNI" name="Ingestor"/>
                </layer>
                <layer rank="1" name="GF">
                    <label end="30" start="0" name="Ext"/>
                    <label end="53" start="43" name="Dep"/>
                </layer>
                <layer rank="1" name="PT">
                    <label end="30" start="0" name="NP"/>
                    <label end="53" start="43" name="PP"/>
                </layer>
                <layer rank="1" name="Sent"/>
                <layer rank="1" name="Other"/>
                <layer rank="1" name="Target">
                    <label cBy="BoC" end="41" start="34" name="Target"/>
                </layer>
                <layer rank="1" name="Verb"/>
            </annotationSet>
        </sentence>
        <sentence sentNo="0" aPos="102079660" ID="1062454">
            <text>A man who suffers excruciating back pain claims his life has been ruined by a drug injected into his spine . </text>
            <annotationSet cDate="01/08/2003 12:53:35 PST Wed" status="UNANN" ID="1576312">
                <layer rank="1" name="BNC">
                    <label end="0" start="0" name="AT0"/>
                    <label end="4" start="2" name="NN1"/>
                    <label end="8" start="6" name="PNQ"/>
                    <label end="16" start="10" name="VVZ"/>
                    <label end="29" start="18" name="AJ0"/>
                    <label end="34" start="31" name="NN1"/>
                    <label end="39" start="36" name="NN1"/>
                    <label end="46" start="41" name="VVZ"/>
                    <label end="50" start="48" name="DPS"/>
                    <label end="55" start="52" name="NN1"/>
                    <label end="59" start="57" name="VHZ"/>
                    <label end="64" start="61" name="VBN"/>
                    <label end="71" start="66" name="VVN"/>
                    <label end="74" start="73" name="PRP"/>
                    <label end="76" start="76" name="AT0"/>
                    <label end="81" start="78" name="NN1"/>
                    <label end="90" start="83" name="VVD-VVN"/>
                    <label end="95" start="92" name="PRP"/>
                    <label end="99" start="97" name="DPS"/>
                    <label end="105" start="101" name="NN1"/>
                    <label end="107" start="107" name="PUN"/>
                </layer>
                <layer rank="1" name="NER"/>
                <layer rank="1" name="WSL"/>
            </annotationSet>
            <annotationSet cDate="01/08/2003 12:53:35 PST Wed" status="MANUAL" ID="1576313">
                <layer rank="1" name="FE">
                    <label cBy="Sns" feID="3460" end="81" start="76" name="Substance"/>
                    <label cBy="Sns" feID="3465" end="105" start="92" name="Entry_path"/>
                    <label cBy="Sns" feID="3459" itype="CNI" name="Ingestor"/>
                </layer>
                <layer rank="1" name="GF">
                    <label end="81" start="76" name="Ext"/>
                    <label end="105" start="92" name="Dep"/>
                </layer>
                <layer rank="1" name="PT">
                    <label end="81" start="76" name="NP"/>
                    <label end="105" start="92" name="PP"/>
                </layer>
                <layer rank="1" name="Sent"/>
                <layer rank="1" name="Other"/>
                <layer rank="1" name="Target">
                    <label cBy="BoC" end="90" start="83" name="Target"/>
                </layer>
                <layer rank="1" name="Verb"/>
            </annotationSet>
        </sentence>
    </subCorpus>
    <subCorpus name="V-429-s20-lcoll-heroin">
        <sentence sentNo="0" aPos="29925566" ID="1062455">
            <text>A heroin addict probably injects two or three times a day , but cocaine is often injected at regular 15-minute intervals until the drugs and the money have run out . </text>
            <annotationSet cDate="01/08/2003 12:53:35 PST Wed" status="UNANN" ID="1576314">
                <layer rank="1" name="BNC">
                    <label end="0" start="0" name="AT0"/>
                    <label end="7" start="2" name="NN1"/>
                    <label end="14" start="9" name="NN1"/>
                    <label end="23" start="16" name="AV0"/>
                    <label end="31" start="25" name="VVZ"/>
                    <label end="35" start="33" name="CRD"/>
                    <label end="38" start="37" name="CJC"/>
                    <label end="44" start="40" name="CRD"/>
                    <label end="50" start="46" name="NN2"/>
                    <label end="52" start="52" name="AT0"/>
                    <label end="56" start="54" name="NN1"/>
                    <label end="58" start="58" name="PUN"/>
                    <label end="62" start="60" name="CJC"/>
                    <label end="70" start="64" name="NN1"/>
                    <label end="73" start="72" name="VBZ"/>
                    <label end="79" start="75" name="AV0"/>
                    <label end="88" start="81" name="VVN"/>
                    <label end="91" start="90" name="PRP"/>
                    <label end="99" start="93" name="AJ0"/>
                    <label end="109" start="101" name="AJ0"/>
                    <label end="119" start="111" name="NN2"/>
                    <label end="125" start="121" name="CJS-PRP"/>
                    <label end="129" start="127" name="AT0"/>
                    <label end="135" start="131" name="NN2"/>
                    <label end="139" start="137" name="CJC"/>
                    <label end="143" start="141" name="AT0"/>
                    <label end="149" start="145" name="NN1"/>
                    <label end="154" start="151" name="VHB"/>
                    <label end="158" start="156" name="VVN"/>
                    <label end="162" start="160" name="AVP"/>
                    <label end="164" start="164" name="PUN"/>
                </layer>
                <layer rank="1" name="NER"/>
                <layer rank="1" name="WSL"/>
            </annotationSet>
            <annotationSet cDate="01/08/2003 12:53:35 PST Wed" status="MANUAL" ID="1576315">
                <layer rank="1" name="FE">
                    <label cBy="Sns" feID="3459" end="14" start="0" name="Ingestor"/>
                    <label cBy="Sns" feID="3461" end="56" start="33" name="Frequency"/>
                    <label cBy="Sns" feID="3460" itype="DNI" name="Substance"/>
                </layer>
                <layer rank="1" name="GF">
                    <label end="14" start="0" name="Ext"/>
                    <label end="56" start="33" name="Dep"/>
                </layer>
                <layer rank="1" name="PT">
                    <label end="14" start="0" name="NP"/>
                    <label end="56" start="33" name="NP"/>
                </layer>
                <layer rank="1" name="Sent"/>
                <layer rank="1" name="Other"/>
                <layer rank="1" name="Target">
                    <label cBy="BoC" end="31" start="25" name="Target"/>
                </layer>
                <layer rank="1" name="Verb"/>
            </annotationSet>
        </sentence>
        <sentence sentNo="0" aPos="46744726" ID="1062456">
            <text>The spread of HIV infection through the medium of shared injection equipment would therefore appear to be less likely among Wirral users compared to other major cities in the UK where heroin users mostly inject their drugs . </text>
            <annotationSet cDate="01/08/2003 12:53:36 PST Wed" status="UNANN" ID="1576316">
                <layer rank="1" name="BNC">
                    <label end="2" start="0" name="AT0"/>
                    <label end="9" start="4" name="NN1"/>
                    <label end="12" start="11" name="PRF"/>
                    <label end="16" start="14" name="NP0"/>
                    <label end="26" start="18" name="NN1"/>
                    <label end="34" start="28" name="PRP"/>
                    <label end="38" start="36" name="AT0"/>
                    <label end="45" start="40" name="NN1"/>
                    <label end="48" start="47" name="PRF"/>
                    <label end="55" start="50" name="AJ0"/>
                    <label end="65" start="57" name="NN1"/>
                    <label end="75" start="67" name="NN1"/>
                    <label end="81" start="77" name="VM0"/>
                    <label end="91" start="83" name="AV0"/>
                    <label end="98" start="93" name="VVI"/>
                    <label end="101" start="100" name="TO0"/>
                    <label end="104" start="103" name="VBI"/>
                    <label end="109" start="106" name="AV0"/>
                    <label end="116" start="111" name="AJ0"/>
                    <label end="122" start="118" name="PRP"/>
                    <label end="129" start="124" name="AJ0"/>
                    <label end="135" start="131" name="NN2"/>
                    <label end="144" start="137" name="VVD-VVN"/>
                    <label end="147" start="146" name="PRP"/>
                    <label end="153" start="149" name="AJ0"/>
                    <label end="159" start="155" name="AJ0"/>
                    <label end="166" start="161" name="NN2"/>
                    <label end="169" start="168" name="PRP"/>
                    <label end="173" start="171" name="AT0"/>
                    <label end="176" start="175" name="NP0"/>
                    <label end="182" start="178" name="AVQ-CJS"/>
                    <label end="189" start="184" name="NN1"/>
                    <label end="195" start="191" name="NN2"/>
                    <label end="202" start="197" name="AV0"/>
                    <label end="209" start="204" name="VVB"/>
                    <label end="215" start="211" name="DPS"/>
                    <label end="221" start="217" name="NN2"/>
                    <label end="223" start="223" name="PUN"/>
                </layer>
                <layer rank="1" name="NER"/>
                <layer rank="1" name="WSL"/>
            </annotationSet>
            <annotationSet cDate="01/08/2003 12:53:36 PST Wed" status="MANUAL" ID="1576317">
                <layer rank="1" name="FE">
                    <label cBy="Sns" feID="3459" end="195" start="184" name="Ingestor"/>
                    <label cBy="Sns" feID="3460" end="221" start="211" name="Substance"/>
                </layer>
                <layer rank="1" name="GF">
                    <label end="195" start="184" name="Ext"/>
                    <label end="221" start="211" name="Obj"/>
                </layer>
                <layer rank="1" name="PT">
                    <label end="195" start="184" name="NP"/>
                    <label end="221" start="211" name="NP"/>
                </layer>
                <layer rank="1" name="Sent"/>
                <layer rank="1" name="Other"/>
                <layer rank="1" name="Target">
                    <label cBy="BoC" end="209" start="204" name="Target"/>
                </layer>
                <layer rank="1" name="Verb"/>
            </annotationSet>
        </sentence>
        <sentence sentNo="0" aPos="46750014" ID="1062457">
            <text>Finally , up to one in five known heroin users had been injecting the drug during 1985-6 , a worrying increase on the previous year . </text>
            <annotationSet cDate="01/08/2003 12:53:36 PST Wed" status="UNANN" ID="1576318">
                <layer rank="1" name="BNC">
                    <label end="6" start="0" name="AV0"/>
                    <label end="8" start="8" name="PUN"/>
                    <label end="11" start="10" name="PRP"/>
                    <label end="14" start="13" name="PRP"/>
                    <label end="18" start="16" name="CRD-PNI"/>
                    <label end="21" start="20" name="PRP"/>
                    <label end="26" start="23" name="CRD"/>
                    <label end="32" start="28" name="AJ0"/>
                    <label end="39" start="34" name="NN1"/>
                    <label end="45" start="41" name="NN2"/>
                    <label end="49" start="47" name="VHD"/>
                    <label end="54" start="51" name="VBN"/>
                    <label end="64" start="56" name="VVG"/>
                    <label end="68" start="66" name="AT0"/>
                    <label end="73" start="70" name="NN1"/>
                    <label end="80" start="75" name="PRP"/>
                    <label end="87" start="82" name="CRD"/>
                    <label end="89" start="89" name="PUN"/>
                    <label end="91" start="91" name="AT0"/>
                    <label end="100" start="93" name="AJ0"/>
                    <label end="109" start="102" name="NN1"/>
                    <label end="112" start="111" name="PRP"/>
                    <label end="116" start="114" name="AT0"/>
                    <label end="125" start="118" name="AJ0"/>
                    <label end="130" start="127" name="NN1"/>
                    <label end="132" start="132" name="PUN"/>
                </layer>
                <layer rank="1" name="NER"/>
                <layer rank="1" name="WSL"/>
            </annotationSet>
            <annotationSet cDate="01/08/2003 12:53:36 PST Wed" status="MANUAL" ID="1576319">
                <layer rank="1" name="FE">
                    <label cBy="Sns" feID="3459" end="45" start="10" name="Ingestor"/>
                    <label cBy="Sns" feID="3460" end="73" start="66" name="Substance"/>
                    <label cBy="Sns" feID="3457" end="87" start="75" name="Time"/>
                </layer>
                <layer rank="1" name="GF">
                    <label end="45" start="10" name="Ext"/>
                    <label end="73" start="66" name="Obj"/>
                    <label end="87" start="75" name="Dep"/>
                </layer>
                <layer rank="1" name="PT">
                    <label end="45" start="10" name="NP"/>
                    <label end="73" start="66" name="NP"/>
                    <label end="87" start="75" name="PP"/>
                </layer>
                <layer rank="1" name="Sent"/>
                <layer rank="1" name="Other"/>
                <layer rank="1" name="Target">
                    <label cBy="BoC" end="64" start="56" name="Target"/>
                </layer>
                <layer rank="1" name="Verb"/>
            </annotationSet>
        </sentence>
    </subCorpus>
    <subCorpus name="V-429-s20-lcoll-morphine">
        <sentence sentNo="0" aPos="35356455" ID="1062460">
            <text>I 'll give the girl quarter of a grain of morphia dissolved in water and inject it to calm her down . </text>
            <annotationSet cDate="01/08/2003 12:53:36 PST Wed" status="UNANN" ID="1576324">
                <layer rank="1" name="BNC">
                    <label end="0" start="0" name="PNP"/>
                    <label end="4" start="2" name="VM0"/>
                    <label end="9" start="6" name="VVI"/>
                    <label end="13" start="11" name="AT0"/>
                    <label end="18" start="15" name="NN1"/>
                    <label end="26" start="20" name="NN1"/>
                    <label end="29" start="28" name="PRF"/>
                    <label end="31" start="31" name="AT0"/>
                    <label end="37" start="33" name="NN1"/>
                    <label end="40" start="39" name="PRF"/>
                    <label end="48" start="42" name="NN1"/>
                    <label end="58" start="50" name="VVD-VVN"/>
                    <label end="61" start="60" name="PRP"/>
                    <label end="67" start="63" name="NN1"/>
                    <label end="71" start="69" name="CJC"/>
                    <label end="78" start="73" name="VVB"/>
                    <label end="81" start="80" name="PNP"/>
                    <label end="84" start="83" name="TO0"/>
                    <label end="89" start="86" name="VVI"/>
                    <label end="93" start="91" name="PNP"/>
                    <label end="98" start="95" name="AVP"/>
                    <label end="100" start="100" name="PUN"/>
                </layer>
                <layer rank="1" name="NER"/>
                <layer rank="1" name="WSL"/>
            </annotationSet>
            <annotationSet cDate="01/08/2003 12:53:36 PST Wed" status="MANUAL" ID="1576325">
                <layer rank="1" name="FE">
                    <label cBy="Sns" feID="3460" end="81" start="80" name="Substance"/>
                    <label cBy="Sns" feID="3456" end="98" start="83" name="Purpose"/>
                    <label cBy="Sns" feID="3459" itype="CNI" name="Ingestor"/>
                </layer>
                <layer rank="1" name="GF">
                    <label end="81" start="80" name="Obj"/>
                    <label end="98" start="83" name="Dep"/>
                </layer>
                <layer rank="1" name="PT">
                    <label end="81" start="80" name="NP"/>
                    <label end="98" start="83" name="VPto"/>
                </layer>
                <layer rank="1" name="Sent"/>
                <layer rank="1" name="Other"/>
                <layer rank="1" name="Target">
                    <label cBy="BoC" end="78" start="73" name="Target"/>
                </layer>
                <layer rank="1" name="Verb"/>
            </annotationSet>
        </sentence>
    </subCorpus>
    <subCorpus name="V-429-s20-rcoll-drug">
        <sentence sentNo="0" aPos="4852665" ID="1062462">
            <text>` If you share a needle when you inject drugs , the chances of the needle being infected are 1-in-eight . </text>
            <annotationSet cDate="01/08/2003 12:53:36 PST Wed" status="UNANN" ID="1576328">
                <layer rank="1" name="BNC">
                    <label end="0" start="0" name="PUQ"/>
                    <label end="3" start="2" name="CJS"/>
                    <label end="7" start="5" name="PNP"/>
                    <label end="13" start="9" name="VVB"/>
                    <label end="15" start="15" name="AT0"/>
                    <label end="22" start="17" name="NN1"/>
                    <label end="27" start="24" name="AVQ-CJS"/>
                    <label end="31" start="29" name="PNP"/>
                    <label end="38" start="33" name="VVB"/>
                    <label end="44" start="40" name="NN2"/>
                    <label end="46" start="46" name="PUN"/>
                    <label end="50" start="48" name="AT0"/>
                    <label end="58" start="52" name="NN2"/>
                    <label end="61" start="60" name="PRF"/>
                    <label end="65" start="63" name="AT0"/>
                    <label end="72" start="67" name="NN1"/>
                    <label end="78" start="74" name="VBG"/>
                    <label end="87" start="80" name="VVN"/>
                    <label end="91" start="89" name="VBB"/>
                    <label end="102" start="93" name="CRD"/>
                    <label end="104" start="104" name="PUN"/>
                </layer>
                <layer rank="1" name="NER"/>
                <layer rank="1" name="WSL"/>
            </annotationSet>
            <annotationSet cDate="01/08/2003 12:53:36 PST Wed" status="MANUAL" ID="1576329">
                <layer rank="1" name="FE">
                    <label cBy="Sns" feID="3459" end="31" start="29" name="Ingestor"/>
                    <label cBy="Sns" feID="3460" end="44" start="40" name="Substance"/>
                </layer>
                <layer rank="1" name="GF">
                    <label end="31" start="29" name="Ext"/>
                    <label end="44" start="40" name="Obj"/>
                </layer>
                <layer rank="1" name="PT">
                    <label end="31" start="29" name="NP"/>
                    <label end="44" start="40" name="NP"/>
                </layer>
                <layer rank="1" name="Sent"/>
                <layer rank="1" name="Other"/>
                <layer rank="1" name="Target">
                    <label cBy="BoC" end="38" start="33" name="Target"/>
                </layer>
                <layer rank="1" name="Verb"/>
            </annotationSet>
        </sentence>
        <sentence sentNo="0" aPos="27232869" ID="1062464">
            <text>The survey revealed that 100,000 people had injected drugs in the past five years , with more than half sharing needles . </text>
            <annotationSet cDate="01/08/2003 12:53:37 PST Wed" status="UNANN" ID="1576332">
                <layer rank="1" name="BNC">
                    <label end="2" start="0" name="AT0"/>
                    <label end="9" start="4" name="NN1"/>
                    <label end="18" start="11" name="VVD-VVN"/>
                    <label end="23" start="20" name="CJT-DT0"/>
                    <label end="31" start="25" name="CRD"/>
                    <label end="38" start="33" name="NN0"/>
                    <label end="42" start="40" name="VHD"/>
                    <label end="51" start="44" name="VVN"/>
                    <label end="57" start="53" name="NN2-VVZ"/>
                    <label end="60" start="59" name="PRP"/>
                    <label end="64" start="62" name="AT0"/>
                    <label end="69" start="66" name="AJ0-NN1"/>
                    <label end="74" start="71" name="CRD"/>
                    <label end="80" start="76" name="NN2"/>
                    <label end="82" start="82" name="PUN"/>
                    <label end="87" start="84" name="PRP"/>
                    <label end="92" start="89" name="DT0"/>
                    <label end="97" start="94" name="CJS"/>
                    <label end="102" start="99" name="DT0"/>
                    <label end="110" start="104" name="AJ0-VVG"/>
                    <label end="118" start="112" name="NN2"/>
                    <label end="120" start="120" name="PUN"/>
                </layer>
                <layer rank="1" name="NER"/>
                <layer rank="1" name="WSL"/>
            </annotationSet>
            <annotationSet cDate="01/08/2003 12:53:37 PST Wed" status="MANUAL" ID="1576333">
                <layer rank="1" name="FE">
                    <label cBy="Sns" feID="3459" end="38" start="25" name="Ingestor"/>
                    <label cBy="Sns" feID="3460" end="57" start="53" name="Substance"/>
                    <label cBy="Sns" feID="3466" end="80" start="59" name="Duration"/>
                </layer>
                <layer rank="1" name="GF">
                    <label end="38" start="25" name="Ext"/>
                    <label end="57" start="53" name="Obj"/>
                    <label end="80" start="59" name="Dep"/>
                </layer>
                <layer rank="1" name="PT">
                    <label end="38" start="25" name="NP"/>
                    <label end="57" start="53" name="NP"/>
                    <label end="80" start="59" name="PP"/>
                </layer>
                <layer rank="1" name="Sent"/>
                <layer rank="1" name="Other"/>
                <layer rank="1" name="Target">
                    <label cBy="BoC" end="51" start="44" name="Target"/>
                </layer>
                <layer rank="1" name="Verb"/>
            </annotationSet>
        </sentence>
        <sentence sentNo="0" aPos="35902481" ID="1062467">
            <text>Women who inject drugs and who share needles and syringes are at risk of contracting HIV . </text>
            <annotationSet cDate="01/08/2003 12:53:38 PST Wed" status="UNANN" ID="1576338">
                <layer rank="1" name="BNC">
                    <label end="4" start="0" name="NN2"/>
                    <label end="8" start="6" name="PNQ"/>
                    <label end="15" start="10" name="VVB"/>
                    <label end="21" start="17" name="NN2"/>
                    <label end="25" start="23" name="CJC"/>
                    <label end="29" start="27" name="PNQ"/>
                    <label end="35" start="31" name="VVB"/>
                    <label end="43" start="37" name="NN2"/>
                    <label end="47" start="45" name="CJC"/>
                    <label end="56" start="49" name="NN2"/>
                    <label end="60" start="58" name="VBB"/>
                    <label end="63" start="62" name="PRP"/>
                    <label end="68" start="65" name="NN1"/>
                    <label end="71" start="70" name="PRF"/>
                    <label end="83" start="73" name="VVG"/>
                    <label end="87" start="85" name="NP0"/>
                    <label end="89" start="89" name="PUN"/>
                </layer>
                <layer rank="1" name="NER"/>
                <layer rank="1" name="WSL"/>
            </annotationSet>
            <annotationSet cDate="01/08/2003 12:53:38 PST Wed" status="MANUAL" ID="1576339">
                <layer rank="1" name="FE">
                    <label cBy="Sns" feID="3459" end="4" start="0" name="Ingestor"/>
                    <label cBy="Sns" feID="3460" end="21" start="17" name="Substance"/>
                    <label cBy="Hay" feID="3459" end="8" start="6" name="Ingestor"/>
                </layer>
                <layer rank="1" name="GF">
                    <label end="4" start="0" name="Ext"/>
                    <label end="21" start="17" name="Obj"/>
                    <label end="8" start="6" name="Ext"/>
                </layer>
                <layer rank="1" name="PT">
                    <label end="4" start="0" name="NP"/>
                    <label end="21" start="17" name="NP"/>
                    <label end="8" start="6" name="NP"/>
                </layer>
                <layer rank="1" name="Sent"/>
                <layer rank="1" name="Other">
                    <label end="4" start="0" name="Ant"/>
                    <label end="8" start="6" name="Rel"/>
                </layer>
                <layer rank="1" name="Target">
                    <label cBy="BoC" end="15" start="10" name="Target"/>
                </layer>
                <layer rank="1" name="Verb"/>
            </annotationSet>
        </sentence>
    </subCorpus>
    <subCorpus name="V-429-s20-rcoll-heroin">
        <sentence sentNo="0" aPos="20210810" ID="1062482">
            <text>The addicts thought they were injecting a synthetic heroin , instead they had given themselves a permanent Parkinson-like condition . </text>
            <annotationSet cDate="01/08/2003 12:53:40 PST Wed" status="UNANN" ID="1576368">
                <layer rank="1" name="BNC">
                    <label end="2" start="0" name="AT0"/>
                    <label end="10" start="4" name="NN2"/>
                    <label end="18" start="12" name="VVD-VVN"/>
                    <label end="23" start="20" name="PNP"/>
                    <label end="28" start="25" name="VBD"/>
                    <label end="38" start="30" name="VVG"/>
                    <label end="40" start="40" name="AT0"/>
                    <label end="50" start="42" name="AJ0"/>
                    <label end="57" start="52" name="NN1"/>
                    <label end="59" start="59" name="PUN"/>
                    <label end="67" start="61" name="AV0"/>
                    <label end="72" start="69" name="PNP"/>
                    <label end="76" start="74" name="VHD"/>
                    <label end="82" start="78" name="VVN"/>
                    <label end="93" start="84" name="PNX"/>
                    <label end="95" start="95" name="AT0"/>
                    <label end="105" start="97" name="AJ0"/>
                    <label end="120" start="107" name="AJ0"/>
                    <label end="130" start="122" name="NN1"/>
                    <label end="132" start="132" name="PUN"/>
                </layer>
                <layer rank="1" name="NER"/>
                <layer rank="1" name="WSL"/>
            </annotationSet>
            <annotationSet cDate="01/08/2003 12:53:41 PST Wed" status="MANUAL" ID="1576369">
                <layer rank="1" name="FE">
                    <label cBy="Sns" feID="3459" end="10" start="0" name="Ingestor"/>
                    <label cBy="Sns" feID="3460" end="57" start="40" name="Substance"/>
                </layer>
                <layer rank="1" name="GF">
                    <label end="10" start="0" name="Ext"/>
                    <label end="57" start="40" name="Obj"/>
                </layer>
                <layer rank="1" name="PT">
                    <label end="10" start="0" name="NP"/>
                    <label end="57" start="40" name="NP"/>
                </layer>
                <layer rank="1" name="Sent"/>
                <layer rank="1" name="Other"/>
                <layer rank="1" name="Target">
                    <label cBy="BoC" end="38" start="30" name="Target"/>
                </layer>
                <layer rank="1" name="Verb"/>
            </annotationSet>
        </sentence>
        <sentence sentNo="0" aPos="46759498" ID="1062484">
            <text>Some of these casual injectors do not inject street heroin because of the impurities that it might contain and limit their injecting to other opioids generally stolen from chemist shops . </text>
            <annotationSet cDate="01/08/2003 12:53:41 PST Wed" status="UNANN" ID="1576372">
                <layer rank="1" name="BNC">
                    <label end="3" start="0" name="DT0"/>
                    <label end="6" start="5" name="PRF"/>
                    <label end="12" start="8" name="DT0"/>
                    <label end="19" start="14" name="AJ0"/>
                    <label end="29" start="21" name="NN2"/>
                    <label end="32" start="31" name="VDB"/>
                    <label end="36" start="34" name="XX0"/>
                    <label end="43" start="38" name="VVI"/>
                    <label end="50" start="45" name="NN1"/>
                    <label end="57" start="52" name="NN1"/>
                    <label end="65" start="59" name="PRP"/>
                    <label end="68" start="67" name="PRP"/>
                    <label end="72" start="70" name="AT0"/>
                    <label end="83" start="74" name="NN2"/>
                    <label end="88" start="85" name="CJT"/>
                    <label end="91" start="90" name="PNP"/>
                    <label end="97" start="93" name="VM0"/>
                    <label end="105" start="99" name="VVI"/>
                    <label end="109" start="107" name="CJC"/>
                    <label end="115" start="111" name="VVI"/>
                    <label end="121" start="117" name="DPS"/>
                    <label end="131" start="123" name="NN1-VVG"/>
                    <label end="134" start="133" name="PRP"/>
                    <label end="140" start="136" name="AJ0"/>
                    <label end="148" start="142" name="NN2"/>
                    <label end="158" start="150" name="AV0"/>
                    <label end="165" start="160" name="VVN"/>
                    <label end="170" start="167" name="PRP"/>
                    <label end="178" start="172" name="NN1"/>
                    <label end="184" start="180" name="NN2"/>
                    <label end="186" start="186" name="PUN"/>
                </layer>
                <layer rank="1" name="NER"/>
                <layer rank="1" name="WSL"/>
            </annotationSet>
            <annotationSet cDate="01/08/2003 12:53:41 PST Wed" status="MANUAL" ID="1576373">
                <layer rank="1" name="FE">
                    <label cBy="Sns" feID="3459" end="29" start="0" name="Ingestor"/>
                    <label cBy="Sns" feID="3460" end="57" start="45" name="Substance"/>
                </layer>
                <layer rank="1" name="GF">
                    <label end="29" start="0" name="Ext"/>
                    <label end="57" start="45" name="Obj"/>
                </layer>
                <layer rank="1" name="PT">
                    <label end="29" start="0" name="NP"/>
                    <label end="57" start="45" name="NP"/>
                </layer>
                <layer rank="1" name="Sent"/>
                <layer rank="1" name="Other"/>
                <layer rank="1" name="Target">
                    <label cBy="BoC" end="43" start="38" name="Target"/>
                </layer>
                <layer rank="1" name="Verb"/>
            </annotationSet>
        </sentence>
    </subCorpus>
    <subCorpus name="V-429-s20-rcoll-morphine">
        <sentence sentNo="0" aPos="5920206" ID="1062491">
            <text>Some of the males were injected with morphine for a few days and some were given other drugs . </text>
            <annotationSet cDate="01/08/2003 12:53:42 PST Wed" status="UNANN" ID="1576386">
                <layer rank="1" name="BNC">
                    <label end="3" start="0" name="DT0"/>
                    <label end="6" start="5" name="PRF"/>
                    <label end="10" start="8" name="AT0"/>
                    <label end="16" start="12" name="NN2"/>
                    <label end="21" start="18" name="VBD"/>
                    <label end="30" start="23" name="VVN"/>
                    <label end="35" start="32" name="PRP"/>
                    <label end="44" start="37" name="NN1"/>
                    <label end="48" start="46" name="PRP"/>
                    <label end="50" start="50" name="DT0"/>
                    <label end="54" start="52" name="DT0"/>
                    <label end="59" start="56" name="NN2"/>
                    <label end="63" start="61" name="CJC"/>
                    <label end="68" start="65" name="DT0"/>
                    <label end="73" start="70" name="VBD"/>
                    <label end="79" start="75" name="VVN"/>
                    <label end="85" start="81" name="AJ0"/>
                    <label end="91" start="87" name="NN2"/>
                    <label end="93" start="93" name="PUN"/>
                </layer>
                <layer rank="1" name="NER"/>
                <layer rank="1" name="WSL"/>
            </annotationSet>
            <annotationSet cDate="01/08/2003 12:53:42 PST Wed" status="MANUAL" ID="1576387">
                <layer rank="1" name="FE">
                    <label cBy="Sns" feID="3459" end="16" start="0" name="Ingestor"/>
                    <label cBy="Sns" feID="3460" end="44" start="32" name="Substance"/>
                    <label cBy="Sns" feID="3466" end="59" start="46" name="Duration"/>
                </layer>
                <layer rank="1" name="GF">
                    <label end="16" start="0" name="Ext"/>
                    <label end="44" start="32" name="Dep"/>
                    <label end="59" start="46" name="Dep"/>
                </layer>
                <layer rank="1" name="PT">
                    <label end="16" start="0" name="NP"/>
                    <label end="44" start="32" name="PP"/>
                    <label end="59" start="46" name="PP"/>
                </layer>
                <layer rank="1" name="Sent"/>
                <layer rank="1" name="Other"/>
                <layer rank="1" name="Target">
                    <label cBy="BoC" end="30" start="23" name="Target"/>
                </layer>
                <layer rank="1" name="Verb"/>
            </annotationSet>
        </sentence>
    </subCorpus>
    <subCorpus name="V-570-s20-np-ppwith"/>
    <subCorpus name="V-620-s20-np-ppother"/>
    <subCorpus name="V-650-s20-np-pother"/>
    <subCorpus name="V-660-s20-trans-simple">
        <sentence sentNo="0" aPos="67147762" ID="1062536">
            <text>As the big vessel came up tense and turgid I thrust in the needle and injected the adrenalin . </text>
            <annotationSet cDate="01/08/2003 12:53:47 PST Wed" status="UNANN" ID="1576476">
                <layer rank="1" name="BNC">
                    <label end="1" start="0" name="CJS-PRP"/>
                    <label end="5" start="3" name="AT0"/>
                    <label end="9" start="7" name="AJ0"/>
                    <label end="16" start="11" name="NN1"/>
                    <label end="21" start="18" name="VVD"/>
                    <label end="24" start="23" name="AVP"/>
                    <label end="30" start="26" name="AJ0"/>
                    <label end="34" start="32" name="CJC"/>
                    <label end="41" start="36" name="AJ0"/>
                    <label end="43" start="43" name="PNP"/>
                    <label end="50" start="45" name="VVD"/>
                    <label end="53" start="52" name="PRP"/>
                    <label end="57" start="55" name="AT0"/>
                    <label end="64" start="59" name="NN1"/>
                    <label end="68" start="66" name="CJC"/>
                    <label end="77" start="70" name="VVD"/>
                    <label end="81" start="79" name="AT0"/>
                    <label end="91" start="83" name="NN1"/>
                    <label end="93" start="93" name="PUN"/>
                </layer>
                <layer rank="1" name="NER"/>
                <layer rank="1" name="WSL"/>
            </annotationSet>
            <annotationSet cDate="01/08/2003 12:53:47 PST Wed" status="MANUAL" ID="1576477">
                <layer rank="1" name="FE">
                    <label cBy="Sns" feID="3459" end="43" start="43" name="Ingestor"/>
                    <label cBy="Sns" feID="3460" end="91" start="79" name="Substance"/>
                </layer>
                <layer rank="1" name="GF">
                    <label end="43" start="43" name="Ext"/>
                    <label end="91" start="79" name="Obj"/>
                </layer>
                <layer rank="1" name="PT">
                    <label end="43" start="43" name="NP"/>
                    <label end="91" start="79" name="NP"/>
                </layer>
                <layer rank="1" name="Sent"/>
                <layer rank="1" name="Other"/>
                <layer rank="1" name="Target">
                    <label cBy="BoC" end="77" start="70" name="Target"/>
                </layer>
                <layer rank="1" name="Verb"/>
            </annotationSet>
        </sentence>
        <sentence sentNo="0" aPos="46759076" ID="1062544">
            <text>I started off by smoking it and then , when I injected it , I found I got more of a hit , y'know what I mean . </text>
            <annotationSet cDate="01/08/2003 12:53:48 PST Wed" status="UNANN" ID="1576492">
                <layer rank="1" name="BNC">
                    <label end="0" start="0" name="PNP"/>
                    <label end="8" start="2" name="VVD"/>
                    <label end="12" start="10" name="AVP"/>
                    <label end="15" start="14" name="PRP"/>
                    <label end="23" start="17" name="VVG"/>
                    <label end="26" start="25" name="PNP"/>
                    <label end="30" start="28" name="CJC"/>
                    <label end="35" start="32" name="AV0"/>
                    <label end="37" start="37" name="PUN"/>
                    <label end="42" start="39" name="AVQ-CJS"/>
                    <label end="44" start="44" name="PNP"/>
                    <label end="53" start="46" name="VVD"/>
                    <label end="56" start="55" name="PNP"/>
                    <label end="58" start="58" name="PUN"/>
                    <label end="60" start="60" name="PNP"/>
                    <label end="66" start="62" name="VVD"/>
                    <label end="68" start="68" name="PNP"/>
                    <label end="72" start="70" name="VVD"/>
                    <label end="77" start="74" name="DT0"/>
                    <label end="80" start="79" name="PRF"/>
                    <label end="82" start="82" name="AT0"/>
                    <label end="86" start="84" name="AJ0-NN1"/>
                    <label end="88" start="88" name="PUN"/>
                    <label end="95" start="90" name="NN1-VVB"/>
                    <label end="100" start="97" name="DTQ"/>
                    <label end="102" start="102" name="PNP"/>
                    <label end="107" start="104" name="VVB"/>
                    <label end="109" start="109" name="PUN"/>
                </layer>
                <layer rank="1" name="NER"/>
                <layer rank="1" name="WSL"/>
            </annotationSet>
            <annotationSet cDate="01/08/2003 12:53:48 PST Wed" status="MANUAL" ID="1576493">
                <layer rank="1" name="FE">
                    <label cBy="Sns" feID="3459" end="44" start="44" name="Ingestor"/>
                    <label cBy="Sns" feID="3460" end="56" start="55" name="Substance"/>
                </layer>
                <layer rank="1" name="GF">
                    <label end="44" start="44" name="Ext"/>
                    <label end="56" start="55" name="Obj"/>
                </layer>
                <layer rank="1" name="PT">
                    <label end="44" start="44" name="NP"/>
                    <label end="56" start="55" name="NP"/>
                </layer>
                <layer rank="1" name="Sent"/>
                <layer rank="1" name="Other"/>
                <layer rank="1" name="Target">
                    <label cBy="BoC" end="53" start="46" name="Target"/>
                </layer>
                <layer rank="1" name="Verb"/>
            </annotationSet>
        </sentence>
        <sentence sentNo="0" aPos="39052748" ID="1062548">
            <text>` She injected Polymorphine . &quot; </text>
            <annotationSet cDate="01/08/2003 12:53:48 PST Wed" status="UNANN" ID="1576500">
                <layer rank="1" name="BNC">
                    <label end="0" start="0" name="PUQ"/>
                    <label end="4" start="2" name="PNP"/>
                    <label end="13" start="6" name="VVD"/>
                    <label end="26" start="15" name="NP0"/>
                    <label end="28" start="28" name="PUN"/>
                    <label end="30" start="30" name="PUQ"/>
                </layer>
                <layer rank="1" name="NER"/>
                <layer rank="1" name="WSL"/>
            </annotationSet>
            <annotationSet cDate="01/08/2003 12:53:48 PST Wed" status="MANUAL" ID="1576501">
                <layer rank="1" name="FE">
                    <label cBy="Sns" feID="3459" end="4" start="2" name="Ingestor"/>
                    <label cBy="Sns" feID="3460" end="26" start="15" name="Substance"/>
                </layer>
                <layer rank="1" name="GF">
                    <label end="4" start="2" name="Ext"/>
                    <label end="26" start="15" name="Obj"/>
                </layer>
                <layer rank="1" name="PT">
                    <label end="4" start="2" name="NP"/>
                    <label end="26" start="15" name="NP"/>
                </layer>
                <layer rank="1" name="Sent"/>
                <layer rank="1" name="Other"/>
                <layer rank="1" name="Target">
                    <label cBy="BoC" end="13" start="6" name="Target"/>
                </layer>
                <layer rank="1" name="Verb"/>
            </annotationSet>
        </sentence>
    </subCorpus>
    <subCorpus name="V-670-s20-pass-by"/>
    <subCorpus name="V-680-s20-pass">
        <sentence sentNo="0" aPos="92910019" ID="1062560">
            <text>Thirty µg of peptide conjugate were then injected intravenously . </text>
            <annotationSet cDate="01/08/2003 12:53:50 PST Wed" status="UNANN" ID="1576524">
                <layer rank="1" name="BNC">
                    <label end="5" start="0" name="CRD"/>
                    <label end="8" start="7" name="UNC"/>
                    <label end="11" start="10" name="PRF"/>
                    <label end="19" start="13" name="NN1"/>
                    <label end="29" start="21" name="NN1"/>
                    <label end="34" start="31" name="VBD"/>
                    <label end="39" start="36" name="AV0"/>
                    <label end="48" start="41" name="VVN"/>
                    <label end="62" start="50" name="AV0"/>
                    <label end="64" start="64" name="PUN"/>
                </layer>
                <layer rank="1" name="NER"/>
                <layer rank="1" name="WSL"/>
            </annotationSet>
            <annotationSet cDate="01/08/2003 12:53:50 PST Wed" status="MANUAL" ID="1576525">
                <layer rank="1" name="FE">
                    <label cBy="Sns" feID="3460" end="29" start="0" name="Substance"/>
                    <label cBy="Sns" feID="3457" end="39" start="36" name="Time"/>
                    <label cBy="Sns" feID="3465" end="62" start="50" name="Entry_path"/>
                    <label cBy="Sns" feID="3459" itype="CNI" name="Ingestor"/>
                </layer>
                <layer rank="1" name="GF">
                    <label end="29" start="0" name="Ext"/>
                    <label end="39" start="36" name="Dep"/>
                    <label end="62" start="50" name="Dep"/>
                </layer>
                <layer rank="1" name="PT">
                    <label end="29" start="0" name="NP"/>
                    <label end="39" start="36" name="AVP"/>
                    <label end="62" start="50" name="AVP"/>
                </layer>
                <layer rank="1" name="Sent"/>
                <layer rank="1" name="Other"/>
                <layer rank="1" name="Target">
                    <label cBy="BoC" end="48" start="41" name="Target"/>
                </layer>
                <layer rank="1" name="Verb"/>
            </annotationSet>
        </sentence>
    </subCorpus>
    <subCorpus name="V-690-s20-trans-other"/>
    <subCorpus name="V-730-s20-ppwith">
        <sentence sentNo="0" aPos="41848869" ID="1062601">
            <text>When injected with heparin there was a normal fertilization-induced calcium transient , whereas the response to either GTP- γ S or InsP 3 was inhibited . </text>
            <annotationSet cDate="01/08/2003 12:53:57 PST Wed" status="UNANN" ID="1576606">
                <layer rank="1" name="BNC">
                    <label end="3" start="0" name="CJS"/>
                    <label end="12" start="5" name="VVD-VVN"/>
                    <label end="17" start="14" name="PRP"/>
                    <label end="25" start="19" name="NN1"/>
                    <label end="31" start="27" name="EX0"/>
                    <label end="35" start="33" name="VBD"/>
                    <label end="37" start="37" name="AT0"/>
                    <label end="44" start="39" name="AJ0"/>
                    <label end="66" start="46" name="AJ0"/>
                    <label end="74" start="68" name="NN1"/>
                    <label end="84" start="76" name="NN1"/>
                    <label end="86" start="86" name="PUN"/>
                    <label end="94" start="88" name="CJS"/>
                    <label end="98" start="96" name="AT0"/>
                    <label end="107" start="100" name="NN1"/>
                    <label end="110" start="109" name="PRP"/>
                    <label end="117" start="112" name="AV0"/>
                    <label end="122" start="119" name="AJ0"/>
                    <label end="126" start="126" name="ZZ0"/>
                    <label end="129" start="128" name="CJC"/>
                    <label end="134" start="131" name="NP0"/>
                    <label end="136" start="136" name="CRD"/>
                    <label end="140" start="138" name="VBD"/>
                    <label end="150" start="142" name="VVN"/>
                    <label end="152" start="152" name="PUN"/>
                    <label end="124" start="124" name="UNC"/>
                </layer>
                <layer rank="1" name="NER"/>
                <layer rank="1" name="WSL"/>
            </annotationSet>
            <annotationSet cDate="01/08/2003 12:53:57 PST Wed" status="MANUAL" ID="1576607">
                <layer rank="1" name="FE">
                    <label cBy="Sns" feID="3460" end="25" start="14" name="Substance"/>
                    <label cBy="Sns" feID="3459" itype="CNI" name="Ingestor"/>
                </layer>
                <layer rank="1" name="GF">
                    <label end="25" start="14" name="Dep"/>
                </layer>
                <layer rank="1" name="PT">
                    <label end="25" start="14" name="PP"/>
                </layer>
                <layer rank="1" name="Sent"/>
                <layer rank="1" name="Other"/>
                <layer rank="1" name="Target">
                    <label cBy="BoC" end="12" start="5" name="Target"/>
                </layer>
                <layer rank="1" name="Verb"/>
            </annotationSet>
        </sentence>
    </subCorpus>
    <subCorpus name="V-780-s20-ppother"/>
    <subCorpus name="V-810-s20-pother"/>
    <subCorpus name="V-880-s20-intrans-simple"/>
    <subCorpus name="V-890-s20-intrans-adverb">
        <sentence sentNo="0" aPos="46759229" ID="1062652">
            <text>I mean if you 're into the hit , you 've got to inject then , otherwise you 're just using it to keep the turkey away . </text>
            <annotationSet cDate="01/08/2003 12:54:04 PST Wed" status="UNANN" ID="1576708">
                <layer rank="1" name="BNC">
                    <label end="0" start="0" name="PNP"/>
                    <label end="5" start="2" name="VVB"/>
                    <label end="8" start="7" name="CJS"/>
                    <label end="12" start="10" name="PNP"/>
                    <label end="16" start="14" name="VBB"/>
                    <label end="21" start="18" name="PRP"/>
                    <label end="25" start="23" name="AT0"/>
                    <label end="29" start="27" name="AJ0-NN1"/>
                    <label end="31" start="31" name="PUN"/>
                    <label end="35" start="33" name="PNP"/>
                    <label end="39" start="37" name="VHB"/>
                    <label end="43" start="41" name="VVN"/>
                    <label end="46" start="45" name="TO0"/>
                    <label end="53" start="48" name="VVI"/>
                    <label end="58" start="55" name="AV0"/>
                    <label end="60" start="60" name="PUN"/>
                    <label end="70" start="62" name="AV0"/>
                    <label end="74" start="72" name="PNP"/>
                    <label end="78" start="76" name="VBB"/>
                    <label end="83" start="80" name="AV0"/>
                    <label end="89" start="85" name="VVG"/>
                    <label end="92" start="91" name="PNP"/>
                    <label end="95" start="94" name="TO0"/>
                    <label end="100" start="97" name="VVI"/>
                    <label end="104" start="102" name="AT0"/>
                    <label end="111" start="106" name="NN1"/>
                    <label end="116" start="113" name="AVP"/>
                    <label end="118" start="118" name="PUN"/>
                </layer>
                <layer rank="1" name="NER"/>
                <layer rank="1" name="WSL"/>
            </annotationSet>
            <annotationSet cDate="01/08/2003 12:54:04 PST Wed" status="MANUAL" ID="1576709">
                <layer rank="1" name="FE">
                    <label cBy="Sns" feID="3459" end="35" start="33" name="Ingestor"/>
                    <label cBy="Sns" feID="3457" end="58" start="55" name="Time"/>
                    <label cBy="Sns" feID="3460" itype="DNI" name="Substance"/>
                </layer>
                <layer rank="1" name="GF">
                    <label end="35" start="33" name="Ext"/>
                    <label end="58" start="55" name="Dep"/>
                </layer>
                <layer rank="1" name="PT">
                    <label end="35" start="33" name="NP"/>
                    <label end="58" start="55" name="AVP"/>
                </layer>
                <layer rank="1" name="Sent"/>
                <layer rank="1" name="Other"/>
                <layer rank="1" name="Target">
                    <label cBy="BoC" end="53" start="48" name="Target"/>
                </layer>
                <layer rank="1" name="Verb"/>
            </annotationSet>
        </sentence>
    </subCorpus>
    <subCorpus name="V-900-s20-other"/>
</lexUnit>