<?xml version="1.0" encoding="UTF-8" standalone="yes"?>
<?xml-stylesheet type="text/xsl" href="lexUnit.xsl"?>
<lexUnit status="Created" POS="N" name="rite of passage.n" ID="7215" frame="Rite" frameID="301" totalAnnotated="0" xsi:schemaLocation="../schema/lexUnit.xsd" xmlns="http://framenet.icsi.berkeley.edu" xmlns:xsi="http://www.w3.org/2001/XMLSchema-instance">
    <header>
        <frame>
            <FE fgColor="FFFFFF" bgColor="800080" type="Core" abbrev="DesS" name="Desired_state_of_affairs"/>
            <FE fgColor="FFFFFF" bgColor="00BFFF" type="Core" abbrev="G_member" name="Guardian"/>
            <FE fgColor="FFFFFF" bgColor="808080" type="Core" abbrev="Ins" name="Instrument"/>
            <FE fgColor="FFFFFF" bgColor="FF0000" type="Core" abbrev="Ldr" name="Leader"/>
            <FE fgColor="FFFFFF" bgColor="FF00FF" type="Peripheral" abbrev="Manr" name="Manner"/>
            <FE fgColor="FFFFFF" bgColor="0000FF" type="Peripheral" abbrev="Mns" name="Means"/>
            <FE fgColor="FFFFFF" bgColor="0000FF" type="Core" abbrev="Mbr" name="Member"/>
            <FE fgColor="FFFFFF" bgColor="9F79EE" type="Core" abbrev="NStat" name="New_status"/>
            <FE fgColor="FFFFFF" bgColor="00008B" type="Core" abbrev="Obj" name="Object"/>
            <FE fgColor="FFFFFF" bgColor="1E90FF" type="Core" abbrev="Org" name="Organization"/>
            <FE fgColor="FFFFFF" bgColor="008000" type="Peripheral" abbrev="Place" name="Place"/>
            <FE fgColor="FFFFFF" bgColor="FFA500" type="Peripheral" abbrev="Time" name="Time"/>
            <FE fgColor="FFFFFF" bgColor="9400D3" type="Core" abbrev="Type" name="Type"/>
        </frame>
    </header>
    <definition>COD: a ceremony or event, e.g. marriage, marking an important stage in someone's life</definition>
    <lexeme order="1" headword="true" breakBefore="false" POS="N" name="rite"/>
    <lexeme order="2" headword="false" breakBefore="false" POS="PREP" name="of"/>
    <lexeme order="3" headword="false" breakBefore="false" POS="N" name="passage"/>
    <valences/>
</lexUnit>