<?xml version="1.0" encoding="UTF-8" standalone="yes"?>
<?xml-stylesheet type="text/xsl" href="lexUnit.xsl"?>
<lexUnit status="Finished_Initial" POS="V" name="experience.v" ID="7255" frame="Feeling" frameID="396" totalAnnotated="21" xsi:schemaLocation="../schema/lexUnit.xsd" xmlns="http://framenet.icsi.berkeley.edu" xmlns:xsi="http://www.w3.org/2001/XMLSchema-instance">
    <header>
        <frame>
            <FE fgColor="FFFFFF" bgColor="0000FF" type="Core" abbrev="Emot" name="Emotion"/>
            <FE fgColor="FFFFFF" bgColor="A52A2A" type="Core" abbrev="Emo_s" name="Emotional_state"/>
            <FE fgColor="FFFFFF" bgColor="00008B" type="Core" abbrev="Eval" name="Evaluation"/>
            <FE fgColor="FFFFFF" bgColor="FF0000" type="Core" abbrev="Exp" name="Experiencer"/>
            <FE fgColor="FFFFFF" bgColor="800080" type="Extra-Thematic" abbrev="Exp" name="Explanation"/>
        </frame>
    </header>
    <definition>COD: feel (an emotion). </definition>
    <lexeme POS="V" name="experience"/>
    <valences>
        <FERealization total="21">
            <FE name="Emotion"/>
            <pattern total="1">
                <valenceUnit GF="Dep" PT="NP" FE="Emotion"/>
                <annoSet ID="1670525"/>
            </pattern>
            <pattern total="1">
                <valenceUnit GF="Ext" PT="NP" FE="Emotion"/>
                <annoSet ID="1670557"/>
            </pattern>
            <pattern total="19">
                <valenceUnit GF="Obj" PT="NP" FE="Emotion"/>
                <annoSet ID="1670387"/>
                <annoSet ID="1670391"/>
                <annoSet ID="1670397"/>
                <annoSet ID="1670399"/>
                <annoSet ID="1670403"/>
                <annoSet ID="1670415"/>
                <annoSet ID="1670419"/>
                <annoSet ID="1670427"/>
                <annoSet ID="1670439"/>
                <annoSet ID="1670469"/>
                <annoSet ID="1670475"/>
                <annoSet ID="1670477"/>
                <annoSet ID="1670479"/>
                <annoSet ID="1670493"/>
                <annoSet ID="1670503"/>
                <annoSet ID="1670505"/>
                <annoSet ID="1670511"/>
                <annoSet ID="1670531"/>
                <annoSet ID="1670539"/>
            </pattern>
        </FERealization>
        <FERealization total="21">
            <FE name="Experiencer"/>
            <pattern total="20">
                <valenceUnit GF="Ext" PT="NP" FE="Experiencer"/>
                <annoSet ID="1670387"/>
                <annoSet ID="1670391"/>
                <annoSet ID="1670397"/>
                <annoSet ID="1670399"/>
                <annoSet ID="1670403"/>
                <annoSet ID="1670415"/>
                <annoSet ID="1670419"/>
                <annoSet ID="1670427"/>
                <annoSet ID="1670439"/>
                <annoSet ID="1670469"/>
                <annoSet ID="1670475"/>
                <annoSet ID="1670477"/>
                <annoSet ID="1670479"/>
                <annoSet ID="1670493"/>
                <annoSet ID="1670503"/>
                <annoSet ID="1670505"/>
                <annoSet ID="1670511"/>
                <annoSet ID="1670525"/>
                <annoSet ID="1670531"/>
                <annoSet ID="1670539"/>
            </pattern>
            <pattern total="1">
                <valenceUnit GF="Dep" PT="PP[by]" FE="Experiencer"/>
                <annoSet ID="1670557"/>
            </pattern>
        </FERealization>
        <FEGroupRealization total="21">
            <FE name="Emotion"/>
            <FE name="Experiencer"/>
            <pattern total="1">
                <valenceUnit GF="Dep" PT="NP" FE="Emotion"/>
                <valenceUnit GF="Ext" PT="NP" FE="Experiencer"/>
                <annoSet ID="1670525"/>
            </pattern>
            <pattern total="1">
                <valenceUnit GF="Ext" PT="NP" FE="Emotion"/>
                <valenceUnit GF="Dep" PT="PP[by]" FE="Experiencer"/>
                <annoSet ID="1670557"/>
            </pattern>
            <pattern total="19">
                <valenceUnit GF="Obj" PT="NP" FE="Emotion"/>
                <valenceUnit GF="Ext" PT="NP" FE="Experiencer"/>
                <annoSet ID="1670387"/>
                <annoSet ID="1670391"/>
                <annoSet ID="1670397"/>
                <annoSet ID="1670399"/>
                <annoSet ID="1670403"/>
                <annoSet ID="1670415"/>
                <annoSet ID="1670419"/>
                <annoSet ID="1670427"/>
                <annoSet ID="1670439"/>
                <annoSet ID="1670469"/>
                <annoSet ID="1670475"/>
                <annoSet ID="1670477"/>
                <annoSet ID="1670479"/>
                <annoSet ID="1670493"/>
                <annoSet ID="1670503"/>
                <annoSet ID="1670505"/>
                <annoSet ID="1670511"/>
                <annoSet ID="1670531"/>
                <annoSet ID="1670539"/>
            </pattern>
        </FEGroupRealization>
    </valences>
    <subCorpus name="V-429-s20-rcoll-anxiety">
        <sentence sentNo="0" aPos="18979131" ID="1109626">
            <text>Patients experience high anxiety levels at time of admission to hospital . </text>
            <annotationSet cDate="01/08/2003 02:48:11 PST Wed" status="UNANN" ID="1670386">
                <layer rank="1" name="BNC">
                    <label end="7" start="0" name="NN2"/>
                    <label end="18" start="9" name="VVB"/>
                    <label end="23" start="20" name="AJ0"/>
                    <label end="31" start="25" name="NN1"/>
                    <label end="38" start="33" name="NN2"/>
                    <label end="41" start="40" name="PRP"/>
                    <label end="46" start="43" name="NN1"/>
                    <label end="49" start="48" name="PRF"/>
                    <label end="59" start="51" name="NN1"/>
                    <label end="62" start="61" name="PRP"/>
                    <label end="71" start="64" name="NN1"/>
                    <label end="73" start="73" name="PUN"/>
                </layer>
                <layer rank="1" name="NER"/>
                <layer rank="1" name="WSL"/>
            </annotationSet>
            <annotationSet cDate="01/08/2003 02:48:11 PST Wed" status="MANUAL" ID="1670387">
                <layer rank="1" name="FE">
                    <label cBy="GlY" feID="3555" end="38" start="20" name="Emotion"/>
                    <label cBy="GlY" feID="3554" end="7" start="0" name="Experiencer"/>
                </layer>
                <layer rank="1" name="GF">
                    <label end="38" start="20" name="Obj"/>
                    <label end="7" start="0" name="Ext"/>
                </layer>
                <layer rank="1" name="PT">
                    <label end="38" start="20" name="NP"/>
                    <label end="7" start="0" name="NP"/>
                </layer>
                <layer rank="1" name="Sent"/>
                <layer rank="1" name="Other"/>
                <layer rank="1" name="Target">
                    <label cBy="BoC" end="18" start="9" name="Target"/>
                </layer>
                <layer rank="1" name="Verb"/>
            </annotationSet>
        </sentence>
        <sentence sentNo="0" aPos="44415879" ID="1109628">
            <text>It is hoped that initially the client will experience some anxiety with each target and learn to cope with this effectively , but that over five attempts of this target this anxiety will drop to a minimum . </text>
            <annotationSet cDate="01/08/2003 02:48:11 PST Wed" status="UNANN" ID="1670390">
                <layer rank="1" name="BNC">
                    <label end="1" start="0" name="PNP"/>
                    <label end="4" start="3" name="VBZ"/>
                    <label end="10" start="6" name="VVN"/>
                    <label end="15" start="12" name="CJT"/>
                    <label end="25" start="17" name="AV0"/>
                    <label end="29" start="27" name="AT0"/>
                    <label end="36" start="31" name="NN1"/>
                    <label end="41" start="38" name="VM0"/>
                    <label end="52" start="43" name="VVI"/>
                    <label end="57" start="54" name="DT0"/>
                    <label end="65" start="59" name="NN1"/>
                    <label end="70" start="67" name="PRP"/>
                    <label end="75" start="72" name="DT0"/>
                    <label end="82" start="77" name="NN1"/>
                    <label end="86" start="84" name="CJC"/>
                    <label end="92" start="88" name="VVB"/>
                    <label end="95" start="94" name="TO0"/>
                    <label end="100" start="97" name="VVI"/>
                    <label end="105" start="102" name="PRP"/>
                    <label end="110" start="107" name="DT0"/>
                    <label end="122" start="112" name="AV0"/>
                    <label end="124" start="124" name="PUN"/>
                    <label end="128" start="126" name="CJC"/>
                    <label end="133" start="130" name="CJT-DT0"/>
                    <label end="138" start="135" name="AV0"/>
                    <label end="143" start="140" name="CRD"/>
                    <label end="152" start="145" name="NN2"/>
                    <label end="155" start="154" name="PRF"/>
                    <label end="160" start="157" name="DT0"/>
                    <label end="167" start="162" name="NN1-VVB"/>
                    <label end="172" start="169" name="DT0"/>
                    <label end="180" start="174" name="NN1"/>
                    <label end="185" start="182" name="VM0"/>
                    <label end="190" start="187" name="VVI"/>
                    <label end="193" start="192" name="PRP"/>
                    <label end="195" start="195" name="AT0"/>
                    <label end="203" start="197" name="NN1"/>
                    <label end="205" start="205" name="PUN"/>
                </layer>
                <layer rank="1" name="NER"/>
                <layer rank="1" name="WSL"/>
            </annotationSet>
            <annotationSet cDate="01/08/2003 02:48:11 PST Wed" status="MANUAL" ID="1670391">
                <layer rank="1" name="FE">
                    <label cBy="GlY" feID="3554" end="36" start="27" name="Experiencer"/>
                    <label cBy="GlY" feID="3555" end="82" start="54" name="Emotion"/>
                </layer>
                <layer rank="1" name="GF">
                    <label end="36" start="27" name="Ext"/>
                    <label end="82" start="54" name="Obj"/>
                </layer>
                <layer rank="1" name="PT">
                    <label end="36" start="27" name="NP"/>
                    <label end="82" start="54" name="NP"/>
                </layer>
                <layer rank="1" name="Sent"/>
                <layer rank="1" name="Other"/>
                <layer rank="1" name="Target">
                    <label cBy="BoC" end="52" start="43" name="Target"/>
                </layer>
                <layer rank="1" name="Verb"/>
            </annotationSet>
        </sentence>
        <sentence sentNo="0" aPos="95536450" ID="1109631">
            <text>Young children will often , for instance , feel a sense of responsibility for adverse events in which they in fact had no role at all , and hence experience a good deal of anxiety . </text>
            <annotationSet cDate="01/08/2003 02:48:12 PST Wed" status="UNANN" ID="1670396">
                <layer rank="1" name="BNC">
                    <label end="4" start="0" name="AJ0"/>
                    <label end="13" start="6" name="NN2"/>
                    <label end="18" start="15" name="VM0"/>
                    <label end="24" start="20" name="AV0"/>
                    <label end="26" start="26" name="PUN"/>
                    <label end="30" start="28" name="AV0"/>
                    <label end="39" start="32" name="AV0"/>
                    <label end="41" start="41" name="PUN"/>
                    <label end="46" start="43" name="VVB"/>
                    <label end="48" start="48" name="AT0"/>
                    <label end="54" start="50" name="NN1"/>
                    <label end="57" start="56" name="PRF"/>
                    <label end="72" start="59" name="NN1"/>
                    <label end="76" start="74" name="PRP"/>
                    <label end="84" start="78" name="AJ0"/>
                    <label end="91" start="86" name="NN2"/>
                    <label end="94" start="93" name="PRP"/>
                    <label end="100" start="96" name="DTQ"/>
                    <label end="105" start="102" name="PNP"/>
                    <label end="108" start="107" name="PRP"/>
                    <label end="113" start="110" name="NN1"/>
                    <label end="117" start="115" name="VHD"/>
                    <label end="120" start="119" name="AT0"/>
                    <label end="125" start="122" name="NN1"/>
                    <label end="128" start="127" name="AV0"/>
                    <label end="132" start="130" name="AV0"/>
                    <label end="134" start="134" name="PUN"/>
                    <label end="138" start="136" name="CJC"/>
                    <label end="144" start="140" name="AV0"/>
                    <label end="155" start="146" name="VVB"/>
                    <label end="157" start="157" name="AT0"/>
                    <label end="162" start="159" name="AJ0"/>
                    <label end="167" start="164" name="NN1"/>
                    <label end="170" start="169" name="PRF"/>
                    <label end="178" start="172" name="NN1"/>
                    <label end="180" start="180" name="PUN"/>
                </layer>
                <layer rank="1" name="NER"/>
                <layer rank="1" name="WSL"/>
            </annotationSet>
            <annotationSet cDate="01/08/2003 02:48:12 PST Wed" status="MANUAL" ID="1670397">
                <layer rank="1" name="FE">
                    <label cBy="GlY" feID="3555" end="178" start="157" name="Emotion"/>
                    <label cBy="GlY" feID="3554" end="105" start="102" name="Experiencer"/>
                </layer>
                <layer rank="1" name="GF">
                    <label end="178" start="157" name="Obj"/>
                    <label end="105" start="102" name="Ext"/>
                </layer>
                <layer rank="1" name="PT">
                    <label end="178" start="157" name="NP"/>
                    <label end="105" start="102" name="NP"/>
                </layer>
                <layer rank="1" name="Sent"/>
                <layer rank="1" name="Other"/>
                <layer rank="1" name="Target">
                    <label cBy="BoC" end="155" start="146" name="Target"/>
                </layer>
                <layer rank="1" name="Verb"/>
            </annotationSet>
        </sentence>
    </subCorpus>
    <subCorpus name="V-429-s20-rcoll-doubt">
        <sentence sentNo="0" aPos="8952611" ID="1109632">
            <text>He was getting in deep now , though he was experiencing grave and gnawing doubts about the whole affair . </text>
            <annotationSet cDate="01/08/2003 02:48:12 PST Wed" status="UNANN" ID="1670398">
                <layer rank="1" name="BNC">
                    <label end="1" start="0" name="PNP"/>
                    <label end="5" start="3" name="VBD"/>
                    <label end="13" start="7" name="VVG"/>
                    <label end="16" start="15" name="AVP-PRP"/>
                    <label end="21" start="18" name="AV0"/>
                    <label end="25" start="23" name="AV0"/>
                    <label end="27" start="27" name="PUN"/>
                    <label end="34" start="29" name="CJS"/>
                    <label end="37" start="36" name="PNP"/>
                    <label end="41" start="39" name="VBD"/>
                    <label end="54" start="43" name="VVG"/>
                    <label end="60" start="56" name="AJ0-NN1"/>
                    <label end="64" start="62" name="CJC"/>
                    <label end="72" start="66" name="AJ0-VVG"/>
                    <label end="79" start="74" name="NN2"/>
                    <label end="85" start="81" name="PRP"/>
                    <label end="89" start="87" name="AT0"/>
                    <label end="95" start="91" name="AJ0"/>
                    <label end="102" start="97" name="NN1"/>
                    <label end="104" start="104" name="PUN"/>
                </layer>
                <layer rank="1" name="NER"/>
                <layer rank="1" name="WSL"/>
            </annotationSet>
            <annotationSet cDate="01/08/2003 02:48:12 PST Wed" status="MANUAL" ID="1670399">
                <layer rank="1" name="FE">
                    <label cBy="GlY" feID="3554" end="1" start="0" name="Experiencer"/>
                    <label cBy="ACW" feID="3555" end="79" start="56" name="Emotion"/>
                </layer>
                <layer rank="1" name="GF">
                    <label end="1" start="0" name="Ext"/>
                    <label end="79" start="56" name="Obj"/>
                </layer>
                <layer rank="1" name="PT">
                    <label end="1" start="0" name="NP"/>
                    <label end="79" start="56" name="NP"/>
                </layer>
                <layer rank="1" name="Sent"/>
                <layer rank="1" name="Other"/>
                <layer rank="1" name="Target">
                    <label cBy="BoC" end="54" start="43" name="Target"/>
                </layer>
                <layer rank="1" name="Verb"/>
            </annotationSet>
        </sentence>
        <sentence sentNo="0" aPos="59317398" ID="1109634">
            <text>Christina was determined not to add to them , but was beginning to experience grave doubts of her own about Colin Weatherhead 's reliability . </text>
            <annotationSet cDate="01/08/2003 02:48:12 PST Wed" status="UNANN" ID="1670402">
                <layer rank="1" name="BNC">
                    <label end="8" start="0" name="NN1-NP0"/>
                    <label end="12" start="10" name="VBD"/>
                    <label end="23" start="14" name="VVN"/>
                    <label end="27" start="25" name="XX0"/>
                    <label end="30" start="29" name="TO0"/>
                    <label end="34" start="32" name="VVI"/>
                    <label end="37" start="36" name="PRP"/>
                    <label end="42" start="39" name="PNP"/>
                    <label end="44" start="44" name="PUN"/>
                    <label end="48" start="46" name="CJC"/>
                    <label end="52" start="50" name="VBD"/>
                    <label end="62" start="54" name="VVG"/>
                    <label end="65" start="64" name="TO0"/>
                    <label end="76" start="67" name="VVI"/>
                    <label end="82" start="78" name="AJ0"/>
                    <label end="89" start="84" name="NN2"/>
                    <label end="92" start="91" name="PRF"/>
                    <label end="96" start="94" name="DPS"/>
                    <label end="100" start="98" name="DT0"/>
                    <label end="106" start="102" name="PRP"/>
                    <label end="112" start="108" name="NP0"/>
                    <label end="124" start="114" name="NP0"/>
                    <label end="127" start="126" name="POS"/>
                    <label end="139" start="129" name="NN1"/>
                    <label end="141" start="141" name="PUN"/>
                </layer>
                <layer rank="1" name="NER"/>
                <layer rank="1" name="WSL"/>
            </annotationSet>
            <annotationSet cDate="01/08/2003 02:48:12 PST Wed" status="MANUAL" ID="1670403">
                <layer rank="1" name="FE">
                    <label cBy="GlY" feID="3555" end="139" start="78" name="Emotion"/>
                    <label cBy="GlY" feID="3554" end="8" start="0" name="Experiencer"/>
                </layer>
                <layer rank="1" name="GF">
                    <label end="139" start="78" name="Obj"/>
                    <label end="8" start="0" name="Ext"/>
                </layer>
                <layer rank="1" name="PT">
                    <label end="139" start="78" name="NP"/>
                    <label end="8" start="0" name="NP"/>
                </layer>
                <layer rank="1" name="Sent"/>
                <layer rank="1" name="Other"/>
                <layer rank="1" name="Target">
                    <label cBy="BoC" end="76" start="67" name="Target"/>
                </layer>
                <layer rank="1" name="Verb"/>
            </annotationSet>
        </sentence>
    </subCorpus>
    <subCorpus name="V-429-s20-rcoll-feeling">
        <sentence sentNo="0" aPos="6704817" ID="1109640">
            <text>Mark always experienced the same feelings of contentment when entering the home straight . </text>
            <annotationSet cDate="01/08/2003 02:48:13 PST Wed" status="UNANN" ID="1670414">
                <layer rank="1" name="BNC">
                    <label end="3" start="0" name="VVB"/>
                    <label end="10" start="5" name="AV0"/>
                    <label end="22" start="12" name="VVD-VVN"/>
                    <label end="26" start="24" name="AT0"/>
                    <label end="31" start="28" name="DT0"/>
                    <label end="40" start="33" name="NN2"/>
                    <label end="43" start="42" name="PRF"/>
                    <label end="55" start="45" name="NN1"/>
                    <label end="60" start="57" name="AVQ-CJS"/>
                    <label end="69" start="62" name="VVG"/>
                    <label end="73" start="71" name="AT0"/>
                    <label end="78" start="75" name="NN1"/>
                    <label end="87" start="80" name="AJ0-AV0"/>
                    <label end="89" start="89" name="PUN"/>
                </layer>
                <layer rank="1" name="NER"/>
                <layer rank="1" name="WSL"/>
            </annotationSet>
            <annotationSet cDate="01/08/2003 02:48:13 PST Wed" status="MANUAL" ID="1670415">
                <layer rank="1" name="FE">
                    <label cBy="GlY" feID="3554" end="3" start="0" name="Experiencer"/>
                    <label cBy="GlY" feID="3555" end="55" start="24" name="Emotion"/>
                </layer>
                <layer rank="1" name="GF">
                    <label end="55" start="24" name="Obj"/>
                    <label end="3" start="0" name="Ext"/>
                </layer>
                <layer rank="1" name="PT">
                    <label end="55" start="24" name="NP"/>
                    <label end="3" start="0" name="NP"/>
                </layer>
                <layer rank="1" name="Sent"/>
                <layer rank="1" name="Other"/>
                <layer rank="1" name="Target">
                    <label cBy="BoC" end="22" start="12" name="Target"/>
                </layer>
                <layer rank="1" name="Verb"/>
            </annotationSet>
        </sentence>
        <sentence sentNo="0" aPos="8930611" ID="1109642">
            <text>Others had , and were experiencing mixed feelings . </text>
            <annotationSet cDate="01/08/2003 02:48:15 PST Wed" status="UNANN" ID="1670418">
                <layer rank="1" name="BNC">
                    <label end="5" start="0" name="NN2"/>
                    <label end="9" start="7" name="VHD"/>
                    <label end="11" start="11" name="PUN"/>
                    <label end="15" start="13" name="CJC"/>
                    <label end="20" start="17" name="VBD"/>
                    <label end="33" start="22" name="VVG"/>
                    <label end="39" start="35" name="AJ0"/>
                    <label end="48" start="41" name="NN2"/>
                    <label end="50" start="50" name="PUN"/>
                </layer>
                <layer rank="1" name="NER"/>
                <layer rank="1" name="WSL"/>
            </annotationSet>
            <annotationSet cDate="01/08/2003 02:48:15 PST Wed" status="MANUAL" ID="1670419">
                <layer rank="1" name="FE">
                    <label cBy="GlY" feID="3554" end="5" start="0" name="Experiencer"/>
                    <label cBy="GlY" feID="3555" end="48" start="35" name="Emotion"/>
                </layer>
                <layer rank="1" name="GF">
                    <label end="5" start="0" name="Ext"/>
                    <label end="48" start="35" name="Obj"/>
                </layer>
                <layer rank="1" name="PT">
                    <label end="5" start="0" name="NP"/>
                    <label end="48" start="35" name="NP"/>
                </layer>
                <layer rank="1" name="Sent"/>
                <layer rank="1" name="Other"/>
                <layer rank="1" name="Target">
                    <label cBy="BoC" end="33" start="22" name="Target"/>
                </layer>
                <layer rank="1" name="Verb"/>
            </annotationSet>
        </sentence>
        <sentence sentNo="0" aPos="18845578" ID="1109646">
            <text>She had been experiencing considerable feelings of grief about her husband and had been able to cry on occasions . </text>
            <annotationSet cDate="01/08/2003 02:48:16 PST Wed" status="UNANN" ID="1670426">
                <layer rank="1" name="BNC">
                    <label end="2" start="0" name="PNP"/>
                    <label end="6" start="4" name="VHD"/>
                    <label end="11" start="8" name="VBN"/>
                    <label end="24" start="13" name="VVG"/>
                    <label end="37" start="26" name="AJ0"/>
                    <label end="46" start="39" name="NN2"/>
                    <label end="49" start="48" name="PRF"/>
                    <label end="55" start="51" name="NN1"/>
                    <label end="61" start="57" name="PRP"/>
                    <label end="65" start="63" name="DPS"/>
                    <label end="73" start="67" name="NN1"/>
                    <label end="77" start="75" name="CJC"/>
                    <label end="81" start="79" name="VHD"/>
                    <label end="86" start="83" name="VBN"/>
                    <label end="91" start="88" name="AJ0"/>
                    <label end="94" start="93" name="TO0"/>
                    <label end="98" start="96" name="VVI"/>
                    <label end="101" start="100" name="PRP"/>
                    <label end="111" start="103" name="NN2"/>
                    <label end="113" start="113" name="PUN"/>
                </layer>
                <layer rank="1" name="NER"/>
                <layer rank="1" name="WSL"/>
            </annotationSet>
            <annotationSet cDate="01/08/2003 02:48:16 PST Wed" status="MANUAL" ID="1670427">
                <layer rank="1" name="FE">
                    <label cBy="GlY" feID="3554" end="2" start="0" name="Experiencer"/>
                    <label cBy="GlY" feID="3555" end="73" start="26" name="Emotion"/>
                </layer>
                <layer rank="1" name="GF">
                    <label end="2" start="0" name="Ext"/>
                    <label end="73" start="26" name="Obj"/>
                </layer>
                <layer rank="1" name="PT">
                    <label end="2" start="0" name="NP"/>
                    <label end="73" start="26" name="NP"/>
                </layer>
                <layer rank="1" name="Sent"/>
                <layer rank="1" name="Other"/>
                <layer rank="1" name="Target">
                    <label cBy="BoC" end="24" start="13" name="Target"/>
                </layer>
                <layer rank="1" name="Verb"/>
            </annotationSet>
        </sentence>
        <sentence sentNo="0" aPos="66525763" ID="1109652">
            <text>I remember experiencing a feeling of tremendous excitement , not thinking for a moment of the implications of war , of bombing , of deaths , of families parted from their sons , husbands and brothers . </text>
            <annotationSet cDate="01/08/2003 02:48:16 PST Wed" status="UNANN" ID="1670438">
                <layer rank="1" name="BNC">
                    <label end="0" start="0" name="PNP"/>
                    <label end="9" start="2" name="VVB"/>
                    <label end="22" start="11" name="VVG"/>
                    <label end="24" start="24" name="AT0"/>
                    <label end="32" start="26" name="NN1"/>
                    <label end="35" start="34" name="PRF"/>
                    <label end="46" start="37" name="AJ0"/>
                    <label end="57" start="48" name="NN1"/>
                    <label end="59" start="59" name="PUN"/>
                    <label end="63" start="61" name="XX0"/>
                    <label end="72" start="65" name="VVG"/>
                    <label end="76" start="74" name="PRP"/>
                    <label end="78" start="78" name="AT0"/>
                    <label end="85" start="80" name="NN1"/>
                    <label end="88" start="87" name="PRF"/>
                    <label end="92" start="90" name="AT0"/>
                    <label end="105" start="94" name="NN2"/>
                    <label end="108" start="107" name="PRF"/>
                    <label end="112" start="110" name="NN1"/>
                    <label end="114" start="114" name="PUN"/>
                    <label end="117" start="116" name="PRF"/>
                    <label end="125" start="119" name="NN1-VVG"/>
                    <label end="127" start="127" name="PUN"/>
                    <label end="130" start="129" name="PRF"/>
                    <label end="137" start="132" name="NN2"/>
                    <label end="139" start="139" name="PUN"/>
                    <label end="142" start="141" name="PRF"/>
                    <label end="151" start="144" name="NN2"/>
                    <label end="158" start="153" name="VVD-VVN"/>
                    <label end="163" start="160" name="PRP"/>
                    <label end="169" start="165" name="DPS"/>
                    <label end="174" start="171" name="NN2"/>
                    <label end="176" start="176" name="PUN"/>
                    <label end="185" start="178" name="NN2"/>
                    <label end="189" start="187" name="CJC"/>
                    <label end="198" start="191" name="NN2"/>
                    <label end="200" start="200" name="PUN"/>
                </layer>
                <layer rank="1" name="NER"/>
                <layer rank="1" name="WSL"/>
            </annotationSet>
            <annotationSet cDate="01/08/2003 02:48:17 PST Wed" status="MANUAL" ID="1670439">
                <layer rank="1" name="FE">
                    <label cBy="GlY" feID="3555" end="57" start="24" name="Emotion"/>
                    <label cBy="GlY" feID="3554" end="0" start="0" name="Experiencer"/>
                </layer>
                <layer rank="1" name="GF">
                    <label end="57" start="24" name="Obj"/>
                    <label end="0" start="0" name="Ext"/>
                </layer>
                <layer rank="1" name="PT">
                    <label end="57" start="24" name="NP"/>
                    <label end="0" start="0" name="NP"/>
                </layer>
                <layer rank="1" name="Sent"/>
                <layer rank="1" name="Other"/>
                <layer rank="1" name="Target">
                    <label cBy="BoC" end="22" start="11" name="Target"/>
                </layer>
                <layer rank="1" name="Verb"/>
            </annotationSet>
        </sentence>
    </subCorpus>
    <subCorpus name="V-429-s20-rcoll-grief"/>
    <subCorpus name="V-429-s20-rcoll-guilt">
        <sentence sentNo="0" aPos="31421515" ID="1109667">
            <text>We experience guilt when we blame ourselves or our actions for events . </text>
            <annotationSet cDate="01/08/2003 02:48:18 PST Wed" status="UNANN" ID="1670468">
                <layer rank="1" name="BNC">
                    <label end="1" start="0" name="PNP"/>
                    <label end="12" start="3" name="VVB"/>
                    <label end="18" start="14" name="NN1-VVB"/>
                    <label end="23" start="20" name="AVQ-CJS"/>
                    <label end="26" start="25" name="PNP"/>
                    <label end="32" start="28" name="VVB"/>
                    <label end="42" start="34" name="PNX"/>
                    <label end="45" start="44" name="CJC"/>
                    <label end="49" start="47" name="DPS"/>
                    <label end="57" start="51" name="NN2"/>
                    <label end="61" start="59" name="PRP"/>
                    <label end="68" start="63" name="NN2"/>
                    <label end="70" start="70" name="PUN"/>
                </layer>
                <layer rank="1" name="NER"/>
                <layer rank="1" name="WSL"/>
            </annotationSet>
            <annotationSet cDate="01/08/2003 02:48:18 PST Wed" status="MANUAL" ID="1670469">
                <layer rank="1" name="FE">
                    <label cBy="GlY" feID="3554" end="1" start="0" name="Experiencer"/>
                    <label cBy="GlY" feID="3555" end="18" start="14" name="Emotion"/>
                </layer>
                <layer rank="1" name="GF">
                    <label end="1" start="0" name="Ext"/>
                    <label end="18" start="14" name="Obj"/>
                </layer>
                <layer rank="1" name="PT">
                    <label end="1" start="0" name="NP"/>
                    <label end="18" start="14" name="NP"/>
                </layer>
                <layer rank="1" name="Sent"/>
                <layer rank="1" name="Other"/>
                <layer rank="1" name="Target">
                    <label cBy="BoC" end="12" start="3" name="Target"/>
                </layer>
                <layer rank="1" name="Verb"/>
            </annotationSet>
        </sentence>
        <sentence sentNo="0" aPos="69192201" ID="1109670">
            <text>He experienced guilt nonetheless : guilt over the way he had treated his mother and guilt about Patricia Hoskin . </text>
            <annotationSet cDate="01/08/2003 02:48:19 PST Wed" status="UNANN" ID="1670474">
                <layer rank="1" name="BNC">
                    <label end="1" start="0" name="PNP"/>
                    <label end="13" start="3" name="VVD"/>
                    <label end="19" start="15" name="NN1"/>
                    <label end="31" start="21" name="AV0"/>
                    <label end="33" start="33" name="PUN"/>
                    <label end="39" start="35" name="NN1"/>
                    <label end="44" start="41" name="PRP"/>
                    <label end="48" start="46" name="AT0"/>
                    <label end="52" start="50" name="NN1"/>
                    <label end="55" start="54" name="PNP"/>
                    <label end="59" start="57" name="VHD"/>
                    <label end="67" start="61" name="VVN"/>
                    <label end="71" start="69" name="DPS"/>
                    <label end="78" start="73" name="NN1"/>
                    <label end="82" start="80" name="CJC"/>
                    <label end="88" start="84" name="NN1"/>
                    <label end="94" start="90" name="PRP"/>
                    <label end="103" start="96" name="NP0"/>
                    <label end="110" start="105" name="NN1-NP0"/>
                    <label end="112" start="112" name="PUN"/>
                </layer>
                <layer rank="1" name="NER"/>
                <layer rank="1" name="WSL"/>
            </annotationSet>
            <annotationSet cDate="01/08/2003 02:48:19 PST Wed" status="MANUAL" ID="1670475">
                <layer rank="1" name="FE">
                    <label cBy="GlY" feID="3554" end="1" start="0" name="Experiencer"/>
                    <label cBy="GlY" feID="3555" end="19" start="15" name="Emotion"/>
                </layer>
                <layer rank="1" name="GF">
                    <label end="1" start="0" name="Ext"/>
                    <label end="19" start="15" name="Obj"/>
                </layer>
                <layer rank="1" name="PT">
                    <label end="1" start="0" name="NP"/>
                    <label end="19" start="15" name="NP"/>
                </layer>
                <layer rank="1" name="Sent"/>
                <layer rank="1" name="Other"/>
                <layer rank="1" name="Target">
                    <label cBy="BoC" end="13" start="3" name="Target"/>
                </layer>
                <layer rank="1" name="Verb"/>
            </annotationSet>
        </sentence>
        <sentence sentNo="0" aPos="100658401" ID="1109671">
            <text>Lindsey experienced a sharp pang of guilt . </text>
            <annotationSet cDate="01/08/2003 02:48:19 PST Wed" status="UNANN" ID="1670476">
                <layer rank="1" name="BNC">
                    <label end="6" start="0" name="NN1-NP0"/>
                    <label end="18" start="8" name="VVD"/>
                    <label end="20" start="20" name="AT0"/>
                    <label end="26" start="22" name="AJ0"/>
                    <label end="31" start="28" name="NN1"/>
                    <label end="34" start="33" name="PRF"/>
                    <label end="40" start="36" name="NN1"/>
                    <label end="42" start="42" name="PUN"/>
                </layer>
                <layer rank="1" name="NER"/>
                <layer rank="1" name="WSL"/>
            </annotationSet>
            <annotationSet cDate="01/08/2003 02:48:19 PST Wed" status="MANUAL" ID="1670477">
                <layer rank="1" name="FE">
                    <label cBy="GlY" feID="3554" end="6" start="0" name="Experiencer"/>
                    <label cBy="GlY" feID="3555" end="40" start="20" name="Emotion"/>
                </layer>
                <layer rank="1" name="GF">
                    <label end="6" start="0" name="Ext"/>
                    <label end="40" start="20" name="Obj"/>
                </layer>
                <layer rank="1" name="PT">
                    <label end="6" start="0" name="NP"/>
                    <label end="40" start="20" name="NP"/>
                </layer>
                <layer rank="1" name="Sent"/>
                <layer rank="1" name="Other"/>
                <layer rank="1" name="Target">
                    <label cBy="BoC" end="18" start="8" name="Target"/>
                </layer>
                <layer rank="1" name="Verb"/>
            </annotationSet>
        </sentence>
    </subCorpus>
    <subCorpus name="V-429-s20-rcoll-joy">
        <sentence sentNo="0" aPos="10409076" ID="1109672">
            <text>May we learn to experience the joy of giving . </text>
            <annotationSet cDate="01/08/2003 02:48:19 PST Wed" status="UNANN" ID="1670478">
                <layer rank="1" name="BNC">
                    <label end="2" start="0" name="NP0"/>
                    <label end="5" start="4" name="PNP"/>
                    <label end="11" start="7" name="VVI"/>
                    <label end="14" start="13" name="TO0"/>
                    <label end="25" start="16" name="VVI"/>
                    <label end="29" start="27" name="AT0"/>
                    <label end="33" start="31" name="NN1"/>
                    <label end="36" start="35" name="PRF"/>
                    <label end="43" start="38" name="VVG"/>
                    <label end="45" start="45" name="PUN"/>
                </layer>
                <layer rank="1" name="NER"/>
                <layer rank="1" name="WSL"/>
            </annotationSet>
            <annotationSet cDate="01/08/2003 02:48:19 PST Wed" status="MANUAL" ID="1670479">
                <layer rank="1" name="FE">
                    <label cBy="GlY" feID="3555" end="43" start="27" name="Emotion"/>
                    <label cBy="GlY" feID="3554" end="5" start="4" name="Experiencer"/>
                </layer>
                <layer rank="1" name="GF">
                    <label end="43" start="27" name="Obj"/>
                    <label end="5" start="4" name="Ext"/>
                </layer>
                <layer rank="1" name="PT">
                    <label end="43" start="27" name="NP"/>
                    <label end="5" start="4" name="NP"/>
                </layer>
                <layer rank="1" name="Sent"/>
                <layer rank="1" name="Other"/>
                <layer rank="1" name="Target">
                    <label cBy="BoC" end="25" start="16" name="Target"/>
                </layer>
                <layer rank="1" name="Verb"/>
            </annotationSet>
        </sentence>
        <sentence sentNo="0" aPos="29191091" ID="1109679">
            <text>May we experience the joy of your presence in our midst , for you live and reign as Lord of all , one God to be praised and glorified for ever and ever . </text>
            <annotationSet cDate="01/08/2003 02:48:20 PST Wed" status="UNANN" ID="1670492">
                <layer rank="1" name="BNC">
                    <label end="2" start="0" name="NP0"/>
                    <label end="5" start="4" name="PNP"/>
                    <label end="16" start="7" name="VVI"/>
                    <label end="20" start="18" name="AT0"/>
                    <label end="24" start="22" name="NN1"/>
                    <label end="27" start="26" name="PRF"/>
                    <label end="32" start="29" name="DPS"/>
                    <label end="41" start="34" name="NN1"/>
                    <label end="44" start="43" name="PRP"/>
                    <label end="48" start="46" name="DPS"/>
                    <label end="54" start="50" name="NN1"/>
                    <label end="56" start="56" name="PUN"/>
                    <label end="60" start="58" name="CJS-PRP"/>
                    <label end="64" start="62" name="PNP"/>
                    <label end="69" start="66" name="VVB"/>
                    <label end="73" start="71" name="CJC"/>
                    <label end="79" start="75" name="NN1-VVB"/>
                    <label end="82" start="81" name="CJS-PRP"/>
                    <label end="87" start="84" name="NN1-NP0"/>
                    <label end="90" start="89" name="PRF"/>
                    <label end="94" start="92" name="DT0"/>
                    <label end="96" start="96" name="PUN"/>
                    <label end="100" start="98" name="CRD"/>
                    <label end="104" start="102" name="NN1-NP0"/>
                    <label end="107" start="106" name="TO0"/>
                    <label end="110" start="109" name="VBI"/>
                    <label end="118" start="112" name="VVN"/>
                    <label end="122" start="120" name="CJC"/>
                    <label end="132" start="124" name="VVN"/>
                    <label end="136" start="134" name="AV0"/>
                    <label end="141" start="138" name="AV0"/>
                    <label end="145" start="143" name="CJC"/>
                    <label end="150" start="147" name="AV0"/>
                    <label end="152" start="152" name="PUN"/>
                </layer>
                <layer rank="1" name="NER"/>
                <layer rank="1" name="WSL"/>
            </annotationSet>
            <annotationSet cDate="01/08/2003 02:48:20 PST Wed" status="MANUAL" ID="1670493">
                <layer rank="1" name="FE">
                    <label cBy="GlY" feID="3555" end="54" start="18" name="Emotion"/>
                    <label cBy="GlY" feID="3554" end="5" start="4" name="Experiencer"/>
                </layer>
                <layer rank="1" name="GF">
                    <label end="54" start="18" name="Obj"/>
                    <label end="5" start="4" name="Ext"/>
                </layer>
                <layer rank="1" name="PT">
                    <label end="54" start="18" name="NP"/>
                    <label end="5" start="4" name="NP"/>
                </layer>
                <layer rank="1" name="Sent"/>
                <layer rank="1" name="Other"/>
                <layer rank="1" name="Target">
                    <label cBy="BoC" end="16" start="7" name="Target"/>
                </layer>
                <layer rank="1" name="Verb"/>
            </annotationSet>
        </sentence>
        <sentence sentNo="0" aPos="83060975" ID="1109684">
            <text>He experienced the joy of scoring Omagh 's first two goals in the opening period but had the opposite feelings of emotion when he was sent off in the last minute . </text>
            <annotationSet cDate="01/08/2003 02:48:21 PST Wed" status="UNANN" ID="1670502">
                <layer rank="1" name="BNC">
                    <label end="1" start="0" name="PNP"/>
                    <label end="13" start="3" name="VVD"/>
                    <label end="17" start="15" name="AT0"/>
                    <label end="21" start="19" name="NN1"/>
                    <label end="24" start="23" name="PRF"/>
                    <label end="32" start="26" name="VVG"/>
                    <label end="38" start="34" name="NP0"/>
                    <label end="41" start="40" name="POS"/>
                    <label end="47" start="43" name="ORD"/>
                    <label end="51" start="49" name="CRD"/>
                    <label end="57" start="53" name="NN2"/>
                    <label end="60" start="59" name="PRP"/>
                    <label end="64" start="62" name="AT0"/>
                    <label end="72" start="66" name="AJ0-NN1"/>
                    <label end="79" start="74" name="NN1"/>
                    <label end="83" start="81" name="CJC"/>
                    <label end="87" start="85" name="VHD"/>
                    <label end="91" start="89" name="AT0"/>
                    <label end="100" start="93" name="AJ0"/>
                    <label end="109" start="102" name="NN2"/>
                    <label end="112" start="111" name="PRF"/>
                    <label end="120" start="114" name="NN1"/>
                    <label end="125" start="122" name="AVQ-CJS"/>
                    <label end="128" start="127" name="PNP"/>
                    <label end="132" start="130" name="VBD"/>
                    <label end="137" start="134" name="VVN"/>
                    <label end="141" start="139" name="AVP"/>
                    <label end="144" start="143" name="PRP"/>
                    <label end="148" start="146" name="AT0"/>
                    <label end="153" start="150" name="ORD"/>
                    <label end="160" start="155" name="NN1"/>
                    <label end="162" start="162" name="PUN"/>
                </layer>
                <layer rank="1" name="NER"/>
                <layer rank="1" name="WSL"/>
            </annotationSet>
            <annotationSet cDate="01/08/2003 02:48:21 PST Wed" status="MANUAL" ID="1670503">
                <layer rank="1" name="FE">
                    <label cBy="GlY" feID="3554" end="1" start="0" name="Experiencer"/>
                    <label cBy="GlY" feID="3555" end="79" start="15" name="Emotion"/>
                </layer>
                <layer rank="1" name="GF">
                    <label end="1" start="0" name="Ext"/>
                    <label end="79" start="15" name="Obj"/>
                </layer>
                <layer rank="1" name="PT">
                    <label end="1" start="0" name="NP"/>
                    <label end="79" start="15" name="NP"/>
                </layer>
                <layer rank="1" name="Sent"/>
                <layer rank="1" name="Other"/>
                <layer rank="1" name="Target">
                    <label cBy="BoC" end="13" start="3" name="Target"/>
                </layer>
                <layer rank="1" name="Verb"/>
            </annotationSet>
        </sentence>
        <sentence sentNo="0" aPos="89461148" ID="1109685">
            <text>Your son/daughter will experience joy , peace and togetherness . </text>
            <annotationSet cDate="01/08/2003 02:48:21 PST Wed" status="UNANN" ID="1670504">
                <layer rank="1" name="BNC">
                    <label end="3" start="0" name="DPS"/>
                    <label end="16" start="5" name="UNC"/>
                    <label end="21" start="18" name="VM0"/>
                    <label end="32" start="23" name="VVI"/>
                    <label end="36" start="34" name="NN1"/>
                    <label end="38" start="38" name="PUN"/>
                    <label end="44" start="40" name="NN1"/>
                    <label end="48" start="46" name="CJC"/>
                    <label end="61" start="50" name="NN1"/>
                    <label end="63" start="63" name="PUN"/>
                </layer>
                <layer rank="1" name="NER"/>
                <layer rank="1" name="WSL"/>
            </annotationSet>
            <annotationSet cDate="01/08/2003 02:48:21 PST Wed" status="MANUAL" ID="1670505">
                <layer rank="1" name="FE">
                    <label cBy="GlY" feID="3554" end="16" start="0" name="Experiencer"/>
                    <label cBy="GlY" feID="3555" end="61" start="34" name="Emotion"/>
                </layer>
                <layer rank="1" name="GF">
                    <label end="16" start="0" name="Ext"/>
                    <label end="61" start="34" name="Obj"/>
                </layer>
                <layer rank="1" name="PT">
                    <label end="16" start="0" name="NP"/>
                    <label end="61" start="34" name="NP"/>
                </layer>
                <layer rank="1" name="Sent"/>
                <layer rank="1" name="Other"/>
                <layer rank="1" name="Target">
                    <label cBy="BoC" end="32" start="23" name="Target"/>
                </layer>
                <layer rank="1" name="Verb"/>
            </annotationSet>
        </sentence>
    </subCorpus>
    <subCorpus name="V-429-s20-rcoll-pleasure">
        <sentence sentNo="0" aPos="4314132" ID="1109688">
            <text>It 's a struggle with young people , alongside them as they experience the pleasures and pains , the excitements and disappointments of growing up in a hostile world . </text>
            <annotationSet cDate="01/08/2003 02:48:21 PST Wed" status="UNANN" ID="1670510">
                <layer rank="1" name="BNC">
                    <label end="1" start="0" name="PNP"/>
                    <label end="4" start="3" name="VBZ"/>
                    <label end="6" start="6" name="AT0"/>
                    <label end="15" start="8" name="NN1"/>
                    <label end="20" start="17" name="PRP"/>
                    <label end="26" start="22" name="AJ0"/>
                    <label end="33" start="28" name="NN0"/>
                    <label end="35" start="35" name="PUN"/>
                    <label end="45" start="37" name="AV0"/>
                    <label end="50" start="47" name="PNP"/>
                    <label end="53" start="52" name="CJS"/>
                    <label end="58" start="55" name="PNP"/>
                    <label end="69" start="60" name="VVB"/>
                    <label end="73" start="71" name="AT0"/>
                    <label end="83" start="75" name="NN2"/>
                    <label end="87" start="85" name="CJC"/>
                    <label end="93" start="89" name="NN2"/>
                    <label end="95" start="95" name="PUN"/>
                    <label end="99" start="97" name="AT0"/>
                    <label end="111" start="101" name="NN2"/>
                    <label end="115" start="113" name="CJC"/>
                    <label end="131" start="117" name="NN2"/>
                    <label end="134" start="133" name="PRF"/>
                    <label end="142" start="136" name="VVG"/>
                    <label end="145" start="144" name="AVP"/>
                    <label end="148" start="147" name="PRP"/>
                    <label end="150" start="150" name="AT0"/>
                    <label end="158" start="152" name="AJ0"/>
                    <label end="164" start="160" name="NN1"/>
                    <label end="166" start="166" name="PUN"/>
                </layer>
                <layer rank="1" name="NER"/>
                <layer rank="1" name="WSL"/>
            </annotationSet>
            <annotationSet cDate="01/08/2003 02:48:21 PST Wed" status="MANUAL" ID="1670511">
                <layer rank="1" name="FE">
                    <label cBy="GlY" feID="3555" end="83" start="71" name="Emotion"/>
                    <label cBy="GlY" feID="3554" end="58" start="55" name="Experiencer"/>
                </layer>
                <layer rank="1" name="GF">
                    <label end="83" start="71" name="Obj"/>
                    <label end="58" start="55" name="Ext"/>
                </layer>
                <layer rank="1" name="PT">
                    <label end="83" start="71" name="NP"/>
                    <label end="58" start="55" name="NP"/>
                </layer>
                <layer rank="1" name="Sent"/>
                <layer rank="1" name="Other"/>
                <layer rank="1" name="Target">
                    <label cBy="BoC" end="69" start="60" name="Target"/>
                </layer>
                <layer rank="1" name="Verb"/>
            </annotationSet>
        </sentence>
        <sentence sentNo="0" aPos="34118005" ID="1109695">
            <text>She could experience the pleasure of lovemaking with every nerve-ending in her body . </text>
            <annotationSet cDate="01/08/2003 02:48:22 PST Wed" status="UNANN" ID="1670524">
                <layer rank="1" name="BNC">
                    <label end="2" start="0" name="PNP"/>
                    <label end="8" start="4" name="VM0"/>
                    <label end="19" start="10" name="VVI"/>
                    <label end="23" start="21" name="AT0"/>
                    <label end="32" start="25" name="NN1"/>
                    <label end="35" start="34" name="PRF"/>
                    <label end="46" start="37" name="VVG"/>
                    <label end="51" start="48" name="PRP"/>
                    <label end="57" start="53" name="AT0"/>
                    <label end="70" start="59" name="AJ0-NN1"/>
                    <label end="73" start="72" name="PRP"/>
                    <label end="77" start="75" name="DPS"/>
                    <label end="82" start="79" name="NN1"/>
                    <label end="84" start="84" name="PUN"/>
                </layer>
                <layer rank="1" name="NER"/>
                <layer rank="1" name="WSL"/>
            </annotationSet>
            <annotationSet cDate="01/08/2003 02:48:22 PST Wed" status="MANUAL" ID="1670525">
                <layer rank="1" name="FE">
                    <label cBy="GlY" feID="3555" end="46" start="21" name="Emotion"/>
                    <label cBy="GlY" feID="3554" end="2" start="0" name="Experiencer"/>
                </layer>
                <layer rank="1" name="GF">
                    <label end="46" start="21" name="Dep"/>
                    <label end="2" start="0" name="Ext"/>
                </layer>
                <layer rank="1" name="PT">
                    <label end="46" start="21" name="NP"/>
                    <label end="2" start="0" name="NP"/>
                </layer>
                <layer rank="1" name="Sent"/>
                <layer rank="1" name="Other"/>
                <layer rank="1" name="Target">
                    <label cBy="BoC" end="19" start="10" name="Target"/>
                </layer>
                <layer rank="1" name="Verb"/>
            </annotationSet>
        </sentence>
        <sentence sentNo="0" aPos="69469538" ID="1109698">
            <text>With a good heavy hot iron , it would stop belling out here and there , she thought , and she experienced a flash of pleasure at the quickness and deftness of her work . </text>
            <annotationSet cDate="01/08/2003 02:48:22 PST Wed" status="UNANN" ID="1670530">
                <layer rank="1" name="BNC">
                    <label end="3" start="0" name="PRP"/>
                    <label end="5" start="5" name="AT0"/>
                    <label end="10" start="7" name="AJ0"/>
                    <label end="16" start="12" name="AJ0"/>
                    <label end="20" start="18" name="AJ0"/>
                    <label end="25" start="22" name="NN1"/>
                    <label end="27" start="27" name="PUN"/>
                    <label end="30" start="29" name="PNP"/>
                    <label end="36" start="32" name="VM0"/>
                    <label end="41" start="38" name="VVI"/>
                    <label end="49" start="43" name="VVG"/>
                    <label end="53" start="51" name="AVP"/>
                    <label end="58" start="55" name="AV0"/>
                    <label end="62" start="60" name="CJC"/>
                    <label end="68" start="64" name="AV0"/>
                    <label end="70" start="70" name="PUN"/>
                    <label end="74" start="72" name="PNP"/>
                    <label end="82" start="76" name="VVD"/>
                    <label end="84" start="84" name="PUN"/>
                    <label end="88" start="86" name="CJC"/>
                    <label end="92" start="90" name="PNP"/>
                    <label end="104" start="94" name="VVD"/>
                    <label end="106" start="106" name="AT0"/>
                    <label end="112" start="108" name="NN1"/>
                    <label end="115" start="114" name="PRF"/>
                    <label end="124" start="117" name="NN1"/>
                    <label end="127" start="126" name="PRP"/>
                    <label end="131" start="129" name="AT0"/>
                    <label end="141" start="133" name="NN1"/>
                    <label end="145" start="143" name="CJC"/>
                    <label end="154" start="147" name="NN1"/>
                    <label end="157" start="156" name="PRF"/>
                    <label end="161" start="159" name="DPS"/>
                    <label end="166" start="163" name="NN1"/>
                    <label end="168" start="168" name="PUN"/>
                </layer>
                <layer rank="1" name="NER"/>
                <layer rank="1" name="WSL"/>
            </annotationSet>
            <annotationSet cDate="01/08/2003 02:48:22 PST Wed" status="MANUAL" ID="1670531">
                <layer rank="1" name="FE">
                    <label cBy="GlY" feID="3554" end="92" start="90" name="Experiencer"/>
                    <label cBy="GlY" feID="3555" end="166" start="106" name="Emotion"/>
                </layer>
                <layer rank="1" name="GF">
                    <label end="92" start="90" name="Ext"/>
                    <label end="166" start="106" name="Obj"/>
                </layer>
                <layer rank="1" name="PT">
                    <label end="92" start="90" name="NP"/>
                    <label end="166" start="106" name="NP"/>
                </layer>
                <layer rank="1" name="Sent"/>
                <layer rank="1" name="Other"/>
                <layer rank="1" name="Target">
                    <label cBy="BoC" end="104" start="94" name="Target"/>
                </layer>
                <layer rank="1" name="Verb"/>
            </annotationSet>
        </sentence>
        <sentence sentNo="0" aPos="83800834" ID="1109702">
            <text>She squatted at the edge of the dug soil , experiencing pleasure in her own body 's supple movement and the warmth of the sun on her skin , and looked along the rows of plants . </text>
            <annotationSet cDate="01/08/2003 02:48:23 PST Wed" status="UNANN" ID="1670538">
                <layer rank="1" name="BNC">
                    <label end="2" start="0" name="PNP"/>
                    <label end="11" start="4" name="VVD"/>
                    <label end="14" start="13" name="PRP"/>
                    <label end="18" start="16" name="AT0"/>
                    <label end="23" start="20" name="NN1"/>
                    <label end="26" start="25" name="PRF"/>
                    <label end="30" start="28" name="AT0"/>
                    <label end="34" start="32" name="NN1"/>
                    <label end="39" start="36" name="NN1"/>
                    <label end="41" start="41" name="PUN"/>
                    <label end="54" start="43" name="VVG"/>
                    <label end="63" start="56" name="NN1"/>
                    <label end="66" start="65" name="PRP"/>
                    <label end="70" start="68" name="DPS"/>
                    <label end="74" start="72" name="DT0"/>
                    <label end="79" start="76" name="NN1"/>
                    <label end="82" start="81" name="POS"/>
                    <label end="89" start="84" name="AJ0"/>
                    <label end="98" start="91" name="NN1"/>
                    <label end="102" start="100" name="CJC"/>
                    <label end="106" start="104" name="AT0"/>
                    <label end="113" start="108" name="NN1"/>
                    <label end="116" start="115" name="PRF"/>
                    <label end="120" start="118" name="AT0"/>
                    <label end="124" start="122" name="NN1"/>
                    <label end="127" start="126" name="PRP"/>
                    <label end="131" start="129" name="DPS"/>
                    <label end="136" start="133" name="NN1"/>
                    <label end="138" start="138" name="PUN"/>
                    <label end="142" start="140" name="CJC"/>
                    <label end="149" start="144" name="VVD-VVN"/>
                    <label end="155" start="151" name="AVP-PRP"/>
                    <label end="159" start="157" name="AT0"/>
                    <label end="164" start="161" name="NN2"/>
                    <label end="167" start="166" name="PRF"/>
                    <label end="174" start="169" name="NN2"/>
                    <label end="176" start="176" name="PUN"/>
                </layer>
                <layer rank="1" name="NER"/>
                <layer rank="1" name="WSL"/>
            </annotationSet>
            <annotationSet cDate="01/08/2003 02:48:23 PST Wed" status="MANUAL" ID="1670539">
                <layer rank="1" name="FE">
                    <label cBy="GlY" feID="3555" end="136" start="56" name="Emotion"/>
                    <label cBy="GlY" feID="3554" end="2" start="0" name="Experiencer"/>
                </layer>
                <layer rank="1" name="GF">
                    <label end="136" start="56" name="Obj"/>
                    <label end="2" start="0" name="Ext"/>
                </layer>
                <layer rank="1" name="PT">
                    <label end="136" start="56" name="NP"/>
                    <label end="2" start="0" name="NP"/>
                </layer>
                <layer rank="1" name="Sent"/>
                <layer rank="1" name="Other"/>
                <layer rank="1" name="Target">
                    <label cBy="BoC" end="54" start="43" name="Target"/>
                </layer>
                <layer rank="1" name="Verb"/>
            </annotationSet>
        </sentence>
    </subCorpus>
    <subCorpus name="V-670-s20-pass-by">
        <sentence sentNo="0" aPos="44825721" ID="1109711">
            <text>Broadly speaking , this theory states that stress or dissatisfaction is more likely to be experienced by an individual if her/his ranks are discrepant -- for instance the ranks associated with income , education and ethnic group . </text>
            <annotationSet cDate="01/08/2003 02:48:24 PST Wed" status="UNANN" ID="1670556">
                <layer rank="1" name="BNC">
                    <label end="6" start="0" name="AV0"/>
                    <label end="15" start="8" name="AJ0-VVG"/>
                    <label end="17" start="17" name="PUN"/>
                    <label end="22" start="19" name="DT0"/>
                    <label end="29" start="24" name="NN1"/>
                    <label end="36" start="31" name="VVZ"/>
                    <label end="41" start="38" name="CJT-DT0"/>
                    <label end="48" start="43" name="NN1"/>
                    <label end="51" start="50" name="CJC"/>
                    <label end="67" start="53" name="NN1"/>
                    <label end="70" start="69" name="VBZ"/>
                    <label end="75" start="72" name="AV0"/>
                    <label end="82" start="77" name="AJ0"/>
                    <label end="85" start="84" name="TO0"/>
                    <label end="88" start="87" name="VBI"/>
                    <label end="100" start="90" name="VVN"/>
                    <label end="103" start="102" name="PRP"/>
                    <label end="106" start="105" name="AT0"/>
                    <label end="117" start="108" name="AJ0-NN1"/>
                    <label end="120" start="119" name="CJS"/>
                    <label end="128" start="122" name="UNC"/>
                    <label end="134" start="130" name="NN2"/>
                    <label end="138" start="136" name="VBB"/>
                    <label end="149" start="140" name="AJ0"/>
                    <label end="152" start="151" name="PUN"/>
                    <label end="156" start="154" name="AV0"/>
                    <label end="165" start="158" name="AV0"/>
                    <label end="169" start="167" name="AT0"/>
                    <label end="175" start="171" name="NN2"/>
                    <label end="186" start="177" name="VVD-VVN"/>
                    <label end="191" start="188" name="PRP"/>
                    <label end="198" start="193" name="NN1"/>
                    <label end="200" start="200" name="PUN"/>
                    <label end="210" start="202" name="NN1"/>
                    <label end="214" start="212" name="CJC"/>
                    <label end="221" start="216" name="AJ0"/>
                    <label end="227" start="223" name="NN0"/>
                    <label end="229" start="229" name="PUN"/>
                </layer>
                <layer rank="1" name="NER"/>
                <layer rank="1" name="WSL"/>
            </annotationSet>
            <annotationSet cDate="01/08/2003 02:48:24 PST Wed" status="MANUAL" ID="1670557">
                <layer rank="1" name="FE">
                    <label cBy="GlY" feID="3554" end="117" start="102" name="Experiencer"/>
                    <label cBy="GlY" feID="3555" end="67" start="43" name="Emotion"/>
                </layer>
                <layer rank="1" name="GF">
                    <label end="117" start="102" name="Dep"/>
                    <label end="67" start="43" name="Ext"/>
                </layer>
                <layer rank="1" name="PT">
                    <label end="117" start="102" name="PP"/>
                    <label end="67" start="43" name="NP"/>
                </layer>
                <layer rank="1" name="Sent"/>
                <layer rank="1" name="Other"/>
                <layer rank="1" name="Target">
                    <label cBy="BoC" end="100" start="90" name="Target"/>
                </layer>
                <layer rank="1" name="Verb"/>
            </annotationSet>
        </sentence>
    </subCorpus>
    <subCorpus name="V-680-s20-pass"/>
    <subCorpus name="V-880-s20-intrans-simple"/>
    <subCorpus name="V-890-s20-intrans-adverb"/>
    <subCorpus name="V-900-s20-other"/>
    <subCorpus name="manually-added"/>
</lexUnit>