<?xml version="1.0" encoding="UTF-8" standalone="yes"?>
<?xml-stylesheet type="text/xsl" href="lexUnit.xsl"?>
<lexUnit status="Finished_Initial" POS="N" name="exhilaration.n" ID="7288" frame="Emotion_directed" frameID="46" totalAnnotated="4" xsi:schemaLocation="../schema/lexUnit.xsd" xmlns="http://framenet.icsi.berkeley.edu" xmlns:xsi="http://www.w3.org/2001/XMLSchema-instance">
    <header>
        <frame>
            <FE fgColor="FFFFFF" bgColor="00BFFF" type="Extra-Thematic" abbrev="cir" name="Circumstances"/>
            <FE fgColor="FFFFFF" bgColor="FF69B4" type="Peripheral" abbrev="Degr" name="Degree"/>
            <FE fgColor="FFFFFF" bgColor="0000FF" type="Extra-Thematic" abbrev="ET" name="Empathy_target"/>
            <FE fgColor="FFFFFF" bgColor="A52A2A" type="Core" abbrev="Event" name="Event"/>
            <FE fgColor="FFFFFF" bgColor="800080" type="Core" abbrev="Exp" name="Experiencer"/>
            <FE fgColor="FFFFFF" bgColor="00008B" type="Extra-Thematic" abbrev="Exp" name="Explanation"/>
            <FE fgColor="FFFFFF" bgColor="008000" type="Core" abbrev="Exr" name="Expressor"/>
            <FE fgColor="000000" bgColor="7FFF00" type="Extra-Thematic" abbrev="" name="Frequency"/>
            <FE fgColor="FFFFFF" bgColor="FF00FF" type="Peripheral" abbrev="" name="Manner"/>
            <FE fgColor="FFFFFF" bgColor="2E8B57" type="Peripheral" abbrev="" name="Parameter"/>
            <FE fgColor="FFFFFF" bgColor="9F79EE" type="Core" abbrev="State" name="State"/>
            <FE fgColor="FFFFFF" bgColor="FF0000" type="Core" abbrev="Stim" name="Stimulus"/>
            <FE fgColor="FFFFFF" bgColor="FFA500" type="Core" abbrev="Top" name="Topic"/>
        </frame>
    </header>
    <definition>FN: the state of being excited and elated</definition>
    <lexeme POS="N" name="exhilaration"/>
    <valences>
        <FERealization total="1">
            <FE name="Degree"/>
            <pattern total="1">
                <valenceUnit GF="Dep" PT="AJP" FE="Degree"/>
                <annoSet ID="1681291"/>
            </pattern>
        </FERealization>
        <FERealization total="2">
            <FE name="Experiencer"/>
            <pattern total="2">
                <valenceUnit GF="Gen" PT="Poss" FE="Experiencer"/>
                <annoSet ID="1681253"/>
                <annoSet ID="1681289"/>
            </pattern>
        </FERealization>
        <FERealization total="1">
            <FE name="Stimulus"/>
            <pattern total="1">
                <valenceUnit GF="Dep" PT="PPing[of]" FE="Stimulus"/>
                <annoSet ID="1681249"/>
            </pattern>
        </FERealization>
        <FEGroupRealization total="1">
            <FE name="Degree"/>
            <pattern total="1">
                <valenceUnit GF="Dep" PT="AJP" FE="Degree"/>
                <annoSet ID="1681291"/>
            </pattern>
        </FEGroupRealization>
        <FEGroupRealization total="2">
            <FE name="Experiencer"/>
            <pattern total="2">
                <valenceUnit GF="Gen" PT="Poss" FE="Experiencer"/>
                <annoSet ID="1681253"/>
                <annoSet ID="1681289"/>
            </pattern>
        </FEGroupRealization>
        <FEGroupRealization total="1">
            <FE name="Stimulus"/>
            <pattern total="1">
                <valenceUnit GF="Dep" PT="PPing[of]" FE="Stimulus"/>
                <annoSet ID="1681249"/>
            </pattern>
        </FEGroupRealization>
    </valences>
    <subCorpus name="N-001-all">
        <sentence sentNo="0" aPos="61566336" ID="1115057">
            <text>Her cheeks were already aglow from a combination of the heat and the exhilaration of being the centre of attention , and this had lent an extra , youthful radiance to her beauty . </text>
            <annotationSet cDate="01/08/2003 03:01:25 PST Wed" status="UNANN" ID="1681248">
                <layer rank="1" name="BNC">
                    <label end="2" start="0" name="DPS"/>
                    <label end="9" start="4" name="NN2"/>
                    <label end="14" start="11" name="VBD"/>
                    <label end="22" start="16" name="AV0"/>
                    <label end="28" start="24" name="AJ0"/>
                    <label end="33" start="30" name="PRP"/>
                    <label end="35" start="35" name="AT0"/>
                    <label end="47" start="37" name="NN1"/>
                    <label end="50" start="49" name="PRF"/>
                    <label end="54" start="52" name="AT0"/>
                    <label end="59" start="56" name="NN1"/>
                    <label end="63" start="61" name="CJC"/>
                    <label end="67" start="65" name="AT0"/>
                    <label end="80" start="69" name="NN1"/>
                    <label end="83" start="82" name="PRF"/>
                    <label end="89" start="85" name="VBG"/>
                    <label end="93" start="91" name="AT0"/>
                    <label end="100" start="95" name="NN1"/>
                    <label end="103" start="102" name="PRF"/>
                    <label end="113" start="105" name="NN1"/>
                    <label end="115" start="115" name="PUN"/>
                    <label end="119" start="117" name="CJC"/>
                    <label end="124" start="121" name="DT0"/>
                    <label end="128" start="126" name="VHD"/>
                    <label end="133" start="130" name="VVN"/>
                    <label end="136" start="135" name="AT0"/>
                    <label end="142" start="138" name="AJ0"/>
                    <label end="144" start="144" name="PUN"/>
                    <label end="153" start="146" name="AJ0"/>
                    <label end="162" start="155" name="NN1"/>
                    <label end="165" start="164" name="PRP"/>
                    <label end="169" start="167" name="DPS"/>
                    <label end="176" start="171" name="NN1"/>
                    <label end="178" start="178" name="PUN"/>
                </layer>
                <layer rank="1" name="NER"/>
                <layer rank="1" name="WSL"/>
            </annotationSet>
            <annotationSet cDate="01/08/2003 03:01:25 PST Wed" status="MANUAL" ID="1681249">
                <layer rank="1" name="FE">
                    <label cBy="RLG" feID="197" end="113" start="82" name="Stimulus"/>
                </layer>
                <layer rank="1" name="GF">
                    <label end="113" start="82" name="Dep"/>
                </layer>
                <layer rank="1" name="PT">
                    <label end="113" start="82" name="PPing"/>
                </layer>
                <layer rank="1" name="Sent"/>
                <layer rank="1" name="Other"/>
                <layer rank="1" name="Target">
                    <label cBy="BoC" end="80" start="69" name="Target"/>
                </layer>
                <layer rank="1" name="Noun"/>
            </annotationSet>
        </sentence>
        <sentence sentNo="0" aPos="61592410" ID="1115059">
            <text>Then in his foolish exhilaration he had leaped into a tree and spotted them with his binoculars . </text>
            <annotationSet cDate="01/08/2003 03:01:25 PST Wed" status="UNANN" ID="1681252">
                <layer rank="1" name="BNC">
                    <label end="3" start="0" name="AV0"/>
                    <label end="6" start="5" name="PRP"/>
                    <label end="10" start="8" name="DPS"/>
                    <label end="18" start="12" name="AJ0"/>
                    <label end="31" start="20" name="NN1"/>
                    <label end="34" start="33" name="PNP"/>
                    <label end="38" start="36" name="VHD"/>
                    <label end="45" start="40" name="VVN"/>
                    <label end="50" start="47" name="PRP"/>
                    <label end="52" start="52" name="AT0"/>
                    <label end="57" start="54" name="NN1"/>
                    <label end="61" start="59" name="CJC"/>
                    <label end="69" start="63" name="VVD"/>
                    <label end="74" start="71" name="PNP"/>
                    <label end="79" start="76" name="PRP"/>
                    <label end="83" start="81" name="DPS"/>
                    <label end="94" start="85" name="NN2"/>
                    <label end="96" start="96" name="PUN"/>
                </layer>
                <layer rank="1" name="NER"/>
                <layer rank="1" name="WSL"/>
            </annotationSet>
            <annotationSet cDate="01/08/2003 03:01:26 PST Wed" status="MANUAL" ID="1681253">
                <layer rank="1" name="FE">
                    <label cBy="RLG" feID="194" end="10" start="8" name="Experiencer"/>
                </layer>
                <layer rank="1" name="GF">
                    <label end="10" start="8" name="Gen"/>
                </layer>
                <layer rank="1" name="PT">
                    <label end="10" start="8" name="Poss"/>
                </layer>
                <layer rank="1" name="Sent"/>
                <layer rank="1" name="Other"/>
                <layer rank="1" name="Target">
                    <label cBy="BoC" end="31" start="20" name="Target"/>
                </layer>
                <layer rank="1" name="Noun"/>
            </annotationSet>
        </sentence>
        <sentence sentNo="0" aPos="74110480" ID="1115077">
            <text>The contrast with her exhilaration on the frozen lake had come so swiftly . </text>
            <annotationSet cDate="01/08/2003 03:01:28 PST Wed" status="UNANN" ID="1681288">
                <layer rank="1" name="BNC">
                    <label end="2" start="0" name="AT0"/>
                    <label end="11" start="4" name="NN1"/>
                    <label end="16" start="13" name="PRP"/>
                    <label end="20" start="18" name="DPS"/>
                    <label end="33" start="22" name="NN1"/>
                    <label end="36" start="35" name="PRP"/>
                    <label end="40" start="38" name="AT0"/>
                    <label end="47" start="42" name="AJ0"/>
                    <label end="52" start="49" name="NN1"/>
                    <label end="56" start="54" name="VHD"/>
                    <label end="61" start="58" name="VVN"/>
                    <label end="64" start="63" name="AV0"/>
                    <label end="72" start="66" name="AV0"/>
                    <label end="74" start="74" name="PUN"/>
                </layer>
                <layer rank="1" name="NER"/>
                <layer rank="1" name="WSL"/>
            </annotationSet>
            <annotationSet cDate="01/08/2003 03:01:28 PST Wed" status="MANUAL" ID="1681289">
                <layer rank="1" name="FE">
                    <label cBy="RLG" feID="194" end="20" start="18" name="Experiencer"/>
                </layer>
                <layer rank="1" name="GF">
                    <label end="20" start="18" name="Gen"/>
                </layer>
                <layer rank="1" name="PT">
                    <label end="20" start="18" name="Poss"/>
                </layer>
                <layer rank="1" name="Sent"/>
                <layer rank="1" name="Other"/>
                <layer rank="1" name="Target">
                    <label cBy="BoC" end="33" start="22" name="Target"/>
                </layer>
                <layer rank="1" name="Noun"/>
            </annotationSet>
        </sentence>
        <sentence sentNo="0" aPos="74131948" ID="1115078">
            <text>I had been working for more than an hour and my wrists ached from the continuous chopping , but I was filled with an immense exhilaration . </text>
            <annotationSet cDate="01/08/2003 03:01:28 PST Wed" status="UNANN" ID="1681290">
                <layer rank="1" name="BNC">
                    <label end="0" start="0" name="PNP"/>
                    <label end="4" start="2" name="VHD"/>
                    <label end="9" start="6" name="VBN"/>
                    <label end="17" start="11" name="VVG"/>
                    <label end="21" start="19" name="PRP"/>
                    <label end="26" start="23" name="DT0"/>
                    <label end="31" start="28" name="CJS"/>
                    <label end="34" start="33" name="AT0"/>
                    <label end="39" start="36" name="NN1"/>
                    <label end="43" start="41" name="CJC"/>
                    <label end="46" start="45" name="DPS"/>
                    <label end="53" start="48" name="NN2"/>
                    <label end="59" start="55" name="VVD-VVN"/>
                    <label end="64" start="61" name="PRP"/>
                    <label end="68" start="66" name="AT0"/>
                    <label end="79" start="70" name="AJ0"/>
                    <label end="88" start="81" name="NN1"/>
                    <label end="90" start="90" name="PUN"/>
                    <label end="94" start="92" name="CJC"/>
                    <label end="96" start="96" name="PNP"/>
                    <label end="100" start="98" name="VBD"/>
                    <label end="107" start="102" name="VVN"/>
                    <label end="112" start="109" name="PRP"/>
                    <label end="115" start="114" name="AT0"/>
                    <label end="123" start="117" name="AJ0"/>
                    <label end="136" start="125" name="NN1"/>
                    <label end="138" start="138" name="PUN"/>
                </layer>
                <layer rank="1" name="NER"/>
                <layer rank="1" name="WSL"/>
            </annotationSet>
            <annotationSet cDate="01/08/2003 03:01:28 PST Wed" status="MANUAL" ID="1681291">
                <layer rank="1" name="FE">
                    <label cBy="RLG" feID="1891" end="123" start="117" name="Degree"/>
                </layer>
                <layer rank="1" name="GF">
                    <label end="123" start="117" name="Dep"/>
                </layer>
                <layer rank="1" name="PT">
                    <label end="123" start="117" name="AJP"/>
                </layer>
                <layer rank="1" name="Sent"/>
                <layer rank="1" name="Other"/>
                <layer rank="1" name="Target">
                    <label cBy="BoC" end="136" start="125" name="Target"/>
                </layer>
                <layer rank="1" name="Noun"/>
            </annotationSet>
        </sentence>
    </subCorpus>
</lexUnit>