<?xml version="1.0" encoding="UTF-8" standalone="yes"?>
<?xml-stylesheet type="text/xsl" href="lexUnit.xsl"?>
<lexUnit status="Created" POS="N" name="TV room.n" ID="7294" frame="Building_subparts" frameID="188" totalAnnotated="0" xsi:schemaLocation="../schema/lexUnit.xsd" xmlns="http://framenet.icsi.berkeley.edu" xmlns:xsi="http://www.w3.org/2001/XMLSchema-instance">
    <header>
        <frame>
            <FE fgColor="FFFFFF" bgColor="FF0000" type="Core" abbrev="" name="Building_part"/>
            <FE fgColor="FFFFFF" bgColor="800080" type="Extra-Thematic" abbrev="Des" name="Descriptor"/>
            <FE fgColor="000000" bgColor="808080" type="Peripheral" abbrev="" name="Place"/>
            <FE fgColor="FFFFFF" bgColor="008000" type="Extra-Thematic" abbrev="" name="Type"/>
            <FE fgColor="000000" bgColor="FFA500" type="Peripheral" abbrev="" name="Use"/>
            <FE fgColor="FFFFFF" bgColor="0000FF" type="Peripheral" abbrev="" name="Whole"/>
        </frame>
    </header>
    <definition>FN: the room which houses a television set and is used primarily for watching television and relaxing</definition>
    <lexeme order="1" headword="false" breakBefore="false" POS="N" name="tv"/>
    <lexeme order="2" headword="true" breakBefore="false" POS="N" name="room"/>
    <valences/>
</lexUnit>