<?xml version="1.0" encoding="UTF-8" standalone="yes"?>
<?xml-stylesheet type="text/xsl" href="lexUnit.xsl"?>
<lexUnit status="Finished_Initial" POS="V" name="chill.v" ID="7295" frame="Cause_temperature_change" frameID="334" totalAnnotated="11" xsi:schemaLocation="../schema/lexUnit.xsd" xmlns="http://framenet.icsi.berkeley.edu" xmlns:xsi="http://www.w3.org/2001/XMLSchema-instance">
    <header>
        <frame>
            <FE fgColor="FFFFFF" bgColor="FF0000" type="Core" abbrev="Agt" name="Agent"/>
            <FE fgColor="FFFFFF" bgColor="2E8B57" type="Core" abbrev="Cause" name="Cause"/>
            <FE fgColor="FFFFFF" bgColor="00BFFF" type="Extra-Thematic" abbrev="cir" name="Circumstances"/>
            <FE fgColor="FFFFFF" bgColor="1E90FF" type="Peripheral" abbrev="Container" name="Container"/>
            <FE fgColor="FFFFFF" bgColor="FF69B4" type="Peripheral" abbrev="Degr" name="Degree"/>
            <FE fgColor="FFFFFF" bgColor="9400D3" type="Extra-Thematic" abbrev="Depict" name="Depictive"/>
            <FE fgColor="FFFFFF" bgColor="A9A9A9" type="Peripheral" abbrev="Dur" name="Duration"/>
            <FE fgColor="FFFFFF" bgColor="A52A2A" type="Core" abbrev="H/C" name="Hot_Cold_source"/>
            <FE fgColor="FFFFFF" bgColor="808080" type="Peripheral" abbrev="Ins" name="Instrument"/>
            <FE fgColor="FFFFFF" bgColor="0000FF" type="Core" abbrev="Item" name="Item"/>
            <FE fgColor="FFFFFF" bgColor="FF00FF" type="Peripheral" abbrev="Mnr" name="Manner"/>
            <FE fgColor="FFFFFF" bgColor="A52A2A" type="Peripheral" abbrev="Mns" name="Means"/>
            <FE fgColor="FFFFFF" bgColor="008000" type="Peripheral" abbrev="Place" name="Place"/>
            <FE fgColor="FFFFFF" bgColor="800080" type="Extra-Thematic" abbrev="Purp" name="Purpose"/>
            <FE fgColor="FFFFFF" bgColor="9F79EE" type="Extra-Thematic" abbrev="Result" name="Result"/>
            <FE fgColor="FFFFFF" bgColor="00008B" type="Extra-Thematic" abbrev="sub" name="Subregion"/>
            <FE fgColor="FFFFFF" bgColor="9400D3" type="Peripheral" abbrev="" name="Temperature_change"/>
            <FE fgColor="FFFFFF" bgColor="006400" type="Peripheral" abbrev="Temperature_goal" name="Temperature_goal"/>
            <FE fgColor="FFFFFF" bgColor="7CCD73" type="Peripheral" abbrev="Temperature_start" name="Temperature_start"/>
            <FE fgColor="FFFFFF" bgColor="FFA500" type="Peripheral" abbrev="Time" name="Time"/>
        </frame>
    </header>
    <definition>COD: make cold. </definition>
    <lexeme POS="V" name="chill"/>
    <valences>
        <FERealization total="11">
            <FE name="Agent"/>
            <pattern total="9">
                <valenceUnit GF="" PT="CNI" FE="Agent"/>
                <annoSet ID="1683781"/>
                <annoSet ID="1683841"/>
                <annoSet ID="1683843"/>
                <annoSet ID="1683847"/>
                <annoSet ID="1683903"/>
                <annoSet ID="1683913"/>
                <annoSet ID="1683929"/>
                <annoSet ID="1684005"/>
                <annoSet ID="1684097"/>
            </pattern>
            <pattern total="2">
                <valenceUnit GF="Ext" PT="NP" FE="Agent"/>
                <annoSet ID="1683807"/>
                <annoSet ID="1683945"/>
            </pattern>
        </FERealization>
        <FERealization total="1">
            <FE name="Circumstances"/>
            <pattern total="1">
                <valenceUnit GF="Dep" PT="Sub" FE="Circumstances"/>
                <annoSet ID="1683945"/>
            </pattern>
        </FERealization>
        <FERealization total="1">
            <FE name="Container"/>
            <pattern total="1">
                <valenceUnit GF="Dep" PT="PP[in]" FE="Container"/>
                <annoSet ID="1684005"/>
            </pattern>
        </FERealization>
        <FERealization total="11">
            <FE name="Hot_Cold_source"/>
            <pattern total="11">
                <valenceUnit GF="" PT="INI" FE="Hot_Cold_source"/>
                <annoSet ID="1683781"/>
                <annoSet ID="1683807"/>
                <annoSet ID="1683841"/>
                <annoSet ID="1683843"/>
                <annoSet ID="1683847"/>
                <annoSet ID="1683903"/>
                <annoSet ID="1683913"/>
                <annoSet ID="1683929"/>
                <annoSet ID="1683945"/>
                <annoSet ID="1684005"/>
                <annoSet ID="1684097"/>
            </pattern>
        </FERealization>
        <FERealization total="11">
            <FE name="Item"/>
            <pattern total="5">
                <valenceUnit GF="Ext" PT="NP" FE="Item"/>
                <annoSet ID="1683903"/>
                <annoSet ID="1683913"/>
                <annoSet ID="1683929"/>
                <annoSet ID="1684005"/>
                <annoSet ID="1684097"/>
            </pattern>
            <pattern total="6">
                <valenceUnit GF="Obj" PT="NP" FE="Item"/>
                <annoSet ID="1683781"/>
                <annoSet ID="1683807"/>
                <annoSet ID="1683841"/>
                <annoSet ID="1683843"/>
                <annoSet ID="1683847"/>
                <annoSet ID="1683945"/>
            </pattern>
        </FERealization>
        <FERealization total="3">
            <FE name="Manner"/>
            <pattern total="3">
                <valenceUnit GF="Dep" PT="AVP" FE="Manner"/>
                <annoSet ID="1683841"/>
                <annoSet ID="1683903"/>
                <annoSet ID="1684097"/>
            </pattern>
        </FERealization>
        <FERealization total="1">
            <FE name="Means"/>
            <pattern total="1">
                <valenceUnit GF="Dep" PT="PP[by]" FE="Means"/>
                <annoSet ID="1683781"/>
            </pattern>
        </FERealization>
        <FERealization total="1">
            <FE name="Temperature_change"/>
            <pattern total="1">
                <valenceUnit GF="Dep" PT="NP" FE="Temperature_change"/>
                <annoSet ID="1683945"/>
            </pattern>
        </FERealization>
        <FERealization total="1">
            <FE name="Temperature_goal"/>
            <pattern total="1">
                <valenceUnit GF="Dep" PT="PP[to]" FE="Temperature_goal"/>
                <annoSet ID="1683847"/>
            </pattern>
        </FERealization>
        <FERealization total="2">
            <FE name="Time"/>
            <pattern total="1">
                <valenceUnit GF="Dep" PT="PPing[before]" FE="Time"/>
                <annoSet ID="1683841"/>
            </pattern>
            <pattern total="1">
                <valenceUnit GF="Dep" PT="PPing[during]" FE="Time"/>
                <annoSet ID="1683843"/>
            </pattern>
        </FERealization>
        <FEGroupRealization total="1">
            <FE name="Agent"/>
            <FE name="Circumstances"/>
            <FE name="Hot_Cold_source"/>
            <FE name="Item"/>
            <FE name="Temperature_change"/>
            <pattern total="1">
                <valenceUnit GF="Ext" PT="NP" FE="Agent"/>
                <valenceUnit GF="Dep" PT="Sub" FE="Circumstances"/>
                <valenceUnit GF="" PT="INI" FE="Hot_Cold_source"/>
                <valenceUnit GF="Obj" PT="NP" FE="Item"/>
                <valenceUnit GF="Dep" PT="NP" FE="Temperature_change"/>
                <annoSet ID="1683945"/>
            </pattern>
        </FEGroupRealization>
        <FEGroupRealization total="1">
            <FE name="Agent"/>
            <FE name="Container"/>
            <FE name="Hot_Cold_source"/>
            <FE name="Item"/>
            <pattern total="1">
                <valenceUnit GF="" PT="CNI" FE="Agent"/>
                <valenceUnit GF="Dep" PT="PP[in]" FE="Container"/>
                <valenceUnit GF="" PT="INI" FE="Hot_Cold_source"/>
                <valenceUnit GF="Ext" PT="NP" FE="Item"/>
                <annoSet ID="1684005"/>
            </pattern>
        </FEGroupRealization>
        <FEGroupRealization total="2">
            <FE name="Agent"/>
            <FE name="Hot_Cold_source"/>
            <FE name="Item"/>
            <pattern total="1">
                <valenceUnit GF="" PT="CNI" FE="Agent"/>
                <valenceUnit GF="" PT="INI" FE="Hot_Cold_source"/>
                <valenceUnit GF="Ext" PT="NP" FE="Item"/>
                <annoSet ID="1683913"/>
            </pattern>
            <pattern total="1">
                <valenceUnit GF="Ext" PT="NP" FE="Agent"/>
                <valenceUnit GF="" PT="INI" FE="Hot_Cold_source"/>
                <valenceUnit GF="Obj" PT="NP" FE="Item"/>
                <annoSet ID="1683807"/>
            </pattern>
        </FEGroupRealization>
        <FEGroupRealization total="1">
            <FE name="Agent"/>
            <FE name="Hot_Cold_source"/>
            <FE name="Item"/>
            <FE name="Item"/>
            <pattern total="1">
                <valenceUnit GF="" PT="CNI" FE="Agent"/>
                <valenceUnit GF="" PT="INI" FE="Hot_Cold_source"/>
                <valenceUnit GF="Ext" PT="NP" FE="Item"/>
                <valenceUnit GF="Ext" PT="NP" FE="Item"/>
                <annoSet ID="1683929"/>
            </pattern>
        </FEGroupRealization>
        <FEGroupRealization total="2">
            <FE name="Agent"/>
            <FE name="Hot_Cold_source"/>
            <FE name="Item"/>
            <FE name="Manner"/>
            <pattern total="2">
                <valenceUnit GF="" PT="CNI" FE="Agent"/>
                <valenceUnit GF="" PT="INI" FE="Hot_Cold_source"/>
                <valenceUnit GF="Ext" PT="NP" FE="Item"/>
                <valenceUnit GF="Dep" PT="AVP" FE="Manner"/>
                <annoSet ID="1683903"/>
                <annoSet ID="1684097"/>
            </pattern>
        </FEGroupRealization>
        <FEGroupRealization total="1">
            <FE name="Agent"/>
            <FE name="Hot_Cold_source"/>
            <FE name="Item"/>
            <FE name="Manner"/>
            <FE name="Time"/>
            <pattern total="1">
                <valenceUnit GF="" PT="CNI" FE="Agent"/>
                <valenceUnit GF="" PT="INI" FE="Hot_Cold_source"/>
                <valenceUnit GF="Obj" PT="NP" FE="Item"/>
                <valenceUnit GF="Dep" PT="AVP" FE="Manner"/>
                <valenceUnit GF="Dep" PT="PPing[before]" FE="Time"/>
                <annoSet ID="1683841"/>
            </pattern>
        </FEGroupRealization>
        <FEGroupRealization total="1">
            <FE name="Agent"/>
            <FE name="Hot_Cold_source"/>
            <FE name="Item"/>
            <FE name="Means"/>
            <pattern total="1">
                <valenceUnit GF="" PT="CNI" FE="Agent"/>
                <valenceUnit GF="" PT="INI" FE="Hot_Cold_source"/>
                <valenceUnit GF="Obj" PT="NP" FE="Item"/>
                <valenceUnit GF="Dep" PT="PP[by]" FE="Means"/>
                <annoSet ID="1683781"/>
            </pattern>
        </FEGroupRealization>
        <FEGroupRealization total="1">
            <FE name="Agent"/>
            <FE name="Hot_Cold_source"/>
            <FE name="Item"/>
            <FE name="Temperature_goal"/>
            <pattern total="1">
                <valenceUnit GF="" PT="CNI" FE="Agent"/>
                <valenceUnit GF="" PT="INI" FE="Hot_Cold_source"/>
                <valenceUnit GF="Obj" PT="NP" FE="Item"/>
                <valenceUnit GF="Dep" PT="PP[to]" FE="Temperature_goal"/>
                <annoSet ID="1683847"/>
            </pattern>
        </FEGroupRealization>
        <FEGroupRealization total="1">
            <FE name="Agent"/>
            <FE name="Hot_Cold_source"/>
            <FE name="Item"/>
            <FE name="Time"/>
            <pattern total="1">
                <valenceUnit GF="" PT="CNI" FE="Agent"/>
                <valenceUnit GF="" PT="INI" FE="Hot_Cold_source"/>
                <valenceUnit GF="Obj" PT="NP" FE="Item"/>
                <valenceUnit GF="Dep" PT="PPing[during]" FE="Time"/>
                <annoSet ID="1683843"/>
            </pattern>
        </FEGroupRealization>
    </valences>
    <subCorpus name="V-429-s20-rcoll-blood"/>
    <subCorpus name="V-429-s20-rcoll-face"/>
    <subCorpus name="V-429-s20-rcoll-glass">
        <sentence sentNo="0" aPos="31475578" ID="1116323">
            <text>* This is usually done by chilling the outside of the hot glass by means of air jets . </text>
            <annotationSet cDate="01/08/2003 03:04:24 PST Wed" status="UNANN" ID="1683780">
                <layer rank="1" name="BNC">
                    <label end="0" start="0" name="UNC"/>
                    <label end="5" start="2" name="DT0"/>
                    <label end="8" start="7" name="VBZ"/>
                    <label end="16" start="10" name="AV0"/>
                    <label end="21" start="18" name="VDN"/>
                    <label end="24" start="23" name="PRP"/>
                    <label end="33" start="26" name="VVG"/>
                    <label end="37" start="35" name="AT0"/>
                    <label end="45" start="39" name="PRP"/>
                    <label end="48" start="47" name="PRP"/>
                    <label end="52" start="50" name="AT0"/>
                    <label end="56" start="54" name="AJ0"/>
                    <label end="62" start="58" name="NN1"/>
                    <label end="65" start="64" name="PRP"/>
                    <label end="71" start="67" name="PRP"/>
                    <label end="74" start="73" name="PRP"/>
                    <label end="78" start="76" name="NN1"/>
                    <label end="83" start="80" name="NN2-VVZ"/>
                    <label end="85" start="85" name="PUN"/>
                </layer>
                <layer rank="1" name="NER"/>
                <layer rank="1" name="WSL"/>
            </annotationSet>
            <annotationSet cDate="01/08/2003 03:04:24 PST Wed" status="MANUAL" ID="1683781">
                <layer rank="1" name="FE">
                    <label cBy="Sns" feID="2889" end="62" start="35" name="Item"/>
                    <label cBy="Sns" feID="2911" end="83" start="64" name="Means"/>
                    <label cBy="Sns" feID="2887" itype="CNI" name="Agent"/>
                    <label cBy="jLu" feID="3046" itype="INI" name="Hot_Cold_source"/>
                </layer>
                <layer rank="1" name="GF">
                    <label end="62" start="35" name="Obj"/>
                    <label end="83" start="64" name="Dep"/>
                </layer>
                <layer rank="1" name="PT">
                    <label end="62" start="35" name="NP"/>
                    <label end="83" start="64" name="PP"/>
                </layer>
                <layer rank="1" name="Sent"/>
                <layer rank="1" name="Other"/>
                <layer rank="1" name="Target">
                    <label cBy="BoC" end="33" start="26" name="Target"/>
                </layer>
                <layer rank="1" name="Verb"/>
            </annotationSet>
        </sentence>
    </subCorpus>
    <subCorpus name="V-429-s20-rcoll-heart"/>
    <subCorpus name="V-429-s20-rcoll-ice"/>
    <subCorpus name="V-429-s20-rcoll-pasta"/>
    <subCorpus name="V-429-s20-rcoll-skin"/>
    <subCorpus name="V-429-s20-rcoll-wine">
        <sentence sentNo="0" aPos="57942704" ID="1116336">
            <text>And you will be pleased to hear that I have even managed to bring a bucket of ice to chill the wine . &quot; </text>
            <annotationSet cDate="01/08/2003 03:04:26 PST Wed" status="UNANN" ID="1683806">
                <layer rank="1" name="BNC">
                    <label end="2" start="0" name="CJC"/>
                    <label end="6" start="4" name="PNP"/>
                    <label end="11" start="8" name="VM0"/>
                    <label end="14" start="13" name="VBI"/>
                    <label end="22" start="16" name="VVN"/>
                    <label end="25" start="24" name="TO0"/>
                    <label end="30" start="27" name="VVI"/>
                    <label end="35" start="32" name="CJT"/>
                    <label end="37" start="37" name="PNP"/>
                    <label end="42" start="39" name="VHB"/>
                    <label end="47" start="44" name="AV0"/>
                    <label end="55" start="49" name="VVN"/>
                    <label end="58" start="57" name="TO0"/>
                    <label end="64" start="60" name="VVI"/>
                    <label end="66" start="66" name="AT0"/>
                    <label end="73" start="68" name="NN1"/>
                    <label end="76" start="75" name="PRF"/>
                    <label end="80" start="78" name="NN1"/>
                    <label end="83" start="82" name="TO0"/>
                    <label end="89" start="85" name="VVI"/>
                    <label end="93" start="91" name="AT0"/>
                    <label end="98" start="95" name="NN1"/>
                    <label end="100" start="100" name="PUN"/>
                    <label end="102" start="102" name="PUQ"/>
                </layer>
                <layer rank="1" name="NER"/>
                <layer rank="1" name="WSL"/>
            </annotationSet>
            <annotationSet cDate="01/08/2003 03:04:26 PST Wed" status="MANUAL" ID="1683807">
                <layer rank="1" name="FE">
                    <label cBy="Sns" feID="2887" end="37" start="37" name="Agent"/>
                    <label cBy="Sns" feID="2889" end="98" start="91" name="Item"/>
                    <label cBy="jLu" feID="3046" itype="INI" name="Hot_Cold_source"/>
                </layer>
                <layer rank="1" name="GF">
                    <label end="37" start="37" name="Ext"/>
                    <label end="98" start="91" name="Obj"/>
                </layer>
                <layer rank="1" name="PT">
                    <label end="37" start="37" name="NP"/>
                    <label end="98" start="91" name="NP"/>
                </layer>
                <layer rank="1" name="Sent"/>
                <layer rank="1" name="Other"/>
                <layer rank="1" name="Target">
                    <label cBy="BoC" end="89" start="85" name="Target"/>
                </layer>
                <layer rank="1" name="Verb"/>
            </annotationSet>
        </sentence>
    </subCorpus>
    <subCorpus name="V-570-s20-np-ppfor"/>
    <subCorpus name="V-570-s20-np-ppin"/>
    <subCorpus name="V-570-s20-np-ppto"/>
    <subCorpus name="V-570-s20-np-ppwith"/>
    <subCorpus name="V-620-s20-np-ppother">
        <sentence sentNo="0" aPos="269637" ID="1116353">
            <text>It is best to chill the beer slightly before drinking . </text>
            <annotationSet cDate="01/08/2003 03:04:30 PST Wed" status="UNANN" ID="1683840">
                <layer rank="1" name="BNC">
                    <label end="1" start="0" name="PNP"/>
                    <label end="4" start="3" name="VBZ"/>
                    <label end="9" start="6" name="AV0"/>
                    <label end="12" start="11" name="TO0"/>
                    <label end="18" start="14" name="VVI"/>
                    <label end="22" start="20" name="AT0"/>
                    <label end="27" start="24" name="NN1"/>
                    <label end="36" start="29" name="AV0"/>
                    <label end="43" start="38" name="PRP"/>
                    <label end="52" start="45" name="NN1-VVG"/>
                    <label end="54" start="54" name="PUN"/>
                </layer>
                <layer rank="1" name="NER"/>
                <layer rank="1" name="WSL"/>
            </annotationSet>
            <annotationSet cDate="01/08/2003 03:04:30 PST Wed" status="MANUAL" ID="1683841">
                <layer rank="1" name="FE">
                    <label cBy="Sns" feID="2889" end="27" start="20" name="Item"/>
                    <label cBy="Sns" feID="2910" end="36" start="29" name="Manner"/>
                    <label cBy="Sns" feID="2914" end="52" start="38" name="Time"/>
                    <label cBy="Sns" feID="2887" itype="CNI" name="Agent"/>
                    <label cBy="jLu" feID="3046" itype="INI" name="Hot_Cold_source"/>
                </layer>
                <layer rank="1" name="GF">
                    <label end="27" start="20" name="Obj"/>
                    <label end="36" start="29" name="Dep"/>
                    <label end="52" start="38" name="Dep"/>
                </layer>
                <layer rank="1" name="PT">
                    <label end="27" start="20" name="NP"/>
                    <label end="36" start="29" name="AVP"/>
                    <label end="52" start="38" name="PPing"/>
                </layer>
                <layer rank="1" name="Sent"/>
                <layer rank="1" name="Other"/>
                <layer rank="1" name="Target">
                    <label cBy="BoC" end="18" start="14" name="Target"/>
                </layer>
                <layer rank="1" name="Verb"/>
            </annotationSet>
        </sentence>
        <sentence sentNo="0" aPos="47727159" ID="1116354">
            <text>After storage , care must be taken not to chill tubers during grading and transportation to the factory . </text>
            <annotationSet cDate="01/08/2003 03:04:30 PST Wed" status="UNANN" ID="1683842">
                <layer rank="1" name="BNC">
                    <label end="4" start="0" name="CJS-PRP"/>
                    <label end="12" start="6" name="NN1"/>
                    <label end="14" start="14" name="PUN"/>
                    <label end="19" start="16" name="NN1"/>
                    <label end="24" start="21" name="VM0"/>
                    <label end="27" start="26" name="VBI"/>
                    <label end="33" start="29" name="VVN"/>
                    <label end="37" start="35" name="XX0"/>
                    <label end="40" start="39" name="TO0"/>
                    <label end="46" start="42" name="VVI"/>
                    <label end="53" start="48" name="NN2"/>
                    <label end="60" start="55" name="PRP"/>
                    <label end="68" start="62" name="NN1-VVG"/>
                    <label end="72" start="70" name="CJC"/>
                    <label end="87" start="74" name="NN1"/>
                    <label end="90" start="89" name="PRP"/>
                    <label end="94" start="92" name="AT0"/>
                    <label end="102" start="96" name="NN1"/>
                    <label end="104" start="104" name="PUN"/>
                </layer>
                <layer rank="1" name="NER"/>
                <layer rank="1" name="WSL"/>
            </annotationSet>
            <annotationSet cDate="01/08/2003 03:04:30 PST Wed" status="MANUAL" ID="1683843">
                <layer rank="1" name="FE">
                    <label cBy="Sns" feID="2889" end="53" start="48" name="Item"/>
                    <label cBy="Sns" feID="2914" end="102" start="55" name="Time"/>
                    <label cBy="Sns" feID="2887" itype="CNI" name="Agent"/>
                    <label cBy="jLu" feID="3046" itype="INI" name="Hot_Cold_source"/>
                </layer>
                <layer rank="1" name="GF">
                    <label end="53" start="48" name="Obj"/>
                    <label end="102" start="55" name="Dep"/>
                </layer>
                <layer rank="1" name="PT">
                    <label end="53" start="48" name="NP"/>
                    <label end="102" start="55" name="PPing"/>
                </layer>
                <layer rank="1" name="Sent"/>
                <layer rank="1" name="Other"/>
                <layer rank="1" name="Target">
                    <label cBy="BoC" end="46" start="42" name="Target"/>
                </layer>
                <layer rank="1" name="Verb"/>
            </annotationSet>
        </sentence>
    </subCorpus>
    <subCorpus name="V-650-s20-np-pother">
        <sentence sentNo="0" aPos="41652684" ID="1116356">
            <text>Chilling the cotyledonary petiole to 0.5°C extends the time for spontaneous recovery to about 25 minutes . </text>
            <annotationSet cDate="01/08/2003 03:04:30 PST Wed" status="UNANN" ID="1683846">
                <layer rank="1" name="BNC">
                    <label end="7" start="0" name="VVG"/>
                    <label end="11" start="9" name="AT0"/>
                    <label end="24" start="13" name="AJ0"/>
                    <label end="32" start="26" name="NN1"/>
                    <label end="35" start="34" name="PRP"/>
                    <label end="41" start="37" name="UNC"/>
                    <label end="49" start="43" name="VVZ"/>
                    <label end="53" start="51" name="AT0"/>
                    <label end="58" start="55" name="NN1"/>
                    <label end="62" start="60" name="PRP"/>
                    <label end="74" start="64" name="AJ0"/>
                    <label end="83" start="76" name="NN1"/>
                    <label end="86" start="85" name="AVP-PRP"/>
                    <label end="92" start="88" name="AV0"/>
                    <label end="95" start="94" name="CRD"/>
                    <label end="103" start="97" name="NN2"/>
                    <label end="105" start="105" name="PUN"/>
                </layer>
                <layer rank="1" name="NER"/>
                <layer rank="1" name="WSL"/>
            </annotationSet>
            <annotationSet cDate="01/08/2003 03:04:30 PST Wed" status="MANUAL" ID="1683847">
                <layer rank="1" name="FE">
                    <label cBy="Sns" feID="2889" end="32" start="9" name="Item"/>
                    <label cBy="Sns" feID="2891" end="41" start="34" name="Temperature_goal"/>
                    <label cBy="Sns" feID="2887" itype="CNI" name="Agent"/>
                    <label cBy="jLu" feID="3046" itype="INI" name="Hot_Cold_source"/>
                </layer>
                <layer rank="1" name="GF">
                    <label end="32" start="9" name="Obj"/>
                    <label end="41" start="34" name="Dep"/>
                </layer>
                <layer rank="1" name="PT">
                    <label end="32" start="9" name="NP"/>
                    <label end="41" start="34" name="PP"/>
                </layer>
                <layer rank="1" name="Sent"/>
                <layer rank="1" name="Other"/>
                <layer rank="1" name="Target">
                    <label cBy="BoC" end="7" start="0" name="Target"/>
                </layer>
                <layer rank="1" name="Verb"/>
            </annotationSet>
        </sentence>
    </subCorpus>
    <subCorpus name="V-660-s20-trans-simple"/>
    <subCorpus name="V-670-s20-pass-by"/>
    <subCorpus name="V-680-s20-pass">
        <sentence sentNo="0" aPos="5714873" ID="1116384">
            <text>The ham is always easier to cut when it is well chilled and may be even easier to handle if it is lightly frozen . </text>
            <annotationSet cDate="01/08/2003 03:04:34 PST Wed" status="UNANN" ID="1683902">
                <layer rank="1" name="BNC">
                    <label end="2" start="0" name="AT0"/>
                    <label end="6" start="4" name="NN1"/>
                    <label end="9" start="8" name="VBZ"/>
                    <label end="16" start="11" name="AV0"/>
                    <label end="23" start="18" name="AJC"/>
                    <label end="26" start="25" name="TO0"/>
                    <label end="30" start="28" name="VVI"/>
                    <label end="35" start="32" name="AVQ"/>
                    <label end="38" start="37" name="PNP"/>
                    <label end="41" start="40" name="VBZ"/>
                    <label end="46" start="43" name="AV0"/>
                    <label end="54" start="48" name="VVN"/>
                    <label end="58" start="56" name="CJC"/>
                    <label end="62" start="60" name="VM0"/>
                    <label end="65" start="64" name="VBI"/>
                    <label end="70" start="67" name="AV0"/>
                    <label end="77" start="72" name="AJC"/>
                    <label end="80" start="79" name="TO0"/>
                    <label end="87" start="82" name="VVI"/>
                    <label end="90" start="89" name="CJS"/>
                    <label end="93" start="92" name="PNP"/>
                    <label end="96" start="95" name="VBZ"/>
                    <label end="104" start="98" name="AV0"/>
                    <label end="111" start="106" name="VVN"/>
                    <label end="113" start="113" name="PUN"/>
                </layer>
                <layer rank="1" name="NER"/>
                <layer rank="1" name="WSL"/>
            </annotationSet>
            <annotationSet cDate="01/08/2003 03:04:34 PST Wed" status="MANUAL" ID="1683903">
                <layer rank="1" name="FE">
                    <label cBy="Sns" feID="2889" end="38" start="37" name="Item"/>
                    <label cBy="Sns" feID="2910" end="46" start="43" name="Manner"/>
                    <label cBy="Sns" feID="2887" itype="CNI" name="Agent"/>
                    <label cBy="jLu" feID="3046" itype="INI" name="Hot_Cold_source"/>
                </layer>
                <layer rank="1" name="GF">
                    <label end="38" start="37" name="Ext"/>
                    <label end="46" start="43" name="Dep"/>
                </layer>
                <layer rank="1" name="PT">
                    <label end="38" start="37" name="NP"/>
                    <label end="46" start="43" name="AVP"/>
                </layer>
                <layer rank="1" name="Sent"/>
                <layer rank="1" name="Other"/>
                <layer rank="1" name="Target">
                    <label cBy="BoC" end="54" start="48" name="Target"/>
                </layer>
                <layer rank="1" name="Verb"/>
            </annotationSet>
        </sentence>
        <sentence sentNo="0" aPos="37063328" ID="1116389">
            <text>` It should be chilled . &quot; </text>
            <annotationSet cDate="01/08/2003 03:04:34 PST Wed" status="UNANN" ID="1683912">
                <layer rank="1" name="BNC">
                    <label end="0" start="0" name="PUQ"/>
                    <label end="3" start="2" name="PNP"/>
                    <label end="10" start="5" name="VM0"/>
                    <label end="13" start="12" name="VBI"/>
                    <label end="21" start="15" name="VVN"/>
                    <label end="23" start="23" name="PUN"/>
                    <label end="25" start="25" name="PUQ"/>
                </layer>
                <layer rank="1" name="NER"/>
                <layer rank="1" name="WSL"/>
            </annotationSet>
            <annotationSet cDate="01/08/2003 03:04:34 PST Wed" status="MANUAL" ID="1683913">
                <layer rank="1" name="FE">
                    <label cBy="Sns" feID="2889" end="3" start="2" name="Item"/>
                    <label cBy="Sns" feID="2887" itype="CNI" name="Agent"/>
                    <label cBy="jLu" feID="3046" itype="INI" name="Hot_Cold_source"/>
                </layer>
                <layer rank="1" name="GF">
                    <label end="3" start="2" name="Ext"/>
                </layer>
                <layer rank="1" name="PT">
                    <label end="3" start="2" name="NP"/>
                </layer>
                <layer rank="1" name="Sent"/>
                <layer rank="1" name="Other"/>
                <layer rank="1" name="Target">
                    <label cBy="BoC" end="21" start="15" name="Target"/>
                </layer>
                <layer rank="1" name="Verb"/>
            </annotationSet>
        </sentence>
        <sentence sentNo="0" aPos="34268145" ID="1116397">
            <text>And hospital volunteers in Devon sold sandwiches which had been chilled , but then displayed through the day with no refrigeration . </text>
            <annotationSet cDate="01/08/2003 03:04:35 PST Wed" status="UNANN" ID="1683928">
                <layer rank="1" name="BNC">
                    <label end="2" start="0" name="CJC"/>
                    <label end="11" start="4" name="NN1"/>
                    <label end="22" start="13" name="NN2-VVZ"/>
                    <label end="25" start="24" name="PRP"/>
                    <label end="31" start="27" name="NP0"/>
                    <label end="36" start="33" name="VVD"/>
                    <label end="47" start="38" name="NN2"/>
                    <label end="53" start="49" name="DTQ"/>
                    <label end="57" start="55" name="VHD"/>
                    <label end="62" start="59" name="VBN"/>
                    <label end="70" start="64" name="VVN"/>
                    <label end="72" start="72" name="PUN"/>
                    <label end="76" start="74" name="CJC"/>
                    <label end="81" start="78" name="AV0"/>
                    <label end="91" start="83" name="VVD-VVN"/>
                    <label end="99" start="93" name="PRP"/>
                    <label end="103" start="101" name="AT0"/>
                    <label end="107" start="105" name="NN1"/>
                    <label end="112" start="109" name="PRP"/>
                    <label end="115" start="114" name="AT0"/>
                    <label end="129" start="117" name="NN1"/>
                    <label end="131" start="131" name="PUN"/>
                </layer>
                <layer rank="1" name="NER"/>
                <layer rank="1" name="WSL"/>
            </annotationSet>
            <annotationSet cDate="01/08/2003 03:04:35 PST Wed" status="MANUAL" ID="1683929">
                <layer rank="1" name="FE">
                    <label cBy="Sns" feID="2889" end="47" start="38" name="Item"/>
                    <label cBy="Sns" feID="2887" itype="CNI" name="Agent"/>
                    <label cBy="jLu" feID="3046" itype="INI" name="Hot_Cold_source"/>
                    <label cBy="Hay" feID="2889" end="53" start="49" name="Item"/>
                </layer>
                <layer rank="1" name="GF">
                    <label end="47" start="38" name="Ext"/>
                    <label end="53" start="49" name="Ext"/>
                </layer>
                <layer rank="1" name="PT">
                    <label end="47" start="38" name="NP"/>
                    <label end="53" start="49" name="NP"/>
                </layer>
                <layer rank="1" name="Sent"/>
                <layer rank="1" name="Other">
                    <label end="47" start="38" name="Ant"/>
                    <label end="53" start="49" name="Rel"/>
                </layer>
                <layer rank="1" name="Target">
                    <label cBy="BoC" end="70" start="64" name="Target"/>
                </layer>
                <layer rank="1" name="Verb"/>
            </annotationSet>
        </sentence>
    </subCorpus>
    <subCorpus name="V-690-s20-trans-other">
        <sentence sentNo="0" aPos="56413792" ID="1116405">
            <text>If you injected cold air you 'd actually chill the furnace down a bit . </text>
            <annotationSet cDate="01/08/2003 03:04:36 PST Wed" status="UNANN" ID="1683944">
                <layer rank="1" name="BNC">
                    <label end="1" start="0" name="CJS"/>
                    <label end="5" start="3" name="PNP"/>
                    <label end="14" start="7" name="VVD"/>
                    <label end="19" start="16" name="AJ0"/>
                    <label end="23" start="21" name="NN1"/>
                    <label end="27" start="25" name="PNP"/>
                    <label end="30" start="29" name="VM0"/>
                    <label end="39" start="32" name="AV0"/>
                    <label end="45" start="41" name="VVI"/>
                    <label end="49" start="47" name="AT0"/>
                    <label end="57" start="51" name="NN1"/>
                    <label end="62" start="59" name="AVP-PRP"/>
                    <label end="64" start="64" name="PNI"/>
                    <label end="68" start="66" name="PNI"/>
                    <label end="70" start="70" name="PUN"/>
                </layer>
                <layer rank="1" name="NER"/>
                <layer rank="1" name="WSL"/>
            </annotationSet>
            <annotationSet cDate="01/08/2003 03:04:36 PST Wed" status="MANUAL" ID="1683945">
                <layer rank="1" name="FE">
                    <label cBy="Sns" feID="2887" end="27" start="25" name="Agent"/>
                    <label cBy="Sns" feID="2889" end="57" start="47" name="Item"/>
                    <label cBy="Sns" feID="3091" end="23" start="0" name="Circumstances"/>
                    <label cBy="jLu" feID="3046" itype="INI" name="Hot_Cold_source"/>
                    <label cBy="JKR" feID="2892" end="68" start="64" name="Temperature_change"/>
                </layer>
                <layer rank="1" name="GF">
                    <label end="27" start="25" name="Ext"/>
                    <label end="57" start="47" name="Obj"/>
                    <label end="23" start="0" name="Dep"/>
                    <label end="68" start="64" name="Dep"/>
                </layer>
                <layer rank="1" name="PT">
                    <label end="27" start="25" name="NP"/>
                    <label end="57" start="47" name="NP"/>
                    <label end="23" start="0" name="Sub"/>
                    <label end="68" start="64" name="NP"/>
                </layer>
                <layer rank="1" name="Sent"/>
                <layer rank="1" name="Other"/>
                <layer rank="1" name="Target">
                    <label cBy="BoC" end="45" start="41" name="Target"/>
                </layer>
                <layer rank="1" name="Verb"/>
            </annotationSet>
        </sentence>
    </subCorpus>
    <subCorpus name="V-710-s20-adverbquickly"/>
    <subCorpus name="V-710-s20-adverbslightly"/>
    <subCorpus name="V-730-s20-ppfor"/>
    <subCorpus name="V-730-s20-ppin">
        <sentence sentNo="0" aPos="49155674" ID="1116435">
            <text>The cooked babas are hollowed out , filled with confectioners ' custard , sugared , gratinés in the oven , chilled in the refrigerator , and ultimately served with a coulis of raspberries or caramelised peaches . </text>
            <annotationSet cDate="01/08/2003 03:04:40 PST Wed" status="UNANN" ID="1684004">
                <layer rank="1" name="BNC">
                    <label end="2" start="0" name="AT0"/>
                    <label end="9" start="4" name="AJ0"/>
                    <label end="15" start="11" name="NN2"/>
                    <label end="19" start="17" name="VBB"/>
                    <label end="28" start="21" name="VVN"/>
                    <label end="32" start="30" name="AVP"/>
                    <label end="34" start="34" name="PUN"/>
                    <label end="41" start="36" name="VVD-VVN"/>
                    <label end="46" start="43" name="PRP"/>
                    <label end="60" start="48" name="NN2"/>
                    <label end="62" start="62" name="POS"/>
                    <label end="70" start="64" name="NN1"/>
                    <label end="72" start="72" name="PUN"/>
                    <label end="80" start="74" name="VVD"/>
                    <label end="82" start="82" name="PUN"/>
                    <label end="91" start="84" name="NN2"/>
                    <label end="94" start="93" name="PRP"/>
                    <label end="98" start="96" name="AT0"/>
                    <label end="103" start="100" name="NN1"/>
                    <label end="105" start="105" name="PUN"/>
                    <label end="113" start="107" name="VVD-VVN"/>
                    <label end="116" start="115" name="PRP"/>
                    <label end="120" start="118" name="AT0"/>
                    <label end="133" start="122" name="NN1"/>
                    <label end="135" start="135" name="PUN"/>
                    <label end="139" start="137" name="CJC"/>
                    <label end="150" start="141" name="AV0"/>
                    <label end="157" start="152" name="VVD-VVN"/>
                    <label end="162" start="159" name="PRP"/>
                    <label end="164" start="164" name="AT0"/>
                    <label end="171" start="166" name="NN1"/>
                    <label end="174" start="173" name="PRF"/>
                    <label end="186" start="176" name="NN2"/>
                    <label end="189" start="188" name="CJC"/>
                    <label end="201" start="191" name="AJ0-VVD"/>
                    <label end="209" start="203" name="NN2"/>
                    <label end="211" start="211" name="PUN"/>
                </layer>
                <layer rank="1" name="NER"/>
                <layer rank="1" name="WSL"/>
            </annotationSet>
            <annotationSet cDate="01/08/2003 03:04:40 PST Wed" status="MANUAL" ID="1684005">
                <layer rank="1" name="FE">
                    <label cBy="Sns" feID="2889" end="15" start="0" name="Item"/>
                    <label cBy="Sns" feID="3041" end="133" start="115" name="Container"/>
                    <label cBy="Sns" feID="2887" itype="CNI" name="Agent"/>
                    <label cBy="jLu" feID="3046" itype="INI" name="Hot_Cold_source"/>
                </layer>
                <layer rank="1" name="GF">
                    <label end="15" start="0" name="Ext"/>
                    <label end="133" start="115" name="Dep"/>
                </layer>
                <layer rank="1" name="PT">
                    <label end="15" start="0" name="NP"/>
                    <label end="133" start="115" name="PP"/>
                </layer>
                <layer rank="1" name="Sent"/>
                <layer rank="1" name="Other"/>
                <layer rank="1" name="Target">
                    <label cBy="BoC" end="113" start="107" name="Target"/>
                </layer>
                <layer rank="1" name="Verb"/>
            </annotationSet>
        </sentence>
    </subCorpus>
    <subCorpus name="V-730-s20-ppto"/>
    <subCorpus name="V-730-s20-ppwith"/>
    <subCorpus name="V-780-s20-ppother"/>
    <subCorpus name="V-810-s20-pother"/>
    <subCorpus name="V-880-s20-intrans-simple">
        <sentence sentNo="0" aPos="71141309" ID="1116481">
            <text>They drank Chablis , nicely chilled . </text>
            <annotationSet cDate="01/08/2003 03:04:47 PST Wed" status="UNANN" ID="1684096">
                <layer rank="1" name="BNC">
                    <label end="3" start="0" name="PNP"/>
                    <label end="9" start="5" name="VVD"/>
                    <label end="17" start="11" name="NN1-NP0"/>
                    <label end="19" start="19" name="PUN"/>
                    <label end="26" start="21" name="AV0"/>
                    <label end="34" start="28" name="VVD-VVN"/>
                    <label end="36" start="36" name="PUN"/>
                </layer>
                <layer rank="1" name="NER"/>
                <layer rank="1" name="WSL"/>
            </annotationSet>
            <annotationSet cDate="01/08/2003 03:04:48 PST Wed" status="MANUAL" ID="1684097">
                <layer rank="1" name="FE">
                    <label cBy="Sns" feID="2889" end="17" start="11" name="Item"/>
                    <label cBy="Sns" feID="2910" end="26" start="21" name="Manner"/>
                    <label cBy="Sns" feID="2887" itype="CNI" name="Agent"/>
                    <label cBy="jLu" feID="3046" itype="INI" name="Hot_Cold_source"/>
                </layer>
                <layer rank="1" name="GF">
                    <label end="17" start="11" name="Ext"/>
                    <label end="26" start="21" name="Dep"/>
                </layer>
                <layer rank="1" name="PT">
                    <label end="17" start="11" name="NP"/>
                    <label end="26" start="21" name="AVP"/>
                </layer>
                <layer rank="1" name="Sent"/>
                <layer rank="1" name="Other"/>
                <layer rank="1" name="Target">
                    <label cBy="BoC" end="34" start="28" name="Target"/>
                </layer>
                <layer rank="1" name="Verb"/>
            </annotationSet>
        </sentence>
    </subCorpus>
    <subCorpus name="V-890-s20-intrans-adverb"/>
    <subCorpus name="V-900-s20-other"/>
    <subCorpus name="manually-added"/>
</lexUnit>