<?xml version="1.0" encoding="UTF-8" standalone="yes"?>
<?xml-stylesheet type="text/xsl" href="lexUnit.xsl"?>
<lexUnit status="Finished_Initial" POS="A" name="famished.a" ID="7237" frame="Biological_urge" frameID="394" totalAnnotated="4" xsi:schemaLocation="../schema/lexUnit.xsd" xmlns="http://framenet.icsi.berkeley.edu" xmlns:xsi="http://www.w3.org/2001/XMLSchema-instance">
    <header>
        <frame>
            <FE fgColor="FFFFFF" bgColor="FF00FF" type="Peripheral" abbrev="Deg" name="Degree"/>
            <FE fgColor="FFFFFF" bgColor="006400" type="Peripheral" abbrev="Dur" name="Duration"/>
            <FE fgColor="FFFFFF" bgColor="FF0000" type="Core" abbrev="Exp" name="Experiencer"/>
            <FE fgColor="FFFFFF" bgColor="90876C" type="Extra-Thematic" abbrev="Exp" name="Explanation"/>
            <FE fgColor="FFFFFF" bgColor="0000FF" type="Core" abbrev="Expressor" name="Expressor"/>
            <FE fgColor="FFFFFF" bgColor="9400D3" type="Peripheral" abbrev="Par" name="Parameter"/>
            <FE fgColor="FFFFFF" bgColor="008000" type="Peripheral" abbrev="Place" name="Place"/>
            <FE fgColor="FFFFFF" bgColor="00BFFF" type="Core" abbrev="Stat" name="State"/>
            <FE fgColor="FFFFFF" bgColor="FFA500" type="Peripheral" abbrev="Time" name="Time"/>
        </frame>
    </header>
    <definition>COD: extremely hungry</definition>
    <lexeme POS="A" name="famished"/>
    <valences>
        <FERealization total="4">
            <FE name="Experiencer"/>
            <pattern total="1">
                <valenceUnit GF="Head" PT="N" FE="Experiencer"/>
                <annoSet ID="1662223"/>
            </pattern>
            <pattern total="3">
                <valenceUnit GF="Ext" PT="NP" FE="Experiencer"/>
                <annoSet ID="1662217"/>
                <annoSet ID="1662221"/>
                <annoSet ID="1662233"/>
            </pattern>
        </FERealization>
        <FEGroupRealization total="4">
            <FE name="Experiencer"/>
            <pattern total="1">
                <valenceUnit GF="Head" PT="N" FE="Experiencer"/>
                <annoSet ID="1662223"/>
            </pattern>
            <pattern total="3">
                <valenceUnit GF="Ext" PT="NP" FE="Experiencer"/>
                <annoSet ID="1662217"/>
                <annoSet ID="1662221"/>
                <annoSet ID="1662233"/>
            </pattern>
        </FEGroupRealization>
    </valences>
    <subCorpus name="A-001-all">
        <sentence sentNo="0" aPos="36185047" ID="1105541">
            <text>I was famished , having had no food or sleep for thirty hours . </text>
            <annotationSet cDate="01/08/2003 02:38:43 PST Wed" status="UNANN" ID="1662216">
                <layer rank="1" name="BNC">
                    <label end="0" start="0" name="PNP"/>
                    <label end="4" start="2" name="VBD"/>
                    <label end="13" start="6" name="AJ0-VVN"/>
                    <label end="15" start="15" name="PUN"/>
                    <label end="22" start="17" name="VHG"/>
                    <label end="26" start="24" name="VHN"/>
                    <label end="29" start="28" name="AT0"/>
                    <label end="34" start="31" name="NN1"/>
                    <label end="37" start="36" name="CJC"/>
                    <label end="43" start="39" name="NN1-VVB"/>
                    <label end="47" start="45" name="PRP"/>
                    <label end="54" start="49" name="CRD"/>
                    <label end="60" start="56" name="NN2"/>
                    <label end="62" start="62" name="PUN"/>
                </layer>
                <layer rank="1" name="NER"/>
                <layer rank="1" name="WSL"/>
            </annotationSet>
            <annotationSet cDate="01/08/2003 02:38:44 PST Wed" status="MANUAL" ID="1662217">
                <layer rank="1" name="FE">
                    <label cBy="RLG" feID="3520" end="0" start="0" name="Experiencer"/>
                </layer>
                <layer rank="1" name="GF">
                    <label end="0" start="0" name="Ext"/>
                </layer>
                <layer rank="1" name="PT">
                    <label end="0" start="0" name="NP"/>
                </layer>
                <layer rank="1" name="Sent"/>
                <layer rank="1" name="Other"/>
                <layer rank="1" name="Target">
                    <label cBy="BoC" end="13" start="6" name="Target"/>
                </layer>
                <layer rank="1" name="Adj">
                    <label end="4" start="2" name="Cop"/>
                </layer>
            </annotationSet>
        </sentence>
        <sentence sentNo="0" aPos="63041489" ID="1105543">
            <text>` We 're famished , &quot; said Mark , ` how about you ? &quot; </text>
            <annotationSet cDate="01/08/2003 02:38:44 PST Wed" status="UNANN" ID="1662220">
                <layer rank="1" name="BNC">
                    <label end="0" start="0" name="PUQ"/>
                    <label end="3" start="2" name="PNP"/>
                    <label end="7" start="5" name="VBB"/>
                    <label end="16" start="9" name="AJ0-VVN"/>
                    <label end="18" start="18" name="PUN"/>
                    <label end="20" start="20" name="PUQ"/>
                    <label end="25" start="22" name="VVD"/>
                    <label end="30" start="27" name="NP0"/>
                    <label end="32" start="32" name="PUN"/>
                    <label end="34" start="34" name="PUQ"/>
                    <label end="38" start="36" name="AVQ"/>
                    <label end="44" start="40" name="PRP"/>
                    <label end="48" start="46" name="PNP"/>
                    <label end="50" start="50" name="PUN"/>
                    <label end="52" start="52" name="PUQ"/>
                </layer>
                <layer rank="1" name="NER"/>
                <layer rank="1" name="WSL"/>
            </annotationSet>
            <annotationSet cDate="01/08/2003 02:38:44 PST Wed" status="MANUAL" ID="1662221">
                <layer rank="1" name="FE">
                    <label cBy="RLG" feID="3520" end="3" start="2" name="Experiencer"/>
                </layer>
                <layer rank="1" name="GF">
                    <label end="3" start="2" name="Ext"/>
                </layer>
                <layer rank="1" name="PT">
                    <label end="3" start="2" name="NP"/>
                </layer>
                <layer rank="1" name="Sent"/>
                <layer rank="1" name="Other"/>
                <layer rank="1" name="Target">
                    <label cBy="BoC" end="16" start="9" name="Target"/>
                </layer>
                <layer rank="1" name="Adj">
                    <label end="7" start="5" name="Cop"/>
                </layer>
            </annotationSet>
        </sentence>
        <sentence sentNo="0" aPos="63404032" ID="1105544">
            <text>` Can we get a hamburger or a pizza ? &quot; asked a famished Billie . </text>
            <annotationSet cDate="01/08/2003 02:38:44 PST Wed" status="UNANN" ID="1662222">
                <layer rank="1" name="BNC">
                    <label end="0" start="0" name="PUQ"/>
                    <label end="4" start="2" name="VM0"/>
                    <label end="7" start="6" name="PNP"/>
                    <label end="11" start="9" name="VVI"/>
                    <label end="13" start="13" name="AT0"/>
                    <label end="23" start="15" name="NN1"/>
                    <label end="26" start="25" name="CJC"/>
                    <label end="28" start="28" name="AT0"/>
                    <label end="34" start="30" name="NN1"/>
                    <label end="36" start="36" name="PUN"/>
                    <label end="38" start="38" name="PUQ"/>
                    <label end="44" start="40" name="VVD"/>
                    <label end="46" start="46" name="AT0"/>
                    <label end="55" start="48" name="AJ0"/>
                    <label end="62" start="57" name="NP0"/>
                    <label end="64" start="64" name="PUN"/>
                </layer>
                <layer rank="1" name="NER"/>
                <layer rank="1" name="WSL"/>
            </annotationSet>
            <annotationSet cDate="01/08/2003 02:38:44 PST Wed" status="MANUAL" ID="1662223">
                <layer rank="1" name="FE">
                    <label cBy="RLG" feID="3520" end="62" start="57" name="Experiencer"/>
                </layer>
                <layer rank="1" name="GF">
                    <label end="62" start="57" name="Head"/>
                </layer>
                <layer rank="1" name="PT">
                    <label end="62" start="57" name="N"/>
                </layer>
                <layer rank="1" name="Sent"/>
                <layer rank="1" name="Other"/>
                <layer rank="1" name="Target">
                    <label cBy="BoC" end="55" start="48" name="Target"/>
                </layer>
                <layer rank="1" name="Adj"/>
            </annotationSet>
        </sentence>
        <sentence sentNo="0" aPos="79296872" ID="1105549">
            <text>And is he to carry away his laurels thus unchallenged and undespoiled , while I am famished ? </text>
            <annotationSet cDate="01/08/2003 02:38:44 PST Wed" status="UNANN" ID="1662232">
                <layer rank="1" name="BNC">
                    <label end="2" start="0" name="CJC"/>
                    <label end="5" start="4" name="VBZ"/>
                    <label end="8" start="7" name="PNP"/>
                    <label end="11" start="10" name="TO0"/>
                    <label end="17" start="13" name="VVI"/>
                    <label end="22" start="19" name="AVP"/>
                    <label end="26" start="24" name="DPS"/>
                    <label end="34" start="28" name="NN2"/>
                    <label end="39" start="36" name="AV0"/>
                    <label end="52" start="41" name="AJ0"/>
                    <label end="56" start="54" name="CJC"/>
                    <label end="68" start="58" name="AJ0"/>
                    <label end="70" start="70" name="PUN"/>
                    <label end="76" start="72" name="CJS"/>
                    <label end="78" start="78" name="PNP"/>
                    <label end="81" start="80" name="VBB"/>
                    <label end="90" start="83" name="AJ0-VVN"/>
                    <label end="92" start="92" name="PUN"/>
                </layer>
                <layer rank="1" name="NER"/>
                <layer rank="1" name="WSL"/>
            </annotationSet>
            <annotationSet cDate="01/08/2003 02:38:44 PST Wed" status="MANUAL" ID="1662233">
                <layer rank="1" name="FE">
                    <label cBy="RLG" feID="3520" end="78" start="78" name="Experiencer"/>
                </layer>
                <layer rank="1" name="GF">
                    <label end="78" start="78" name="Ext"/>
                </layer>
                <layer rank="1" name="PT">
                    <label end="78" start="78" name="NP"/>
                </layer>
                <layer rank="1" name="Sent"/>
                <layer rank="1" name="Other"/>
                <layer rank="1" name="Target">
                    <label cBy="BoC" end="90" start="83" name="Target"/>
                </layer>
                <layer rank="1" name="Adj">
                    <label end="81" start="80" name="Cop"/>
                </layer>
            </annotationSet>
        </sentence>
    </subCorpus>
</lexUnit>