<?xml version="1.0" encoding="UTF-8" standalone="yes"?>
<?xml-stylesheet type="text/xsl" href="lexUnit.xsl"?>
<lexUnit status="Finished_Initial" POS="A" name="parched.a" ID="7243" frame="Biological_urge" frameID="394" totalAnnotated="7" xsi:schemaLocation="../schema/lexUnit.xsd" xmlns="http://framenet.icsi.berkeley.edu" xmlns:xsi="http://www.w3.org/2001/XMLSchema-instance">
    <header>
        <frame>
            <FE fgColor="FFFFFF" bgColor="FF00FF" type="Peripheral" abbrev="Deg" name="Degree"/>
            <FE fgColor="FFFFFF" bgColor="006400" type="Peripheral" abbrev="Dur" name="Duration"/>
            <FE fgColor="FFFFFF" bgColor="FF0000" type="Core" abbrev="Exp" name="Experiencer"/>
            <FE fgColor="FFFFFF" bgColor="90876C" type="Extra-Thematic" abbrev="Exp" name="Explanation"/>
            <FE fgColor="FFFFFF" bgColor="0000FF" type="Core" abbrev="Expressor" name="Expressor"/>
            <FE fgColor="FFFFFF" bgColor="9400D3" type="Peripheral" abbrev="Par" name="Parameter"/>
            <FE fgColor="FFFFFF" bgColor="008000" type="Peripheral" abbrev="Place" name="Place"/>
            <FE fgColor="FFFFFF" bgColor="00BFFF" type="Core" abbrev="Stat" name="State"/>
            <FE fgColor="FFFFFF" bgColor="FFA500" type="Peripheral" abbrev="Time" name="Time"/>
        </frame>
    </header>
    <definition>COD: extremely thirsty. </definition>
    <lexeme POS="A" name="parched"/>
    <valences>
        <FERealization total="4">
            <FE name="Experiencer"/>
            <pattern total="2">
                <valenceUnit GF="Head" PT="N" FE="Experiencer"/>
                <annoSet ID="1666339"/>
                <annoSet ID="1666417"/>
            </pattern>
            <pattern total="2">
                <valenceUnit GF="Ext" PT="NP" FE="Experiencer"/>
                <annoSet ID="1666319"/>
                <annoSet ID="1666331"/>
            </pattern>
        </FERealization>
        <FERealization total="3">
            <FE name="Expressor"/>
            <pattern total="3">
                <valenceUnit GF="Head" PT="N" FE="Expressor"/>
                <annoSet ID="1666325"/>
                <annoSet ID="1666391"/>
                <annoSet ID="1666427"/>
            </pattern>
        </FERealization>
        <FEGroupRealization total="4">
            <FE name="Experiencer"/>
            <pattern total="2">
                <valenceUnit GF="Head" PT="N" FE="Experiencer"/>
                <annoSet ID="1666339"/>
                <annoSet ID="1666417"/>
            </pattern>
            <pattern total="2">
                <valenceUnit GF="Ext" PT="NP" FE="Experiencer"/>
                <annoSet ID="1666319"/>
                <annoSet ID="1666331"/>
            </pattern>
        </FEGroupRealization>
        <FEGroupRealization total="3">
            <FE name="Expressor"/>
            <pattern total="3">
                <valenceUnit GF="Head" PT="N" FE="Expressor"/>
                <annoSet ID="1666325"/>
                <annoSet ID="1666391"/>
                <annoSet ID="1666427"/>
            </pattern>
        </FEGroupRealization>
    </valences>
    <subCorpus name="A-001-all">
        <sentence sentNo="0" aPos="21378926" ID="1107592">
            <text>I 'm parched -- I 'll die without a drink . </text>
            <annotationSet cDate="01/08/2003 02:43:27 PST Wed" status="UNANN" ID="1666318">
                <layer rank="1" name="BNC">
                    <label end="0" start="0" name="PNP"/>
                    <label end="3" start="2" name="VBB"/>
                    <label end="11" start="5" name="AJ0-VVN"/>
                    <label end="14" start="13" name="PUN"/>
                    <label end="16" start="16" name="PNP"/>
                    <label end="20" start="18" name="VM0"/>
                    <label end="24" start="22" name="VVI"/>
                    <label end="32" start="26" name="PRP"/>
                    <label end="34" start="34" name="AT0"/>
                    <label end="40" start="36" name="NN1"/>
                    <label end="42" start="42" name="PUN"/>
                </layer>
                <layer rank="1" name="NER"/>
                <layer rank="1" name="WSL"/>
            </annotationSet>
            <annotationSet cDate="01/08/2003 02:43:27 PST Wed" status="MANUAL" ID="1666319">
                <layer rank="1" name="FE">
                    <label cBy="Sns" feID="3520" end="0" start="0" name="Experiencer"/>
                </layer>
                <layer rank="1" name="GF">
                    <label end="0" start="0" name="Ext"/>
                </layer>
                <layer rank="1" name="PT">
                    <label end="0" start="0" name="NP"/>
                </layer>
                <layer rank="1" name="Sent"/>
                <layer rank="1" name="Other"/>
                <layer rank="1" name="Target">
                    <label cBy="BoC" end="11" start="5" name="Target"/>
                </layer>
                <layer rank="1" name="Adj">
                    <label end="3" start="2" name="Cop"/>
                </layer>
            </annotationSet>
        </sentence>
        <sentence sentNo="0" aPos="25450009" ID="1107595">
            <text>Mike lowered the can of Coke which he 'd been emptying down his parched throat . </text>
            <annotationSet cDate="01/08/2003 02:43:27 PST Wed" status="UNANN" ID="1666324">
                <layer rank="1" name="BNC">
                    <label end="3" start="0" name="NP0"/>
                    <label end="11" start="5" name="VVD"/>
                    <label end="15" start="13" name="AT0"/>
                    <label end="19" start="17" name="NN1"/>
                    <label end="22" start="21" name="PRF"/>
                    <label end="27" start="24" name="NN1"/>
                    <label end="33" start="29" name="DTQ"/>
                    <label end="36" start="35" name="PNP"/>
                    <label end="39" start="38" name="VHD"/>
                    <label end="44" start="41" name="VBN"/>
                    <label end="53" start="46" name="VVG"/>
                    <label end="58" start="55" name="AVP"/>
                    <label end="62" start="60" name="DPS"/>
                    <label end="70" start="64" name="AJ0"/>
                    <label end="77" start="72" name="NN1"/>
                    <label end="79" start="79" name="PUN"/>
                </layer>
                <layer rank="1" name="NER"/>
                <layer rank="1" name="WSL"/>
            </annotationSet>
            <annotationSet cDate="01/08/2003 02:43:27 PST Wed" status="MANUAL" ID="1666325">
                <layer rank="1" name="FE">
                    <label cBy="RLG" feID="3526" end="77" start="72" name="Expressor"/>
                </layer>
                <layer rank="1" name="GF">
                    <label end="77" start="72" name="Head"/>
                </layer>
                <layer rank="1" name="PT">
                    <label end="77" start="72" name="N"/>
                </layer>
                <layer rank="1" name="Sent"/>
                <layer rank="1" name="Other"/>
                <layer rank="1" name="Target">
                    <label cBy="BoC" end="70" start="64" name="Target"/>
                </layer>
                <layer rank="1" name="Adj"/>
            </annotationSet>
        </sentence>
        <sentence sentNo="0" aPos="26598924" ID="1107598">
            <text>I was just parched and thirsty -- </text>
            <annotationSet cDate="01/08/2003 02:43:28 PST Wed" status="UNANN" ID="1666330">
                <layer rank="1" name="BNC">
                    <label end="0" start="0" name="PNP"/>
                    <label end="4" start="2" name="VBD"/>
                    <label end="9" start="6" name="AV0"/>
                    <label end="17" start="11" name="AJ0-VVD"/>
                    <label end="21" start="19" name="CJC"/>
                    <label end="29" start="23" name="AJ0"/>
                    <label end="32" start="31" name="PUN"/>
                </layer>
                <layer rank="1" name="NER"/>
                <layer rank="1" name="WSL"/>
            </annotationSet>
            <annotationSet cDate="01/08/2003 02:43:28 PST Wed" status="MANUAL" ID="1666331">
                <layer rank="1" name="FE">
                    <label cBy="Sns" feID="3520" end="0" start="0" name="Experiencer"/>
                </layer>
                <layer rank="1" name="GF">
                    <label end="0" start="0" name="Ext"/>
                </layer>
                <layer rank="1" name="PT">
                    <label end="0" start="0" name="NP"/>
                </layer>
                <layer rank="1" name="Sent"/>
                <layer rank="1" name="Other"/>
                <layer rank="1" name="Target">
                    <label cBy="BoC" end="17" start="11" name="Target"/>
                </layer>
                <layer rank="1" name="Adj">
                    <label end="4" start="2" name="Cop"/>
                </layer>
            </annotationSet>
        </sentence>
        <sentence sentNo="0" aPos="33198656" ID="1107602">
            <text>He watched Maggie bump the tall girl with her hip , then add , ` There 's a gang of parched Arabs coming in from the desert ; see to them . &quot; </text>
            <annotationSet cDate="01/08/2003 02:43:30 PST Wed" status="UNANN" ID="1666338">
                <layer rank="1" name="BNC">
                    <label end="1" start="0" name="PNP"/>
                    <label end="9" start="3" name="VVD"/>
                    <label end="16" start="11" name="NP0"/>
                    <label end="21" start="18" name="VVB"/>
                    <label end="25" start="23" name="AT0"/>
                    <label end="30" start="27" name="AJ0"/>
                    <label end="35" start="32" name="NN1"/>
                    <label end="40" start="37" name="PRP"/>
                    <label end="44" start="42" name="DPS"/>
                    <label end="48" start="46" name="NN1"/>
                    <label end="50" start="50" name="PUN"/>
                    <label end="55" start="52" name="AV0"/>
                    <label end="59" start="57" name="VVB"/>
                    <label end="61" start="61" name="PUN"/>
                    <label end="63" start="63" name="PUQ"/>
                    <label end="69" start="65" name="EX0"/>
                    <label end="72" start="71" name="VBZ"/>
                    <label end="74" start="74" name="AT0"/>
                    <label end="79" start="76" name="NN1"/>
                    <label end="82" start="81" name="PRF"/>
                    <label end="90" start="84" name="AJ0"/>
                    <label end="96" start="92" name="NN2"/>
                    <label end="103" start="98" name="VVG"/>
                    <label end="106" start="105" name="AVP"/>
                    <label end="111" start="108" name="PRP"/>
                    <label end="115" start="113" name="AT0"/>
                    <label end="122" start="117" name="NN1"/>
                    <label end="124" start="124" name="PUN"/>
                    <label end="128" start="126" name="VVB"/>
                    <label end="131" start="130" name="PRP"/>
                    <label end="136" start="133" name="PNP"/>
                    <label end="138" start="138" name="PUN"/>
                    <label end="140" start="140" name="PUQ"/>
                </layer>
                <layer rank="1" name="NER"/>
                <layer rank="1" name="WSL"/>
            </annotationSet>
            <annotationSet cDate="01/08/2003 02:43:30 PST Wed" status="MANUAL" ID="1666339">
                <layer rank="1" name="FE">
                    <label cBy="Sns" feID="3520" end="96" start="92" name="Experiencer"/>
                </layer>
                <layer rank="1" name="GF">
                    <label end="96" start="92" name="Head"/>
                </layer>
                <layer rank="1" name="PT">
                    <label end="96" start="92" name="N"/>
                </layer>
                <layer rank="1" name="Sent"/>
                <layer rank="1" name="Other"/>
                <layer rank="1" name="Target">
                    <label cBy="BoC" end="90" start="84" name="Target"/>
                </layer>
                <layer rank="1" name="Adj"/>
            </annotationSet>
        </sentence>
        <sentence sentNo="0" aPos="73865446" ID="1107628">
            <text>Yearning for a drink to ease her parched throat , Polly moistened her lips with the tip of her tongue . </text>
            <annotationSet cDate="01/08/2003 02:43:33 PST Wed" status="UNANN" ID="1666390">
                <layer rank="1" name="BNC">
                    <label end="7" start="0" name="NN1-VVG"/>
                    <label end="11" start="9" name="PRP"/>
                    <label end="13" start="13" name="AT0"/>
                    <label end="19" start="15" name="NN1"/>
                    <label end="22" start="21" name="TO0"/>
                    <label end="27" start="24" name="VVI"/>
                    <label end="31" start="29" name="PNP"/>
                    <label end="39" start="33" name="AJ0-VVD"/>
                    <label end="46" start="41" name="NN1"/>
                    <label end="48" start="48" name="PUN"/>
                    <label end="54" start="50" name="NP0"/>
                    <label end="64" start="56" name="VVD"/>
                    <label end="68" start="66" name="DPS"/>
                    <label end="73" start="70" name="NN2"/>
                    <label end="78" start="75" name="PRP"/>
                    <label end="82" start="80" name="AT0"/>
                    <label end="86" start="84" name="NN1"/>
                    <label end="89" start="88" name="PRF"/>
                    <label end="93" start="91" name="DPS"/>
                    <label end="100" start="95" name="NN1"/>
                    <label end="102" start="102" name="PUN"/>
                </layer>
                <layer rank="1" name="NER"/>
                <layer rank="1" name="WSL"/>
            </annotationSet>
            <annotationSet cDate="01/08/2003 02:43:33 PST Wed" status="MANUAL" ID="1666391">
                <layer rank="1" name="FE">
                    <label cBy="RLG" feID="3526" end="46" start="41" name="Expressor"/>
                </layer>
                <layer rank="1" name="GF">
                    <label end="46" start="41" name="Head"/>
                </layer>
                <layer rank="1" name="PT">
                    <label end="46" start="41" name="N"/>
                </layer>
                <layer rank="1" name="Sent"/>
                <layer rank="1" name="Other"/>
                <layer rank="1" name="Target">
                    <label cBy="BoC" end="39" start="33" name="Target"/>
                </layer>
                <layer rank="1" name="Adj"/>
            </annotationSet>
        </sentence>
        <sentence sentNo="0" aPos="88809109" ID="1107641">
            <text>The parched and exhausted company eventually rendezvoused late in June or early in July in a homestead at Gawler , north of Adelaide . </text>
            <annotationSet cDate="01/08/2003 02:43:34 PST Wed" status="UNANN" ID="1666416">
                <layer rank="1" name="BNC">
                    <label end="2" start="0" name="AT0"/>
                    <label end="10" start="4" name="AJ0"/>
                    <label end="14" start="12" name="CJC"/>
                    <label end="24" start="16" name="AJ0-VVD"/>
                    <label end="32" start="26" name="NN1"/>
                    <label end="43" start="34" name="AV0"/>
                    <label end="56" start="45" name="VVD-VVN"/>
                    <label end="61" start="58" name="AV0"/>
                    <label end="64" start="63" name="PRP"/>
                    <label end="69" start="66" name="NP0"/>
                    <label end="72" start="71" name="CJC"/>
                    <label end="78" start="74" name="AV0"/>
                    <label end="81" start="80" name="PRP"/>
                    <label end="86" start="83" name="NP0"/>
                    <label end="89" start="88" name="PRP"/>
                    <label end="91" start="91" name="AT0"/>
                    <label end="101" start="93" name="NN1"/>
                    <label end="104" start="103" name="PRP"/>
                    <label end="111" start="106" name="NN1-NP0"/>
                    <label end="113" start="113" name="PUN"/>
                    <label end="119" start="115" name="NN1"/>
                    <label end="122" start="121" name="PRF"/>
                    <label end="131" start="124" name="NP0"/>
                    <label end="133" start="133" name="PUN"/>
                </layer>
                <layer rank="1" name="NER"/>
                <layer rank="1" name="WSL"/>
            </annotationSet>
            <annotationSet cDate="01/08/2003 02:43:34 PST Wed" status="MANUAL" ID="1666417">
                <layer rank="1" name="FE">
                    <label cBy="RLG" feID="3520" end="32" start="26" name="Experiencer"/>
                </layer>
                <layer rank="1" name="GF">
                    <label end="32" start="26" name="Head"/>
                </layer>
                <layer rank="1" name="PT">
                    <label end="32" start="26" name="N"/>
                </layer>
                <layer rank="1" name="Sent"/>
                <layer rank="1" name="Other"/>
                <layer rank="1" name="Target">
                    <label cBy="BoC" end="10" start="4" name="Target"/>
                </layer>
                <layer rank="1" name="Adj"/>
            </annotationSet>
        </sentence>
        <sentence sentNo="0" aPos="100629485" ID="1107646">
            <text>She licked her parched lips , feeling her breath coming in laboured little spurts as the blood eddied along her veins , consuming her with a heady passion . </text>
            <annotationSet cDate="01/08/2003 02:43:35 PST Wed" status="UNANN" ID="1666426">
                <layer rank="1" name="BNC">
                    <label end="2" start="0" name="PNP"/>
                    <label end="9" start="4" name="VVD"/>
                    <label end="13" start="11" name="PNP"/>
                    <label end="21" start="15" name="AJ0-VVD"/>
                    <label end="26" start="23" name="NN2"/>
                    <label end="28" start="28" name="PUN"/>
                    <label end="36" start="30" name="VVG"/>
                    <label end="40" start="38" name="DPS"/>
                    <label end="47" start="42" name="NN1"/>
                    <label end="54" start="49" name="VVG"/>
                    <label end="57" start="56" name="AVP-PRP"/>
                    <label end="66" start="59" name="AJ0-VVD"/>
                    <label end="73" start="68" name="AJ0"/>
                    <label end="80" start="75" name="NN2-VVZ"/>
                    <label end="83" start="82" name="PRP"/>
                    <label end="87" start="85" name="AT0"/>
                    <label end="93" start="89" name="NN1"/>
                    <label end="100" start="95" name="VVD"/>
                    <label end="106" start="102" name="AVP-PRP"/>
                    <label end="110" start="108" name="DPS"/>
                    <label end="116" start="112" name="NN2"/>
                    <label end="118" start="118" name="PUN"/>
                    <label end="128" start="120" name="VVG"/>
                    <label end="132" start="130" name="PNP"/>
                    <label end="137" start="134" name="PRP"/>
                    <label end="139" start="139" name="AT0"/>
                    <label end="145" start="141" name="AJ0"/>
                    <label end="153" start="147" name="NN1"/>
                    <label end="155" start="155" name="PUN"/>
                </layer>
                <layer rank="1" name="NER"/>
                <layer rank="1" name="WSL"/>
            </annotationSet>
            <annotationSet cDate="01/08/2003 02:43:35 PST Wed" status="MANUAL" ID="1666427">
                <layer rank="1" name="FE">
                    <label cBy="RLG" feID="3526" end="26" start="23" name="Expressor"/>
                </layer>
                <layer rank="1" name="GF">
                    <label end="26" start="23" name="Head"/>
                </layer>
                <layer rank="1" name="PT">
                    <label end="26" start="23" name="N"/>
                </layer>
                <layer rank="1" name="Sent"/>
                <layer rank="1" name="Other"/>
                <layer rank="1" name="Target">
                    <label cBy="BoC" end="21" start="15" name="Target"/>
                </layer>
                <layer rank="1" name="Adj"/>
            </annotationSet>
        </sentence>
    </subCorpus>
</lexUnit>