<?xml version="1.0" encoding="UTF-8" standalone="yes"?>
<?xml-stylesheet type="text/xsl" href="lexUnit.xsl"?>
<lexUnit status="Finished_Initial" POS="N" name="weariness.n" ID="7210" frame="Biological_urge" frameID="394" totalAnnotated="22" xsi:schemaLocation="../schema/lexUnit.xsd" xmlns="http://framenet.icsi.berkeley.edu" xmlns:xsi="http://www.w3.org/2001/XMLSchema-instance">
    <header>
        <frame>
            <FE fgColor="FFFFFF" bgColor="FF00FF" type="Peripheral" abbrev="Deg" name="Degree"/>
            <FE fgColor="FFFFFF" bgColor="006400" type="Peripheral" abbrev="Dur" name="Duration"/>
            <FE fgColor="FFFFFF" bgColor="FF0000" type="Core" abbrev="Exp" name="Experiencer"/>
            <FE fgColor="FFFFFF" bgColor="90876C" type="Extra-Thematic" abbrev="Exp" name="Explanation"/>
            <FE fgColor="FFFFFF" bgColor="0000FF" type="Core" abbrev="Expressor" name="Expressor"/>
            <FE fgColor="FFFFFF" bgColor="9400D3" type="Peripheral" abbrev="Par" name="Parameter"/>
            <FE fgColor="FFFFFF" bgColor="008000" type="Peripheral" abbrev="Place" name="Place"/>
            <FE fgColor="FFFFFF" bgColor="00BFFF" type="Core" abbrev="Stat" name="State"/>
            <FE fgColor="FFFFFF" bgColor="FFA500" type="Peripheral" abbrev="Time" name="Time"/>
        </frame>
    </header>
    <definition>FN: a state of being ill-disposed toward further exertion</definition>
    <lexeme POS="N" name="weariness"/>
    <valences>
        <governor type="Gov" lemma="burn">
            <annoSet ID="1624415"/>
        </governor>
        <governor type="Gov" lemma="feign">
            <annoSet ID="1624397"/>
        </governor>
        <governor type="Gov" lemma="overtake">
            <annoSet ID="1624277"/>
        </governor>
        <governor type="Gov" lemma="pale">
            <annoSet ID="1624431"/>
        </governor>
        <governor type="Gov" lemma="sit">
            <annoSet ID="1624425"/>
        </governor>
        <governor type="Gov" lemma="state">
            <annoSet ID="1624269"/>
        </governor>
        <governor type="Gov" lemma="succumb">
            <annoSet ID="1624349"/>
        </governor>
        <governor type="Ctrlr" lemma="feel">
            <annoSet ID="1624385"/>
            <annoSet ID="1624391"/>
        </governor>
        <FERealization total="4">
            <FE name="Degree"/>
            <pattern total="4">
                <valenceUnit GF="Dep" PT="AJP" FE="Degree"/>
                <annoSet ID="1624255"/>
                <annoSet ID="1624289"/>
                <annoSet ID="1624363"/>
                <annoSet ID="1624385"/>
            </pattern>
        </FERealization>
        <FERealization total="7">
            <FE name="Experiencer"/>
            <pattern total="2">
                <valenceUnit GF="Ext" PT="NP" FE="Experiencer"/>
                <annoSet ID="1624385"/>
                <annoSet ID="1624391"/>
            </pattern>
            <pattern total="4">
                <valenceUnit GF="Gen" PT="Poss" FE="Experiencer"/>
                <annoSet ID="1624219"/>
                <annoSet ID="1624229"/>
                <annoSet ID="1624239"/>
                <annoSet ID="1624289"/>
            </pattern>
            <pattern total="1">
                <valenceUnit GF="Dep" PT="N" FE="Experiencer"/>
                <annoSet ID="1624259"/>
            </pattern>
        </FERealization>
        <FERealization total="4">
            <FE name="Explanation"/>
            <pattern total="3">
                <valenceUnit GF="Dep" PT="PP[with]" FE="Explanation"/>
                <annoSet ID="1624219"/>
                <annoSet ID="1624225"/>
                <annoSet ID="1624305"/>
            </pattern>
            <pattern total="1">
                <valenceUnit GF="Dep" PT="PP[of]" FE="Explanation"/>
                <annoSet ID="1624213"/>
            </pattern>
        </FERealization>
        <FERealization total="3">
            <FE name="Expressor"/>
            <pattern total="2">
                <valenceUnit GF="Dep" PT="PP[in]" FE="Expressor"/>
                <annoSet ID="1624195"/>
                <annoSet ID="1624301"/>
            </pattern>
            <pattern total="1">
                <valenceUnit GF="Dep" PT="PP[of]" FE="Expressor"/>
                <annoSet ID="1624205"/>
            </pattern>
        </FERealization>
        <FERealization total="1">
            <FE name="Parameter"/>
            <pattern total="1">
                <valenceUnit GF="Dep" PT="AJP" FE="Parameter"/>
                <annoSet ID="1624225"/>
            </pattern>
        </FERealization>
        <FERealization total="1">
            <FE name="Time"/>
            <pattern total="1">
                <valenceUnit GF="Dep" PT="PP[after]" FE="Time"/>
                <annoSet ID="1624289"/>
            </pattern>
        </FERealization>
        <FEGroupRealization total="2">
            <FE name="Degree"/>
            <pattern total="2">
                <valenceUnit GF="Dep" PT="AJP" FE="Degree"/>
                <annoSet ID="1624255"/>
                <annoSet ID="1624363"/>
            </pattern>
        </FEGroupRealization>
        <FEGroupRealization total="1">
            <FE name="Degree"/>
            <FE name="Experiencer"/>
            <pattern total="1">
                <valenceUnit GF="Dep" PT="AJP" FE="Degree"/>
                <valenceUnit GF="Ext" PT="NP" FE="Experiencer"/>
                <annoSet ID="1624385"/>
            </pattern>
        </FEGroupRealization>
        <FEGroupRealization total="1">
            <FE name="Degree"/>
            <FE name="Experiencer"/>
            <FE name="Time"/>
            <pattern total="1">
                <valenceUnit GF="Dep" PT="AJP" FE="Degree"/>
                <valenceUnit GF="Gen" PT="Poss" FE="Experiencer"/>
                <valenceUnit GF="Dep" PT="PP[after]" FE="Time"/>
                <annoSet ID="1624289"/>
            </pattern>
        </FEGroupRealization>
        <FEGroupRealization total="4">
            <FE name="Experiencer"/>
            <pattern total="1">
                <valenceUnit GF="Dep" PT="N" FE="Experiencer"/>
                <annoSet ID="1624259"/>
            </pattern>
            <pattern total="1">
                <valenceUnit GF="Ext" PT="NP" FE="Experiencer"/>
                <annoSet ID="1624391"/>
            </pattern>
            <pattern total="2">
                <valenceUnit GF="Gen" PT="Poss" FE="Experiencer"/>
                <annoSet ID="1624229"/>
                <annoSet ID="1624239"/>
            </pattern>
        </FEGroupRealization>
        <FEGroupRealization total="1">
            <FE name="Experiencer"/>
            <FE name="Explanation"/>
            <pattern total="1">
                <valenceUnit GF="Gen" PT="Poss" FE="Experiencer"/>
                <valenceUnit GF="Dep" PT="PP[with]" FE="Explanation"/>
                <annoSet ID="1624219"/>
            </pattern>
        </FEGroupRealization>
        <FEGroupRealization total="2">
            <FE name="Explanation"/>
            <pattern total="1">
                <valenceUnit GF="Dep" PT="PP[of]" FE="Explanation"/>
                <annoSet ID="1624213"/>
            </pattern>
            <pattern total="1">
                <valenceUnit GF="Dep" PT="PP[with]" FE="Explanation"/>
                <annoSet ID="1624305"/>
            </pattern>
        </FEGroupRealization>
        <FEGroupRealization total="1">
            <FE name="Explanation"/>
            <FE name="Parameter"/>
            <pattern total="1">
                <valenceUnit GF="Dep" PT="PP[with]" FE="Explanation"/>
                <valenceUnit GF="Dep" PT="AJP" FE="Parameter"/>
                <annoSet ID="1624225"/>
            </pattern>
        </FEGroupRealization>
        <FEGroupRealization total="3">
            <FE name="Expressor"/>
            <pattern total="2">
                <valenceUnit GF="Dep" PT="PP[in]" FE="Expressor"/>
                <annoSet ID="1624195"/>
                <annoSet ID="1624301"/>
            </pattern>
            <pattern total="1">
                <valenceUnit GF="Dep" PT="PP[of]" FE="Expressor"/>
                <annoSet ID="1624205"/>
            </pattern>
        </FEGroupRealization>
    </valences>
    <subCorpus name="N-220-s20-vpto"/>
    <subCorpus name="N-250-s20-ppin">
        <sentence sentNo="0" aPos="58603259" ID="1086530">
            <text>There was a weariness in the Old Man 's voice , an emptiness inside where once excitement and intrigue had burned . </text>
            <annotationSet cDate="01/08/2003 01:52:47 PST Wed" status="UNANN" ID="1624194">
                <layer rank="1" name="BNC">
                    <label end="4" start="0" name="EX0"/>
                    <label end="8" start="6" name="VBD"/>
                    <label end="10" start="10" name="AT0"/>
                    <label end="20" start="12" name="NN1"/>
                    <label end="23" start="22" name="PRP"/>
                    <label end="27" start="25" name="AT0"/>
                    <label end="31" start="29" name="AJ0"/>
                    <label end="35" start="33" name="NN1-NP0"/>
                    <label end="38" start="37" name="POS"/>
                    <label end="44" start="40" name="NN1"/>
                    <label end="46" start="46" name="PUN"/>
                    <label end="49" start="48" name="AT0"/>
                    <label end="59" start="51" name="NN1"/>
                    <label end="66" start="61" name="AV0"/>
                    <label end="72" start="68" name="AVQ-CJS"/>
                    <label end="77" start="74" name="AV0"/>
                    <label end="88" start="79" name="NN1"/>
                    <label end="92" start="90" name="CJC"/>
                    <label end="101" start="94" name="NN1"/>
                    <label end="105" start="103" name="VHD"/>
                    <label end="112" start="107" name="VVN"/>
                    <label end="114" start="114" name="PUN"/>
                </layer>
                <layer rank="1" name="NER"/>
                <layer rank="1" name="WSL"/>
            </annotationSet>
            <annotationSet cDate="01/08/2003 01:52:47 PST Wed" status="MANUAL" ID="1624195">
                <layer rank="1" name="FE">
                    <label cBy="Sns" feID="3526" end="44" start="22" name="Expressor"/>
                </layer>
                <layer rank="1" name="GF">
                    <label end="44" start="22" name="Dep"/>
                </layer>
                <layer rank="1" name="PT">
                    <label end="44" start="22" name="PP"/>
                </layer>
                <layer rank="1" name="Sent"/>
                <layer rank="1" name="Other">
                    <label end="4" start="0" name="Null"/>
                </layer>
                <layer rank="1" name="Target">
                    <label cBy="BoC" end="20" start="12" name="Target"/>
                </layer>
                <layer rank="1" name="Noun">
                    <label end="8" start="6" name="Cop"/>
                </layer>
            </annotationSet>
        </sentence>
    </subCorpus>
    <subCorpus name="N-250-s20-ppof">
        <sentence sentNo="0" aPos="23068461" ID="1086535">
            <text>A surge of relief -- for himself , for Nell , for the future -- pushed back the weariness of his aching body . </text>
            <annotationSet cDate="01/08/2003 01:52:47 PST Wed" status="UNANN" ID="1624204">
                <layer rank="1" name="BNC">
                    <label end="0" start="0" name="AT0"/>
                    <label end="6" start="2" name="NN1"/>
                    <label end="9" start="8" name="PRF"/>
                    <label end="16" start="11" name="NN1"/>
                    <label end="19" start="18" name="PUN"/>
                    <label end="23" start="21" name="PRP"/>
                    <label end="31" start="25" name="PNX"/>
                    <label end="33" start="33" name="PUN"/>
                    <label end="37" start="35" name="PRP"/>
                    <label end="42" start="39" name="NP0"/>
                    <label end="44" start="44" name="PUN"/>
                    <label end="48" start="46" name="PRP"/>
                    <label end="52" start="50" name="AT0"/>
                    <label end="59" start="54" name="AJ0-NN1"/>
                    <label end="62" start="61" name="PUN"/>
                    <label end="69" start="64" name="VVD-VVN"/>
                    <label end="74" start="71" name="AVP"/>
                    <label end="78" start="76" name="AT0"/>
                    <label end="88" start="80" name="NN1"/>
                    <label end="91" start="90" name="PRF"/>
                    <label end="95" start="93" name="DPS"/>
                    <label end="102" start="97" name="AJ0-NN1"/>
                    <label end="107" start="104" name="NN1"/>
                    <label end="109" start="109" name="PUN"/>
                </layer>
                <layer rank="1" name="NER"/>
                <layer rank="1" name="WSL"/>
            </annotationSet>
            <annotationSet cDate="01/08/2003 01:52:47 PST Wed" status="MANUAL" ID="1624205">
                <layer rank="1" name="FE">
                    <label cBy="Sns" feID="3526" end="107" start="90" name="Expressor"/>
                </layer>
                <layer rank="1" name="GF">
                    <label end="107" start="90" name="Dep"/>
                </layer>
                <layer rank="1" name="PT">
                    <label end="107" start="90" name="PP"/>
                </layer>
                <layer rank="1" name="Sent"/>
                <layer rank="1" name="Other"/>
                <layer rank="1" name="Target">
                    <label cBy="BoC" end="88" start="80" name="Target"/>
                </layer>
                <layer rank="1" name="Noun"/>
            </annotationSet>
        </sentence>
        <sentence sentNo="0" aPos="59203072" ID="1086539">
            <text>She felt suddenly sick and ill and , although Eline told herself it was simply the weariness of a night without sleep , she wanted to cry out her pain and frustration . </text>
            <annotationSet cDate="01/08/2003 01:52:48 PST Wed" status="UNANN" ID="1624212">
                <layer rank="1" name="BNC">
                    <label end="2" start="0" name="PNP"/>
                    <label end="7" start="4" name="VVD"/>
                    <label end="16" start="9" name="AV0"/>
                    <label end="21" start="18" name="AJ0"/>
                    <label end="25" start="23" name="CJC"/>
                    <label end="29" start="27" name="AJ0"/>
                    <label end="33" start="31" name="CJC"/>
                    <label end="35" start="35" name="PUN"/>
                    <label end="44" start="37" name="CJS"/>
                    <label end="50" start="46" name="NP0"/>
                    <label end="55" start="52" name="VVD"/>
                    <label end="63" start="57" name="PNX"/>
                    <label end="66" start="65" name="PNP"/>
                    <label end="70" start="68" name="VBD"/>
                    <label end="77" start="72" name="AV0"/>
                    <label end="81" start="79" name="AT0"/>
                    <label end="91" start="83" name="NN1"/>
                    <label end="94" start="93" name="PRF"/>
                    <label end="96" start="96" name="AT0"/>
                    <label end="102" start="98" name="NN1"/>
                    <label end="110" start="104" name="PRP"/>
                    <label end="116" start="112" name="NN1"/>
                    <label end="118" start="118" name="PUN"/>
                    <label end="122" start="120" name="PNP"/>
                    <label end="129" start="124" name="VVD"/>
                    <label end="132" start="131" name="TO0"/>
                    <label end="136" start="134" name="VVI"/>
                    <label end="140" start="138" name="AVP"/>
                    <label end="144" start="142" name="DPS"/>
                    <label end="149" start="146" name="NN1"/>
                    <label end="153" start="151" name="CJC"/>
                    <label end="165" start="155" name="NN1"/>
                    <label end="167" start="167" name="PUN"/>
                </layer>
                <layer rank="1" name="NER"/>
                <layer rank="1" name="WSL"/>
            </annotationSet>
            <annotationSet cDate="01/08/2003 01:52:49 PST Wed" status="MANUAL" ID="1624213">
                <layer rank="1" name="FE">
                    <label cBy="Sns" feID="3530" end="116" start="93" name="Explanation"/>
                </layer>
                <layer rank="1" name="GF">
                    <label end="116" start="93" name="Dep"/>
                </layer>
                <layer rank="1" name="PT">
                    <label end="116" start="93" name="PP"/>
                </layer>
                <layer rank="1" name="Sent"/>
                <layer rank="1" name="Other"/>
                <layer rank="1" name="Target">
                    <label cBy="BoC" end="91" start="83" name="Target"/>
                </layer>
                <layer rank="1" name="Noun"/>
            </annotationSet>
        </sentence>
    </subCorpus>
    <subCorpus name="N-250-s20-ppwith">
        <sentence sentNo="0" aPos="10006591" ID="1086542">
            <text>The preliminary results , particularly in Teheran , indicate Iranians ' weariness with more than a decade of revolutionary turmoil and a desire to rebuild the economy following the eight-year war with Iraq . </text>
            <annotationSet cDate="01/08/2003 01:52:51 PST Wed" status="UNANN" ID="1624218">
                <layer rank="1" name="BNC">
                    <label end="2" start="0" name="AT0"/>
                    <label end="14" start="4" name="AJ0-NN1"/>
                    <label end="22" start="16" name="NN2"/>
                    <label end="24" start="24" name="PUN"/>
                    <label end="37" start="26" name="AV0"/>
                    <label end="40" start="39" name="PRP"/>
                    <label end="48" start="42" name="NP0"/>
                    <label end="50" start="50" name="PUN"/>
                    <label end="59" start="52" name="VVB"/>
                    <label end="68" start="61" name="NN2"/>
                    <label end="70" start="70" name="POS"/>
                    <label end="80" start="72" name="NN1"/>
                    <label end="85" start="82" name="PRP"/>
                    <label end="90" start="87" name="DT0"/>
                    <label end="95" start="92" name="CJS"/>
                    <label end="97" start="97" name="AT0"/>
                    <label end="104" start="99" name="NN1"/>
                    <label end="107" start="106" name="PRF"/>
                    <label end="121" start="109" name="AJ0"/>
                    <label end="129" start="123" name="NN1"/>
                    <label end="133" start="131" name="CJC"/>
                    <label end="135" start="135" name="AT0"/>
                    <label end="142" start="137" name="NN1"/>
                    <label end="145" start="144" name="TO0"/>
                    <label end="153" start="147" name="VVI"/>
                    <label end="157" start="155" name="AT0"/>
                    <label end="165" start="159" name="NN1"/>
                    <label end="175" start="167" name="VVG"/>
                    <label end="179" start="177" name="AT0"/>
                    <label end="190" start="181" name="AJ0"/>
                    <label end="194" start="192" name="NN1"/>
                    <label end="199" start="196" name="PRP"/>
                    <label end="204" start="201" name="NP0"/>
                    <label end="206" start="206" name="PUN"/>
                </layer>
                <layer rank="1" name="NER"/>
                <layer rank="1" name="WSL"/>
            </annotationSet>
            <annotationSet cDate="01/08/2003 01:52:51 PST Wed" status="MANUAL" ID="1624219">
                <layer rank="1" name="FE">
                    <label cBy="Sns" feID="3520" end="70" start="61" name="Experiencer"/>
                    <label cBy="Sns" feID="3530" end="129" start="82" name="Explanation"/>
                </layer>
                <layer rank="1" name="GF">
                    <label end="70" start="61" name="Gen"/>
                    <label end="129" start="82" name="Dep"/>
                </layer>
                <layer rank="1" name="PT">
                    <label end="70" start="61" name="Poss"/>
                    <label end="129" start="82" name="PP"/>
                </layer>
                <layer rank="1" name="Sent"/>
                <layer rank="1" name="Other"/>
                <layer rank="1" name="Target">
                    <label cBy="BoC" end="80" start="72" name="Target"/>
                </layer>
                <layer rank="1" name="Noun"/>
            </annotationSet>
        </sentence>
        <sentence sentNo="0" aPos="84256355" ID="1086545">
            <text>Gómez and Lloreda opposed extradition , favouring dialogue with the drug cartels in the hope of capitalizing on a perceived public weariness with the drug war . </text>
            <annotationSet cDate="01/08/2003 01:52:52 PST Wed" status="UNANN" ID="1624224">
                <layer rank="1" name="BNC">
                    <label end="4" start="0" name="NN1-VVB"/>
                    <label end="8" start="6" name="CJC"/>
                    <label end="16" start="10" name="NP0"/>
                    <label end="24" start="18" name="VVD"/>
                    <label end="36" start="26" name="NN1"/>
                    <label end="38" start="38" name="PUN"/>
                    <label end="48" start="40" name="VVG"/>
                    <label end="57" start="50" name="NN1"/>
                    <label end="62" start="59" name="PRP"/>
                    <label end="66" start="64" name="AT0"/>
                    <label end="71" start="68" name="NN1"/>
                    <label end="79" start="73" name="NN2"/>
                    <label end="82" start="81" name="PRP"/>
                    <label end="86" start="84" name="AT0"/>
                    <label end="91" start="88" name="NN1"/>
                    <label end="94" start="93" name="PRF"/>
                    <label end="107" start="96" name="VVG"/>
                    <label end="110" start="109" name="PRP"/>
                    <label end="112" start="112" name="AT0"/>
                    <label end="122" start="114" name="AJ0"/>
                    <label end="129" start="124" name="AJ0"/>
                    <label end="139" start="131" name="NN1"/>
                    <label end="144" start="141" name="PRP"/>
                    <label end="148" start="146" name="AT0"/>
                    <label end="153" start="150" name="NN1"/>
                    <label end="157" start="155" name="NN1"/>
                    <label end="159" start="159" name="PUN"/>
                </layer>
                <layer rank="1" name="NER"/>
                <layer rank="1" name="WSL"/>
            </annotationSet>
            <annotationSet cDate="01/08/2003 01:52:52 PST Wed" status="MANUAL" ID="1624225">
                <layer rank="1" name="FE">
                    <label cBy="Sns" feID="3530" end="157" start="141" name="Explanation"/>
                    <label cBy="Sns" feID="3534" end="129" start="124" name="Parameter"/>
                </layer>
                <layer rank="1" name="GF">
                    <label end="157" start="141" name="Dep"/>
                    <label end="129" start="124" name="Dep"/>
                </layer>
                <layer rank="1" name="PT">
                    <label end="157" start="141" name="PP"/>
                    <label end="129" start="124" name="AJP"/>
                </layer>
                <layer rank="1" name="Sent"/>
                <layer rank="1" name="Other"/>
                <layer rank="1" name="Target">
                    <label cBy="BoC" end="139" start="131" name="Target"/>
                </layer>
                <layer rank="1" name="Noun"/>
            </annotationSet>
        </sentence>
    </subCorpus>
    <subCorpus name="N-280-s20-poss">
        <sentence sentNo="0" aPos="21610867" ID="1086547">
            <text>It was cold and despite their weariness they slept very little . </text>
            <annotationSet cDate="01/08/2003 01:52:53 PST Wed" status="UNANN" ID="1624228">
                <layer rank="1" name="BNC">
                    <label end="1" start="0" name="PNP"/>
                    <label end="5" start="3" name="VBD"/>
                    <label end="10" start="7" name="AJ0"/>
                    <label end="14" start="12" name="CJC"/>
                    <label end="22" start="16" name="PRP"/>
                    <label end="28" start="24" name="DPS"/>
                    <label end="38" start="30" name="NN1"/>
                    <label end="43" start="40" name="PNP"/>
                    <label end="49" start="45" name="VVD"/>
                    <label end="54" start="51" name="AV0"/>
                    <label end="61" start="56" name="AJ0-AV0"/>
                    <label end="63" start="63" name="PUN"/>
                </layer>
                <layer rank="1" name="NER"/>
                <layer rank="1" name="WSL"/>
            </annotationSet>
            <annotationSet cDate="01/08/2003 01:52:53 PST Wed" status="MANUAL" ID="1624229">
                <layer rank="1" name="FE">
                    <label cBy="Sns" feID="3520" end="28" start="24" name="Experiencer"/>
                </layer>
                <layer rank="1" name="GF">
                    <label end="28" start="24" name="Gen"/>
                </layer>
                <layer rank="1" name="PT">
                    <label end="28" start="24" name="Poss"/>
                </layer>
                <layer rank="1" name="Sent"/>
                <layer rank="1" name="Other"/>
                <layer rank="1" name="Target">
                    <label cBy="BoC" end="38" start="30" name="Target"/>
                </layer>
                <layer rank="1" name="Noun"/>
            </annotationSet>
        </sentence>
        <sentence sentNo="0" aPos="100700027" ID="1086552">
            <text>She decided to use it , adding a generous amount of her favourite scented oil to the water gushing into the bath before lying back and letting the warm water soothe her weariness and tensions away . </text>
            <annotationSet cDate="01/08/2003 01:52:54 PST Wed" status="UNANN" ID="1624238">
                <layer rank="1" name="BNC">
                    <label end="2" start="0" name="PNP"/>
                    <label end="10" start="4" name="VVD"/>
                    <label end="13" start="12" name="TO0"/>
                    <label end="17" start="15" name="VVI"/>
                    <label end="20" start="19" name="PNP"/>
                    <label end="22" start="22" name="PUN"/>
                    <label end="29" start="24" name="VVG"/>
                    <label end="31" start="31" name="AT0"/>
                    <label end="40" start="33" name="AJ0"/>
                    <label end="47" start="42" name="NN1"/>
                    <label end="50" start="49" name="PRF"/>
                    <label end="54" start="52" name="DPS"/>
                    <label end="64" start="56" name="AJ0-NN1"/>
                    <label end="72" start="66" name="AJ0-VVD"/>
                    <label end="76" start="74" name="NN1"/>
                    <label end="79" start="78" name="PRP"/>
                    <label end="83" start="81" name="AT0"/>
                    <label end="89" start="85" name="NN1"/>
                    <label end="97" start="91" name="VVG"/>
                    <label end="102" start="99" name="PRP"/>
                    <label end="106" start="104" name="AT0"/>
                    <label end="111" start="108" name="NN1"/>
                    <label end="118" start="113" name="PRP"/>
                    <label end="124" start="120" name="VVG"/>
                    <label end="129" start="126" name="AVP"/>
                    <label end="133" start="131" name="CJC"/>
                    <label end="141" start="135" name="VVG"/>
                    <label end="145" start="143" name="AT0"/>
                    <label end="150" start="147" name="AJ0"/>
                    <label end="156" start="152" name="NN1"/>
                    <label end="163" start="158" name="VVI"/>
                    <label end="167" start="165" name="DPS"/>
                    <label end="177" start="169" name="NN1"/>
                    <label end="181" start="179" name="CJC"/>
                    <label end="190" start="183" name="NN2"/>
                    <label end="195" start="192" name="AVP"/>
                    <label end="197" start="197" name="PUN"/>
                </layer>
                <layer rank="1" name="NER"/>
                <layer rank="1" name="WSL"/>
            </annotationSet>
            <annotationSet cDate="01/08/2003 01:52:54 PST Wed" status="MANUAL" ID="1624239">
                <layer rank="1" name="FE">
                    <label cBy="Sns" feID="3520" end="167" start="165" name="Experiencer"/>
                </layer>
                <layer rank="1" name="GF">
                    <label end="167" start="165" name="Gen"/>
                </layer>
                <layer rank="1" name="PT">
                    <label end="167" start="165" name="Poss"/>
                </layer>
                <layer rank="1" name="Sent"/>
                <layer rank="1" name="Other"/>
                <layer rank="1" name="Target">
                    <label cBy="BoC" end="177" start="169" name="Target"/>
                </layer>
                <layer rank="1" name="Noun"/>
            </annotationSet>
        </sentence>
    </subCorpus>
    <subCorpus name="N-290-s20-posscmpd"/>
    <subCorpus name="N-300-s20-cmpd"/>
    <subCorpus name="N-330-s20-period">
        <sentence sentNo="0" aPos="29787530" ID="1086560">
            <text>Fear , rage , and then suddenly there was nothing but a total weariness . </text>
            <annotationSet cDate="01/08/2003 01:52:55 PST Wed" status="UNANN" ID="1624254">
                <layer rank="1" name="BNC">
                    <label end="3" start="0" name="NN1-NP0"/>
                    <label end="5" start="5" name="PUN"/>
                    <label end="10" start="7" name="NN1-VVB"/>
                    <label end="12" start="12" name="PUN"/>
                    <label end="16" start="14" name="CJC"/>
                    <label end="21" start="18" name="AV0"/>
                    <label end="30" start="23" name="AV0"/>
                    <label end="36" start="32" name="EX0"/>
                    <label end="40" start="38" name="VBD"/>
                    <label end="48" start="42" name="PNI"/>
                    <label end="52" start="50" name="CJC"/>
                    <label end="54" start="54" name="AT0"/>
                    <label end="60" start="56" name="AJ0-NN1"/>
                    <label end="70" start="62" name="NN1"/>
                    <label end="72" start="72" name="PUN"/>
                </layer>
                <layer rank="1" name="NER"/>
                <layer rank="1" name="WSL"/>
            </annotationSet>
            <annotationSet cDate="01/08/2003 01:52:55 PST Wed" status="MANUAL" ID="1624255">
                <layer rank="1" name="FE">
                    <label cBy="Sns" feID="3519" end="60" start="56" name="Degree"/>
                </layer>
                <layer rank="1" name="GF">
                    <label end="60" start="56" name="Dep"/>
                </layer>
                <layer rank="1" name="PT">
                    <label end="60" start="56" name="AJP"/>
                </layer>
                <layer rank="1" name="Sent"/>
                <layer rank="1" name="Other">
                    <label end="36" start="32" name="Null"/>
                </layer>
                <layer rank="1" name="Target">
                    <label cBy="BoC" end="70" start="62" name="Target"/>
                </layer>
                <layer rank="1" name="Noun">
                    <label end="40" start="38" name="Cop"/>
                </layer>
            </annotationSet>
        </sentence>
        <sentence sentNo="0" aPos="50745306" ID="1086562">
            <text>Though each of the others vanished and reappeared like fragments floating round a pool , Pipkin never left him ; and his need for encouragement became at last Hazel 's only support against his own weariness . </text>
            <annotationSet cDate="01/08/2003 01:52:55 PST Wed" status="UNANN" ID="1624258">
                <layer rank="1" name="BNC">
                    <label end="5" start="0" name="CJS"/>
                    <label end="10" start="7" name="DT0"/>
                    <label end="13" start="12" name="PRF"/>
                    <label end="17" start="15" name="AT0"/>
                    <label end="24" start="19" name="NN2"/>
                    <label end="33" start="26" name="VVD-VVN"/>
                    <label end="37" start="35" name="CJC"/>
                    <label end="48" start="39" name="VVD"/>
                    <label end="53" start="50" name="PRP"/>
                    <label end="63" start="55" name="NN2"/>
                    <label end="72" start="65" name="VVG"/>
                    <label end="78" start="74" name="AVP-PRP"/>
                    <label end="80" start="80" name="AT0"/>
                    <label end="85" start="82" name="NN1"/>
                    <label end="87" start="87" name="PUN"/>
                    <label end="94" start="89" name="NN1-NP0"/>
                    <label end="100" start="96" name="AV0"/>
                    <label end="105" start="102" name="VVD-VVN"/>
                    <label end="109" start="107" name="PNP"/>
                    <label end="111" start="111" name="PUN"/>
                    <label end="115" start="113" name="CJC"/>
                    <label end="119" start="117" name="DPS"/>
                    <label end="124" start="121" name="NN1"/>
                    <label end="128" start="126" name="PRP"/>
                    <label end="142" start="130" name="NN1"/>
                    <label end="149" start="144" name="VVD"/>
                    <label end="152" start="151" name="AV0"/>
                    <label end="157" start="154" name="AV0"/>
                    <label end="163" start="159" name="NP0"/>
                    <label end="166" start="165" name="POS"/>
                    <label end="171" start="168" name="AJ0"/>
                    <label end="179" start="173" name="NN1"/>
                    <label end="187" start="181" name="PRP"/>
                    <label end="191" start="189" name="DPS"/>
                    <label end="195" start="193" name="DT0"/>
                    <label end="205" start="197" name="NN1"/>
                    <label end="207" start="207" name="PUN"/>
                </layer>
                <layer rank="1" name="NER"/>
                <layer rank="1" name="WSL"/>
            </annotationSet>
            <annotationSet cDate="01/08/2003 01:52:55 PST Wed" status="MANUAL" ID="1624259">
                <layer rank="1" name="FE">
                    <label cBy="Sns" feID="3520" end="195" start="189" name="Experiencer"/>
                </layer>
                <layer rank="1" name="GF">
                    <label end="195" start="189" name="Dep"/>
                </layer>
                <layer rank="1" name="PT">
                    <label end="195" start="189" name="N"/>
                </layer>
                <layer rank="1" name="Sent"/>
                <layer rank="1" name="Other"/>
                <layer rank="1" name="Target">
                    <label cBy="BoC" end="205" start="197" name="Target"/>
                </layer>
                <layer rank="1" name="Noun"/>
            </annotationSet>
        </sentence>
        <sentence sentNo="0" aPos="63323001" ID="1086567">
            <text>Only children had the energy for play , the adults were in a permanent state of weariness . </text>
            <annotationSet cDate="01/08/2003 01:52:56 PST Wed" status="UNANN" ID="1624268">
                <layer rank="1" name="BNC">
                    <label end="3" start="0" name="AJ0"/>
                    <label end="12" start="5" name="NN2"/>
                    <label end="16" start="14" name="VHD"/>
                    <label end="20" start="18" name="AT0"/>
                    <label end="27" start="22" name="NN1"/>
                    <label end="31" start="29" name="PRP"/>
                    <label end="36" start="33" name="NN1"/>
                    <label end="38" start="38" name="PUN"/>
                    <label end="42" start="40" name="AT0"/>
                    <label end="49" start="44" name="NN2"/>
                    <label end="54" start="51" name="VBD"/>
                    <label end="57" start="56" name="PRP"/>
                    <label end="59" start="59" name="AT0"/>
                    <label end="69" start="61" name="AJ0"/>
                    <label end="75" start="71" name="NN1"/>
                    <label end="78" start="77" name="PRF"/>
                    <label end="88" start="80" name="NN1"/>
                    <label end="90" start="90" name="PUN"/>
                </layer>
                <layer rank="1" name="NER"/>
                <layer rank="1" name="WSL"/>
            </annotationSet>
            <annotationSet cDate="01/08/2003 01:52:56 PST Wed" status="MANUAL" ID="1624269">
                <layer rank="1" name="FE"/>
                <layer rank="1" name="GF"/>
                <layer rank="1" name="PT"/>
                <layer rank="1" name="Sent"/>
                <layer rank="1" name="Other"/>
                <layer rank="1" name="Target">
                    <label cBy="BoC" end="88" start="80" name="Target"/>
                </layer>
                <layer rank="1" name="Noun">
                    <label end="75" start="71" name="Gov"/>
                    <label end="88" start="77" name="X"/>
                </layer>
            </annotationSet>
        </sentence>
        <sentence sentNo="0" aPos="77106066" ID="1086571">
            <text>Merrill leaned back in the chair , suddenly overtaken by weariness . </text>
            <annotationSet cDate="01/08/2003 01:52:57 PST Wed" status="UNANN" ID="1624276">
                <layer rank="1" name="BNC">
                    <label end="6" start="0" name="NP0"/>
                    <label end="13" start="8" name="VVD"/>
                    <label end="18" start="15" name="AVP"/>
                    <label end="21" start="20" name="PRP"/>
                    <label end="25" start="23" name="AT0"/>
                    <label end="31" start="27" name="NN1"/>
                    <label end="33" start="33" name="PUN"/>
                    <label end="42" start="35" name="AV0"/>
                    <label end="52" start="44" name="VVN"/>
                    <label end="55" start="54" name="PRP"/>
                    <label end="65" start="57" name="NN1"/>
                    <label end="67" start="67" name="PUN"/>
                </layer>
                <layer rank="1" name="NER"/>
                <layer rank="1" name="WSL"/>
            </annotationSet>
            <annotationSet cDate="01/08/2003 01:52:57 PST Wed" status="MANUAL" ID="1624277">
                <layer rank="1" name="FE"/>
                <layer rank="1" name="GF"/>
                <layer rank="1" name="PT"/>
                <layer rank="1" name="Sent"/>
                <layer rank="1" name="Other"/>
                <layer rank="1" name="Target">
                    <label cBy="BoC" end="65" start="57" name="Target"/>
                </layer>
                <layer rank="1" name="Noun">
                    <label end="52" start="44" name="Gov"/>
                    <label end="65" start="54" name="X"/>
                </layer>
            </annotationSet>
        </sentence>
    </subCorpus>
    <subCorpus name="N-340-s20-ppother">
        <sentence sentNo="0" aPos="31934569" ID="1086577">
            <text>Davies left Lansdowne Road looking pensive , but alert to Australia 's dislike of Garryowens , their growing weariness after two years of international stress , and the disruption of losing a fourth player through injury . </text>
            <annotationSet cDate="01/08/2003 01:52:57 PST Wed" status="UNANN" ID="1624288">
                <layer rank="1" name="BNC">
                    <label end="5" start="0" name="NP0"/>
                    <label end="10" start="7" name="VVD"/>
                    <label end="20" start="12" name="NP0"/>
                    <label end="25" start="22" name="NP0"/>
                    <label end="33" start="27" name="VVG"/>
                    <label end="41" start="35" name="AJ0"/>
                    <label end="43" start="43" name="PUN"/>
                    <label end="47" start="45" name="CJC"/>
                    <label end="53" start="49" name="VVB"/>
                    <label end="56" start="55" name="PRP"/>
                    <label end="66" start="58" name="NP0"/>
                    <label end="69" start="68" name="POS"/>
                    <label end="77" start="71" name="NN1"/>
                    <label end="80" start="79" name="PRF"/>
                    <label end="91" start="82" name="NP0"/>
                    <label end="93" start="93" name="PUN"/>
                    <label end="99" start="95" name="DPS"/>
                    <label end="107" start="101" name="AJ0"/>
                    <label end="117" start="109" name="NN1"/>
                    <label end="123" start="119" name="PRP"/>
                    <label end="127" start="125" name="CRD"/>
                    <label end="133" start="129" name="NN2"/>
                    <label end="136" start="135" name="PRF"/>
                    <label end="150" start="138" name="AJ0"/>
                    <label end="157" start="152" name="NN1"/>
                    <label end="159" start="159" name="PUN"/>
                    <label end="163" start="161" name="CJC"/>
                    <label end="167" start="165" name="AT0"/>
                    <label end="178" start="169" name="NN1"/>
                    <label end="181" start="180" name="PRF"/>
                    <label end="188" start="183" name="VVG"/>
                    <label end="190" start="190" name="AT0"/>
                    <label end="197" start="192" name="ORD"/>
                    <label end="204" start="199" name="NN1"/>
                    <label end="212" start="206" name="PRP"/>
                    <label end="219" start="214" name="NN1"/>
                    <label end="221" start="221" name="PUN"/>
                </layer>
                <layer rank="1" name="NER"/>
                <layer rank="1" name="WSL"/>
            </annotationSet>
            <annotationSet cDate="01/08/2003 01:52:58 PST Wed" status="MANUAL" ID="1624289">
                <layer rank="1" name="FE">
                    <label cBy="Sns" feID="3520" end="99" start="95" name="Experiencer"/>
                    <label cBy="Sns" feID="3519" end="107" start="101" name="Degree"/>
                    <label cBy="Sns" feID="3521" end="157" start="119" name="Time"/>
                </layer>
                <layer rank="1" name="GF">
                    <label end="99" start="95" name="Gen"/>
                    <label end="107" start="101" name="Dep"/>
                    <label end="157" start="119" name="Dep"/>
                </layer>
                <layer rank="1" name="PT">
                    <label end="99" start="95" name="Poss"/>
                    <label end="107" start="101" name="AJP"/>
                    <label end="157" start="119" name="PP"/>
                </layer>
                <layer rank="1" name="Sent"/>
                <layer rank="1" name="Other"/>
                <layer rank="1" name="Target">
                    <label cBy="BoC" end="117" start="109" name="Target"/>
                </layer>
                <layer rank="1" name="Noun"/>
            </annotationSet>
        </sentence>
    </subCorpus>
    <subCorpus name="N-340a-s20-ppother">
        <sentence sentNo="0" aPos="4292013" ID="1086583">
            <text>But when she turned back to her mother again , his face resumed its worried , searching frown of concentration , his ear attuned below the level of conversation to the pain and weariness in her voice . </text>
            <annotationSet cDate="01/08/2003 01:52:58 PST Wed" status="UNANN" ID="1624300">
                <layer rank="1" name="BNC">
                    <label end="2" start="0" name="CJC"/>
                    <label end="7" start="4" name="AVQ-CJS"/>
                    <label end="11" start="9" name="PNP"/>
                    <label end="18" start="13" name="VVD"/>
                    <label end="23" start="20" name="AVP"/>
                    <label end="26" start="25" name="PRP"/>
                    <label end="30" start="28" name="DPS"/>
                    <label end="37" start="32" name="NN1"/>
                    <label end="43" start="39" name="AV0"/>
                    <label end="45" start="45" name="PUN"/>
                    <label end="49" start="47" name="DPS"/>
                    <label end="54" start="51" name="NN1"/>
                    <label end="62" start="56" name="VVD"/>
                    <label end="66" start="64" name="DPS"/>
                    <label end="74" start="68" name="AJ0"/>
                    <label end="76" start="76" name="PUN"/>
                    <label end="86" start="78" name="AJ0-VVG"/>
                    <label end="92" start="88" name="NN1"/>
                    <label end="95" start="94" name="PRF"/>
                    <label end="109" start="97" name="NN1"/>
                    <label end="111" start="111" name="PUN"/>
                    <label end="115" start="113" name="DPS"/>
                    <label end="119" start="117" name="NN1"/>
                    <label end="127" start="121" name="VVD-VVN"/>
                    <label end="133" start="129" name="PRP"/>
                    <label end="137" start="135" name="AT0"/>
                    <label end="143" start="139" name="NN1"/>
                    <label end="146" start="145" name="PRF"/>
                    <label end="159" start="148" name="NN1"/>
                    <label end="162" start="161" name="PRP"/>
                    <label end="166" start="164" name="AT0"/>
                    <label end="171" start="168" name="NN1"/>
                    <label end="175" start="173" name="CJC"/>
                    <label end="185" start="177" name="NN1"/>
                    <label end="188" start="187" name="PRP"/>
                    <label end="192" start="190" name="DPS"/>
                    <label end="198" start="194" name="NN1"/>
                    <label end="200" start="200" name="PUN"/>
                </layer>
                <layer rank="1" name="NER"/>
                <layer rank="1" name="WSL"/>
            </annotationSet>
            <annotationSet cDate="01/08/2003 01:52:58 PST Wed" status="MANUAL" ID="1624301">
                <layer rank="1" name="FE">
                    <label cBy="Sns" feID="3526" end="198" start="187" name="Expressor"/>
                </layer>
                <layer rank="1" name="GF">
                    <label end="198" start="187" name="Dep"/>
                </layer>
                <layer rank="1" name="PT">
                    <label end="198" start="187" name="PP"/>
                </layer>
                <layer rank="1" name="Sent"/>
                <layer rank="1" name="Other"/>
                <layer rank="1" name="Target">
                    <label cBy="BoC" end="185" start="177" name="Target"/>
                </layer>
                <layer rank="1" name="Noun"/>
            </annotationSet>
        </sentence>
        <sentence sentNo="0" aPos="11349519" ID="1086585">
            <text>However , the crisis is not simply a product of specific policy failures , or of weariness with ten years of Mitterrand . </text>
            <annotationSet cDate="01/08/2003 01:52:58 PST Wed" status="UNANN" ID="1624304">
                <layer rank="1" name="BNC">
                    <label end="6" start="0" name="AV0"/>
                    <label end="8" start="8" name="PUN"/>
                    <label end="12" start="10" name="AT0"/>
                    <label end="19" start="14" name="NN1"/>
                    <label end="22" start="21" name="VBZ"/>
                    <label end="26" start="24" name="XX0"/>
                    <label end="33" start="28" name="AV0"/>
                    <label end="35" start="35" name="AT0"/>
                    <label end="43" start="37" name="NN1"/>
                    <label end="46" start="45" name="PRF"/>
                    <label end="55" start="48" name="AJ0"/>
                    <label end="62" start="57" name="NN1"/>
                    <label end="71" start="64" name="NN2"/>
                    <label end="73" start="73" name="PUN"/>
                    <label end="76" start="75" name="CJC"/>
                    <label end="79" start="78" name="PRF"/>
                    <label end="89" start="81" name="NN1"/>
                    <label end="94" start="91" name="PRP"/>
                    <label end="98" start="96" name="CRD"/>
                    <label end="104" start="100" name="NN2"/>
                    <label end="107" start="106" name="PRF"/>
                    <label end="118" start="109" name="NP0"/>
                    <label end="120" start="120" name="PUN"/>
                </layer>
                <layer rank="1" name="NER"/>
                <layer rank="1" name="WSL"/>
            </annotationSet>
            <annotationSet cDate="01/08/2003 01:52:59 PST Wed" status="MANUAL" ID="1624305">
                <layer rank="1" name="FE">
                    <label cBy="Sns" feID="3530" end="118" start="91" name="Explanation"/>
                </layer>
                <layer rank="1" name="GF">
                    <label end="118" start="91" name="Dep"/>
                </layer>
                <layer rank="1" name="PT">
                    <label end="118" start="91" name="PP"/>
                </layer>
                <layer rank="1" name="Sent"/>
                <layer rank="1" name="Other"/>
                <layer rank="1" name="Target">
                    <label cBy="BoC" end="89" start="81" name="Target"/>
                </layer>
                <layer rank="1" name="Noun"/>
            </annotationSet>
        </sentence>
    </subCorpus>
    <subCorpus name="N-370-s20-pother"/>
    <subCorpus name="N-380-s20-other">
        <sentence sentNo="0" aPos="14272312" ID="1086607">
            <text>Later , at three in the morning , after the post show chaos and ligging had succumbed to weariness , Morrissey rang her and said , ` Well ? &quot; . </text>
            <annotationSet cDate="01/08/2003 01:53:01 PST Wed" status="UNANN" ID="1624348">
                <layer rank="1" name="BNC">
                    <label end="4" start="0" name="AV0"/>
                    <label end="6" start="6" name="PUN"/>
                    <label end="9" start="8" name="PRP"/>
                    <label end="15" start="11" name="CRD"/>
                    <label end="18" start="17" name="PRP"/>
                    <label end="22" start="20" name="AT0"/>
                    <label end="30" start="24" name="NN1"/>
                    <label end="32" start="32" name="PUN"/>
                    <label end="38" start="34" name="CJS-PRP"/>
                    <label end="42" start="40" name="AT0"/>
                    <label end="47" start="44" name="NN1"/>
                    <label end="52" start="49" name="NN1-VVB"/>
                    <label end="58" start="54" name="NN1"/>
                    <label end="62" start="60" name="CJC"/>
                    <label end="70" start="64" name="NN1-VVG"/>
                    <label end="74" start="72" name="VHD"/>
                    <label end="84" start="76" name="VVN"/>
                    <label end="87" start="86" name="PRP"/>
                    <label end="97" start="89" name="NN1"/>
                    <label end="99" start="99" name="PUN"/>
                    <label end="109" start="101" name="NP0"/>
                    <label end="114" start="111" name="VVD"/>
                    <label end="118" start="116" name="PNP"/>
                    <label end="122" start="120" name="CJC"/>
                    <label end="127" start="124" name="VVD"/>
                    <label end="129" start="129" name="PUN"/>
                    <label end="131" start="131" name="PUQ"/>
                    <label end="136" start="133" name="AV0"/>
                    <label end="138" start="138" name="PUN"/>
                    <label end="140" start="140" name="PUQ"/>
                    <label end="142" start="142" name="PUN"/>
                </layer>
                <layer rank="1" name="NER"/>
                <layer rank="1" name="WSL"/>
            </annotationSet>
            <annotationSet cDate="01/08/2003 01:53:01 PST Wed" status="MANUAL" ID="1624349">
                <layer rank="1" name="FE"/>
                <layer rank="1" name="GF"/>
                <layer rank="1" name="PT"/>
                <layer rank="1" name="Sent"/>
                <layer rank="1" name="Other"/>
                <layer rank="1" name="Target">
                    <label cBy="BoC" end="97" start="89" name="Target"/>
                </layer>
                <layer rank="1" name="Noun">
                    <label end="84" start="76" name="Gov"/>
                    <label end="97" start="86" name="X"/>
                </layer>
            </annotationSet>
        </sentence>
        <sentence sentNo="0" aPos="63143123" ID="1086614">
            <text>A great weariness had suddenly settled upon it . </text>
            <annotationSet cDate="01/08/2003 01:53:02 PST Wed" status="UNANN" ID="1624362">
                <layer rank="1" name="BNC">
                    <label end="0" start="0" name="AT0"/>
                    <label end="6" start="2" name="AJ0"/>
                    <label end="16" start="8" name="NN1"/>
                    <label end="20" start="18" name="VHD"/>
                    <label end="29" start="22" name="AV0"/>
                    <label end="37" start="31" name="VVN"/>
                    <label end="42" start="39" name="PRP"/>
                    <label end="45" start="44" name="PNP"/>
                    <label end="47" start="47" name="PUN"/>
                </layer>
                <layer rank="1" name="NER"/>
                <layer rank="1" name="WSL"/>
            </annotationSet>
            <annotationSet cDate="01/08/2003 01:53:02 PST Wed" status="MANUAL" ID="1624363">
                <layer rank="1" name="FE">
                    <label cBy="Sns" feID="3519" end="6" start="2" name="Degree"/>
                </layer>
                <layer rank="1" name="GF">
                    <label end="6" start="2" name="Dep"/>
                </layer>
                <layer rank="1" name="PT">
                    <label end="6" start="2" name="AJP"/>
                </layer>
                <layer rank="1" name="Sent"/>
                <layer rank="1" name="Other"/>
                <layer rank="1" name="Target">
                    <label cBy="BoC" end="16" start="8" name="Target"/>
                </layer>
                <layer rank="1" name="Noun"/>
            </annotationSet>
        </sentence>
    </subCorpus>
    <subCorpus name="N-429-s20-lgov-feel">
        <sentence sentNo="0" aPos="29326973" ID="1086625">
            <text>She had felt a terrible weariness . </text>
            <annotationSet cDate="01/08/2003 01:53:03 PST Wed" status="UNANN" ID="1624384">
                <layer rank="1" name="BNC">
                    <label end="2" start="0" name="PNP"/>
                    <label end="6" start="4" name="VHD"/>
                    <label end="11" start="8" name="VVN"/>
                    <label end="13" start="13" name="AT0"/>
                    <label end="22" start="15" name="AJ0"/>
                    <label end="32" start="24" name="NN1"/>
                    <label end="34" start="34" name="PUN"/>
                </layer>
                <layer rank="1" name="NER"/>
                <layer rank="1" name="WSL"/>
            </annotationSet>
            <annotationSet cDate="01/08/2003 01:53:03 PST Wed" status="MANUAL" ID="1624385">
                <layer rank="1" name="FE">
                    <label cBy="Sns" feID="3520" end="2" start="0" name="Experiencer"/>
                    <label cBy="Sns" feID="3519" end="22" start="15" name="Degree"/>
                </layer>
                <layer rank="1" name="GF">
                    <label end="2" start="0" name="Ext"/>
                    <label end="22" start="15" name="Dep"/>
                </layer>
                <layer rank="1" name="PT">
                    <label end="2" start="0" name="NP"/>
                    <label end="22" start="15" name="AJP"/>
                </layer>
                <layer rank="1" name="Sent"/>
                <layer rank="1" name="Other"/>
                <layer rank="1" name="Target">
                    <label cBy="BoC" end="32" start="24" name="Target"/>
                </layer>
                <layer rank="1" name="Noun">
                    <label end="11" start="8" name="Ctrlr"/>
                </layer>
            </annotationSet>
        </sentence>
        <sentence sentNo="0" aPos="69946758" ID="1086628">
            <text>For myself , I felt nothing but weariness , and a kind of grief . </text>
            <annotationSet cDate="01/08/2003 01:53:03 PST Wed" status="UNANN" ID="1624390">
                <layer rank="1" name="BNC">
                    <label end="2" start="0" name="PRP"/>
                    <label end="9" start="4" name="PNX"/>
                    <label end="11" start="11" name="PUN"/>
                    <label end="13" start="13" name="PNP"/>
                    <label end="18" start="15" name="VVD"/>
                    <label end="26" start="20" name="PNI"/>
                    <label end="30" start="28" name="CJC"/>
                    <label end="40" start="32" name="NN1"/>
                    <label end="42" start="42" name="PUN"/>
                    <label end="46" start="44" name="CJC"/>
                    <label end="48" start="48" name="AT0"/>
                    <label end="53" start="50" name="NN1"/>
                    <label end="56" start="55" name="PRF"/>
                    <label end="62" start="58" name="NN1"/>
                    <label end="64" start="64" name="PUN"/>
                </layer>
                <layer rank="1" name="NER"/>
                <layer rank="1" name="WSL"/>
            </annotationSet>
            <annotationSet cDate="01/08/2003 01:53:04 PST Wed" status="MANUAL" ID="1624391">
                <layer rank="1" name="FE">
                    <label cBy="Sns" feID="3520" end="13" start="13" name="Experiencer"/>
                </layer>
                <layer rank="1" name="GF">
                    <label end="13" start="13" name="Ext"/>
                </layer>
                <layer rank="1" name="PT">
                    <label end="13" start="13" name="NP"/>
                </layer>
                <layer rank="1" name="Sent"/>
                <layer rank="1" name="Other"/>
                <layer rank="1" name="Target">
                    <label cBy="BoC" end="40" start="32" name="Target"/>
                </layer>
                <layer rank="1" name="Noun">
                    <label end="18" start="15" name="Ctrlr"/>
                </layer>
            </annotationSet>
        </sentence>
    </subCorpus>
    <subCorpus name="N-429-s20-lgov-feign">
        <sentence sentNo="0" aPos="87311708" ID="1086631">
            <text>He put his hands to his temples , feigning weariness . </text>
            <annotationSet cDate="01/08/2003 01:53:04 PST Wed" status="UNANN" ID="1624396">
                <layer rank="1" name="BNC">
                    <label end="1" start="0" name="PNP"/>
                    <label end="5" start="3" name="VVD"/>
                    <label end="9" start="7" name="DPS"/>
                    <label end="15" start="11" name="NN2"/>
                    <label end="18" start="17" name="PRP"/>
                    <label end="22" start="20" name="DPS"/>
                    <label end="30" start="24" name="NN2"/>
                    <label end="32" start="32" name="PUN"/>
                    <label end="41" start="34" name="VVG"/>
                    <label end="51" start="43" name="NN1"/>
                    <label end="53" start="53" name="PUN"/>
                </layer>
                <layer rank="1" name="NER"/>
                <layer rank="1" name="WSL"/>
            </annotationSet>
            <annotationSet cDate="01/08/2003 01:53:04 PST Wed" status="MANUAL" ID="1624397">
                <layer rank="1" name="FE"/>
                <layer rank="1" name="GF"/>
                <layer rank="1" name="PT"/>
                <layer rank="1" name="Sent"/>
                <layer rank="1" name="Other"/>
                <layer rank="1" name="Target">
                    <label cBy="BoC" end="51" start="43" name="Target"/>
                </layer>
                <layer rank="1" name="Noun">
                    <label end="41" start="34" name="Gov"/>
                    <label end="51" start="43" name="X"/>
                </layer>
            </annotationSet>
        </sentence>
    </subCorpus>
    <subCorpus name="N-429-s20-lgov-with">
        <sentence sentNo="0" aPos="59218963" ID="1086640">
            <text>Fon sat in the small kitchen stitching at the fine garment even though the light was poor and her eyes burned with weariness . </text>
            <annotationSet cDate="01/08/2003 01:53:05 PST Wed" status="UNANN" ID="1624414">
                <layer rank="1" name="BNC">
                    <label end="2" start="0" name="NN1-NP0"/>
                    <label end="6" start="4" name="VVD"/>
                    <label end="9" start="8" name="PRP"/>
                    <label end="13" start="11" name="AT0"/>
                    <label end="19" start="15" name="AJ0"/>
                    <label end="27" start="21" name="NN1"/>
                    <label end="37" start="29" name="VVG"/>
                    <label end="40" start="39" name="PRP"/>
                    <label end="44" start="42" name="AT0"/>
                    <label end="49" start="46" name="AJ0"/>
                    <label end="57" start="51" name="NN1"/>
                    <label end="62" start="59" name="CJS"/>
                    <label end="69" start="64" name="CJS"/>
                    <label end="73" start="71" name="AT0"/>
                    <label end="79" start="75" name="NN1"/>
                    <label end="83" start="81" name="VBD"/>
                    <label end="88" start="85" name="AJ0"/>
                    <label end="92" start="90" name="CJC"/>
                    <label end="96" start="94" name="DPS"/>
                    <label end="101" start="98" name="NN2"/>
                    <label end="108" start="103" name="VVD-VVN"/>
                    <label end="113" start="110" name="PRP"/>
                    <label end="123" start="115" name="NN1"/>
                    <label end="125" start="125" name="PUN"/>
                </layer>
                <layer rank="1" name="NER"/>
                <layer rank="1" name="WSL"/>
            </annotationSet>
            <annotationSet cDate="01/08/2003 01:53:05 PST Wed" status="MANUAL" ID="1624415">
                <layer rank="1" name="FE"/>
                <layer rank="1" name="GF"/>
                <layer rank="1" name="PT"/>
                <layer rank="1" name="Sent"/>
                <layer rank="1" name="Other"/>
                <layer rank="1" name="Target">
                    <label cBy="BoC" end="123" start="115" name="Target"/>
                </layer>
                <layer rank="1" name="Noun">
                    <label end="108" start="103" name="Gov"/>
                    <label end="123" start="110" name="X"/>
                </layer>
            </annotationSet>
        </sentence>
        <sentence sentNo="0" aPos="92115482" ID="1086645">
            <text>At 11 p.m. on the night of June 18 , when Edward was sitting bog-eyed with weariness in the small metal box that served him as a cabin , Foley sought him out . </text>
            <annotationSet cDate="01/08/2003 01:53:09 PST Wed" status="UNANN" ID="1624424">
                <layer rank="1" name="BNC">
                    <label end="1" start="0" name="PRP"/>
                    <label end="4" start="3" name="CRD"/>
                    <label end="9" start="6" name="AV0"/>
                    <label end="12" start="11" name="PRP"/>
                    <label end="16" start="14" name="AT0"/>
                    <label end="22" start="18" name="NN1"/>
                    <label end="25" start="24" name="PRF"/>
                    <label end="30" start="27" name="NP0"/>
                    <label end="33" start="32" name="CRD"/>
                    <label end="35" start="35" name="PUN"/>
                    <label end="40" start="37" name="AVQ-CJS"/>
                    <label end="47" start="42" name="NP0"/>
                    <label end="51" start="49" name="VBD"/>
                    <label end="59" start="53" name="VVG"/>
                    <label end="68" start="61" name="AJ0"/>
                    <label end="73" start="70" name="PRP"/>
                    <label end="83" start="75" name="NN1"/>
                    <label end="86" start="85" name="PRP"/>
                    <label end="90" start="88" name="AT0"/>
                    <label end="96" start="92" name="AJ0"/>
                    <label end="102" start="98" name="NN1"/>
                    <label end="106" start="104" name="NN1"/>
                    <label end="111" start="108" name="CJT"/>
                    <label end="118" start="113" name="VVD"/>
                    <label end="122" start="120" name="PNP"/>
                    <label end="125" start="124" name="CJS-PRP"/>
                    <label end="127" start="127" name="AT0"/>
                    <label end="133" start="129" name="NN1"/>
                    <label end="135" start="135" name="PUN"/>
                    <label end="141" start="137" name="NP0"/>
                    <label end="148" start="143" name="VVD"/>
                    <label end="152" start="150" name="PNP"/>
                    <label end="156" start="154" name="AVP"/>
                    <label end="158" start="158" name="PUN"/>
                </layer>
                <layer rank="1" name="NER"/>
                <layer rank="1" name="WSL"/>
            </annotationSet>
            <annotationSet cDate="01/08/2003 01:53:09 PST Wed" status="MANUAL" ID="1624425">
                <layer rank="1" name="FE"/>
                <layer rank="1" name="GF"/>
                <layer rank="1" name="PT"/>
                <layer rank="1" name="Sent"/>
                <layer rank="1" name="Other"/>
                <layer rank="1" name="Target">
                    <label cBy="BoC" end="83" start="75" name="Target"/>
                </layer>
                <layer rank="1" name="Noun">
                    <label end="59" start="53" name="Gov"/>
                    <label end="83" start="61" name="X"/>
                </layer>
            </annotationSet>
        </sentence>
        <sentence sentNo="0" aPos="101083982" ID="1086648">
            <text>Ruth paled with weariness . </text>
            <annotationSet cDate="01/08/2003 01:53:10 PST Wed" status="UNANN" ID="1624430">
                <layer rank="1" name="BNC">
                    <label end="3" start="0" name="NP0"/>
                    <label end="9" start="5" name="VVD"/>
                    <label end="14" start="11" name="PRP"/>
                    <label end="24" start="16" name="NN1"/>
                    <label end="26" start="26" name="PUN"/>
                </layer>
                <layer rank="1" name="NER"/>
                <layer rank="1" name="WSL"/>
            </annotationSet>
            <annotationSet cDate="01/08/2003 01:53:10 PST Wed" status="MANUAL" ID="1624431">
                <layer rank="1" name="FE"/>
                <layer rank="1" name="GF"/>
                <layer rank="1" name="PT"/>
                <layer rank="1" name="Sent"/>
                <layer rank="1" name="Other"/>
                <layer rank="1" name="Target">
                    <label cBy="BoC" end="24" start="16" name="Target"/>
                </layer>
                <layer rank="1" name="Noun">
                    <label end="9" start="5" name="Gov"/>
                    <label end="24" start="11" name="X"/>
                </layer>
            </annotationSet>
        </sentence>
    </subCorpus>
</lexUnit>