<?xml version="1.0" encoding="UTF-8" standalone="yes"?>
<?xml-stylesheet type="text/xsl" href="lexUnit.xsl"?>
<lexUnit status="Finished_Initial" incorporatedFE="Garment" POS="N" name="briefs.n" ID="7201" frame="Clothing" frameID="134" totalAnnotated="13" xsi:schemaLocation="../schema/lexUnit.xsd" xmlns="http://framenet.icsi.berkeley.edu" xmlns:xsi="http://www.w3.org/2001/XMLSchema-instance">
    <header>
        <frame>
            <FE fgColor="FFFFFF" bgColor="008000" type="Peripheral" abbrev="Body_loc" name="Body_location"/>
            <FE fgColor="FFFFFF" bgColor="FF00FF" type="Peripheral" abbrev="cre" name="Creator"/>
            <FE fgColor="FFFFFF" bgColor="9400D3" type="Peripheral" abbrev="Desc" name="Descriptor"/>
            <FE fgColor="FFFFFF" bgColor="0000FF" type="Core" abbrev="Gar" name="Garment"/>
            <FE fgColor="FFFFFF" bgColor="1E90FF" type="Peripheral" abbrev="Mat" name="Material"/>
            <FE fgColor="000000" bgColor="d0d0d0" type="Peripheral" abbrev="nam" name="Name"/>
            <FE fgColor="FFFFFF" bgColor="800080" type="Peripheral" abbrev="Sty" name="Style"/>
            <FE fgColor="FFFFFF" bgColor="808080" type="Peripheral" abbrev="Subr" name="Subregion"/>
            <FE fgColor="FFFFFF" bgColor="00BFFF" type="Peripheral" abbrev="tim" name="Time_of_creation"/>
            <FE fgColor="FFFFFF" bgColor="A52A2A" type="Peripheral" abbrev="Use" name="Use"/>
            <FE fgColor="FFFFFF" bgColor="FF0000" type="Peripheral" abbrev="Wear" name="Wearer"/>
        </frame>
    </header>
    <definition>FN: men's underwear</definition>
    <lexeme POS="N" name="briefs"/>
    <valences>
        <governor type="Gov" lemma="kick off">
            <annoSet ID="1614413"/>
        </governor>
        <governor type="Gov" lemma="tear">
            <annoSet ID="1614347"/>
        </governor>
        <governor type="Gov" lemma="wear">
            <annoSet ID="1614329"/>
        </governor>
        <FERealization total="6">
            <FE name="Descriptor"/>
            <pattern total="1">
                <valenceUnit GF="Dep" PT="A" FE="Descriptor"/>
                <annoSet ID="1614357"/>
            </pattern>
            <pattern total="4">
                <valenceUnit GF="Dep" PT="AJP" FE="Descriptor"/>
                <annoSet ID="1614303"/>
                <annoSet ID="1614357"/>
                <annoSet ID="1614451"/>
                <annoSet ID="1614473"/>
            </pattern>
            <pattern total="3">
                <valenceUnit GF="Dep" PT="N" FE="Descriptor"/>
                <annoSet ID="1614369"/>
                <annoSet ID="1614443"/>
                <annoSet ID="1614451"/>
            </pattern>
        </FERealization>
        <FERealization total="13">
            <FE name="Garment"/>
            <pattern total="13">
                <valenceUnit GF="" PT="DEN" FE="Garment"/>
                <annoSet ID="1614303"/>
                <annoSet ID="1614329"/>
                <annoSet ID="1614343"/>
                <annoSet ID="1614345"/>
                <annoSet ID="1614347"/>
                <annoSet ID="1614357"/>
                <annoSet ID="1614369"/>
                <annoSet ID="1614413"/>
                <annoSet ID="1614443"/>
                <annoSet ID="1614451"/>
                <annoSet ID="1614471"/>
                <annoSet ID="1614473"/>
                <annoSet ID="1614475"/>
            </pattern>
        </FERealization>
        <FERealization total="4">
            <FE name="Material"/>
            <pattern total="2">
                <valenceUnit GF="Dep" PT="N" FE="Material"/>
                <annoSet ID="1614303"/>
                <annoSet ID="1614471"/>
            </pattern>
            <pattern total="2">
                <valenceUnit GF="Dep" PT="AJP" FE="Material"/>
                <annoSet ID="1614343"/>
                <annoSet ID="1614369"/>
            </pattern>
        </FERealization>
        <FERealization total="2">
            <FE name="Style"/>
            <pattern total="1">
                <valenceUnit GF="Dep" PT="N" FE="Style"/>
                <annoSet ID="1614473"/>
            </pattern>
            <pattern total="1">
                <valenceUnit GF="Dep" PT="AJP" FE="Style"/>
                <annoSet ID="1614369"/>
            </pattern>
        </FERealization>
        <FERealization total="1">
            <FE name="Subregion"/>
            <pattern total="1">
                <valenceUnit GF="Dep" PT="PP[with]" FE="Subregion"/>
                <annoSet ID="1614369"/>
            </pattern>
        </FERealization>
        <FERealization total="4">
            <FE name="Wearer"/>
            <pattern total="4">
                <valenceUnit GF="Gen" PT="Poss" FE="Wearer"/>
                <annoSet ID="1614345"/>
                <annoSet ID="1614347"/>
                <annoSet ID="1614413"/>
                <annoSet ID="1614475"/>
            </pattern>
        </FERealization>
        <FEGroupRealization total="1">
            <FE name="Descriptor"/>
            <FE name="Descriptor"/>
            <FE name="Descriptor"/>
            <FE name="Garment"/>
            <pattern total="1">
                <valenceUnit GF="Dep" PT="A" FE="Descriptor"/>
                <valenceUnit GF="Dep" PT="AJP" FE="Descriptor"/>
                <valenceUnit GF="Dep" PT="AJP" FE="Descriptor"/>
                <valenceUnit GF="" PT="DEN" FE="Garment"/>
                <annoSet ID="1614357"/>
            </pattern>
        </FEGroupRealization>
        <FEGroupRealization total="1">
            <FE name="Descriptor"/>
            <FE name="Descriptor"/>
            <FE name="Garment"/>
            <pattern total="1">
                <valenceUnit GF="Dep" PT="AJP" FE="Descriptor"/>
                <valenceUnit GF="Dep" PT="N" FE="Descriptor"/>
                <valenceUnit GF="" PT="DEN" FE="Garment"/>
                <annoSet ID="1614451"/>
            </pattern>
        </FEGroupRealization>
        <FEGroupRealization total="1">
            <FE name="Descriptor"/>
            <FE name="Garment"/>
            <pattern total="1">
                <valenceUnit GF="Dep" PT="N" FE="Descriptor"/>
                <valenceUnit GF="" PT="DEN" FE="Garment"/>
                <annoSet ID="1614443"/>
            </pattern>
        </FEGroupRealization>
        <FEGroupRealization total="1">
            <FE name="Descriptor"/>
            <FE name="Garment"/>
            <FE name="Material"/>
            <pattern total="1">
                <valenceUnit GF="Dep" PT="AJP" FE="Descriptor"/>
                <valenceUnit GF="" PT="DEN" FE="Garment"/>
                <valenceUnit GF="Dep" PT="N" FE="Material"/>
                <annoSet ID="1614303"/>
            </pattern>
        </FEGroupRealization>
        <FEGroupRealization total="1">
            <FE name="Descriptor"/>
            <FE name="Garment"/>
            <FE name="Material"/>
            <FE name="Style"/>
            <FE name="Subregion"/>
            <pattern total="1">
                <valenceUnit GF="Dep" PT="N" FE="Descriptor"/>
                <valenceUnit GF="" PT="DEN" FE="Garment"/>
                <valenceUnit GF="Dep" PT="AJP" FE="Material"/>
                <valenceUnit GF="Dep" PT="AJP" FE="Style"/>
                <valenceUnit GF="Dep" PT="PP[with]" FE="Subregion"/>
                <annoSet ID="1614369"/>
            </pattern>
        </FEGroupRealization>
        <FEGroupRealization total="1">
            <FE name="Descriptor"/>
            <FE name="Garment"/>
            <FE name="Style"/>
            <pattern total="1">
                <valenceUnit GF="Dep" PT="AJP" FE="Descriptor"/>
                <valenceUnit GF="" PT="DEN" FE="Garment"/>
                <valenceUnit GF="Dep" PT="N" FE="Style"/>
                <annoSet ID="1614473"/>
            </pattern>
        </FEGroupRealization>
        <FEGroupRealization total="1">
            <FE name="Garment"/>
            <pattern total="1">
                <valenceUnit GF="" PT="DEN" FE="Garment"/>
                <annoSet ID="1614329"/>
            </pattern>
        </FEGroupRealization>
        <FEGroupRealization total="2">
            <FE name="Garment"/>
            <FE name="Material"/>
            <pattern total="1">
                <valenceUnit GF="" PT="DEN" FE="Garment"/>
                <valenceUnit GF="Dep" PT="AJP" FE="Material"/>
                <annoSet ID="1614343"/>
            </pattern>
            <pattern total="1">
                <valenceUnit GF="" PT="DEN" FE="Garment"/>
                <valenceUnit GF="Dep" PT="N" FE="Material"/>
                <annoSet ID="1614471"/>
            </pattern>
        </FEGroupRealization>
        <FEGroupRealization total="4">
            <FE name="Garment"/>
            <FE name="Wearer"/>
            <pattern total="4">
                <valenceUnit GF="" PT="DEN" FE="Garment"/>
                <valenceUnit GF="Gen" PT="Poss" FE="Wearer"/>
                <annoSet ID="1614345"/>
                <annoSet ID="1614347"/>
                <annoSet ID="1614413"/>
                <annoSet ID="1614475"/>
            </pattern>
        </FEGroupRealization>
    </valences>
    <subCorpus name="N-001-all">
        <sentence sentNo="0" aPos="6715897" ID="1081449">
            <text>She crossed her slender legs very slowly so that the panel of her dress fell away to reveal long , shapely limbs plus a glimpse of white satin briefs . </text>
            <annotationSet cDate="01/08/2003 01:39:25 PST Wed" status="UNANN" ID="1614302">
                <layer rank="1" name="BNC">
                    <label end="2" start="0" name="PNP"/>
                    <label end="10" start="4" name="VVD"/>
                    <label end="14" start="12" name="DPS"/>
                    <label end="22" start="16" name="AJ0"/>
                    <label end="27" start="24" name="NN2"/>
                    <label end="32" start="29" name="AV0"/>
                    <label end="39" start="34" name="AV0"/>
                    <label end="42" start="41" name="CJS"/>
                    <label end="47" start="44" name="CJS"/>
                    <label end="51" start="49" name="AT0"/>
                    <label end="57" start="53" name="NN1"/>
                    <label end="60" start="59" name="PRF"/>
                    <label end="64" start="62" name="DPS"/>
                    <label end="70" start="66" name="NN1"/>
                    <label end="75" start="72" name="VVD"/>
                    <label end="80" start="77" name="AV0"/>
                    <label end="83" start="82" name="TO0"/>
                    <label end="90" start="85" name="VVI"/>
                    <label end="95" start="92" name="AJ0-AV0"/>
                    <label end="97" start="97" name="PUN"/>
                    <label end="105" start="99" name="AJ0"/>
                    <label end="111" start="107" name="NN2"/>
                    <label end="116" start="113" name="PRP"/>
                    <label end="118" start="118" name="AT0"/>
                    <label end="126" start="120" name="NN1"/>
                    <label end="129" start="128" name="PRF"/>
                    <label end="135" start="131" name="AJ0"/>
                    <label end="141" start="137" name="NN1"/>
                    <label end="148" start="143" name="NN2"/>
                    <label end="150" start="150" name="PUN"/>
                </layer>
                <layer rank="1" name="NER"/>
                <layer rank="1" name="WSL"/>
            </annotationSet>
            <annotationSet cDate="01/08/2003 01:39:25 PST Wed" status="MANUAL" ID="1614303">
                <layer rank="1" name="FE">
                    <label cBy="RLG" feID="873" end="135" start="131" name="Descriptor"/>
                    <label cBy="RLG" feID="872" end="141" start="137" name="Material"/>
                    <label cBy="RLG" feID="869" end="148" start="143" name="Garment"/>
                </layer>
                <layer rank="1" name="GF">
                    <label end="135" start="131" name="Dep"/>
                    <label end="141" start="137" name="Dep"/>
                </layer>
                <layer rank="1" name="PT">
                    <label end="135" start="131" name="AJP"/>
                    <label end="141" start="137" name="N"/>
                </layer>
                <layer rank="1" name="Sent"/>
                <layer rank="1" name="Other"/>
                <layer rank="1" name="Target">
                    <label cBy="BoC" end="148" start="143" name="Target"/>
                </layer>
                <layer rank="1" name="Noun"/>
            </annotationSet>
        </sentence>
        <sentence sentNo="0" aPos="22478632" ID="1081462">
            <text>I 've tried , I 've tried but he 's always worn briefs . &quot; </text>
            <annotationSet cDate="01/08/2003 01:39:26 PST Wed" status="UNANN" ID="1614328">
                <layer rank="1" name="BNC">
                    <label end="0" start="0" name="PNP"/>
                    <label end="4" start="2" name="VHB"/>
                    <label end="10" start="6" name="VVN"/>
                    <label end="12" start="12" name="PUN"/>
                    <label end="14" start="14" name="PNP"/>
                    <label end="18" start="16" name="VHB"/>
                    <label end="24" start="20" name="VVN"/>
                    <label end="28" start="26" name="CJC"/>
                    <label end="31" start="30" name="PNP"/>
                    <label end="34" start="33" name="VBZ"/>
                    <label end="41" start="36" name="AV0"/>
                    <label end="46" start="43" name="AJ0-VVN"/>
                    <label end="53" start="48" name="NN2"/>
                    <label end="55" start="55" name="PUN"/>
                    <label end="57" start="57" name="PUQ"/>
                </layer>
                <layer rank="1" name="NER"/>
                <layer rank="1" name="WSL"/>
            </annotationSet>
            <annotationSet cDate="01/08/2003 01:39:26 PST Wed" status="MANUAL" ID="1614329">
                <layer rank="1" name="FE">
                    <label cBy="RLG" feID="869" end="53" start="48" name="Garment"/>
                </layer>
                <layer rank="1" name="GF"/>
                <layer rank="1" name="PT"/>
                <layer rank="1" name="Sent"/>
                <layer rank="1" name="Other"/>
                <layer rank="1" name="Target">
                    <label cBy="BoC" end="53" start="48" name="Target"/>
                </layer>
                <layer rank="1" name="Noun">
                    <label end="53" start="48" name="X"/>
                    <label end="46" start="43" name="Gov"/>
                </layer>
            </annotationSet>
        </sentence>
        <sentence sentNo="0" aPos="34352498" ID="1081469">
            <text>A sudden gust lifted his resplendent tartan for all to see … a pair of blue briefs . </text>
            <annotationSet cDate="01/08/2003 01:39:27 PST Wed" status="UNANN" ID="1614342">
                <layer rank="1" name="BNC">
                    <label end="0" start="0" name="AT0"/>
                    <label end="7" start="2" name="AJ0"/>
                    <label end="12" start="9" name="NN1"/>
                    <label end="19" start="14" name="VVD-VVN"/>
                    <label end="23" start="21" name="DPS"/>
                    <label end="35" start="25" name="AJ0"/>
                    <label end="42" start="37" name="NN1"/>
                    <label end="46" start="44" name="PRP"/>
                    <label end="50" start="48" name="DT0"/>
                    <label end="53" start="52" name="TO0"/>
                    <label end="57" start="55" name="VVI"/>
                    <label end="61" start="61" name="AT0"/>
                    <label end="66" start="63" name="NN0"/>
                    <label end="69" start="68" name="PRF"/>
                    <label end="74" start="71" name="AJ0"/>
                    <label end="81" start="76" name="NN2"/>
                    <label end="83" start="83" name="PUN"/>
                    <label end="59" start="59" name="PUN"/>
                </layer>
                <layer rank="1" name="NER"/>
                <layer rank="1" name="WSL"/>
            </annotationSet>
            <annotationSet cDate="01/08/2003 01:39:27 PST Wed" status="MANUAL" ID="1614343">
                <layer rank="1" name="FE">
                    <label cBy="RLG" feID="872" end="74" start="71" name="Material"/>
                    <label cBy="RLG" feID="869" end="81" start="76" name="Garment"/>
                </layer>
                <layer rank="1" name="GF">
                    <label end="74" start="71" name="Dep"/>
                </layer>
                <layer rank="1" name="PT">
                    <label end="74" start="71" name="AJP"/>
                </layer>
                <layer rank="1" name="Sent"/>
                <layer rank="1" name="Other"/>
                <layer rank="1" name="Target">
                    <label cBy="BoC" end="81" start="76" name="Target"/>
                </layer>
                <layer rank="1" name="Noun"/>
            </annotationSet>
        </sentence>
        <sentence sentNo="0" aPos="39048033" ID="1081470">
            <text>Without ceremony she dropped her silk gown , standing naked but for her briefs and her tattoos , which were all black . </text>
            <annotationSet cDate="01/08/2003 01:39:28 PST Wed" status="UNANN" ID="1614344">
                <layer rank="1" name="BNC">
                    <label end="6" start="0" name="PRP"/>
                    <label end="15" start="8" name="NN1"/>
                    <label end="19" start="17" name="PNP"/>
                    <label end="27" start="21" name="VVD"/>
                    <label end="31" start="29" name="DPS"/>
                    <label end="36" start="33" name="NN1"/>
                    <label end="41" start="38" name="NN1"/>
                    <label end="43" start="43" name="PUN"/>
                    <label end="52" start="45" name="VVG"/>
                    <label end="58" start="54" name="AJ0"/>
                    <label end="62" start="60" name="PRP"/>
                    <label end="66" start="64" name="PRP"/>
                    <label end="70" start="68" name="DPS"/>
                    <label end="77" start="72" name="NN2"/>
                    <label end="81" start="79" name="CJC"/>
                    <label end="85" start="83" name="DPS"/>
                    <label end="93" start="87" name="NN2"/>
                    <label end="95" start="95" name="PUN"/>
                    <label end="101" start="97" name="DTQ"/>
                    <label end="106" start="103" name="VBD"/>
                    <label end="110" start="108" name="DT0"/>
                    <label end="116" start="112" name="AJ0-NN1"/>
                    <label end="118" start="118" name="PUN"/>
                </layer>
                <layer rank="1" name="NER"/>
                <layer rank="1" name="WSL"/>
            </annotationSet>
            <annotationSet cDate="01/08/2003 01:39:28 PST Wed" status="MANUAL" ID="1614345">
                <layer rank="1" name="FE">
                    <label cBy="RLG" feID="870" end="70" start="68" name="Wearer"/>
                    <label cBy="RLG" feID="869" end="77" start="72" name="Garment"/>
                </layer>
                <layer rank="1" name="GF">
                    <label end="70" start="68" name="Gen"/>
                </layer>
                <layer rank="1" name="PT">
                    <label end="70" start="68" name="Poss"/>
                </layer>
                <layer rank="1" name="Sent"/>
                <layer rank="1" name="Other"/>
                <layer rank="1" name="Target">
                    <label cBy="BoC" end="77" start="72" name="Target"/>
                </layer>
                <layer rank="1" name="Noun"/>
            </annotationSet>
        </sentence>
        <sentence sentNo="0" aPos="39048157" ID="1081471">
            <text>At what stage did her briefs tear loose ? </text>
            <annotationSet cDate="01/08/2003 01:39:29 PST Wed" status="UNANN" ID="1614346">
                <layer rank="1" name="BNC">
                    <label end="1" start="0" name="PRP"/>
                    <label end="6" start="3" name="DTQ"/>
                    <label end="12" start="8" name="NN1"/>
                    <label end="16" start="14" name="VDD"/>
                    <label end="20" start="18" name="DPS"/>
                    <label end="27" start="22" name="NN2"/>
                    <label end="32" start="29" name="VVI"/>
                    <label end="38" start="34" name="AJ0-AV0"/>
                    <label end="40" start="40" name="PUN"/>
                </layer>
                <layer rank="1" name="NER"/>
                <layer rank="1" name="WSL"/>
            </annotationSet>
            <annotationSet cDate="01/08/2003 01:39:29 PST Wed" status="MANUAL" ID="1614347">
                <layer rank="1" name="FE">
                    <label cBy="RLG" feID="869" end="27" start="22" name="Garment"/>
                    <label cBy="RLG" feID="870" end="20" start="18" name="Wearer"/>
                </layer>
                <layer rank="1" name="GF">
                    <label end="20" start="18" name="Gen"/>
                </layer>
                <layer rank="1" name="PT">
                    <label end="20" start="18" name="Poss"/>
                </layer>
                <layer rank="1" name="Sent"/>
                <layer rank="1" name="Other"/>
                <layer rank="1" name="Target">
                    <label cBy="BoC" end="27" start="22" name="Target"/>
                </layer>
                <layer rank="1" name="Noun">
                    <label end="27" start="18" name="X"/>
                    <label end="32" start="29" name="Gov"/>
                </layer>
            </annotationSet>
        </sentence>
        <sentence sentNo="0" aPos="46298768" ID="1081476">
            <text>And there 's a very welcome trend towards more comfy , flattering bigger briefs , fitting to the waist . </text>
            <annotationSet cDate="01/08/2003 01:39:30 PST Wed" status="UNANN" ID="1614356">
                <layer rank="1" name="BNC">
                    <label end="2" start="0" name="CJC"/>
                    <label end="8" start="4" name="EX0"/>
                    <label end="11" start="10" name="VBZ"/>
                    <label end="13" start="13" name="AT0"/>
                    <label end="18" start="15" name="AV0"/>
                    <label end="26" start="20" name="AJ0"/>
                    <label end="32" start="28" name="NN1"/>
                    <label end="40" start="34" name="PRP"/>
                    <label end="45" start="42" name="DT0"/>
                    <label end="51" start="47" name="AJ0"/>
                    <label end="53" start="53" name="PUN"/>
                    <label end="64" start="55" name="VVG"/>
                    <label end="71" start="66" name="AJC"/>
                    <label end="78" start="73" name="NN2"/>
                    <label end="80" start="80" name="PUN"/>
                    <label end="88" start="82" name="VVG"/>
                    <label end="91" start="90" name="PRP"/>
                    <label end="95" start="93" name="AT0"/>
                    <label end="101" start="97" name="NN1"/>
                    <label end="103" start="103" name="PUN"/>
                </layer>
                <layer rank="1" name="NER"/>
                <layer rank="1" name="WSL"/>
            </annotationSet>
            <annotationSet cDate="01/08/2003 01:39:30 PST Wed" status="MANUAL" ID="1614357">
                <layer rank="1" name="FE">
                    <label cBy="RLG" feID="873" end="51" start="42" name="Descriptor"/>
                    <label cBy="RLG" feID="873" end="64" start="55" name="Descriptor"/>
                    <label cBy="RLG" feID="873" end="71" start="66" name="Descriptor"/>
                    <label cBy="RLG" feID="869" end="78" start="73" name="Garment"/>
                </layer>
                <layer rank="1" name="GF">
                    <label end="51" start="42" name="Dep"/>
                    <label end="71" start="66" name="Dep"/>
                    <label end="64" start="55" name="Dep"/>
                </layer>
                <layer rank="1" name="PT">
                    <label end="51" start="42" name="AJP"/>
                    <label end="64" start="55" name="A"/>
                    <label end="71" start="66" name="AJP"/>
                </layer>
                <layer rank="1" name="Sent"/>
                <layer rank="1" name="Other"/>
                <layer rank="1" name="Target">
                    <label cBy="BoC" end="78" start="73" name="Target"/>
                </layer>
                <layer rank="1" name="Noun"/>
            </annotationSet>
        </sentence>
        <sentence sentNo="0" aPos="46299389" ID="1081482">
            <text>Playtex Secrets cotton-rich full briefs , with a reinforced tummy panel , are a cross between briefs and a girdle , sizes s , m , l , xl , £19.99 . </text>
            <annotationSet cDate="01/08/2003 01:39:30 PST Wed" status="UNANN" ID="1614368">
                <layer rank="1" name="BNC">
                    <label end="6" start="0" name="NN1-VVB"/>
                    <label end="14" start="8" name="NN2"/>
                    <label end="26" start="16" name="AJ0"/>
                    <label end="31" start="28" name="AJ0"/>
                    <label end="38" start="33" name="NN2"/>
                    <label end="40" start="40" name="PUN"/>
                    <label end="45" start="42" name="PRP"/>
                    <label end="47" start="47" name="AT0"/>
                    <label end="58" start="49" name="AJ0"/>
                    <label end="64" start="60" name="NN1"/>
                    <label end="70" start="66" name="NN1"/>
                    <label end="72" start="72" name="PUN"/>
                    <label end="76" start="74" name="VBB"/>
                    <label end="78" start="78" name="AT0"/>
                    <label end="84" start="80" name="NN1"/>
                    <label end="92" start="86" name="PRP"/>
                    <label end="99" start="94" name="NN2"/>
                    <label end="103" start="101" name="CJC"/>
                    <label end="105" start="105" name="AT0"/>
                    <label end="112" start="107" name="NN1"/>
                    <label end="114" start="114" name="PUN"/>
                    <label end="120" start="116" name="NN2"/>
                    <label end="122" start="122" name="ZZ0"/>
                    <label end="124" start="124" name="PUN"/>
                    <label end="126" start="126" name="ZZ0"/>
                    <label end="128" start="128" name="PUN"/>
                    <label end="130" start="130" name="ZZ0"/>
                    <label end="132" start="132" name="PUN"/>
                    <label end="135" start="134" name="CRD"/>
                    <label end="137" start="137" name="PUN"/>
                    <label end="144" start="139" name="NN0"/>
                    <label end="146" start="146" name="PUN"/>
                </layer>
                <layer rank="1" name="NER"/>
                <layer rank="1" name="WSL"/>
            </annotationSet>
            <annotationSet cDate="01/08/2003 01:39:30 PST Wed" status="MANUAL" ID="1614369">
                <layer rank="1" name="FE">
                    <label cBy="RLG" feID="869" end="38" start="33" name="Garment"/>
                    <label cBy="RLG" feID="871" end="31" start="28" name="Style"/>
                    <label cBy="RLG" feID="872" end="26" start="16" name="Material"/>
                    <label cBy="RLG" feID="892" end="70" start="42" name="Subregion"/>
                    <label cBy="CFB" feID="873" end="14" start="0" name="Descriptor"/>
                </layer>
                <layer rank="1" name="GF">
                    <label end="31" start="28" name="Dep"/>
                    <label end="26" start="16" name="Dep"/>
                    <label end="14" start="0" name="Dep"/>
                    <label end="70" start="42" name="Dep"/>
                </layer>
                <layer rank="1" name="PT">
                    <label end="31" start="28" name="AJP"/>
                    <label end="26" start="16" name="AJP"/>
                    <label end="14" start="0" name="N"/>
                    <label end="70" start="42" name="PP"/>
                </layer>
                <layer rank="1" name="Sent"/>
                <layer rank="1" name="Other"/>
                <layer rank="1" name="Target">
                    <label cBy="BoC" end="38" start="33" name="Target"/>
                </layer>
                <layer rank="1" name="Noun"/>
            </annotationSet>
        </sentence>
        <sentence sentNo="0" aPos="58876876" ID="1081504">
            <text>She shrugged , slipped the one-piece off and kicked off her briefs , then stood there , her hands at her sides , making no effort to cover her nakedness . </text>
            <annotationSet cDate="01/08/2003 01:39:33 PST Wed" status="UNANN" ID="1614412">
                <layer rank="1" name="BNC">
                    <label end="2" start="0" name="PNP"/>
                    <label end="11" start="4" name="VVD"/>
                    <label end="13" start="13" name="PUN"/>
                    <label end="21" start="15" name="VVD"/>
                    <label end="25" start="23" name="AT0"/>
                    <label end="35" start="27" name="NN1"/>
                    <label end="39" start="37" name="AVP"/>
                    <label end="43" start="41" name="CJC"/>
                    <label end="50" start="45" name="VVD"/>
                    <label end="54" start="52" name="AVP-PRP"/>
                    <label end="58" start="56" name="DPS"/>
                    <label end="65" start="60" name="NN2"/>
                    <label end="67" start="67" name="PUN"/>
                    <label end="72" start="69" name="AV0"/>
                    <label end="78" start="74" name="VVD-VVN"/>
                    <label end="84" start="80" name="AV0"/>
                    <label end="86" start="86" name="PUN"/>
                    <label end="90" start="88" name="DPS"/>
                    <label end="96" start="92" name="NN2"/>
                    <label end="99" start="98" name="PRP"/>
                    <label end="103" start="101" name="DPS"/>
                    <label end="109" start="105" name="NN2"/>
                    <label end="111" start="111" name="PUN"/>
                    <label end="118" start="113" name="VVG"/>
                    <label end="121" start="120" name="AT0"/>
                    <label end="128" start="123" name="NN1"/>
                    <label end="131" start="130" name="TO0"/>
                    <label end="137" start="133" name="VVI"/>
                    <label end="141" start="139" name="DPS"/>
                    <label end="151" start="143" name="NN1"/>
                    <label end="153" start="153" name="PUN"/>
                </layer>
                <layer rank="1" name="NER"/>
                <layer rank="1" name="WSL"/>
            </annotationSet>
            <annotationSet cDate="01/08/2003 01:39:33 PST Wed" status="MANUAL" ID="1614413">
                <layer rank="1" name="FE">
                    <label cBy="RLG" feID="869" end="65" start="60" name="Garment"/>
                    <label cBy="RLG" feID="870" end="58" start="56" name="Wearer"/>
                </layer>
                <layer rank="1" name="GF">
                    <label end="58" start="56" name="Gen"/>
                </layer>
                <layer rank="1" name="PT">
                    <label end="58" start="56" name="Poss"/>
                </layer>
                <layer rank="1" name="Sent"/>
                <layer rank="1" name="Other"/>
                <layer rank="1" name="Target">
                    <label cBy="BoC" end="65" start="60" name="Target"/>
                </layer>
                <layer rank="1" name="Noun">
                    <label end="65" start="56" name="X"/>
                    <label end="54" start="52" name="Gov"/>
                    <label end="50" start="45" name="Gov"/>
                </layer>
            </annotationSet>
        </sentence>
        <sentence sentNo="0" aPos="77551125" ID="1081519">
            <text>And above any of the Royal lingerie were some M &amp; S specials in the colours of Chelsea Football Club , closely followed by leopard print briefs . </text>
            <annotationSet cDate="01/08/2003 01:39:35 PST Wed" status="UNANN" ID="1614442">
                <layer rank="1" name="BNC">
                    <label end="2" start="0" name="CJC"/>
                    <label end="8" start="4" name="PRP"/>
                    <label end="12" start="10" name="DT0"/>
                    <label end="15" start="14" name="PRF"/>
                    <label end="19" start="17" name="AT0"/>
                    <label end="25" start="21" name="AJ0"/>
                    <label end="34" start="27" name="NN1"/>
                    <label end="39" start="36" name="VBD"/>
                    <label end="44" start="41" name="DT0"/>
                    <label end="46" start="46" name="ZZ0"/>
                    <label end="50" start="50" name="CJC"/>
                    <label end="59" start="52" name="ZZ0"/>
                    <label end="62" start="61" name="NN2"/>
                    <label end="66" start="64" name="PRP"/>
                    <label end="74" start="68" name="AT0"/>
                    <label end="77" start="76" name="NN2"/>
                    <label end="85" start="79" name="PRF"/>
                    <label end="94" start="87" name="NP0"/>
                    <label end="99" start="96" name="NN1-NP0"/>
                    <label end="101" start="101" name="NN0"/>
                    <label end="109" start="103" name="PUN"/>
                    <label end="118" start="111" name="AV0"/>
                    <label end="121" start="120" name="VVN"/>
                    <label end="129" start="123" name="PRP"/>
                    <label end="135" start="131" name="NN1"/>
                    <label end="142" start="137" name="NN1"/>
                    <label end="144" start="144" name="NN2"/>
                    <label end="48" start="48" name="CJC"/>
                </layer>
                <layer rank="1" name="NER"/>
                <layer rank="1" name="WSL"/>
            </annotationSet>
            <annotationSet cDate="01/08/2003 01:39:35 PST Wed" status="MANUAL" ID="1614443">
                <layer rank="1" name="FE">
                    <label cBy="RLG" feID="869" end="142" start="137" name="Garment"/>
                    <label cBy="RLG" feID="873" end="135" start="123" name="Descriptor"/>
                </layer>
                <layer rank="1" name="GF">
                    <label end="135" start="123" name="Dep"/>
                </layer>
                <layer rank="1" name="PT">
                    <label end="135" start="123" name="N"/>
                </layer>
                <layer rank="1" name="Sent"/>
                <layer rank="1" name="Other"/>
                <layer rank="1" name="Target">
                    <label cBy="BoC" end="142" start="137" name="Target"/>
                </layer>
                <layer rank="1" name="Noun"/>
            </annotationSet>
        </sentence>
        <sentence sentNo="0" aPos="79528635" ID="1081523">
            <text>She allowed him to slip off her tights and the soft lace briefs beneath . </text>
            <annotationSet cDate="01/08/2003 01:39:35 PST Wed" status="UNANN" ID="1614450">
                <layer rank="1" name="BNC">
                    <label end="2" start="0" name="PNP"/>
                    <label end="10" start="4" name="VVD"/>
                    <label end="14" start="12" name="PNP"/>
                    <label end="17" start="16" name="TO0"/>
                    <label end="22" start="19" name="VVI"/>
                    <label end="26" start="24" name="AVP-PRP"/>
                    <label end="30" start="28" name="DPS"/>
                    <label end="37" start="32" name="NN2"/>
                    <label end="41" start="39" name="CJC"/>
                    <label end="45" start="43" name="AT0"/>
                    <label end="50" start="47" name="AJ0"/>
                    <label end="55" start="52" name="NN1"/>
                    <label end="62" start="57" name="NN2-VVZ"/>
                    <label end="70" start="64" name="AV0"/>
                    <label end="72" start="72" name="PUN"/>
                </layer>
                <layer rank="1" name="NER"/>
                <layer rank="1" name="WSL"/>
            </annotationSet>
            <annotationSet cDate="01/08/2003 01:39:36 PST Wed" status="MANUAL" ID="1614451">
                <layer rank="1" name="FE">
                    <label cBy="RLG" feID="873" end="50" start="47" name="Descriptor"/>
                    <label cBy="RLG" feID="873" end="55" start="52" name="Descriptor"/>
                    <label cBy="RLG" feID="869" end="62" start="57" name="Garment"/>
                </layer>
                <layer rank="1" name="GF">
                    <label end="50" start="47" name="Dep"/>
                    <label end="55" start="52" name="Dep"/>
                </layer>
                <layer rank="1" name="PT">
                    <label end="50" start="47" name="AJP"/>
                    <label end="55" start="52" name="N"/>
                </layer>
                <layer rank="1" name="Sent"/>
                <layer rank="1" name="Other"/>
                <layer rank="1" name="Target">
                    <label cBy="BoC" end="62" start="57" name="Target"/>
                </layer>
                <layer rank="1" name="Noun"/>
            </annotationSet>
        </sentence>
        <sentence sentNo="0" aPos="101014736" ID="1081533">
            <text>She quickly pulled on the silk briefs , following with matching silk bra , short green- and peach-flowered culotte-skirt and a sleeveless cropped T-shirt in a toning shade of leaf-green . </text>
            <annotationSet cDate="01/08/2003 01:39:37 PST Wed" status="UNANN" ID="1614470">
                <layer rank="1" name="BNC">
                    <label end="2" start="0" name="PNP"/>
                    <label end="10" start="4" name="AV0"/>
                    <label end="17" start="12" name="VVD"/>
                    <label end="20" start="19" name="PRP"/>
                    <label end="24" start="22" name="AT0"/>
                    <label end="29" start="26" name="NN1"/>
                    <label end="36" start="31" name="NN2"/>
                    <label end="38" start="38" name="PUN"/>
                    <label end="48" start="40" name="VVG"/>
                    <label end="53" start="50" name="PRP"/>
                    <label end="62" start="55" name="AJ0-VVG"/>
                    <label end="67" start="64" name="NN1"/>
                    <label end="71" start="69" name="NN1"/>
                    <label end="73" start="73" name="PUN"/>
                    <label end="79" start="75" name="AJ0"/>
                    <label end="86" start="81" name="NN1"/>
                    <label end="90" start="88" name="CJC"/>
                    <label end="105" start="92" name="AJ0"/>
                    <label end="119" start="107" name="NN1"/>
                    <label end="123" start="121" name="CJC"/>
                    <label end="125" start="125" name="AT0"/>
                    <label end="136" start="127" name="AJ0"/>
                    <label end="144" start="138" name="AJ0"/>
                    <label end="152" start="146" name="NN1"/>
                    <label end="155" start="154" name="PRP"/>
                    <label end="157" start="157" name="AT0"/>
                    <label end="164" start="159" name="AJ0"/>
                    <label end="170" start="166" name="NN1"/>
                    <label end="173" start="172" name="PRF"/>
                    <label end="184" start="175" name="NN1"/>
                    <label end="186" start="186" name="PUN"/>
                </layer>
                <layer rank="1" name="NER"/>
                <layer rank="1" name="WSL"/>
            </annotationSet>
            <annotationSet cDate="01/08/2003 01:39:37 PST Wed" status="MANUAL" ID="1614471">
                <layer rank="1" name="FE">
                    <label cBy="RLG" feID="872" end="29" start="26" name="Material"/>
                    <label cBy="RLG" feID="869" end="36" start="31" name="Garment"/>
                </layer>
                <layer rank="1" name="GF">
                    <label end="29" start="26" name="Dep"/>
                </layer>
                <layer rank="1" name="PT">
                    <label end="29" start="26" name="N"/>
                </layer>
                <layer rank="1" name="Sent"/>
                <layer rank="1" name="Other"/>
                <layer rank="1" name="Target">
                    <label cBy="BoC" end="36" start="31" name="Target"/>
                </layer>
                <layer rank="1" name="Noun">
                    <label end="17" start="12" name="Gov"/>
                    <label end="20" start="19" name="Gov"/>
                    <label end="36" start="22" name="X"/>
                </layer>
            </annotationSet>
        </sentence>
        <sentence sentNo="0" aPos="101413881" ID="1081534">
            <text>Vitor drew her dress from her and a pair of white bikini briefs followed , then he swiftly undressed . </text>
            <annotationSet cDate="01/08/2003 01:39:37 PST Wed" status="UNANN" ID="1614472">
                <layer rank="1" name="BNC">
                    <label end="4" start="0" name="NN1-NP0"/>
                    <label end="9" start="6" name="VVD"/>
                    <label end="13" start="11" name="DPS"/>
                    <label end="19" start="15" name="NN1-VVB"/>
                    <label end="24" start="21" name="PRP"/>
                    <label end="28" start="26" name="PNP"/>
                    <label end="32" start="30" name="CJC"/>
                    <label end="34" start="34" name="AT0"/>
                    <label end="39" start="36" name="NN0"/>
                    <label end="42" start="41" name="PRF"/>
                    <label end="48" start="44" name="AJ0"/>
                    <label end="55" start="50" name="NN1"/>
                    <label end="62" start="57" name="NN2"/>
                    <label end="71" start="64" name="VVD-VVN"/>
                    <label end="73" start="73" name="PUN"/>
                    <label end="78" start="75" name="AV0"/>
                    <label end="81" start="80" name="PNP"/>
                    <label end="89" start="83" name="AV0"/>
                    <label end="99" start="91" name="VVD-VVN"/>
                    <label end="101" start="101" name="PUN"/>
                </layer>
                <layer rank="1" name="NER"/>
                <layer rank="1" name="WSL"/>
            </annotationSet>
            <annotationSet cDate="01/08/2003 01:39:37 PST Wed" status="MANUAL" ID="1614473">
                <layer rank="1" name="FE">
                    <label cBy="RLG" feID="873" end="48" start="44" name="Descriptor"/>
                    <label cBy="RLG" feID="871" end="55" start="50" name="Style"/>
                    <label cBy="RLG" feID="869" end="62" start="57" name="Garment"/>
                </layer>
                <layer rank="1" name="GF">
                    <label end="48" start="44" name="Dep"/>
                    <label end="55" start="50" name="Dep"/>
                </layer>
                <layer rank="1" name="PT">
                    <label end="48" start="44" name="AJP"/>
                    <label end="55" start="50" name="N"/>
                </layer>
                <layer rank="1" name="Sent"/>
                <layer rank="1" name="Other"/>
                <layer rank="1" name="Target">
                    <label cBy="BoC" end="62" start="57" name="Target"/>
                </layer>
                <layer rank="1" name="Noun"/>
            </annotationSet>
        </sentence>
        <sentence sentNo="0" aPos="101562907" ID="1081535">
            <text>His T-shirt followed , and his briefs , then she pushed him towards the bed and stripped off her jeans and sweatshirt . </text>
            <annotationSet cDate="01/08/2003 01:39:37 PST Wed" status="UNANN" ID="1614474">
                <layer rank="1" name="BNC">
                    <label end="2" start="0" name="DPS"/>
                    <label end="10" start="4" name="NN1"/>
                    <label end="19" start="12" name="VVD-VVN"/>
                    <label end="21" start="21" name="PUN"/>
                    <label end="25" start="23" name="CJC"/>
                    <label end="29" start="27" name="DPS"/>
                    <label end="36" start="31" name="NN2"/>
                    <label end="38" start="38" name="PUN"/>
                    <label end="43" start="40" name="AV0"/>
                    <label end="47" start="45" name="PNP"/>
                    <label end="54" start="49" name="VVD"/>
                    <label end="58" start="56" name="PNP"/>
                    <label end="66" start="60" name="PRP"/>
                    <label end="70" start="68" name="AT0"/>
                    <label end="74" start="72" name="NN1"/>
                    <label end="78" start="76" name="CJC"/>
                    <label end="87" start="80" name="VVD"/>
                    <label end="91" start="89" name="AVP-PRP"/>
                    <label end="95" start="93" name="DPS"/>
                    <label end="101" start="97" name="NN2"/>
                    <label end="105" start="103" name="CJC"/>
                    <label end="116" start="107" name="NN1-VVB"/>
                    <label end="118" start="118" name="PUN"/>
                </layer>
                <layer rank="1" name="NER"/>
                <layer rank="1" name="WSL"/>
            </annotationSet>
            <annotationSet cDate="01/08/2003 01:39:37 PST Wed" status="MANUAL" ID="1614475">
                <layer rank="1" name="FE">
                    <label cBy="RLG" feID="870" end="29" start="27" name="Wearer"/>
                    <label cBy="RLG" feID="869" end="36" start="31" name="Garment"/>
                </layer>
                <layer rank="1" name="GF">
                    <label end="29" start="27" name="Gen"/>
                </layer>
                <layer rank="1" name="PT">
                    <label end="29" start="27" name="Poss"/>
                </layer>
                <layer rank="1" name="Sent"/>
                <layer rank="1" name="Other"/>
                <layer rank="1" name="Target">
                    <label cBy="BoC" end="36" start="31" name="Target"/>
                </layer>
                <layer rank="1" name="Noun"/>
            </annotationSet>
        </sentence>
    </subCorpus>
</lexUnit>