<?xml version="1.0" encoding="UTF-8" standalone="yes"?>
<?xml-stylesheet type="text/xsl" href="lexUnit.xsl"?>
<lexUnit status="Created" POS="N" name="restitution.n" ID="7332" frame="Reparation" frameID="400" totalAnnotated="0" xsi:schemaLocation="../schema/lexUnit.xsd" xmlns="http://framenet.icsi.berkeley.edu" xmlns:xsi="http://www.w3.org/2001/XMLSchema-instance">
    <header>
        <frame>
            <FE fgColor="FFFFFF" bgColor="0000FF" type="Core" abbrev="Bene" name="Benefiting_action"/>
            <FE fgColor="FFFFFF" bgColor="FF69B4" type="Peripheral" abbrev="Degr" name="Degree"/>
            <FE fgColor="FFFFFF" bgColor="808080" type="Core" abbrev="Gift" name="Gift"/>
            <FE fgColor="FFFFFF" bgColor="9400D3" type="Core" abbrev="Injrd_prty" name="Injured_party"/>
            <FE fgColor="FFFFFF" bgColor="00008B" type="Core" abbrev="Injry" name="Injury"/>
            <FE fgColor="FFFFFF" bgColor="FF00FF" type="Peripheral" abbrev="Mnr" name="Manner"/>
            <FE fgColor="000000" bgColor="FFFF00" type="Peripheral" abbrev="" name="Means"/>
            <FE fgColor="FFFFFF" bgColor="008000" type="Peripheral" abbrev="Place" name="Place"/>
            <FE fgColor="FFFFFF" bgColor="800080" type="Peripheral" abbrev="Purp" name="Purpose"/>
            <FE fgColor="FFFFFF" bgColor="FFA500" type="Peripheral" abbrev="Time" name="Time"/>
            <FE fgColor="FFFFFF" bgColor="FF0000" type="Core" abbrev="Wr" name="Wrongdoer"/>
        </frame>
    </header>
    <definition>COD: the restoration of something to its original state</definition>
    <lexeme POS="N" name="restitution"/>
    <valences/>
</lexUnit>