<?xml version="1.0" encoding="UTF-8" standalone="yes"?>
<?xml-stylesheet type="text/xsl" href="lexUnit.xsl"?>
<lexUnit status="Finished_Initial" POS="N" name="heartbreak.n" ID="7302" frame="Emotion_directed" frameID="46" totalAnnotated="9" xsi:schemaLocation="../schema/lexUnit.xsd" xmlns="http://framenet.icsi.berkeley.edu" xmlns:xsi="http://www.w3.org/2001/XMLSchema-instance">
    <header>
        <frame>
            <FE fgColor="FFFFFF" bgColor="00BFFF" type="Extra-Thematic" abbrev="cir" name="Circumstances"/>
            <FE fgColor="FFFFFF" bgColor="FF69B4" type="Peripheral" abbrev="Degr" name="Degree"/>
            <FE fgColor="FFFFFF" bgColor="0000FF" type="Extra-Thematic" abbrev="ET" name="Empathy_target"/>
            <FE fgColor="FFFFFF" bgColor="A52A2A" type="Core" abbrev="Event" name="Event"/>
            <FE fgColor="FFFFFF" bgColor="800080" type="Core" abbrev="Exp" name="Experiencer"/>
            <FE fgColor="FFFFFF" bgColor="00008B" type="Extra-Thematic" abbrev="Exp" name="Explanation"/>
            <FE fgColor="FFFFFF" bgColor="008000" type="Core" abbrev="Exr" name="Expressor"/>
            <FE fgColor="000000" bgColor="7FFF00" type="Extra-Thematic" abbrev="" name="Frequency"/>
            <FE fgColor="FFFFFF" bgColor="FF00FF" type="Peripheral" abbrev="" name="Manner"/>
            <FE fgColor="FFFFFF" bgColor="2E8B57" type="Peripheral" abbrev="" name="Parameter"/>
            <FE fgColor="FFFFFF" bgColor="9F79EE" type="Core" abbrev="State" name="State"/>
            <FE fgColor="FFFFFF" bgColor="FF0000" type="Core" abbrev="Stim" name="Stimulus"/>
            <FE fgColor="FFFFFF" bgColor="FFA500" type="Core" abbrev="Top" name="Topic"/>
        </frame>
    </header>
    <definition>COD: overwhelming distress. </definition>
    <lexeme POS="N" name="heartbreak"/>
    <valences>
        <governor type="Gov" lemma="cope">
            <annoSet ID="1686955"/>
        </governor>
        <governor type="Gov" lemma="face">
            <annoSet ID="1686965"/>
        </governor>
        <governor type="Gov" lemma="suffer">
            <annoSet ID="1686893"/>
        </governor>
        <FERealization total="1">
            <FE name="Circumstances"/>
            <pattern total="1">
                <valenceUnit GF="Dep" PT="Sinterrog" FE="Circumstances"/>
                <annoSet ID="1686975"/>
            </pattern>
        </FERealization>
        <FERealization total="3">
            <FE name="Experiencer"/>
            <pattern total="3">
                <valenceUnit GF="Gen" PT="Poss" FE="Experiencer"/>
                <annoSet ID="1686845"/>
                <annoSet ID="1686887"/>
                <annoSet ID="1686955"/>
            </pattern>
        </FERealization>
        <FERealization total="5">
            <FE name="Stimulus"/>
            <pattern total="1">
                <valenceUnit GF="Dep" PT="PP[at]" FE="Stimulus"/>
                <annoSet ID="1686963"/>
            </pattern>
            <pattern total="3">
                <valenceUnit GF="Dep" PT="PP[of]" FE="Stimulus"/>
                <annoSet ID="1686879"/>
                <annoSet ID="1686895"/>
                <annoSet ID="1686965"/>
            </pattern>
            <pattern total="1">
                <valenceUnit GF="Dep" PT="PPing[of]" FE="Stimulus"/>
                <annoSet ID="1686893"/>
            </pattern>
        </FERealization>
        <FEGroupRealization total="1">
            <FE name="Circumstances"/>
            <pattern total="1">
                <valenceUnit GF="Dep" PT="Sinterrog" FE="Circumstances"/>
                <annoSet ID="1686975"/>
            </pattern>
        </FEGroupRealization>
        <FEGroupRealization total="3">
            <FE name="Experiencer"/>
            <pattern total="3">
                <valenceUnit GF="Gen" PT="Poss" FE="Experiencer"/>
                <annoSet ID="1686845"/>
                <annoSet ID="1686887"/>
                <annoSet ID="1686955"/>
            </pattern>
        </FEGroupRealization>
        <FEGroupRealization total="5">
            <FE name="Stimulus"/>
            <pattern total="1">
                <valenceUnit GF="Dep" PT="PP[at]" FE="Stimulus"/>
                <annoSet ID="1686963"/>
            </pattern>
            <pattern total="3">
                <valenceUnit GF="Dep" PT="PP[of]" FE="Stimulus"/>
                <annoSet ID="1686879"/>
                <annoSet ID="1686895"/>
                <annoSet ID="1686965"/>
            </pattern>
            <pattern total="1">
                <valenceUnit GF="Dep" PT="PPing[of]" FE="Stimulus"/>
                <annoSet ID="1686893"/>
            </pattern>
        </FEGroupRealization>
    </valences>
    <subCorpus name="N-001-all">
        <sentence sentNo="0" aPos="7265840" ID="1117855">
            <text>But it was the scene of my first heartbreak . </text>
            <annotationSet cDate="01/08/2003 03:08:04 PST Wed" status="UNANN" ID="1686844">
                <layer rank="1" name="BNC">
                    <label end="2" start="0" name="CJC"/>
                    <label end="5" start="4" name="PNP"/>
                    <label end="9" start="7" name="VBD"/>
                    <label end="13" start="11" name="AT0"/>
                    <label end="19" start="15" name="NN1"/>
                    <label end="22" start="21" name="PRF"/>
                    <label end="25" start="24" name="DPS"/>
                    <label end="31" start="27" name="ORD"/>
                    <label end="42" start="33" name="NN1"/>
                    <label end="44" start="44" name="PUN"/>
                </layer>
                <layer rank="1" name="NER"/>
                <layer rank="1" name="WSL"/>
            </annotationSet>
            <annotationSet cDate="01/08/2003 03:08:04 PST Wed" status="MANUAL" ID="1686845">
                <layer rank="1" name="FE">
                    <label cBy="RLG" feID="194" end="25" start="24" name="Experiencer"/>
                </layer>
                <layer rank="1" name="GF">
                    <label end="25" start="24" name="Gen"/>
                </layer>
                <layer rank="1" name="PT">
                    <label end="25" start="24" name="Poss"/>
                </layer>
                <layer rank="1" name="Sent"/>
                <layer rank="1" name="Other"/>
                <layer rank="1" name="Target">
                    <label cBy="BoC" end="42" start="33" name="Target"/>
                </layer>
                <layer rank="1" name="Noun"/>
            </annotationSet>
        </sentence>
        <sentence sentNo="0" aPos="34279688" ID="1117872">
            <text>And -- though the heartbreak of her troubled marriage still haunts her -- she raised a grin as Prince Harry waved from their car in London . </text>
            <annotationSet cDate="01/08/2003 03:08:06 PST Wed" status="UNANN" ID="1686878">
                <layer rank="1" name="BNC">
                    <label end="2" start="0" name="CJC"/>
                    <label end="5" start="4" name="PUN"/>
                    <label end="12" start="7" name="CJS"/>
                    <label end="16" start="14" name="AT0"/>
                    <label end="27" start="18" name="NN1"/>
                    <label end="30" start="29" name="PRF"/>
                    <label end="34" start="32" name="DPS"/>
                    <label end="43" start="36" name="AJ0"/>
                    <label end="52" start="45" name="NN1"/>
                    <label end="58" start="54" name="AV0"/>
                    <label end="65" start="60" name="VVZ"/>
                    <label end="69" start="67" name="PNP"/>
                    <label end="72" start="71" name="PUN"/>
                    <label end="76" start="74" name="PNP"/>
                    <label end="83" start="78" name="VVD"/>
                    <label end="85" start="85" name="AT0"/>
                    <label end="90" start="87" name="NN1"/>
                    <label end="93" start="92" name="CJS"/>
                    <label end="100" start="95" name="NP0"/>
                    <label end="106" start="102" name="NP0"/>
                    <label end="112" start="108" name="VVD"/>
                    <label end="117" start="114" name="PRP"/>
                    <label end="123" start="119" name="DPS"/>
                    <label end="127" start="125" name="NN1"/>
                    <label end="130" start="129" name="PRP"/>
                    <label end="137" start="132" name="NP0"/>
                    <label end="139" start="139" name="PUN"/>
                </layer>
                <layer rank="1" name="NER"/>
                <layer rank="1" name="WSL"/>
            </annotationSet>
            <annotationSet cDate="01/08/2003 03:08:06 PST Wed" status="MANUAL" ID="1686879">
                <layer rank="1" name="FE">
                    <label cBy="RLG" feID="197" end="52" start="29" name="Stimulus"/>
                </layer>
                <layer rank="1" name="GF">
                    <label end="52" start="29" name="Dep"/>
                </layer>
                <layer rank="1" name="PT">
                    <label end="52" start="29" name="PP"/>
                </layer>
                <layer rank="1" name="Sent"/>
                <layer rank="1" name="Other"/>
                <layer rank="1" name="Target">
                    <label cBy="BoC" end="27" start="18" name="Target"/>
                </layer>
                <layer rank="1" name="Noun"/>
            </annotationSet>
        </sentence>
        <sentence sentNo="0" aPos="34528079" ID="1117876">
            <text>And , to complete his heartbreak , his car broke down when he was looking for his ninth win of the season at the Italian Grand Prix . </text>
            <annotationSet cDate="01/08/2003 03:08:06 PST Wed" status="UNANN" ID="1686886">
                <layer rank="1" name="BNC">
                    <label end="2" start="0" name="CJC"/>
                    <label end="4" start="4" name="PUN"/>
                    <label end="7" start="6" name="TO0"/>
                    <label end="16" start="9" name="VVI"/>
                    <label end="20" start="18" name="DPS"/>
                    <label end="31" start="22" name="NN1"/>
                    <label end="33" start="33" name="PUN"/>
                    <label end="37" start="35" name="DPS"/>
                    <label end="41" start="39" name="NN1"/>
                    <label end="47" start="43" name="VVD"/>
                    <label end="52" start="49" name="AVP"/>
                    <label end="57" start="54" name="AVQ-CJS"/>
                    <label end="60" start="59" name="PNP"/>
                    <label end="64" start="62" name="VBD"/>
                    <label end="72" start="66" name="VVG"/>
                    <label end="76" start="74" name="PRP"/>
                    <label end="80" start="78" name="DPS"/>
                    <label end="86" start="82" name="ORD"/>
                    <label end="90" start="88" name="NN1"/>
                    <label end="93" start="92" name="PRF"/>
                    <label end="97" start="95" name="AT0"/>
                    <label end="104" start="99" name="NN1"/>
                    <label end="107" start="106" name="PRP"/>
                    <label end="111" start="109" name="AT0"/>
                    <label end="119" start="113" name="AJ0"/>
                    <label end="125" start="121" name="NP0"/>
                    <label end="130" start="127" name="NP0"/>
                    <label end="132" start="132" name="PUN"/>
                </layer>
                <layer rank="1" name="NER"/>
                <layer rank="1" name="WSL"/>
            </annotationSet>
            <annotationSet cDate="01/08/2003 03:08:06 PST Wed" status="MANUAL" ID="1686887">
                <layer rank="1" name="FE">
                    <label cBy="RLG" feID="194" end="20" start="18" name="Experiencer"/>
                </layer>
                <layer rank="1" name="GF">
                    <label end="20" start="18" name="Gen"/>
                </layer>
                <layer rank="1" name="PT">
                    <label end="20" start="18" name="Poss"/>
                </layer>
                <layer rank="1" name="Sent"/>
                <layer rank="1" name="Other"/>
                <layer rank="1" name="Target">
                    <label cBy="BoC" end="31" start="22" name="Target"/>
                </layer>
                <layer rank="1" name="Noun"/>
            </annotationSet>
        </sentence>
        <sentence sentNo="0" aPos="34822818" ID="1117879">
            <text>They suffered the heartbreak of losing three children through premature births . </text>
            <annotationSet cDate="01/08/2003 03:08:06 PST Wed" status="UNANN" ID="1686892">
                <layer rank="1" name="BNC">
                    <label end="3" start="0" name="PNP"/>
                    <label end="12" start="5" name="VVD"/>
                    <label end="16" start="14" name="AT0"/>
                    <label end="27" start="18" name="NN1"/>
                    <label end="30" start="29" name="PRF"/>
                    <label end="37" start="32" name="VVG"/>
                    <label end="43" start="39" name="CRD"/>
                    <label end="52" start="45" name="NN2"/>
                    <label end="60" start="54" name="PRP"/>
                    <label end="70" start="62" name="AJ0"/>
                    <label end="77" start="72" name="NN2"/>
                    <label end="79" start="79" name="PUN"/>
                </layer>
                <layer rank="1" name="NER"/>
                <layer rank="1" name="WSL"/>
            </annotationSet>
            <annotationSet cDate="01/08/2003 03:08:07 PST Wed" status="MANUAL" ID="1686893">
                <layer rank="1" name="FE">
                    <label cBy="RLG" feID="197" end="77" start="29" name="Stimulus"/>
                </layer>
                <layer rank="1" name="GF">
                    <label end="77" start="29" name="Dep"/>
                </layer>
                <layer rank="1" name="PT">
                    <label end="77" start="29" name="PPing"/>
                </layer>
                <layer rank="1" name="Sent"/>
                <layer rank="1" name="Other"/>
                <layer rank="1" name="Target">
                    <label cBy="BoC" end="27" start="18" name="Target"/>
                </layer>
                <layer rank="1" name="Noun">
                    <label end="77" start="14" name="X"/>
                    <label end="12" start="5" name="Gov"/>
                </layer>
            </annotationSet>
        </sentence>
        <sentence sentNo="0" aPos="34823391" ID="1117880">
            <text>Jane Moss said yesterday that the double heartbreak of her daughter 's death and the murder of her own mum 11 years ago made her want to care for the needy . </text>
            <annotationSet cDate="01/08/2003 03:08:07 PST Wed" status="UNANN" ID="1686894">
                <layer rank="1" name="BNC">
                    <label end="3" start="0" name="NP0"/>
                    <label end="8" start="5" name="NP0"/>
                    <label end="13" start="10" name="VVD"/>
                    <label end="23" start="15" name="AV0"/>
                    <label end="28" start="25" name="CJT"/>
                    <label end="32" start="30" name="AT0"/>
                    <label end="39" start="34" name="AJ0"/>
                    <label end="50" start="41" name="NN1"/>
                    <label end="53" start="52" name="PRF"/>
                    <label end="57" start="55" name="DPS"/>
                    <label end="66" start="59" name="NN1"/>
                    <label end="69" start="68" name="POS"/>
                    <label end="75" start="71" name="NN1"/>
                    <label end="79" start="77" name="CJC"/>
                    <label end="83" start="81" name="AT0"/>
                    <label end="90" start="85" name="NN1"/>
                    <label end="93" start="92" name="PRF"/>
                    <label end="97" start="95" name="DPS"/>
                    <label end="101" start="99" name="DT0"/>
                    <label end="105" start="103" name="NN1"/>
                    <label end="108" start="107" name="CRD"/>
                    <label end="114" start="110" name="NN2"/>
                    <label end="118" start="116" name="AV0"/>
                    <label end="123" start="120" name="VVD-VVN"/>
                    <label end="127" start="125" name="PNP"/>
                    <label end="132" start="129" name="VVI"/>
                    <label end="135" start="134" name="TO0"/>
                    <label end="140" start="137" name="VVI"/>
                    <label end="144" start="142" name="PRP"/>
                    <label end="148" start="146" name="AT0"/>
                    <label end="154" start="150" name="AJ0"/>
                    <label end="156" start="156" name="PUN"/>
                </layer>
                <layer rank="1" name="NER"/>
                <layer rank="1" name="WSL"/>
            </annotationSet>
            <annotationSet cDate="01/08/2003 03:08:07 PST Wed" status="MANUAL" ID="1686895">
                <layer rank="1" name="FE">
                    <label cBy="RLG" feID="197" end="118" start="52" name="Stimulus"/>
                </layer>
                <layer rank="1" name="GF">
                    <label end="118" start="52" name="Dep"/>
                </layer>
                <layer rank="1" name="PT">
                    <label end="118" start="52" name="PP"/>
                </layer>
                <layer rank="1" name="Sent"/>
                <layer rank="1" name="Other"/>
                <layer rank="1" name="Target">
                    <label cBy="BoC" end="50" start="41" name="Target"/>
                </layer>
                <layer rank="1" name="Noun"/>
            </annotationSet>
        </sentence>
        <sentence sentNo="0" aPos="100881913" ID="1117910">
            <text>I do n't think I could cope with your heartbreak . &quot; </text>
            <annotationSet cDate="01/08/2003 03:08:10 PST Wed" status="UNANN" ID="1686954">
                <layer rank="1" name="BNC">
                    <label end="0" start="0" name="PNP"/>
                    <label end="3" start="2" name="VDB"/>
                    <label end="7" start="5" name="XX0"/>
                    <label end="13" start="9" name="VVI"/>
                    <label end="15" start="15" name="PNP"/>
                    <label end="21" start="17" name="VM0"/>
                    <label end="26" start="23" name="VVI"/>
                    <label end="31" start="28" name="PRP"/>
                    <label end="36" start="33" name="DPS"/>
                    <label end="47" start="38" name="NN1"/>
                    <label end="49" start="49" name="PUN"/>
                    <label end="51" start="51" name="PUQ"/>
                </layer>
                <layer rank="1" name="NER"/>
                <layer rank="1" name="WSL"/>
            </annotationSet>
            <annotationSet cDate="01/08/2003 03:08:10 PST Wed" status="MANUAL" ID="1686955">
                <layer rank="1" name="FE">
                    <label cBy="RLG" feID="194" end="36" start="33" name="Experiencer"/>
                </layer>
                <layer rank="1" name="GF">
                    <label end="36" start="33" name="Gen"/>
                </layer>
                <layer rank="1" name="PT">
                    <label end="36" start="33" name="Poss"/>
                </layer>
                <layer rank="1" name="Sent"/>
                <layer rank="1" name="Other"/>
                <layer rank="1" name="Target">
                    <label cBy="BoC" end="47" start="38" name="Target"/>
                </layer>
                <layer rank="1" name="Noun">
                    <label end="26" start="23" name="Gov"/>
                    <label end="47" start="28" name="X"/>
                </layer>
            </annotationSet>
        </sentence>
        <sentence sentNo="0" aPos="102055933" ID="1117914">
            <text>For the owner , it can mean heartbreak at the loss of a family pet . </text>
            <annotationSet cDate="01/08/2003 03:08:10 PST Wed" status="UNANN" ID="1686962">
                <layer rank="1" name="BNC">
                    <label end="2" start="0" name="PRP"/>
                    <label end="6" start="4" name="AT0"/>
                    <label end="12" start="8" name="NN1"/>
                    <label end="14" start="14" name="PUN"/>
                    <label end="17" start="16" name="PNP"/>
                    <label end="21" start="19" name="VM0"/>
                    <label end="26" start="23" name="VVI"/>
                    <label end="37" start="28" name="NN1"/>
                    <label end="40" start="39" name="PRP"/>
                    <label end="44" start="42" name="AT0"/>
                    <label end="49" start="46" name="NN1"/>
                    <label end="52" start="51" name="PRF"/>
                    <label end="54" start="54" name="AT0"/>
                    <label end="61" start="56" name="NN0"/>
                    <label end="65" start="63" name="NN1"/>
                    <label end="67" start="67" name="PUN"/>
                </layer>
                <layer rank="1" name="NER"/>
                <layer rank="1" name="WSL"/>
            </annotationSet>
            <annotationSet cDate="01/08/2003 03:08:11 PST Wed" status="MANUAL" ID="1686963">
                <layer rank="1" name="FE">
                    <label cBy="RLG" feID="197" end="65" start="39" name="Stimulus"/>
                </layer>
                <layer rank="1" name="GF">
                    <label end="65" start="39" name="Dep"/>
                </layer>
                <layer rank="1" name="PT">
                    <label end="65" start="39" name="PP"/>
                </layer>
                <layer rank="1" name="Sent"/>
                <layer rank="1" name="Other"/>
                <layer rank="1" name="Target">
                    <label cBy="BoC" end="37" start="28" name="Target"/>
                </layer>
                <layer rank="1" name="Noun"/>
            </annotationSet>
        </sentence>
        <sentence sentNo="0" aPos="103269167" ID="1117915">
            <text>So many families will face the heartbreak of burglary before Christmas . </text>
            <annotationSet cDate="01/08/2003 03:08:11 PST Wed" status="UNANN" ID="1686964">
                <layer rank="1" name="BNC">
                    <label end="1" start="0" name="AV0"/>
                    <label end="6" start="3" name="DT0"/>
                    <label end="15" start="8" name="NN2"/>
                    <label end="20" start="17" name="VM0"/>
                    <label end="25" start="22" name="VVI"/>
                    <label end="29" start="27" name="AT0"/>
                    <label end="40" start="31" name="NN1"/>
                    <label end="43" start="42" name="PRF"/>
                    <label end="52" start="45" name="NN1"/>
                    <label end="59" start="54" name="PRP"/>
                    <label end="69" start="61" name="NN1"/>
                    <label end="71" start="71" name="PUN"/>
                </layer>
                <layer rank="1" name="NER"/>
                <layer rank="1" name="WSL"/>
            </annotationSet>
            <annotationSet cDate="01/08/2003 03:08:11 PST Wed" status="MANUAL" ID="1686965">
                <layer rank="1" name="FE">
                    <label cBy="RLG" feID="197" end="52" start="42" name="Stimulus"/>
                </layer>
                <layer rank="1" name="GF">
                    <label end="52" start="42" name="Dep"/>
                </layer>
                <layer rank="1" name="PT">
                    <label end="52" start="42" name="PP"/>
                </layer>
                <layer rank="1" name="Sent"/>
                <layer rank="1" name="Other"/>
                <layer rank="1" name="Target">
                    <label cBy="BoC" end="40" start="31" name="Target"/>
                </layer>
                <layer rank="1" name="Noun">
                    <label end="25" start="22" name="Gov"/>
                    <label end="52" start="27" name="X"/>
                </layer>
            </annotationSet>
        </sentence>
        <sentence sentNo="0" aPos="104054971" ID="1117920">
            <text>That concern turned to heartbreak when they heard of his mother 's grim fate . </text>
            <annotationSet cDate="01/08/2003 03:08:11 PST Wed" status="UNANN" ID="1686974">
                <layer rank="1" name="BNC">
                    <label end="3" start="0" name="DT0"/>
                    <label end="11" start="5" name="NN1"/>
                    <label end="18" start="13" name="VVD-VVN"/>
                    <label end="21" start="20" name="PRP"/>
                    <label end="32" start="23" name="NN1"/>
                    <label end="37" start="34" name="AVQ-CJS"/>
                    <label end="42" start="39" name="PNP"/>
                    <label end="48" start="44" name="VVD"/>
                    <label end="51" start="50" name="PRF"/>
                    <label end="55" start="53" name="DPS"/>
                    <label end="62" start="57" name="NN1"/>
                    <label end="65" start="64" name="POS"/>
                    <label end="70" start="67" name="AJ0"/>
                    <label end="75" start="72" name="NN1"/>
                    <label end="77" start="77" name="PUN"/>
                </layer>
                <layer rank="1" name="NER"/>
                <layer rank="1" name="WSL"/>
            </annotationSet>
            <annotationSet cDate="01/08/2003 03:08:11 PST Wed" status="MANUAL" ID="1686975">
                <layer rank="1" name="FE">
                    <label cBy="RLG" feID="3470" end="75" start="34" name="Circumstances"/>
                </layer>
                <layer rank="1" name="GF">
                    <label end="75" start="34" name="Dep"/>
                </layer>
                <layer rank="1" name="PT">
                    <label end="75" start="34" name="Sinterrog"/>
                </layer>
                <layer rank="1" name="Sent"/>
                <layer rank="1" name="Other"/>
                <layer rank="1" name="Target">
                    <label cBy="BoC" end="32" start="23" name="Target"/>
                </layer>
                <layer rank="1" name="Noun"/>
            </annotationSet>
        </sentence>
    </subCorpus>
</lexUnit>