<?xml version="1.0" encoding="UTF-8" standalone="yes"?>
<?xml-stylesheet type="text/xsl" href="lexUnit.xsl"?>
<lexUnit status="Created" POS="V" name="make up.v" ID="7338" frame="Reparation" frameID="400" totalAnnotated="1" xsi:schemaLocation="../schema/lexUnit.xsd" xmlns="http://framenet.icsi.berkeley.edu" xmlns:xsi="http://www.w3.org/2001/XMLSchema-instance">
    <header>
        <corpus description="American National Corpus Texts" name="ANC" ID="195">
            <document description="Berlitz Where to Go in Hong Kong" name="WhereToHongKong" ID="23771"/>
        </corpus>
        <frame>
            <FE fgColor="FFFFFF" bgColor="0000FF" type="Core" abbrev="Bene" name="Benefiting_action"/>
            <FE fgColor="FFFFFF" bgColor="FF69B4" type="Peripheral" abbrev="Degr" name="Degree"/>
            <FE fgColor="FFFFFF" bgColor="808080" type="Core" abbrev="Gift" name="Gift"/>
            <FE fgColor="FFFFFF" bgColor="9400D3" type="Core" abbrev="Injrd_prty" name="Injured_party"/>
            <FE fgColor="FFFFFF" bgColor="00008B" type="Core" abbrev="Injry" name="Injury"/>
            <FE fgColor="FFFFFF" bgColor="FF00FF" type="Peripheral" abbrev="Mnr" name="Manner"/>
            <FE fgColor="000000" bgColor="FFFF00" type="Peripheral" abbrev="" name="Means"/>
            <FE fgColor="FFFFFF" bgColor="008000" type="Peripheral" abbrev="Place" name="Place"/>
            <FE fgColor="FFFFFF" bgColor="800080" type="Peripheral" abbrev="Purp" name="Purpose"/>
            <FE fgColor="FFFFFF" bgColor="FFA500" type="Peripheral" abbrev="Time" name="Time"/>
            <FE fgColor="FFFFFF" bgColor="FF0000" type="Core" abbrev="Wr" name="Wrongdoer"/>
        </frame>
    </header>
    <definition>FN: to make reparation (for), to compensate (for)</definition>
    <lexeme order="1" headword="true" breakBefore="false" POS="V" name="make"/>
    <lexeme order="2" headword="false" breakBefore="true" POS="ADV" name="up"/>
    <valences>
        <FERealization total="1">
            <FE name="Gift"/>
            <pattern total="1">
                <valenceUnit GF="Ext" PT="NP" FE="Gift"/>
                <annoSet ID="6556360"/>
            </pattern>
        </FERealization>
        <FERealization total="1">
            <FE name="Injured_party"/>
            <pattern total="1">
                <valenceUnit GF="" PT="DNI" FE="Injured_party"/>
                <annoSet ID="6556360"/>
            </pattern>
        </FERealization>
        <FERealization total="1">
            <FE name="Injury"/>
            <pattern total="1">
                <valenceUnit GF="Dep" PT="PP[for]" FE="Injury"/>
                <annoSet ID="6556360"/>
            </pattern>
        </FERealization>
        <FERealization total="1">
            <FE name="Wrongdoer"/>
            <pattern total="1">
                <valenceUnit GF="" PT="DNI" FE="Wrongdoer"/>
                <annoSet ID="6556360"/>
            </pattern>
        </FERealization>
        <FEGroupRealization total="1">
            <FE name="Gift"/>
            <FE name="Injured_party"/>
            <FE name="Injury"/>
            <FE name="Wrongdoer"/>
            <pattern total="1">
                <valenceUnit GF="Ext" PT="NP" FE="Gift"/>
                <valenceUnit GF="" PT="DNI" FE="Injured_party"/>
                <valenceUnit GF="Dep" PT="PP[for]" FE="Injury"/>
                <valenceUnit GF="" PT="DNI" FE="Wrongdoer"/>
                <annoSet ID="6556360"/>
            </pattern>
        </FEGroupRealization>
    </valences>
    <subCorpus name="01-T-PPwith-(2)"/>
    <subCorpus name="02-T-PPby-(2)"/>
    <subCorpus name="03-Wflower,jewelry,chocolate-(2)"/>
    <subCorpus name="04-Wkiss,hug-(2)"/>
    <subCorpus name="other-matched-(2)"/>
    <subCorpus name="other-unmatched-(2)"/>
    <subCorpus name="manually-added">
        <sentence corpID="195" docID="23771" sentNo="2" paragNo="38" aPos="0" ID="4105931">
            <text>The food may not live up to expectations , but the fantasy environment makes up for it .</text>
            <annotationSet cDate="07/25/2008 01:18:31 PDT Fri" status="UNANN" ID="6555021">
                <layer rank="1" name="PENN">
                    <label end="2" start="0" name="dt"/>
                    <label end="7" start="4" name="nn"/>
                    <label end="11" start="9" name="md"/>
                    <label end="15" start="13" name="rb"/>
                    <label end="20" start="17" name="VV"/>
                    <label end="23" start="22" name="rp"/>
                    <label end="26" start="25" name="to"/>
                    <label end="39" start="28" name="nns"/>
                    <label end="41" start="41" name=","/>
                    <label end="45" start="43" name="cc"/>
                    <label end="49" start="47" name="dt"/>
                    <label end="57" start="51" name="nn"/>
                    <label end="69" start="59" name="nn"/>
                    <label end="75" start="71" name="VVZ"/>
                    <label end="78" start="77" name="rp"/>
                    <label end="82" start="80" name="in"/>
                    <label end="85" start="84" name="PP"/>
                    <label end="87" start="87" name="sent"/>
                </layer>
                <layer rank="1" name="NER"/>
                <layer rank="1" name="WSL">
                    <label end="2" start="0" name="NT"/>
                    <label end="15" start="13" name="NT"/>
                    <label end="23" start="22" name="NT"/>
                    <label end="26" start="25" name="NT"/>
                    <label end="41" start="41" name="NT"/>
                    <label end="45" start="43" name="NT"/>
                    <label end="49" start="47" name="NT"/>
                    <label end="82" start="80" name="NT"/>
                    <label end="85" start="84" name="NT"/>
                    <label end="87" start="87" name="NT"/>
                </layer>
            </annotationSet>
            <annotationSet cDate="11/11/2008 05:59:09 PST Tue" status="MANUAL" ID="6556360">
                <layer rank="1" name="Target">
                    <label cBy="AlK" end="75" start="71" name="Target"/>
                    <label cBy="AlK" end="78" start="77" name="Target"/>
                </layer>
                <layer rank="1" name="FE">
                    <label cBy="AlK" feID="3637" end="69" start="47" name="Gift"/>
                    <label cBy="AlK" feID="3634" end="85" start="80" name="Injury"/>
                    <label cBy="AlK" feID="3633" itype="DNI" name="Injured_party"/>
                    <label cBy="AlK" feID="3635" itype="DNI" name="Wrongdoer"/>
                </layer>
                <layer rank="1" name="GF">
                    <label end="69" start="47" name="Ext"/>
                    <label end="85" start="80" name="Dep"/>
                </layer>
                <layer rank="1" name="PT">
                    <label end="69" start="47" name="NP"/>
                    <label end="85" start="80" name="PP"/>
                </layer>
                <layer rank="1" name="Other"/>
                <layer rank="1" name="Sent"/>
                <layer rank="1" name="Verb"/>
            </annotationSet>
        </sentence>
    </subCorpus>
</lexUnit>