<?xml version="1.0" encoding="UTF-8" standalone="yes"?>
<?xml-stylesheet type="text/xsl" href="lexUnit.xsl"?>
<lexUnit status="Created" POS="N" name="bond.n" ID="7339" frame="Social_connection" frameID="253" totalAnnotated="0" xsi:schemaLocation="../schema/lexUnit.xsd" xmlns="http://framenet.icsi.berkeley.edu" xmlns:xsi="http://www.w3.org/2001/XMLSchema-instance">
    <header>
        <frame>
            <FE fgColor="FFFFFF" bgColor="808080" type="Core" abbrev="Cnx" name="Connection"/>
            <FE fgColor="FFFFFF" bgColor="FF69B4" type="Peripheral" abbrev="Degr" name="Degree"/>
            <FE fgColor="FFFFFF" bgColor="0000FF" type="Core" abbrev="Indiv" name="Individuals"/>
            <FE fgColor="FFFFFF" bgColor="FF0000" type="Core" abbrev="Ind1" name="Individual_1"/>
            <FE fgColor="FFFFFF" bgColor="800080" type="Core" abbrev="Ind2" name="Individual_2"/>
            <FE fgColor="FFFFFF" bgColor="7CCD7C" type="Peripheral" abbrev="Typ" name="Type"/>
        </frame>
    </header>
    <definition>COD: a force or feeling that unites people. </definition>
    <lexeme POS="N" name="bond"/>
    <valences/>
</lexUnit>