<?xml version="1.0" encoding="UTF-8" standalone="yes"?>
<?xml-stylesheet type="text/xsl" href="lexUnit.xsl"?>
<lexUnit status="Created" POS="A" name="dishonorable.a" ID="7329" frame="Praiseworthiness" frameID="399" totalAnnotated="0" xsi:schemaLocation="../schema/lexUnit.xsd" xmlns="http://framenet.icsi.berkeley.edu" xmlns:xsi="http://www.w3.org/2001/XMLSchema-instance">
    <header>
        <frame>
            <FE fgColor="FFFFFF" bgColor="008000" type="Core" abbrev="Beh" name="Behavior"/>
            <FE fgColor="FFFFFF" bgColor="FF00FF" type="Peripheral" abbrev="Deg" name="Degree"/>
            <FE fgColor="FFFFFF" bgColor="800080" type="Core" abbrev="Eval" name="Evaluee"/>
            <FE fgColor="000000" bgColor="7FFF00" type="Peripheral" abbrev="" name="Judge"/>
        </frame>
    </header>
    <definition>FN: worthy of or causing dishonor</definition>
    <lexeme POS="A" name="dishonorable"/>
    <valences/>
</lexUnit>