<?xml version="1.0" encoding="UTF-8" standalone="yes"?>
<?xml-stylesheet type="text/xsl" href="lexUnit.xsl"?>
<lexUnit status="FN1_Sent" POS="N" name="denigration.n" ID="7393" frame="Judgment_communication" frameID="219" totalAnnotated="15" xsi:schemaLocation="../schema/lexUnit.xsd" xmlns="http://framenet.icsi.berkeley.edu" xmlns:xsi="http://www.w3.org/2001/XMLSchema-instance">
    <header>
        <frame>
            <FE fgColor="FFFFFF" bgColor="008000" type="Peripheral" abbrev="Add" name="Addressee"/>
            <FE fgColor="FFFFFF" bgColor="FF0000" type="Core" abbrev="Com" name="Communicator"/>
            <FE fgColor="FFFFFF" bgColor="FF69B4" type="Extra-Thematic" abbrev="Degr" name="Degree"/>
            <FE fgColor="FFFFFF" bgColor="9400D3" type="Extra-Thematic" abbrev="Depictt" name="Depictive"/>
            <FE fgColor="FFFFFF" bgColor="0000FF" type="Core" abbrev="Eval" name="Evaluee"/>
            <FE fgColor="FFFFFF" bgColor="A52A2A" type="Core" abbrev="Exr" name="Expressor"/>
            <FE fgColor="FFFFFF" bgColor="7CCD73" type="Extra-Thematic" abbrev="" name="Extent_of_acclaim"/>
            <FE fgColor="000000" bgColor="FFA500" type="Extra-Thematic" abbrev="Fre" name="Frequency"/>
            <FE fgColor="FFFFFF" bgColor="006400" type="Extra-Thematic" abbrev="" name="Grounds"/>
            <FE fgColor="FFFFFF" bgColor="9F79EE" type="Extra-Thematic" abbrev="IC" name="Internal_cause"/>
            <FE fgColor="FFFFFF" bgColor="FF00FF" type="Peripheral" abbrev="Manr" name="Manner"/>
            <FE fgColor="FFFFFF" bgColor="00BFFF" type="Peripheral" abbrev="Mns" name="Means"/>
            <FE fgColor="000000" bgColor="FFFF00" type="Core" abbrev="Medium" name="Medium"/>
            <FE fgColor="FFFFFF" bgColor="008000" type="Peripheral" abbrev="Place" name="Place"/>
            <FE fgColor="FFFFFF" bgColor="00008B" type="Core" abbrev="Reas" name="Reason"/>
            <FE fgColor="FFFFFF" bgColor="808080" type="Extra-Thematic" abbrev="Result" name="Result"/>
            <FE fgColor="FFFFFF" bgColor="1E90FF" type="Extra-Thematic" abbrev="Role" name="Role"/>
            <FE fgColor="FFFFFF" bgColor="FFA500" type="Peripheral" abbrev="Time" name="Time"/>
            <FE fgColor="FFFFFF" bgColor="800080" type="Core" abbrev="Top" name="Topic"/>
        </frame>
    </header>
    <definition>FN: express extreme, perhaps inappropriate disapproval</definition>
    <lexeme POS="N" name="denigration"/>
    <semType name="Negative_judgment" ID="14"/>
    <valences>
        <FERealization total="15">
            <FE name="Communicator"/>
            <pattern total="1">
                <valenceUnit GF="Dep" PT="AJP" FE="Communicator"/>
                <annoSet ID="1700543"/>
            </pattern>
            <pattern total="12">
                <valenceUnit GF="" PT="CNI" FE="Communicator"/>
                <annoSet ID="1700501"/>
                <annoSet ID="1700503"/>
                <annoSet ID="1700509"/>
                <annoSet ID="1700521"/>
                <annoSet ID="1700525"/>
                <annoSet ID="1700527"/>
                <annoSet ID="1700531"/>
                <annoSet ID="1700535"/>
                <annoSet ID="1700537"/>
                <annoSet ID="1700539"/>
                <annoSet ID="1700541"/>
                <annoSet ID="1700545"/>
            </pattern>
            <pattern total="2">
                <valenceUnit GF="Gen" PT="Poss" FE="Communicator"/>
                <annoSet ID="1700533"/>
                <annoSet ID="1700547"/>
            </pattern>
        </FERealization>
        <FERealization total="8">
            <FE name="Evaluee"/>
            <pattern total="1">
                <valenceUnit GF="" PT="DNI" FE="Evaluee"/>
                <annoSet ID="1700501"/>
            </pattern>
            <pattern total="7">
                <valenceUnit GF="Dep" PT="PP[of]" FE="Evaluee"/>
                <annoSet ID="1700503"/>
                <annoSet ID="1700527"/>
                <annoSet ID="1700531"/>
                <annoSet ID="1700535"/>
                <annoSet ID="1700539"/>
                <annoSet ID="1700541"/>
                <annoSet ID="1700547"/>
            </pattern>
        </FERealization>
        <FERealization total="1">
            <FE name="Manner"/>
            <pattern total="1">
                <valenceUnit GF="Dep" PT="AJP" FE="Manner"/>
                <annoSet ID="1700533"/>
            </pattern>
        </FERealization>
        <FERealization total="8">
            <FE name="Reason"/>
            <pattern total="6">
                <valenceUnit GF="Dep" PT="PP[of]" FE="Reason"/>
                <annoSet ID="1700509"/>
                <annoSet ID="1700525"/>
                <annoSet ID="1700533"/>
                <annoSet ID="1700537"/>
                <annoSet ID="1700543"/>
                <annoSet ID="1700545"/>
            </pattern>
            <pattern total="1">
                <valenceUnit GF="Dep" PT="NP" FE="Reason"/>
                <annoSet ID="1700541"/>
            </pattern>
            <pattern total="1">
                <valenceUnit GF="" PT="DNI" FE="Reason"/>
                <annoSet ID="1700521"/>
            </pattern>
        </FERealization>
        <FEGroupRealization total="7">
            <FE name="Communicator"/>
            <FE name="Evaluee"/>
            <pattern total="1">
                <valenceUnit GF="" PT="CNI" FE="Communicator"/>
                <valenceUnit GF="" PT="DNI" FE="Evaluee"/>
                <annoSet ID="1700501"/>
            </pattern>
            <pattern total="5">
                <valenceUnit GF="" PT="CNI" FE="Communicator"/>
                <valenceUnit GF="Dep" PT="PP[of]" FE="Evaluee"/>
                <annoSet ID="1700503"/>
                <annoSet ID="1700527"/>
                <annoSet ID="1700531"/>
                <annoSet ID="1700535"/>
                <annoSet ID="1700539"/>
            </pattern>
            <pattern total="1">
                <valenceUnit GF="Gen" PT="Poss" FE="Communicator"/>
                <valenceUnit GF="Dep" PT="PP[of]" FE="Evaluee"/>
                <annoSet ID="1700547"/>
            </pattern>
        </FEGroupRealization>
        <FEGroupRealization total="1">
            <FE name="Communicator"/>
            <FE name="Evaluee"/>
            <FE name="Reason"/>
            <pattern total="1">
                <valenceUnit GF="" PT="CNI" FE="Communicator"/>
                <valenceUnit GF="Dep" PT="PP[of]" FE="Evaluee"/>
                <valenceUnit GF="Dep" PT="NP" FE="Reason"/>
                <annoSet ID="1700541"/>
            </pattern>
        </FEGroupRealization>
        <FEGroupRealization total="1">
            <FE name="Communicator"/>
            <FE name="Manner"/>
            <FE name="Reason"/>
            <pattern total="1">
                <valenceUnit GF="Gen" PT="Poss" FE="Communicator"/>
                <valenceUnit GF="Dep" PT="AJP" FE="Manner"/>
                <valenceUnit GF="Dep" PT="PP[of]" FE="Reason"/>
                <annoSet ID="1700533"/>
            </pattern>
        </FEGroupRealization>
        <FEGroupRealization total="6">
            <FE name="Communicator"/>
            <FE name="Reason"/>
            <pattern total="1">
                <valenceUnit GF="Dep" PT="AJP" FE="Communicator"/>
                <valenceUnit GF="Dep" PT="PP[of]" FE="Reason"/>
                <annoSet ID="1700543"/>
            </pattern>
            <pattern total="1">
                <valenceUnit GF="" PT="CNI" FE="Communicator"/>
                <valenceUnit GF="" PT="DNI" FE="Reason"/>
                <annoSet ID="1700521"/>
            </pattern>
            <pattern total="4">
                <valenceUnit GF="" PT="CNI" FE="Communicator"/>
                <valenceUnit GF="Dep" PT="PP[of]" FE="Reason"/>
                <annoSet ID="1700509"/>
                <annoSet ID="1700525"/>
                <annoSet ID="1700537"/>
                <annoSet ID="1700545"/>
            </pattern>
        </FEGroupRealization>
    </valences>
    <subCorpus name="N-other">
        <sentence sentNo="0" aPos="548640" ID="1124697">
            <text>Later on , however , the names of those who had graduated in the social sciences and especially sociology were greeted with hissing disparagement and barely concealed denigration . </text>
            <annotationSet cDate="01/08/2003 03:25:59 PST Wed" status="UNANN" ID="1700500">
                <layer rank="1" name="BNC">
                    <label end="4" start="0" name="AV0"/>
                    <label end="7" start="6" name="AVP"/>
                    <label end="9" start="9" name="PUN"/>
                    <label end="17" start="11" name="AV0"/>
                    <label end="19" start="19" name="PUN"/>
                    <label end="23" start="21" name="AT0"/>
                    <label end="29" start="25" name="NN2"/>
                    <label end="32" start="31" name="PRF"/>
                    <label end="38" start="34" name="DT0"/>
                    <label end="42" start="40" name="PNQ"/>
                    <label end="46" start="44" name="VHD"/>
                    <label end="56" start="48" name="VVN"/>
                    <label end="59" start="58" name="PRP"/>
                    <label end="63" start="61" name="AT0"/>
                    <label end="70" start="65" name="AJ0"/>
                    <label end="79" start="72" name="NN2"/>
                    <label end="83" start="81" name="CJC"/>
                    <label end="94" start="85" name="AV0"/>
                    <label end="104" start="96" name="NN1"/>
                    <label end="109" start="106" name="VBD"/>
                    <label end="117" start="111" name="VVN"/>
                    <label end="122" start="119" name="PRP"/>
                    <label end="130" start="124" name="AJ0-VVG"/>
                    <label end="144" start="132" name="NN1"/>
                    <label end="148" start="146" name="CJC"/>
                    <label end="155" start="150" name="AV0"/>
                    <label end="165" start="157" name="AJ0"/>
                    <label end="177" start="167" name="NN1"/>
                    <label end="179" start="179" name="PUN"/>
                </layer>
                <layer rank="1" name="NER"/>
                <layer rank="1" name="WSL"/>
            </annotationSet>
            <annotationSet cDate="01/08/2003 03:25:59 PST Wed" status="MANUAL" ID="1700501">
                <layer rank="1" name="FE">
                    <label cBy="BoC" feID="1777" itype="DNI" name="Evaluee"/>
                    <label cBy="BoC" feID="1771" itype="CNI" name="Communicator"/>
                </layer>
                <layer rank="1" name="GF"/>
                <layer rank="1" name="PT"/>
                <layer rank="1" name="Sent">
                    <label end="0" start="0" name="sense1"/>
                </layer>
                <layer rank="1" name="Other"/>
                <layer rank="1" name="Target">
                    <label cBy="BoC" end="177" start="167" name="Target"/>
                </layer>
                <layer rank="1" name="Noun"/>
            </annotationSet>
        </sentence>
        <sentence sentNo="0" aPos="5337846" ID="1124698">
            <text>Four officers had pay stopped , and London 's chief fire officer said it should be possible to create group spirit without ` the denigration and ridicule of individuals . &quot; </text>
            <annotationSet cDate="01/08/2003 03:25:59 PST Wed" status="UNANN" ID="1700502">
                <layer rank="1" name="BNC">
                    <label end="3" start="0" name="CRD"/>
                    <label end="12" start="5" name="NN2"/>
                    <label end="16" start="14" name="VHD"/>
                    <label end="20" start="18" name="NN1"/>
                    <label end="28" start="22" name="VVN"/>
                    <label end="30" start="30" name="PUN"/>
                    <label end="34" start="32" name="CJC"/>
                    <label end="41" start="36" name="NP0"/>
                    <label end="44" start="43" name="POS"/>
                    <label end="50" start="46" name="AJ0-NN1"/>
                    <label end="55" start="52" name="NN1"/>
                    <label end="63" start="57" name="NN1"/>
                    <label end="68" start="65" name="VVD"/>
                    <label end="71" start="70" name="PNP"/>
                    <label end="78" start="73" name="VM0"/>
                    <label end="81" start="80" name="VBI"/>
                    <label end="90" start="83" name="AJ0"/>
                    <label end="93" start="92" name="TO0"/>
                    <label end="100" start="95" name="VVI"/>
                    <label end="106" start="102" name="NN0"/>
                    <label end="113" start="108" name="NN1"/>
                    <label end="121" start="115" name="PRP"/>
                    <label end="123" start="123" name="PUQ"/>
                    <label end="127" start="125" name="AT0"/>
                    <label end="139" start="129" name="NN1"/>
                    <label end="143" start="141" name="CJC"/>
                    <label end="152" start="145" name="NN1"/>
                    <label end="155" start="154" name="PRF"/>
                    <label end="167" start="157" name="NN2"/>
                    <label end="169" start="169" name="PUN"/>
                    <label end="171" start="171" name="PUQ"/>
                </layer>
                <layer rank="1" name="NER"/>
                <layer rank="1" name="WSL"/>
            </annotationSet>
            <annotationSet cDate="01/08/2003 03:25:59 PST Wed" status="MANUAL" ID="1700503">
                <layer rank="1" name="FE">
                    <label cBy="BoC" feID="1777" end="167" start="154" name="Evaluee"/>
                    <label cBy="BoC" feID="1771" itype="CNI" name="Communicator"/>
                </layer>
                <layer rank="1" name="GF">
                    <label end="167" start="154" name="Dep"/>
                </layer>
                <layer rank="1" name="PT">
                    <label end="167" start="154" name="PP"/>
                </layer>
                <layer rank="1" name="Sent">
                    <label end="0" start="0" name="sense1"/>
                </layer>
                <layer rank="1" name="Other"/>
                <layer rank="1" name="Target">
                    <label cBy="BoC" end="139" start="129" name="Target"/>
                </layer>
                <layer rank="1" name="Noun"/>
            </annotationSet>
        </sentence>
        <sentence sentNo="0" aPos="32703102" ID="1124701">
            <text>It invites denigration , even denial , of the link between physical care and care for the whole person whose body needs tending , and therefore of the knowledge and skill which such activities may require . </text>
            <annotationSet cDate="01/08/2003 03:26:00 PST Wed" status="UNANN" ID="1700508">
                <layer rank="1" name="BNC">
                    <label end="1" start="0" name="PNP"/>
                    <label end="9" start="3" name="VVZ"/>
                    <label end="21" start="11" name="NN1"/>
                    <label end="23" start="23" name="PUN"/>
                    <label end="28" start="25" name="AJ0-AV0"/>
                    <label end="35" start="30" name="NN1"/>
                    <label end="37" start="37" name="PUN"/>
                    <label end="40" start="39" name="PRF"/>
                    <label end="44" start="42" name="AT0"/>
                    <label end="49" start="46" name="NN1"/>
                    <label end="57" start="51" name="PRP"/>
                    <label end="66" start="59" name="AJ0"/>
                    <label end="71" start="68" name="NN1"/>
                    <label end="75" start="73" name="CJC"/>
                    <label end="80" start="77" name="NN1-VVB"/>
                    <label end="84" start="82" name="PRP"/>
                    <label end="88" start="86" name="AT0"/>
                    <label end="94" start="90" name="AJ0"/>
                    <label end="101" start="96" name="NN1"/>
                    <label end="107" start="103" name="DTQ"/>
                    <label end="112" start="109" name="NN1"/>
                    <label end="118" start="114" name="NN2-VVZ"/>
                    <label end="126" start="120" name="NN1-VVG"/>
                    <label end="128" start="128" name="PUN"/>
                    <label end="132" start="130" name="CJC"/>
                    <label end="142" start="134" name="AV0"/>
                    <label end="145" start="144" name="PRF"/>
                    <label end="149" start="147" name="AT0"/>
                    <label end="159" start="151" name="NN1"/>
                    <label end="163" start="161" name="CJC"/>
                    <label end="169" start="165" name="NN1-VVB"/>
                    <label end="175" start="171" name="DTQ"/>
                    <label end="180" start="177" name="DT0"/>
                    <label end="191" start="182" name="NN2"/>
                    <label end="195" start="193" name="VM0"/>
                    <label end="203" start="197" name="VVI"/>
                    <label end="205" start="205" name="PUN"/>
                </layer>
                <layer rank="1" name="NER"/>
                <layer rank="1" name="WSL"/>
            </annotationSet>
            <annotationSet cDate="01/08/2003 03:26:00 PST Wed" status="MANUAL" ID="1700509">
                <layer rank="1" name="FE">
                    <label cBy="BoC" feID="1781" end="126" start="39" name="Reason"/>
                    <label cBy="BoC" feID="1771" itype="CNI" name="Communicator"/>
                </layer>
                <layer rank="1" name="GF">
                    <label end="126" start="39" name="Dep"/>
                </layer>
                <layer rank="1" name="PT">
                    <label end="126" start="39" name="PP"/>
                </layer>
                <layer rank="1" name="Sent">
                    <label end="0" start="0" name="sense1"/>
                </layer>
                <layer rank="1" name="Other"/>
                <layer rank="1" name="Target">
                    <label cBy="BoC" end="21" start="11" name="Target"/>
                </layer>
                <layer rank="1" name="Noun"/>
            </annotationSet>
        </sentence>
        <sentence sentNo="0" aPos="105045466" ID="1124707">
            <text>Mr France ends his letter by saying Mr Milburn should cut out the denigration and let the people of Darlington progress in prosperity . </text>
            <annotationSet cDate="01/08/2003 03:26:00 PST Wed" status="UNANN" ID="1700520">
                <layer rank="1" name="BNC">
                    <label end="1" start="0" name="NP0"/>
                    <label end="8" start="3" name="NP0"/>
                    <label end="13" start="10" name="VVZ"/>
                    <label end="17" start="15" name="DPS"/>
                    <label end="24" start="19" name="NN1"/>
                    <label end="27" start="26" name="PRP"/>
                    <label end="34" start="29" name="VVG"/>
                    <label end="37" start="36" name="NP0"/>
                    <label end="45" start="39" name="NP0"/>
                    <label end="52" start="47" name="VM0"/>
                    <label end="56" start="54" name="VVI"/>
                    <label end="60" start="58" name="AVP"/>
                    <label end="64" start="62" name="AT0"/>
                    <label end="76" start="66" name="NN1"/>
                    <label end="80" start="78" name="CJC"/>
                    <label end="84" start="82" name="VVB"/>
                    <label end="88" start="86" name="AT0"/>
                    <label end="95" start="90" name="NN0"/>
                    <label end="98" start="97" name="PRF"/>
                    <label end="109" start="100" name="NP0"/>
                    <label end="118" start="111" name="NN1-VVB"/>
                    <label end="121" start="120" name="PRP"/>
                    <label end="132" start="123" name="NN1"/>
                    <label end="134" start="134" name="PUN"/>
                </layer>
                <layer rank="1" name="NER"/>
                <layer rank="1" name="WSL"/>
            </annotationSet>
            <annotationSet cDate="01/08/2003 03:26:00 PST Wed" status="MANUAL" ID="1700521">
                <layer rank="1" name="FE">
                    <label cBy="BoC" feID="1781" itype="DNI" name="Reason"/>
                    <label cBy="BoC" feID="1771" itype="CNI" name="Communicator"/>
                </layer>
                <layer rank="1" name="GF"/>
                <layer rank="1" name="PT"/>
                <layer rank="1" name="Sent">
                    <label end="0" start="0" name="sense1"/>
                </layer>
                <layer rank="1" name="Other"/>
                <layer rank="1" name="Target">
                    <label cBy="BoC" end="76" start="66" name="Target"/>
                </layer>
                <layer rank="1" name="Noun"/>
            </annotationSet>
        </sentence>
    </subCorpus>
    <subCorpus name="N-pother">
        <sentence sentNo="0" aPos="52789117" ID="1124709">
            <text>The typical denigration of ` practice &quot; arises largely from the social status of practitioners , which tends to be lower than that of theoreticians . </text>
            <annotationSet cDate="01/08/2003 03:26:01 PST Wed" status="UNANN" ID="1700524">
                <layer rank="1" name="BNC">
                    <label end="2" start="0" name="AT0"/>
                    <label end="10" start="4" name="AJ0"/>
                    <label end="22" start="12" name="NN1"/>
                    <label end="25" start="24" name="PRF"/>
                    <label end="27" start="27" name="PUQ"/>
                    <label end="36" start="29" name="NN1"/>
                    <label end="38" start="38" name="PUQ"/>
                    <label end="45" start="40" name="NN2-VVZ"/>
                    <label end="53" start="47" name="AV0"/>
                    <label end="58" start="55" name="PRP"/>
                    <label end="62" start="60" name="AT0"/>
                    <label end="69" start="64" name="AJ0"/>
                    <label end="76" start="71" name="NN1"/>
                    <label end="79" start="78" name="PRF"/>
                    <label end="93" start="81" name="NN2"/>
                    <label end="95" start="95" name="PUN"/>
                    <label end="101" start="97" name="DTQ"/>
                    <label end="107" start="103" name="VVZ"/>
                    <label end="110" start="109" name="TO0"/>
                    <label end="113" start="112" name="VBI"/>
                    <label end="119" start="115" name="AJC"/>
                    <label end="124" start="121" name="CJS"/>
                    <label end="129" start="126" name="DT0"/>
                    <label end="132" start="131" name="PRF"/>
                    <label end="146" start="134" name="NN2"/>
                    <label end="148" start="148" name="PUN"/>
                </layer>
                <layer rank="1" name="NER"/>
                <layer rank="1" name="WSL"/>
            </annotationSet>
            <annotationSet cDate="01/08/2003 03:26:01 PST Wed" status="MANUAL" ID="1700525">
                <layer rank="1" name="FE">
                    <label cBy="BoC" feID="1781" end="38" start="24" name="Reason"/>
                    <label cBy="BoC" feID="1771" itype="CNI" name="Communicator"/>
                </layer>
                <layer rank="1" name="GF">
                    <label end="38" start="24" name="Dep"/>
                </layer>
                <layer rank="1" name="PT">
                    <label end="38" start="24" name="PP"/>
                </layer>
                <layer rank="1" name="Sent">
                    <label end="0" start="0" name="sense1"/>
                </layer>
                <layer rank="1" name="Other"/>
                <layer rank="1" name="Target">
                    <label cBy="BoC" end="22" start="12" name="Target"/>
                </layer>
                <layer rank="1" name="Noun"/>
            </annotationSet>
        </sentence>
        <sentence sentNo="0" aPos="88010423" ID="1124710">
            <text>This denigration of &quot; the great emperor 's weak son &quot; had a long run for its money . </text>
            <annotationSet cDate="01/08/2003 03:26:01 PST Wed" status="UNANN" ID="1700526">
                <layer rank="1" name="BNC">
                    <label end="3" start="0" name="DT0"/>
                    <label end="15" start="5" name="NN1"/>
                    <label end="18" start="17" name="PRF"/>
                    <label end="20" start="20" name="PUQ"/>
                    <label end="24" start="22" name="AT0"/>
                    <label end="30" start="26" name="AJ0"/>
                    <label end="38" start="32" name="NN1"/>
                    <label end="41" start="40" name="POS"/>
                    <label end="46" start="43" name="AJ0"/>
                    <label end="50" start="48" name="NN1"/>
                    <label end="52" start="52" name="PUQ"/>
                    <label end="56" start="54" name="VHD"/>
                    <label end="58" start="58" name="AT0"/>
                    <label end="63" start="60" name="AJ0-AV0"/>
                    <label end="67" start="65" name="NN1"/>
                    <label end="71" start="69" name="PRP"/>
                    <label end="75" start="73" name="DPS"/>
                    <label end="81" start="77" name="NN1"/>
                    <label end="83" start="83" name="PUN"/>
                </layer>
                <layer rank="1" name="NER"/>
                <layer rank="1" name="WSL"/>
            </annotationSet>
            <annotationSet cDate="01/08/2003 03:26:01 PST Wed" status="MANUAL" ID="1700527">
                <layer rank="1" name="FE">
                    <label cBy="BoC" feID="1777" end="52" start="17" name="Evaluee"/>
                    <label cBy="BoC" feID="1771" itype="CNI" name="Communicator"/>
                </layer>
                <layer rank="1" name="GF">
                    <label end="52" start="17" name="Dep"/>
                </layer>
                <layer rank="1" name="PT">
                    <label end="52" start="17" name="PP"/>
                </layer>
                <layer rank="1" name="Sent">
                    <label end="0" start="0" name="sense1"/>
                </layer>
                <layer rank="1" name="Other"/>
                <layer rank="1" name="Target">
                    <label cBy="BoC" end="15" start="5" name="Target"/>
                </layer>
                <layer rank="1" name="Noun"/>
            </annotationSet>
        </sentence>
    </subCorpus>
    <subCorpus name="N-ppby"/>
    <subCorpus name="N-ppof">
        <sentence sentNo="0" aPos="567491" ID="1124712">
            <text>Indeed , there was now more of an emphasis on the separation , with an enhanced denigration of civilians . </text>
            <annotationSet cDate="01/08/2003 03:26:01 PST Wed" status="UNANN" ID="1700530">
                <layer rank="1" name="BNC">
                    <label end="5" start="0" name="AV0"/>
                    <label end="7" start="7" name="PUN"/>
                    <label end="13" start="9" name="EX0"/>
                    <label end="17" start="15" name="VBD"/>
                    <label end="21" start="19" name="AV0"/>
                    <label end="26" start="23" name="DT0"/>
                    <label end="29" start="28" name="PRF"/>
                    <label end="32" start="31" name="AT0"/>
                    <label end="41" start="34" name="NN1"/>
                    <label end="44" start="43" name="PRP"/>
                    <label end="48" start="46" name="AT0"/>
                    <label end="59" start="50" name="NN1"/>
                    <label end="61" start="61" name="PUN"/>
                    <label end="66" start="63" name="PRP"/>
                    <label end="69" start="68" name="AT0"/>
                    <label end="78" start="71" name="AJ0"/>
                    <label end="90" start="80" name="NN1"/>
                    <label end="93" start="92" name="PRF"/>
                    <label end="103" start="95" name="NN2"/>
                    <label end="105" start="105" name="PUN"/>
                </layer>
                <layer rank="1" name="NER"/>
                <layer rank="1" name="WSL"/>
            </annotationSet>
            <annotationSet cDate="01/08/2003 03:26:01 PST Wed" status="MANUAL" ID="1700531">
                <layer rank="1" name="FE">
                    <label cBy="BoC" feID="1777" end="103" start="92" name="Evaluee"/>
                    <label cBy="BoC" feID="1771" itype="CNI" name="Communicator"/>
                </layer>
                <layer rank="1" name="GF">
                    <label end="103" start="92" name="Dep"/>
                </layer>
                <layer rank="1" name="PT">
                    <label end="103" start="92" name="PP"/>
                </layer>
                <layer rank="1" name="Sent">
                    <label end="0" start="0" name="sense1"/>
                </layer>
                <layer rank="1" name="Other"/>
                <layer rank="1" name="Target">
                    <label cBy="BoC" end="90" start="80" name="Target"/>
                </layer>
                <layer rank="1" name="Noun"/>
            </annotationSet>
        </sentence>
        <sentence sentNo="0" aPos="8036397" ID="1124713">
            <text>But , though Jerome 's intemperate denigration of the married state met with little sympathy , Augustine did not manage to dispel the sombre cloud that continued to hover over sexual relations . </text>
            <annotationSet cDate="01/08/2003 03:26:01 PST Wed" status="UNANN" ID="1700532">
                <layer rank="1" name="BNC">
                    <label end="2" start="0" name="CJC"/>
                    <label end="4" start="4" name="PUN"/>
                    <label end="11" start="6" name="CJS"/>
                    <label end="18" start="13" name="NP0"/>
                    <label end="21" start="20" name="POS"/>
                    <label end="33" start="23" name="AJ0-NN1"/>
                    <label end="45" start="35" name="NN1"/>
                    <label end="48" start="47" name="PRF"/>
                    <label end="52" start="50" name="AT0"/>
                    <label end="60" start="54" name="AJ0"/>
                    <label end="66" start="62" name="NN1"/>
                    <label end="70" start="68" name="VVD-VVN"/>
                    <label end="75" start="72" name="PRP"/>
                    <label end="82" start="77" name="DT0"/>
                    <label end="91" start="84" name="NN1"/>
                    <label end="93" start="93" name="PUN"/>
                    <label end="103" start="95" name="NP0"/>
                    <label end="107" start="105" name="VDD"/>
                    <label end="111" start="109" name="XX0"/>
                    <label end="118" start="113" name="VVI"/>
                    <label end="121" start="120" name="TO0"/>
                    <label end="128" start="123" name="VVI"/>
                    <label end="132" start="130" name="AT0"/>
                    <label end="139" start="134" name="AJ0"/>
                    <label end="145" start="141" name="NN1"/>
                    <label end="150" start="147" name="CJT"/>
                    <label end="160" start="152" name="VVD"/>
                    <label end="163" start="162" name="TO0"/>
                    <label end="169" start="165" name="VVI"/>
                    <label end="174" start="171" name="AVP-PRP"/>
                    <label end="181" start="176" name="AJ0"/>
                    <label end="191" start="183" name="NN2"/>
                    <label end="193" start="193" name="PUN"/>
                </layer>
                <layer rank="1" name="NER"/>
                <layer rank="1" name="WSL"/>
            </annotationSet>
            <annotationSet cDate="01/08/2003 03:26:01 PST Wed" status="MANUAL" ID="1700533">
                <layer rank="1" name="FE">
                    <label cBy="BoC" feID="1771" end="21" start="13" name="Communicator"/>
                    <label cBy="BoC" feID="1779" end="33" start="23" name="Manner"/>
                    <label cBy="BoC" feID="1781" end="66" start="47" name="Reason"/>
                </layer>
                <layer rank="1" name="GF">
                    <label end="21" start="13" name="Gen"/>
                    <label end="33" start="23" name="Dep"/>
                    <label end="66" start="47" name="Dep"/>
                </layer>
                <layer rank="1" name="PT">
                    <label end="21" start="13" name="Poss"/>
                    <label end="33" start="23" name="AJP"/>
                    <label end="66" start="47" name="PP"/>
                </layer>
                <layer rank="1" name="Sent">
                    <label end="0" start="0" name="sense1"/>
                </layer>
                <layer rank="1" name="Other"/>
                <layer rank="1" name="Target">
                    <label cBy="BoC" end="45" start="35" name="Target"/>
                </layer>
                <layer rank="1" name="Noun"/>
            </annotationSet>
        </sentence>
        <sentence sentNo="0" aPos="32689781" ID="1124714">
            <text>Inherent in such attitudes is denigration of old people . </text>
            <annotationSet cDate="01/08/2003 03:26:01 PST Wed" status="UNANN" ID="1700534">
                <layer rank="1" name="BNC">
                    <label end="7" start="0" name="AJ0"/>
                    <label end="10" start="9" name="PRP"/>
                    <label end="15" start="12" name="DT0"/>
                    <label end="25" start="17" name="NN2"/>
                    <label end="28" start="27" name="VBZ"/>
                    <label end="40" start="30" name="NN1"/>
                    <label end="43" start="42" name="PRF"/>
                    <label end="47" start="45" name="AJ0"/>
                    <label end="54" start="49" name="NN0"/>
                    <label end="56" start="56" name="PUN"/>
                </layer>
                <layer rank="1" name="NER"/>
                <layer rank="1" name="WSL"/>
            </annotationSet>
            <annotationSet cDate="01/08/2003 03:26:01 PST Wed" status="MANUAL" ID="1700535">
                <layer rank="1" name="FE">
                    <label cBy="BoC" feID="1777" end="54" start="42" name="Evaluee"/>
                    <label cBy="BoC" feID="1771" itype="CNI" name="Communicator"/>
                </layer>
                <layer rank="1" name="GF">
                    <label end="54" start="42" name="Dep"/>
                </layer>
                <layer rank="1" name="PT">
                    <label end="54" start="42" name="PP"/>
                </layer>
                <layer rank="1" name="Sent">
                    <label end="0" start="0" name="sense1"/>
                </layer>
                <layer rank="1" name="Other"/>
                <layer rank="1" name="Target">
                    <label cBy="BoC" end="40" start="30" name="Target"/>
                </layer>
                <layer rank="1" name="Noun"/>
            </annotationSet>
        </sentence>
        <sentence sentNo="0" aPos="38025028" ID="1124715">
            <text>It is no denigration of his immense achievement to point to these real difficulties which it raises . </text>
            <annotationSet cDate="01/08/2003 03:26:01 PST Wed" status="UNANN" ID="1700536">
                <layer rank="1" name="BNC">
                    <label end="1" start="0" name="PNP"/>
                    <label end="4" start="3" name="VBZ"/>
                    <label end="7" start="6" name="AT0"/>
                    <label end="19" start="9" name="NN1"/>
                    <label end="22" start="21" name="PRF"/>
                    <label end="26" start="24" name="DPS"/>
                    <label end="34" start="28" name="AJ0"/>
                    <label end="46" start="36" name="NN1"/>
                    <label end="49" start="48" name="TO0"/>
                    <label end="55" start="51" name="VVI"/>
                    <label end="58" start="57" name="PRP"/>
                    <label end="64" start="60" name="DT0"/>
                    <label end="69" start="66" name="AJ0"/>
                    <label end="82" start="71" name="NN2"/>
                    <label end="88" start="84" name="DTQ"/>
                    <label end="91" start="90" name="PNP"/>
                    <label end="98" start="93" name="VVZ"/>
                    <label end="100" start="100" name="PUN"/>
                </layer>
                <layer rank="1" name="NER"/>
                <layer rank="1" name="WSL"/>
            </annotationSet>
            <annotationSet cDate="01/08/2003 03:26:02 PST Wed" status="MANUAL" ID="1700537">
                <layer rank="1" name="FE">
                    <label cBy="BoC" feID="1781" end="46" start="21" name="Reason"/>
                    <label cBy="BoC" feID="1771" itype="CNI" name="Communicator"/>
                </layer>
                <layer rank="1" name="GF">
                    <label end="46" start="21" name="Dep"/>
                </layer>
                <layer rank="1" name="PT">
                    <label end="46" start="21" name="PP"/>
                </layer>
                <layer rank="1" name="Sent">
                    <label end="0" start="0" name="sense1"/>
                </layer>
                <layer rank="1" name="Other"/>
                <layer rank="1" name="Target">
                    <label cBy="BoC" end="19" start="9" name="Target"/>
                </layer>
                <layer rank="1" name="Noun"/>
            </annotationSet>
        </sentence>
        <sentence sentNo="0" aPos="42311428" ID="1124716">
            <text>Not only pornography , but also the general denigration of women , has been implicated in the construction of male sexual scripts in which aggression is seen as a positive masculine quality . </text>
            <annotationSet cDate="01/08/2003 03:26:02 PST Wed" status="UNANN" ID="1700538">
                <layer rank="1" name="BNC">
                    <label end="2" start="0" name="XX0"/>
                    <label end="7" start="4" name="AV0"/>
                    <label end="19" start="9" name="NN1"/>
                    <label end="21" start="21" name="PUN"/>
                    <label end="25" start="23" name="CJC"/>
                    <label end="30" start="27" name="AV0"/>
                    <label end="34" start="32" name="AT0"/>
                    <label end="42" start="36" name="AJ0"/>
                    <label end="54" start="44" name="NN1"/>
                    <label end="57" start="56" name="PRF"/>
                    <label end="63" start="59" name="NN2"/>
                    <label end="65" start="65" name="PUN"/>
                    <label end="69" start="67" name="VHZ"/>
                    <label end="74" start="71" name="VBN"/>
                    <label end="85" start="76" name="VVN"/>
                    <label end="88" start="87" name="PRP"/>
                    <label end="92" start="90" name="AT0"/>
                    <label end="105" start="94" name="NN1"/>
                    <label end="108" start="107" name="PRF"/>
                    <label end="113" start="110" name="AJ0"/>
                    <label end="120" start="115" name="AJ0"/>
                    <label end="128" start="122" name="NN2"/>
                    <label end="131" start="130" name="PRP"/>
                    <label end="137" start="133" name="DTQ"/>
                    <label end="148" start="139" name="NN1"/>
                    <label end="151" start="150" name="VBZ"/>
                    <label end="156" start="153" name="VVN"/>
                    <label end="159" start="158" name="PRP"/>
                    <label end="161" start="161" name="AT0"/>
                    <label end="170" start="163" name="AJ0"/>
                    <label end="180" start="172" name="AJ0"/>
                    <label end="188" start="182" name="NN1"/>
                    <label end="190" start="190" name="PUN"/>
                </layer>
                <layer rank="1" name="NER"/>
                <layer rank="1" name="WSL"/>
            </annotationSet>
            <annotationSet cDate="01/08/2003 03:26:02 PST Wed" status="MANUAL" ID="1700539">
                <layer rank="1" name="FE">
                    <label cBy="BoC" feID="1777" end="63" start="56" name="Evaluee"/>
                    <label cBy="BoC" feID="1771" itype="CNI" name="Communicator"/>
                </layer>
                <layer rank="1" name="GF">
                    <label end="63" start="56" name="Dep"/>
                </layer>
                <layer rank="1" name="PT">
                    <label end="63" start="56" name="PP"/>
                </layer>
                <layer rank="1" name="Sent">
                    <label end="0" start="0" name="sense1"/>
                </layer>
                <layer rank="1" name="Other"/>
                <layer rank="1" name="Target">
                    <label cBy="BoC" end="54" start="44" name="Target"/>
                </layer>
                <layer rank="1" name="Noun"/>
            </annotationSet>
        </sentence>
        <sentence sentNo="0" aPos="44815362" ID="1124717">
            <text>The denigration of office work as inferior , non-manual labour , has a key place in the sexual transformation of clerical work around the turn of the century . </text>
            <annotationSet cDate="01/08/2003 03:26:02 PST Wed" status="UNANN" ID="1700540">
                <layer rank="1" name="BNC">
                    <label end="2" start="0" name="AT0"/>
                    <label end="14" start="4" name="NN1"/>
                    <label end="17" start="16" name="PRF"/>
                    <label end="24" start="19" name="NN1"/>
                    <label end="29" start="26" name="NN1-VVB"/>
                    <label end="32" start="31" name="AV0"/>
                    <label end="41" start="34" name="AJ0"/>
                    <label end="43" start="43" name="PUN"/>
                    <label end="54" start="45" name="AJ0"/>
                    <label end="61" start="56" name="NN1"/>
                    <label end="63" start="63" name="PUN"/>
                    <label end="67" start="65" name="VHZ"/>
                    <label end="69" start="69" name="AT0"/>
                    <label end="73" start="71" name="AJ0"/>
                    <label end="79" start="75" name="NN1"/>
                    <label end="82" start="81" name="PRP"/>
                    <label end="86" start="84" name="AT0"/>
                    <label end="93" start="88" name="AJ0"/>
                    <label end="108" start="95" name="NN1"/>
                    <label end="111" start="110" name="PRF"/>
                    <label end="120" start="113" name="AJ0"/>
                    <label end="125" start="122" name="NN1"/>
                    <label end="132" start="127" name="PRP"/>
                    <label end="136" start="134" name="AT0"/>
                    <label end="141" start="138" name="NN1"/>
                    <label end="144" start="143" name="PRF"/>
                    <label end="148" start="146" name="AT0"/>
                    <label end="156" start="150" name="NN1"/>
                    <label end="158" start="158" name="PUN"/>
                </layer>
                <layer rank="1" name="NER"/>
                <layer rank="1" name="WSL"/>
            </annotationSet>
            <annotationSet cDate="01/08/2003 03:26:02 PST Wed" status="MANUAL" ID="1700541">
                <layer rank="1" name="FE">
                    <label cBy="BoC" feID="1777" end="29" start="16" name="Evaluee"/>
                    <label cBy="BoC" feID="1781" end="61" start="31" name="Reason"/>
                    <label cBy="BoC" feID="1771" itype="CNI" name="Communicator"/>
                </layer>
                <layer rank="1" name="GF">
                    <label end="29" start="16" name="Dep"/>
                    <label end="61" start="31" name="Dep"/>
                </layer>
                <layer rank="1" name="PT">
                    <label end="29" start="16" name="PP"/>
                    <label end="61" start="31" name="NP"/>
                </layer>
                <layer rank="1" name="Sent">
                    <label end="0" start="0" name="sense1"/>
                </layer>
                <layer rank="1" name="Other"/>
                <layer rank="1" name="Target">
                    <label cBy="BoC" end="14" start="4" name="Target"/>
                </layer>
                <layer rank="1" name="Noun"/>
            </annotationSet>
        </sentence>
        <sentence sentNo="0" aPos="44816274" ID="1124718">
            <text>The social denigration of housework overflows into the even more highly valued ( to the women themselves ) occupations of wife and mother . </text>
            <annotationSet cDate="01/08/2003 03:26:02 PST Wed" status="UNANN" ID="1700542">
                <layer rank="1" name="BNC">
                    <label end="2" start="0" name="AT0"/>
                    <label end="9" start="4" name="AJ0"/>
                    <label end="21" start="11" name="NN1"/>
                    <label end="24" start="23" name="PRF"/>
                    <label end="34" start="26" name="NN1"/>
                    <label end="44" start="36" name="NN2-VVZ"/>
                    <label end="49" start="46" name="PRP"/>
                    <label end="53" start="51" name="AT0"/>
                    <label end="58" start="55" name="AV0"/>
                    <label end="63" start="60" name="AV0"/>
                    <label end="70" start="65" name="AV0"/>
                    <label end="77" start="72" name="VVD-VVN"/>
                    <label end="79" start="79" name="PUL"/>
                    <label end="82" start="81" name="PRP"/>
                    <label end="86" start="84" name="AT0"/>
                    <label end="92" start="88" name="NN2"/>
                    <label end="103" start="94" name="PNX"/>
                    <label end="105" start="105" name="PUR"/>
                    <label end="117" start="107" name="NN2"/>
                    <label end="120" start="119" name="PRF"/>
                    <label end="125" start="122" name="NN1"/>
                    <label end="129" start="127" name="CJC"/>
                    <label end="136" start="131" name="NN1"/>
                    <label end="138" start="138" name="PUN"/>
                </layer>
                <layer rank="1" name="NER"/>
                <layer rank="1" name="WSL"/>
            </annotationSet>
            <annotationSet cDate="01/08/2003 03:26:02 PST Wed" status="MANUAL" ID="1700543">
                <layer rank="1" name="FE">
                    <label cBy="BoC" feID="1771" end="9" start="4" name="Communicator"/>
                    <label cBy="BoC" feID="1781" end="34" start="23" name="Reason"/>
                </layer>
                <layer rank="1" name="GF">
                    <label end="9" start="4" name="Dep"/>
                    <label end="34" start="23" name="Dep"/>
                </layer>
                <layer rank="1" name="PT">
                    <label end="9" start="4" name="AJP"/>
                    <label end="34" start="23" name="PP"/>
                </layer>
                <layer rank="1" name="Sent">
                    <label end="0" start="0" name="sense1"/>
                </layer>
                <layer rank="1" name="Other"/>
                <layer rank="1" name="Target">
                    <label cBy="BoC" end="21" start="11" name="Target"/>
                </layer>
                <layer rank="1" name="Noun"/>
            </annotationSet>
        </sentence>
        <sentence sentNo="0" aPos="48763548" ID="1124719">
            <text>In response , it was argued that the denigration of the role of trade unions was part of the Thatcher ethos of focusing on the individual rather than the collective . </text>
            <annotationSet cDate="01/08/2003 03:26:02 PST Wed" status="UNANN" ID="1700544">
                <layer rank="1" name="BNC">
                    <label end="1" start="0" name="PRP"/>
                    <label end="10" start="3" name="NN1"/>
                    <label end="12" start="12" name="PUN"/>
                    <label end="15" start="14" name="PNP"/>
                    <label end="19" start="17" name="VBD"/>
                    <label end="26" start="21" name="VVN"/>
                    <label end="31" start="28" name="CJT"/>
                    <label end="35" start="33" name="AT0"/>
                    <label end="47" start="37" name="NN1"/>
                    <label end="50" start="49" name="PRF"/>
                    <label end="54" start="52" name="AT0"/>
                    <label end="59" start="56" name="NN1"/>
                    <label end="62" start="61" name="PRF"/>
                    <label end="68" start="64" name="NN1"/>
                    <label end="75" start="70" name="NN2"/>
                    <label end="79" start="77" name="VBD"/>
                    <label end="84" start="81" name="NN1"/>
                    <label end="87" start="86" name="PRF"/>
                    <label end="91" start="89" name="AT0"/>
                    <label end="100" start="93" name="NP0"/>
                    <label end="106" start="102" name="NN1"/>
                    <label end="109" start="108" name="PRF"/>
                    <label end="118" start="111" name="VVG"/>
                    <label end="121" start="120" name="PRP"/>
                    <label end="125" start="123" name="AT0"/>
                    <label end="136" start="127" name="AJ0-NN1"/>
                    <label end="143" start="138" name="PRP"/>
                    <label end="148" start="145" name="PRP"/>
                    <label end="152" start="150" name="AT0"/>
                    <label end="163" start="154" name="NN1"/>
                    <label end="165" start="165" name="PUN"/>
                </layer>
                <layer rank="1" name="NER"/>
                <layer rank="1" name="WSL"/>
            </annotationSet>
            <annotationSet cDate="01/08/2003 03:26:02 PST Wed" status="MANUAL" ID="1700545">
                <layer rank="1" name="FE">
                    <label cBy="BoC" feID="1781" end="75" start="49" name="Reason"/>
                    <label cBy="BoC" feID="1771" itype="CNI" name="Communicator"/>
                </layer>
                <layer rank="1" name="GF">
                    <label end="75" start="49" name="Dep"/>
                </layer>
                <layer rank="1" name="PT">
                    <label end="75" start="49" name="PP"/>
                </layer>
                <layer rank="1" name="Sent">
                    <label end="0" start="0" name="sense1"/>
                </layer>
                <layer rank="1" name="Other"/>
                <layer rank="1" name="Target">
                    <label cBy="BoC" end="47" start="37" name="Target"/>
                </layer>
                <layer rank="1" name="Noun"/>
            </annotationSet>
        </sentence>
        <sentence sentNo="0" aPos="105098251" ID="1124720">
            <text>Further , to use another colloquial slang term , I wish that he would stop ` getting up my nose &quot; with his denigration of his fellow human beings who live below the Watford Gap . </text>
            <annotationSet cDate="01/08/2003 03:26:02 PST Wed" status="UNANN" ID="1700546">
                <layer rank="1" name="BNC">
                    <label end="6" start="0" name="AV0"/>
                    <label end="8" start="8" name="PUN"/>
                    <label end="11" start="10" name="TO0"/>
                    <label end="15" start="13" name="VVI"/>
                    <label end="23" start="17" name="DT0"/>
                    <label end="34" start="25" name="AJ0"/>
                    <label end="40" start="36" name="NN1"/>
                    <label end="45" start="42" name="NN1"/>
                    <label end="47" start="47" name="PUN"/>
                    <label end="49" start="49" name="PNP"/>
                    <label end="54" start="51" name="VVB"/>
                    <label end="59" start="56" name="CJT"/>
                    <label end="62" start="61" name="PNP"/>
                    <label end="68" start="64" name="VM0"/>
                    <label end="73" start="70" name="VVI"/>
                    <label end="75" start="75" name="PUQ"/>
                    <label end="83" start="77" name="VVG"/>
                    <label end="86" start="85" name="AVP"/>
                    <label end="89" start="88" name="DPS"/>
                    <label end="94" start="91" name="NN1"/>
                    <label end="96" start="96" name="PUQ"/>
                    <label end="101" start="98" name="PRP"/>
                    <label end="105" start="103" name="DPS"/>
                    <label end="117" start="107" name="NN1"/>
                    <label end="120" start="119" name="PRF"/>
                    <label end="124" start="122" name="DPS"/>
                    <label end="131" start="126" name="AJ0"/>
                    <label end="137" start="133" name="AJ0"/>
                    <label end="144" start="139" name="NN2"/>
                    <label end="148" start="146" name="PNQ"/>
                    <label end="153" start="150" name="VVB"/>
                    <label end="159" start="155" name="PRP"/>
                    <label end="163" start="161" name="AT0"/>
                    <label end="171" start="165" name="NP0"/>
                    <label end="175" start="173" name="NN1-NP0"/>
                    <label end="177" start="177" name="PUN"/>
                </layer>
                <layer rank="1" name="NER"/>
                <layer rank="1" name="WSL"/>
            </annotationSet>
            <annotationSet cDate="01/08/2003 03:26:03 PST Wed" status="MANUAL" ID="1700547">
                <layer rank="1" name="FE">
                    <label cBy="BoC" feID="1771" end="105" start="103" name="Communicator"/>
                    <label cBy="BoC" feID="1777" end="175" start="119" name="Evaluee"/>
                </layer>
                <layer rank="1" name="GF">
                    <label end="105" start="103" name="Gen"/>
                    <label end="175" start="119" name="Dep"/>
                </layer>
                <layer rank="1" name="PT">
                    <label end="105" start="103" name="Poss"/>
                    <label end="175" start="119" name="PP"/>
                </layer>
                <layer rank="1" name="Sent">
                    <label end="0" start="0" name="sense1"/>
                </layer>
                <layer rank="1" name="Other"/>
                <layer rank="1" name="Target">
                    <label cBy="BoC" end="117" start="107" name="Target"/>
                </layer>
                <layer rank="1" name="Noun"/>
            </annotationSet>
        </sentence>
    </subCorpus>
    <subCorpus name="N-ppother"/>
</lexUnit>