<?xml version="1.0" encoding="UTF-8" standalone="yes"?>
<?xml-stylesheet type="text/xsl" href="lexUnit.xsl"?>
<lexUnit status="Finished_Initial" POS="A" name="abominable.a" ID="7326" frame="Praiseworthiness" frameID="399" totalAnnotated="11" xsi:schemaLocation="../schema/lexUnit.xsd" xmlns="http://framenet.icsi.berkeley.edu" xmlns:xsi="http://www.w3.org/2001/XMLSchema-instance">
    <header>
        <frame>
            <FE fgColor="FFFFFF" bgColor="008000" type="Core" abbrev="Beh" name="Behavior"/>
            <FE fgColor="FFFFFF" bgColor="FF00FF" type="Peripheral" abbrev="Deg" name="Degree"/>
            <FE fgColor="FFFFFF" bgColor="800080" type="Core" abbrev="Eval" name="Evaluee"/>
            <FE fgColor="000000" bgColor="7FFF00" type="Peripheral" abbrev="" name="Judge"/>
        </frame>
    </header>
    <definition>FN: deserving of revulsion or disgust</definition>
    <lexeme POS="A" name="abominable"/>
    <valences>
        <FERealization total="8">
            <FE name="Behavior"/>
            <pattern total="5">
                <valenceUnit GF="Head" PT="N" FE="Behavior"/>
                <annoSet ID="1691489"/>
                <annoSet ID="1691493"/>
                <annoSet ID="1691499"/>
                <annoSet ID="1691515"/>
                <annoSet ID="1691529"/>
            </pattern>
            <pattern total="3">
                <valenceUnit GF="Ext" PT="NP" FE="Behavior"/>
                <annoSet ID="1691553"/>
                <annoSet ID="1691557"/>
                <annoSet ID="1691563"/>
            </pattern>
        </FERealization>
        <FERealization total="3">
            <FE name="Evaluee"/>
            <pattern total="3">
                <valenceUnit GF="Head" PT="N" FE="Evaluee"/>
                <annoSet ID="1691541"/>
                <annoSet ID="1691571"/>
                <annoSet ID="1691583"/>
            </pattern>
        </FERealization>
        <FEGroupRealization total="8">
            <FE name="Behavior"/>
            <pattern total="5">
                <valenceUnit GF="Head" PT="N" FE="Behavior"/>
                <annoSet ID="1691489"/>
                <annoSet ID="1691493"/>
                <annoSet ID="1691499"/>
                <annoSet ID="1691515"/>
                <annoSet ID="1691529"/>
            </pattern>
            <pattern total="3">
                <valenceUnit GF="Ext" PT="NP" FE="Behavior"/>
                <annoSet ID="1691553"/>
                <annoSet ID="1691557"/>
                <annoSet ID="1691563"/>
            </pattern>
        </FEGroupRealization>
        <FEGroupRealization total="3">
            <FE name="Evaluee"/>
            <pattern total="3">
                <valenceUnit GF="Head" PT="N" FE="Evaluee"/>
                <annoSet ID="1691541"/>
                <annoSet ID="1691571"/>
                <annoSet ID="1691583"/>
            </pattern>
        </FEGroupRealization>
    </valences>
    <subCorpus name="A-002-s20-rcoll-behaviour">
        <sentence sentNo="0" aPos="7866219" ID="1120177">
            <text>While recovering in hospital he received a thoughtful telegram from Queen Mary , who expressed herself ` very sorry indeed to hear of your sad accident caused through the abominable behaviour of a brutal , lunatic woman &quot; . </text>
            <annotationSet cDate="01/08/2003 03:13:41 PST Wed" status="UNANN" ID="1691488">
                <layer rank="1" name="BNC">
                    <label end="4" start="0" name="CJS"/>
                    <label end="15" start="6" name="VVG"/>
                    <label end="18" start="17" name="PRP"/>
                    <label end="27" start="20" name="NN1"/>
                    <label end="30" start="29" name="PNP"/>
                    <label end="39" start="32" name="VVD"/>
                    <label end="41" start="41" name="AT0"/>
                    <label end="52" start="43" name="AJ0"/>
                    <label end="61" start="54" name="NN1"/>
                    <label end="66" start="63" name="PRP"/>
                    <label end="72" start="68" name="NP0"/>
                    <label end="77" start="74" name="NP0"/>
                    <label end="79" start="79" name="PUN"/>
                    <label end="83" start="81" name="PNQ"/>
                    <label end="93" start="85" name="VVD"/>
                    <label end="101" start="95" name="PNX"/>
                    <label end="103" start="103" name="PUQ"/>
                    <label end="108" start="105" name="AV0"/>
                    <label end="114" start="110" name="AJ0"/>
                    <label end="121" start="116" name="AV0"/>
                    <label end="124" start="123" name="TO0"/>
                    <label end="129" start="126" name="VVI"/>
                    <label end="132" start="131" name="PRF"/>
                    <label end="137" start="134" name="DPS"/>
                    <label end="141" start="139" name="AJ0"/>
                    <label end="150" start="143" name="NN1"/>
                    <label end="157" start="152" name="VVD-VVN"/>
                    <label end="165" start="159" name="PRP"/>
                    <label end="169" start="167" name="AT0"/>
                    <label end="180" start="171" name="AJ0"/>
                    <label end="190" start="182" name="NN1"/>
                    <label end="193" start="192" name="PRF"/>
                    <label end="195" start="195" name="AT0"/>
                    <label end="202" start="197" name="AJ0"/>
                    <label end="204" start="204" name="PUN"/>
                    <label end="212" start="206" name="AJ0"/>
                    <label end="218" start="214" name="NN1"/>
                    <label end="220" start="220" name="PUQ"/>
                    <label end="222" start="222" name="PUN"/>
                </layer>
                <layer rank="1" name="NER"/>
                <layer rank="1" name="WSL"/>
            </annotationSet>
            <annotationSet cDate="01/08/2003 03:13:41 PST Wed" status="MANUAL" ID="1691489">
                <layer rank="1" name="FE">
                    <label cBy="hmC" feID="3593" end="218" start="182" name="Behavior"/>
                </layer>
                <layer rank="1" name="GF">
                    <label end="218" start="182" name="Head"/>
                </layer>
                <layer rank="1" name="PT">
                    <label end="218" start="182" name="N"/>
                </layer>
                <layer rank="1" name="Sent"/>
                <layer rank="1" name="Other"/>
                <layer rank="1" name="Target">
                    <label cBy="BoC" end="180" start="171" name="Target"/>
                </layer>
                <layer rank="1" name="Adj"/>
            </annotationSet>
        </sentence>
        <sentence sentNo="0" aPos="13627128" ID="1120179">
            <text>To what extent does his abominable behaviour exemplify the attitude of the present American administration ? </text>
            <annotationSet cDate="01/08/2003 03:13:42 PST Wed" status="UNANN" ID="1691492">
                <layer rank="1" name="BNC">
                    <label end="1" start="0" name="PRP"/>
                    <label end="6" start="3" name="DTQ"/>
                    <label end="13" start="8" name="NN1"/>
                    <label end="18" start="15" name="VDZ"/>
                    <label end="22" start="20" name="DPS"/>
                    <label end="33" start="24" name="AJ0"/>
                    <label end="43" start="35" name="NN1"/>
                    <label end="53" start="45" name="VVB"/>
                    <label end="57" start="55" name="AT0"/>
                    <label end="66" start="59" name="NN1"/>
                    <label end="69" start="68" name="PRF"/>
                    <label end="73" start="71" name="AT0"/>
                    <label end="81" start="75" name="AJ0-NN1"/>
                    <label end="90" start="83" name="AJ0-NN1"/>
                    <label end="105" start="92" name="NN0"/>
                    <label end="107" start="107" name="PUN"/>
                </layer>
                <layer rank="1" name="NER"/>
                <layer rank="1" name="WSL"/>
            </annotationSet>
            <annotationSet cDate="01/08/2003 03:13:42 PST Wed" status="MANUAL" ID="1691493">
                <layer rank="1" name="FE">
                    <label cBy="hmC" feID="3593" end="43" start="35" name="Behavior"/>
                </layer>
                <layer rank="1" name="GF">
                    <label end="43" start="35" name="Head"/>
                </layer>
                <layer rank="1" name="PT">
                    <label end="43" start="35" name="N"/>
                </layer>
                <layer rank="1" name="Sent"/>
                <layer rank="1" name="Other"/>
                <layer rank="1" name="Target">
                    <label cBy="BoC" end="33" start="24" name="Target"/>
                </layer>
                <layer rank="1" name="Adj"/>
            </annotationSet>
        </sentence>
    </subCorpus>
    <subCorpus name="A-002-s20-rcoll-practice">
        <sentence sentNo="0" aPos="54820618" ID="1120182">
            <text>I would ask that all caring readers of PFK ensure that they do not buy these ` dyed &quot; fish and encourage this abominable practice . </text>
            <annotationSet cDate="01/08/2003 03:13:42 PST Wed" status="UNANN" ID="1691498">
                <layer rank="1" name="BNC">
                    <label end="0" start="0" name="PNP"/>
                    <label end="6" start="2" name="VM0"/>
                    <label end="10" start="8" name="VVI"/>
                    <label end="15" start="12" name="CJT"/>
                    <label end="19" start="17" name="DT0"/>
                    <label end="26" start="21" name="AJ0-VVG"/>
                    <label end="34" start="28" name="NN2"/>
                    <label end="37" start="36" name="PRF"/>
                    <label end="41" start="39" name="NP0"/>
                    <label end="48" start="43" name="VVB"/>
                    <label end="53" start="50" name="CJT"/>
                    <label end="58" start="55" name="PNP"/>
                    <label end="61" start="60" name="VDB"/>
                    <label end="65" start="63" name="XX0"/>
                    <label end="69" start="67" name="VVI"/>
                    <label end="75" start="71" name="DT0"/>
                    <label end="77" start="77" name="PUQ"/>
                    <label end="82" start="79" name="AJ0"/>
                    <label end="84" start="84" name="PUQ"/>
                    <label end="89" start="86" name="NN0"/>
                    <label end="93" start="91" name="CJC"/>
                    <label end="103" start="95" name="VVB"/>
                    <label end="108" start="105" name="DT0"/>
                    <label end="119" start="110" name="AJ0"/>
                    <label end="128" start="121" name="NN1"/>
                    <label end="130" start="130" name="PUN"/>
                </layer>
                <layer rank="1" name="NER"/>
                <layer rank="1" name="WSL"/>
            </annotationSet>
            <annotationSet cDate="01/08/2003 03:13:42 PST Wed" status="MANUAL" ID="1691499">
                <layer rank="1" name="FE">
                    <label cBy="hmC" feID="3593" end="128" start="121" name="Behavior"/>
                </layer>
                <layer rank="1" name="GF">
                    <label end="128" start="121" name="Head"/>
                </layer>
                <layer rank="1" name="PT">
                    <label end="128" start="121" name="N"/>
                </layer>
                <layer rank="1" name="Sent"/>
                <layer rank="1" name="Other"/>
                <layer rank="1" name="Target">
                    <label cBy="BoC" end="119" start="110" name="Target"/>
                </layer>
                <layer rank="1" name="Adj"/>
            </annotationSet>
        </sentence>
    </subCorpus>
    <subCorpus name="A-002-s20-rcoll-situation"/>
    <subCorpus name="A-002-s20-rcoll-woman"/>
    <subCorpus name="A-110-s20-ppother"/>
    <subCorpus name="A-170-s20-prenom">
        <sentence sentNo="0" aPos="19269908" ID="1120190">
            <text>In a disagreeable episode which remains very obscure , Green in 1803 became involved with a woman called Agnes Brathwaite , on whose ` abominable perjuries &quot; he was committed to Kendal jail on 24th August . </text>
            <annotationSet cDate="01/08/2003 03:13:43 PST Wed" status="UNANN" ID="1691514">
                <layer rank="1" name="BNC">
                    <label end="1" start="0" name="PRP"/>
                    <label end="3" start="3" name="AT0"/>
                    <label end="16" start="5" name="AJ0"/>
                    <label end="24" start="18" name="NN1"/>
                    <label end="30" start="26" name="DTQ"/>
                    <label end="38" start="32" name="VVZ"/>
                    <label end="43" start="40" name="AV0"/>
                    <label end="51" start="45" name="AJ0"/>
                    <label end="53" start="53" name="PUN"/>
                    <label end="59" start="55" name="NP0"/>
                    <label end="62" start="61" name="PRP"/>
                    <label end="67" start="64" name="CRD"/>
                    <label end="74" start="69" name="VVD"/>
                    <label end="83" start="76" name="VVN"/>
                    <label end="88" start="85" name="PRP"/>
                    <label end="90" start="90" name="AT0"/>
                    <label end="96" start="92" name="NN1"/>
                    <label end="103" start="98" name="VVD-VVN"/>
                    <label end="109" start="105" name="NP0"/>
                    <label end="120" start="111" name="NN1"/>
                    <label end="122" start="122" name="PUN"/>
                    <label end="125" start="124" name="PRP"/>
                    <label end="131" start="127" name="DTQ"/>
                    <label end="133" start="133" name="PUQ"/>
                    <label end="144" start="135" name="AJ0"/>
                    <label end="154" start="146" name="NN2"/>
                    <label end="156" start="156" name="PUQ"/>
                    <label end="159" start="158" name="PNP"/>
                    <label end="163" start="161" name="VBD"/>
                    <label end="173" start="165" name="VVN"/>
                    <label end="176" start="175" name="PRP"/>
                    <label end="183" start="178" name="NP0"/>
                    <label end="188" start="185" name="NN1"/>
                    <label end="191" start="190" name="PRP"/>
                    <label end="196" start="193" name="ORD"/>
                    <label end="203" start="198" name="NP0"/>
                    <label end="205" start="205" name="PUN"/>
                </layer>
                <layer rank="1" name="NER"/>
                <layer rank="1" name="WSL"/>
            </annotationSet>
            <annotationSet cDate="01/08/2003 03:13:43 PST Wed" status="MANUAL" ID="1691515">
                <layer rank="1" name="FE">
                    <label cBy="hmC" feID="3593" end="154" start="146" name="Behavior"/>
                </layer>
                <layer rank="1" name="GF">
                    <label end="154" start="146" name="Head"/>
                </layer>
                <layer rank="1" name="PT">
                    <label end="154" start="146" name="N"/>
                </layer>
                <layer rank="1" name="Sent"/>
                <layer rank="1" name="Other"/>
                <layer rank="1" name="Target">
                    <label cBy="BoC" end="144" start="135" name="Target"/>
                </layer>
                <layer rank="1" name="Adj"/>
            </annotationSet>
        </sentence>
        <sentence sentNo="0" aPos="60414124" ID="1120197">
            <text>The revolt was suppressed with abominable cruelty . </text>
            <annotationSet cDate="01/08/2003 03:13:44 PST Wed" status="UNANN" ID="1691528">
                <layer rank="1" name="BNC">
                    <label end="2" start="0" name="AT0"/>
                    <label end="9" start="4" name="NN1"/>
                    <label end="13" start="11" name="VBD"/>
                    <label end="24" start="15" name="VVN"/>
                    <label end="29" start="26" name="PRP"/>
                    <label end="40" start="31" name="AJ0"/>
                    <label end="48" start="42" name="NN1"/>
                    <label end="50" start="50" name="PUN"/>
                </layer>
                <layer rank="1" name="NER"/>
                <layer rank="1" name="WSL"/>
            </annotationSet>
            <annotationSet cDate="01/08/2003 03:13:44 PST Wed" status="MANUAL" ID="1691529">
                <layer rank="1" name="FE">
                    <label cBy="hmC" feID="3593" end="48" start="42" name="Behavior"/>
                </layer>
                <layer rank="1" name="GF">
                    <label end="48" start="42" name="Head"/>
                </layer>
                <layer rank="1" name="PT">
                    <label end="48" start="42" name="N"/>
                </layer>
                <layer rank="1" name="Sent"/>
                <layer rank="1" name="Other"/>
                <layer rank="1" name="Target">
                    <label cBy="BoC" end="40" start="31" name="Target"/>
                </layer>
                <layer rank="1" name="Adj"/>
            </annotationSet>
        </sentence>
        <sentence sentNo="0" aPos="74137493" ID="1120203">
            <text>` You do n't have to be haunted by the past -- or by that abominable old sod upstairs . </text>
            <annotationSet cDate="01/08/2003 03:13:45 PST Wed" status="UNANN" ID="1691540">
                <layer rank="1" name="BNC">
                    <label end="0" start="0" name="PUQ"/>
                    <label end="4" start="2" name="PNP"/>
                    <label end="7" start="6" name="VDB"/>
                    <label end="11" start="9" name="XX0"/>
                    <label end="16" start="13" name="VHI"/>
                    <label end="19" start="18" name="TO0"/>
                    <label end="22" start="21" name="VBI"/>
                    <label end="30" start="24" name="VVN"/>
                    <label end="33" start="32" name="PRP"/>
                    <label end="37" start="35" name="AT0"/>
                    <label end="42" start="39" name="AJ0-NN1"/>
                    <label end="45" start="44" name="PUN"/>
                    <label end="48" start="47" name="CJC"/>
                    <label end="51" start="50" name="PRP"/>
                    <label end="56" start="53" name="DT0"/>
                    <label end="67" start="58" name="AJ0"/>
                    <label end="71" start="69" name="AJ0"/>
                    <label end="75" start="73" name="NN1"/>
                    <label end="84" start="77" name="NN1"/>
                    <label end="86" start="86" name="PUN"/>
                </layer>
                <layer rank="1" name="NER"/>
                <layer rank="1" name="WSL"/>
            </annotationSet>
            <annotationSet cDate="01/08/2003 03:13:45 PST Wed" status="MANUAL" ID="1691541">
                <layer rank="1" name="FE">
                    <label cBy="hmC" feID="3592" end="75" start="69" name="Evaluee"/>
                </layer>
                <layer rank="1" name="GF">
                    <label end="75" start="69" name="Head"/>
                </layer>
                <layer rank="1" name="PT">
                    <label end="75" start="69" name="N"/>
                </layer>
                <layer rank="1" name="Sent"/>
                <layer rank="1" name="Other"/>
                <layer rank="1" name="Target">
                    <label cBy="BoC" end="67" start="58" name="Target"/>
                </layer>
                <layer rank="1" name="Adj"/>
            </annotationSet>
        </sentence>
    </subCorpus>
    <subCorpus name="A-180-s20-punct">
        <sentence sentNo="0" aPos="21797849" ID="1120209">
            <text>Here was a man , held in high esteem by outsiders , yet his behaviour inside the home was abominable . </text>
            <annotationSet cDate="01/08/2003 03:13:45 PST Wed" status="UNANN" ID="1691552">
                <layer rank="1" name="BNC">
                    <label end="3" start="0" name="AV0"/>
                    <label end="7" start="5" name="VBD"/>
                    <label end="9" start="9" name="AT0"/>
                    <label end="13" start="11" name="NN1"/>
                    <label end="15" start="15" name="PUN"/>
                    <label end="20" start="17" name="VVD-VVN"/>
                    <label end="23" start="22" name="PRP"/>
                    <label end="28" start="25" name="AJ0"/>
                    <label end="35" start="30" name="NN1"/>
                    <label end="38" start="37" name="PRP"/>
                    <label end="48" start="40" name="NN2"/>
                    <label end="50" start="50" name="PUN"/>
                    <label end="54" start="52" name="AV0"/>
                    <label end="58" start="56" name="DPS"/>
                    <label end="68" start="60" name="NN1"/>
                    <label end="75" start="70" name="PRP"/>
                    <label end="79" start="77" name="AT0"/>
                    <label end="84" start="81" name="NN1"/>
                    <label end="88" start="86" name="VBD"/>
                    <label end="99" start="90" name="AJ0"/>
                    <label end="101" start="101" name="PUN"/>
                </layer>
                <layer rank="1" name="NER"/>
                <layer rank="1" name="WSL"/>
            </annotationSet>
            <annotationSet cDate="01/08/2003 03:13:45 PST Wed" status="MANUAL" ID="1691553">
                <layer rank="1" name="FE">
                    <label cBy="hmC" feID="3593" end="84" start="56" name="Behavior"/>
                </layer>
                <layer rank="1" name="GF">
                    <label end="84" start="56" name="Ext"/>
                </layer>
                <layer rank="1" name="PT">
                    <label end="84" start="56" name="NP"/>
                </layer>
                <layer rank="1" name="Sent"/>
                <layer rank="1" name="Other"/>
                <layer rank="1" name="Target">
                    <label cBy="BoC" end="99" start="90" name="Target"/>
                </layer>
                <layer rank="1" name="Adj">
                    <label end="88" start="86" name="Cop"/>
                </layer>
            </annotationSet>
        </sentence>
        <sentence sentNo="0" aPos="39068350" ID="1120211">
            <text>To be twisted , as it were , around Carnelian 's little finger : that was abominable . </text>
            <annotationSet cDate="01/08/2003 03:13:45 PST Wed" status="UNANN" ID="1691556">
                <layer rank="1" name="BNC">
                    <label end="1" start="0" name="TO0"/>
                    <label end="4" start="3" name="VBI"/>
                    <label end="12" start="6" name="VVN"/>
                    <label end="14" start="14" name="PUN"/>
                    <label end="17" start="16" name="AV0"/>
                    <label end="20" start="19" name="AV0"/>
                    <label end="25" start="22" name="AV0"/>
                    <label end="27" start="27" name="PUN"/>
                    <label end="34" start="29" name="PRP"/>
                    <label end="44" start="36" name="NN1"/>
                    <label end="47" start="46" name="POS"/>
                    <label end="54" start="49" name="AJ0"/>
                    <label end="61" start="56" name="NN1"/>
                    <label end="63" start="63" name="PUN"/>
                    <label end="68" start="65" name="CJT-DT0"/>
                    <label end="72" start="70" name="VBD"/>
                    <label end="83" start="74" name="AJ0"/>
                    <label end="85" start="85" name="PUN"/>
                </layer>
                <layer rank="1" name="NER"/>
                <layer rank="1" name="WSL"/>
            </annotationSet>
            <annotationSet cDate="01/08/2003 03:13:45 PST Wed" status="MANUAL" ID="1691557">
                <layer rank="1" name="FE">
                    <label cBy="MJE" feID="3593" end="68" start="65" name="Behavior"/>
                </layer>
                <layer rank="1" name="GF">
                    <label end="68" start="65" name="Ext"/>
                </layer>
                <layer rank="1" name="PT">
                    <label end="68" start="65" name="NP"/>
                </layer>
                <layer rank="1" name="Sent"/>
                <layer rank="1" name="Other"/>
                <layer rank="1" name="Target">
                    <label cBy="BoC" end="83" start="74" name="Target"/>
                </layer>
                <layer rank="1" name="Adj">
                    <label end="72" start="70" name="Cop"/>
                </layer>
            </annotationSet>
        </sentence>
        <sentence sentNo="0" aPos="106773924" ID="1120214">
            <text>` Your behaviour was abominable , &quot; said Sheriff David Smith . </text>
            <annotationSet cDate="01/08/2003 03:13:46 PST Wed" status="UNANN" ID="1691562">
                <layer rank="1" name="BNC">
                    <label end="0" start="0" name="PUQ"/>
                    <label end="5" start="2" name="DPS"/>
                    <label end="15" start="7" name="NN1"/>
                    <label end="19" start="17" name="VBD"/>
                    <label end="30" start="21" name="AJ0"/>
                    <label end="32" start="32" name="PUN"/>
                    <label end="34" start="34" name="PUQ"/>
                    <label end="39" start="36" name="VVD"/>
                    <label end="47" start="41" name="NP0"/>
                    <label end="53" start="49" name="NP0"/>
                    <label end="59" start="55" name="NP0"/>
                    <label end="61" start="61" name="PUN"/>
                </layer>
                <layer rank="1" name="NER"/>
                <layer rank="1" name="WSL"/>
            </annotationSet>
            <annotationSet cDate="01/08/2003 03:13:46 PST Wed" status="MANUAL" ID="1691563">
                <layer rank="1" name="FE">
                    <label cBy="hmC" feID="3593" end="15" start="2" name="Behavior"/>
                </layer>
                <layer rank="1" name="GF">
                    <label end="15" start="2" name="Ext"/>
                </layer>
                <layer rank="1" name="PT">
                    <label end="15" start="2" name="NP"/>
                </layer>
                <layer rank="1" name="Sent"/>
                <layer rank="1" name="Other"/>
                <layer rank="1" name="Target">
                    <label cBy="BoC" end="30" start="21" name="Target"/>
                </layer>
                <layer rank="1" name="Adj">
                    <label end="19" start="17" name="Cop"/>
                </layer>
            </annotationSet>
        </sentence>
    </subCorpus>
    <subCorpus name="A-190-s20-other">
        <sentence sentNo="0" aPos="19270008" ID="1120218">
            <text>On 7th October Green ` went to Kendal where the abominable Agnes Brathwaite forswore herself again , but said the child was born 10th December -- before , on the 5th of October &quot; . </text>
            <annotationSet cDate="01/08/2003 03:13:46 PST Wed" status="UNANN" ID="1691570">
                <layer rank="1" name="BNC">
                    <label end="1" start="0" name="PRP"/>
                    <label end="5" start="3" name="ORD"/>
                    <label end="13" start="7" name="NP0"/>
                    <label end="19" start="15" name="NP0"/>
                    <label end="21" start="21" name="PUQ"/>
                    <label end="26" start="23" name="VVD"/>
                    <label end="29" start="28" name="PRP"/>
                    <label end="36" start="31" name="NP0"/>
                    <label end="42" start="38" name="AVQ-CJS"/>
                    <label end="46" start="44" name="AT0"/>
                    <label end="57" start="48" name="AJ0"/>
                    <label end="63" start="59" name="NP0"/>
                    <label end="74" start="65" name="AJ0-NN1"/>
                    <label end="83" start="76" name="NN1-VVB"/>
                    <label end="91" start="85" name="PNX"/>
                    <label end="97" start="93" name="AV0"/>
                    <label end="99" start="99" name="PUN"/>
                    <label end="103" start="101" name="CJC"/>
                    <label end="108" start="105" name="VVD"/>
                    <label end="112" start="110" name="AT0"/>
                    <label end="118" start="114" name="NN1"/>
                    <label end="122" start="120" name="VBD"/>
                    <label end="127" start="124" name="VVN"/>
                    <label end="132" start="129" name="ORD"/>
                    <label end="141" start="134" name="NP0"/>
                    <label end="144" start="143" name="PUN"/>
                    <label end="151" start="146" name="CJS"/>
                    <label end="153" start="153" name="PUN"/>
                    <label end="156" start="155" name="PRP"/>
                    <label end="160" start="158" name="AT0"/>
                    <label end="164" start="162" name="ORD"/>
                    <label end="167" start="166" name="PRF"/>
                    <label end="175" start="169" name="NP0"/>
                    <label end="177" start="177" name="PUQ"/>
                    <label end="179" start="179" name="PUN"/>
                </layer>
                <layer rank="1" name="NER"/>
                <layer rank="1" name="WSL"/>
            </annotationSet>
            <annotationSet cDate="01/08/2003 03:13:46 PST Wed" status="MANUAL" ID="1691571">
                <layer rank="1" name="FE">
                    <label cBy="hmC" feID="3592" end="74" start="59" name="Evaluee"/>
                </layer>
                <layer rank="1" name="GF">
                    <label end="74" start="59" name="Head"/>
                </layer>
                <layer rank="1" name="PT">
                    <label end="74" start="59" name="N"/>
                </layer>
                <layer rank="1" name="Sent"/>
                <layer rank="1" name="Other"/>
                <layer rank="1" name="Target">
                    <label cBy="BoC" end="57" start="48" name="Target"/>
                </layer>
                <layer rank="1" name="Adj"/>
            </annotationSet>
        </sentence>
        <sentence sentNo="0" aPos="109129291" ID="1120224">
            <text>However , at the beginning of the novel it seems that even this admirable lady , for she is definitely a lady , can not think totally by herself -- she is guided by the abominable Mr. Slope . </text>
            <annotationSet cDate="01/08/2003 03:13:47 PST Wed" status="UNANN" ID="1691582">
                <layer rank="1" name="BNC">
                    <label end="6" start="0" name="AV0"/>
                    <label end="8" start="8" name="PUN"/>
                    <label end="11" start="10" name="PRP"/>
                    <label end="15" start="13" name="AT0"/>
                    <label end="25" start="17" name="NN1"/>
                    <label end="28" start="27" name="PRF"/>
                    <label end="32" start="30" name="AT0"/>
                    <label end="38" start="34" name="NN1"/>
                    <label end="41" start="40" name="PNP"/>
                    <label end="47" start="43" name="VVZ"/>
                    <label end="52" start="49" name="CJT"/>
                    <label end="57" start="54" name="AV0"/>
                    <label end="62" start="59" name="DT0"/>
                    <label end="72" start="64" name="AJ0"/>
                    <label end="77" start="74" name="NN1"/>
                    <label end="79" start="79" name="PUN"/>
                    <label end="83" start="81" name="CJS"/>
                    <label end="87" start="85" name="PNP"/>
                    <label end="90" start="89" name="VBZ"/>
                    <label end="101" start="92" name="AV0"/>
                    <label end="103" start="103" name="AT0"/>
                    <label end="108" start="105" name="NN1"/>
                    <label end="110" start="110" name="PUN"/>
                    <label end="114" start="112" name="VM0"/>
                    <label end="118" start="116" name="XX0"/>
                    <label end="124" start="120" name="VVI"/>
                    <label end="132" start="126" name="AV0"/>
                    <label end="135" start="134" name="PRP"/>
                    <label end="143" start="137" name="PNX"/>
                    <label end="146" start="145" name="PUN"/>
                    <label end="150" start="148" name="PNP"/>
                    <label end="153" start="152" name="VBZ"/>
                    <label end="160" start="155" name="VVN"/>
                    <label end="163" start="162" name="PRP"/>
                    <label end="167" start="165" name="AT0"/>
                    <label end="178" start="169" name="AJ0"/>
                    <label end="182" start="180" name="NP0"/>
                    <label end="188" start="184" name="NP0"/>
                    <label end="190" start="190" name="PUN"/>
                </layer>
                <layer rank="1" name="NER"/>
                <layer rank="1" name="WSL"/>
            </annotationSet>
            <annotationSet cDate="01/08/2003 03:13:47 PST Wed" status="MANUAL" ID="1691583">
                <layer rank="1" name="FE">
                    <label cBy="hmC" feID="3592" end="188" start="180" name="Evaluee"/>
                </layer>
                <layer rank="1" name="GF">
                    <label end="188" start="180" name="Head"/>
                </layer>
                <layer rank="1" name="PT">
                    <label end="188" start="180" name="N"/>
                </layer>
                <layer rank="1" name="Sent"/>
                <layer rank="1" name="Other"/>
                <layer rank="1" name="Target">
                    <label cBy="BoC" end="178" start="169" name="Target"/>
                </layer>
                <layer rank="1" name="Adj"/>
            </annotationSet>
        </sentence>
    </subCorpus>
</lexUnit>