<?xml version="1.0" encoding="UTF-8" standalone="yes"?>
<?xml-stylesheet type="text/xsl" href="lexUnit.xsl"?>
<lexUnit status="Created" POS="N" name="plight.n" ID="7354" frame="Predicament" frameID="300" totalAnnotated="2" xsi:schemaLocation="../schema/lexUnit.xsd" xmlns="http://framenet.icsi.berkeley.edu" xmlns:xsi="http://www.w3.org/2001/XMLSchema-instance">
    <header>
        <corpus description="American National Corpus Texts" name="ANC" ID="195">
            <document description="Berlitz History of Las Vegas" name="HistoryOfLasVegas" ID="23691"/>
        </corpus>
        <corpus description="LUCorpus-v0.3" name="LUCorpus-v0.3" ID="205">
            <document description="20000415_apw_eng-NEW" name="20000415_apw_eng-NEW" ID="23703"/>
        </corpus>
        <frame>
            <FE fgColor="FFFFFF" bgColor="00BFFF" type="Extra-Thematic" abbrev="" name="Domain"/>
            <FE fgColor="FFFFFF" bgColor="FF0000" type="Core" abbrev="Exp" name="Experiencer"/>
            <FE fgColor="FFFFFF" bgColor="800080" type="Extra-Thematic" abbrev="Exp" name="Explanation"/>
            <FE fgColor="FFFFFF" bgColor="0000FF" type="Peripheral" abbrev="pla" name="Place"/>
            <FE fgColor="FFFFFF" bgColor="008000" type="Core" abbrev="Sit" name="Situation"/>
            <FE fgColor="FFFFFF" bgColor="FFA500" type="Peripheral" abbrev="Time" name="Time"/>
        </frame>
    </header>
    <definition>COD: a dangerous, difficult, or otherwise unfortunate situation. </definition>
    <lexeme POS="N" name="plight"/>
    <valences>
        <FERealization total="2">
            <FE name="Experiencer"/>
            <pattern total="1">
                <valenceUnit GF="Dep" PT="PP[of]" FE="Experiencer"/>
                <annoSet ID="6544850"/>
            </pattern>
            <pattern total="1">
                <valenceUnit GF="Gen" PT="Poss" FE="Experiencer"/>
                <annoSet ID="6543991"/>
            </pattern>
        </FERealization>
        <FERealization total="2">
            <FE name="Situation"/>
            <pattern total="2">
                <valenceUnit GF="" PT="DEN" FE="Situation"/>
                <annoSet ID="6543991"/>
                <annoSet ID="6544850"/>
            </pattern>
        </FERealization>
        <FEGroupRealization total="2">
            <FE name="Experiencer"/>
            <FE name="Situation"/>
            <pattern total="1">
                <valenceUnit GF="Dep" PT="PP[of]" FE="Experiencer"/>
                <valenceUnit GF="" PT="DEN" FE="Situation"/>
                <annoSet ID="6544850"/>
            </pattern>
            <pattern total="1">
                <valenceUnit GF="Gen" PT="Poss" FE="Experiencer"/>
                <valenceUnit GF="" PT="DEN" FE="Situation"/>
                <annoSet ID="6543991"/>
            </pattern>
        </FEGroupRealization>
    </valences>
    <subCorpus name="manually-added">
        <sentence corpID="195" docID="23691" sentNo="4" paragNo="10" aPos="0" ID="4101050">
            <text>Additional pressures from arriving miners pushed the missionaries ' plight beyond recovery .</text>
            <annotationSet cDate="03/12/2007 02:46:36 PDT Mon" status="UNANN" ID="6541843">
                <layer rank="1" name="PENN">
                    <label end="9" start="0" name="jj"/>
                    <label end="19" start="11" name="nns"/>
                    <label end="24" start="21" name="in"/>
                    <label end="33" start="26" name="VVG"/>
                    <label end="40" start="35" name="nns"/>
                    <label end="47" start="42" name="VVD"/>
                    <label end="51" start="49" name="dt"/>
                    <label end="64" start="53" name="nns"/>
                    <label end="66" start="66" name="POS"/>
                    <label end="73" start="68" name="nn"/>
                    <label end="80" start="75" name="in"/>
                    <label end="89" start="82" name="nn"/>
                    <label end="91" start="91" name="sent"/>
                </layer>
                <layer rank="1" name="NER"/>
                <layer rank="1" name="WSL">
                    <label end="24" start="21" name="NT"/>
                    <label end="51" start="49" name="NT"/>
                    <label end="66" start="66" name="NT"/>
                    <label end="91" start="91" name="NT"/>
                    <label end="64" start="53" name="Nonrelational"/>
                </layer>
            </annotationSet>
            <annotationSet cDate="04/03/2007 03:13:39 PDT Tue" status="MANUAL" ID="6543991">
                <layer rank="1" name="Target">
                    <label cBy="KmG" end="73" start="68" name="Target"/>
                </layer>
                <layer rank="1" name="FE">
                    <label cBy="KmG" feID="2590" end="73" start="68" name="Situation"/>
                    <label cBy="KmG" feID="2589" end="66" start="53" name="Experiencer"/>
                </layer>
                <layer rank="1" name="GF">
                    <label end="66" start="53" name="Gen"/>
                </layer>
                <layer rank="1" name="PT">
                    <label end="66" start="53" name="Poss"/>
                </layer>
                <layer rank="1" name="Other"/>
                <layer rank="1" name="Sent"/>
                <layer rank="1" name="Noun"/>
            </annotationSet>
        </sentence>
        <sentence corpID="205" docID="23703" sentNo="1" paragNo="2" aPos="0" ID="4101337">
            <text>AMMAN , Jordan ( AP ) U.S. Representative Tony Hall arrived in Jordan on Saturday en route to Iraq , where he is expected to look into the plight of Iraqis after nearly 10 years of U.N. trade sanctions .</text>
            <annotationSet cDate="08/02/2007 09:01:04 PDT Thu" status="UNANN" ID="6544525">
                <layer rank="1" name="PENN">
                    <label end="4" start="0" name="NP"/>
                    <label end="6" start="6" name=","/>
                    <label end="13" start="8" name="NP"/>
                    <label end="15" start="15" name="("/>
                    <label end="18" start="17" name="NP"/>
                    <label end="20" start="20" name=")"/>
                    <label end="25" start="22" name="NP"/>
                    <label end="40" start="27" name="NP"/>
                    <label end="45" start="42" name="NP"/>
                    <label end="50" start="47" name="NP"/>
                    <label end="58" start="52" name="VVD"/>
                    <label end="61" start="60" name="in"/>
                    <label end="68" start="63" name="NP"/>
                    <label end="71" start="70" name="in"/>
                    <label end="80" start="73" name="NP"/>
                    <label end="83" start="82" name="in"/>
                    <label end="89" start="85" name="nn"/>
                    <label end="92" start="91" name="to"/>
                    <label end="97" start="94" name="NP"/>
                    <label end="99" start="99" name=","/>
                    <label end="105" start="101" name="wrb"/>
                    <label end="108" start="107" name="PP"/>
                    <label end="111" start="110" name="VBZ"/>
                    <label end="120" start="113" name="VVN"/>
                    <label end="123" start="122" name="to"/>
                    <label end="128" start="125" name="VV"/>
                    <label end="133" start="130" name="in"/>
                    <label end="137" start="135" name="dt"/>
                    <label end="144" start="139" name="nn"/>
                    <label end="147" start="146" name="in"/>
                    <label end="154" start="149" name="nns"/>
                    <label end="160" start="156" name="in"/>
                    <label end="167" start="162" name="rb"/>
                    <label end="170" start="169" name="cd"/>
                    <label end="176" start="172" name="nns"/>
                    <label end="179" start="178" name="in"/>
                    <label end="184" start="181" name="NP"/>
                    <label end="190" start="186" name="nn"/>
                    <label end="200" start="192" name="nns"/>
                    <label end="202" start="202" name="sent"/>
                </layer>
                <layer rank="1" name="NER">
                    <label end="4" start="0" name="location"/>
                    <label end="13" start="8" name="location"/>
                    <label end="18" start="17" name="organization"/>
                    <label end="25" start="22" name="location"/>
                    <label end="50" start="42" name="person"/>
                    <label end="68" start="63" name="location"/>
                    <label end="80" start="73" name="date"/>
                    <label end="97" start="94" name="location"/>
                    <label end="184" start="181" name="organization"/>
                    <label end="154" start="149" name="person"/>
                </layer>
                <layer rank="1" name="WSL">
                    <label end="4" start="0" name="NT"/>
                    <label end="6" start="6" name="NT"/>
                    <label end="13" start="8" name="NT"/>
                    <label end="15" start="15" name="NT"/>
                    <label end="18" start="17" name="NT"/>
                    <label end="20" start="20" name="NT"/>
                    <label end="25" start="22" name="NT"/>
                    <label end="40" start="27" name="NT"/>
                    <label end="45" start="42" name="NT"/>
                    <label end="50" start="47" name="NT"/>
                    <label end="68" start="63" name="NT"/>
                    <label end="83" start="82" name="NT"/>
                    <label end="97" start="94" name="NT"/>
                    <label end="99" start="99" name="NT"/>
                    <label end="108" start="107" name="NT"/>
                    <label end="111" start="110" name="NT"/>
                    <label end="123" start="122" name="NT"/>
                    <label end="133" start="130" name="NT"/>
                    <label end="137" start="135" name="NT"/>
                    <label end="147" start="146" name="NT"/>
                    <label end="179" start="178" name="NT"/>
                    <label end="184" start="181" name="NT"/>
                    <label end="202" start="202" name="NT"/>
                    <label end="61" start="60" name="NT"/>
                </layer>
            </annotationSet>
            <annotationSet cDate="08/06/2007 02:45:43 PDT Mon" status="MANUAL" ID="6544850">
                <layer rank="1" name="Target">
                    <label cBy="KmG" end="144" start="139" name="Target"/>
                </layer>
                <layer rank="1" name="FE">
                    <label cBy="KmG" feID="2589" end="154" start="146" name="Experiencer"/>
                    <label cBy="KmG" feID="2590" end="144" start="139" name="Situation"/>
                </layer>
                <layer rank="1" name="GF">
                    <label end="154" start="146" name="Dep"/>
                </layer>
                <layer rank="1" name="PT">
                    <label end="154" start="146" name="PP"/>
                </layer>
                <layer rank="1" name="Other"/>
                <layer rank="1" name="Sent"/>
                <layer rank="1" name="Noun"/>
            </annotationSet>
        </sentence>
    </subCorpus>
</lexUnit>