<?xml version="1.0" encoding="UTF-8" standalone="yes"?>
<?xml-stylesheet type="text/xsl" href="lexUnit.xsl"?>
<lexUnit status="Created" POS="V" name="come into existence.v" ID="7346" frame="Coming_to_be" frameID="316" totalAnnotated="0" xsi:schemaLocation="../schema/lexUnit.xsd" xmlns="http://framenet.icsi.berkeley.edu" xmlns:xsi="http://www.w3.org/2001/XMLSchema-instance">
    <header>
        <frame>
            <FE fgColor="FFFFFF" bgColor="9F79EE" type="Extra-Thematic" abbrev="Cmpnt" name="Components"/>
            <FE fgColor="FFFFFF" bgColor="006400" type="Extra-Thematic" abbrev="Dura" name="Duration_of_final_state"/>
            <FE fgColor="FFFFFF" bgColor="FF0000" type="Core" abbrev="Ent" name="Entity"/>
            <FE fgColor="FFFFFF" bgColor="9400D3" type="Extra-Thematic" abbrev="Exp" name="Explanation"/>
            <FE fgColor="FFFFFF" bgColor="FF00FF" type="Peripheral" abbrev="" name="Manner"/>
            <FE fgColor="000000" bgColor="FFD700" type="Extra-Thematic" abbrev="peri" name="Period_of_iterations"/>
            <FE fgColor="FFFFFF" bgColor="008000" type="Peripheral" abbrev="Place" name="Place"/>
            <FE fgColor="FFFFFF" bgColor="808080" type="Extra-Thematic" abbrev="Role" name="Role"/>
            <FE fgColor="FFFFFF" bgColor="FFA500" type="Peripheral" abbrev="Time" name="Time"/>
        </frame>
    </header>
    <definition>FN: (an entity) start to exist</definition>
    <lexeme order="1" headword="true" breakBefore="false" POS="V" name="come"/>
    <lexeme order="2" headword="false" breakBefore="true" POS="PREP" name="into"/>
    <lexeme order="3" headword="false" breakBefore="false" POS="N" name="existence"/>
    <valences/>
    <subCorpus name="manually-added"/>
</lexUnit>