<?xml version="1.0" encoding="UTF-8" standalone="yes"?>
<?xml-stylesheet type="text/xsl" href="lexUnit.xsl"?>
<lexUnit status="FN1_Sent" POS="N" name="censure.n" ID="7375" frame="Judgment_communication" frameID="219" totalAnnotated="24" xsi:schemaLocation="../schema/lexUnit.xsd" xmlns="http://framenet.icsi.berkeley.edu" xmlns:xsi="http://www.w3.org/2001/XMLSchema-instance">
    <header>
        <frame>
            <FE fgColor="FFFFFF" bgColor="008000" type="Peripheral" abbrev="Add" name="Addressee"/>
            <FE fgColor="FFFFFF" bgColor="FF0000" type="Core" abbrev="Com" name="Communicator"/>
            <FE fgColor="FFFFFF" bgColor="FF69B4" type="Extra-Thematic" abbrev="Degr" name="Degree"/>
            <FE fgColor="FFFFFF" bgColor="9400D3" type="Extra-Thematic" abbrev="Depictt" name="Depictive"/>
            <FE fgColor="FFFFFF" bgColor="0000FF" type="Core" abbrev="Eval" name="Evaluee"/>
            <FE fgColor="FFFFFF" bgColor="A52A2A" type="Core" abbrev="Exr" name="Expressor"/>
            <FE fgColor="FFFFFF" bgColor="7CCD73" type="Extra-Thematic" abbrev="" name="Extent_of_acclaim"/>
            <FE fgColor="000000" bgColor="FFA500" type="Extra-Thematic" abbrev="Fre" name="Frequency"/>
            <FE fgColor="FFFFFF" bgColor="006400" type="Extra-Thematic" abbrev="" name="Grounds"/>
            <FE fgColor="FFFFFF" bgColor="9F79EE" type="Extra-Thematic" abbrev="IC" name="Internal_cause"/>
            <FE fgColor="FFFFFF" bgColor="FF00FF" type="Peripheral" abbrev="Manr" name="Manner"/>
            <FE fgColor="FFFFFF" bgColor="00BFFF" type="Peripheral" abbrev="Mns" name="Means"/>
            <FE fgColor="000000" bgColor="FFFF00" type="Core" abbrev="Medium" name="Medium"/>
            <FE fgColor="FFFFFF" bgColor="008000" type="Peripheral" abbrev="Place" name="Place"/>
            <FE fgColor="FFFFFF" bgColor="00008B" type="Core" abbrev="Reas" name="Reason"/>
            <FE fgColor="FFFFFF" bgColor="808080" type="Extra-Thematic" abbrev="Result" name="Result"/>
            <FE fgColor="FFFFFF" bgColor="1E90FF" type="Extra-Thematic" abbrev="Role" name="Role"/>
            <FE fgColor="FFFFFF" bgColor="FFA500" type="Peripheral" abbrev="Time" name="Time"/>
            <FE fgColor="FFFFFF" bgColor="800080" type="Core" abbrev="Top" name="Topic"/>
        </frame>
    </header>
    <definition>COD: formal disapproval.</definition>
    <lexeme POS="N" name="censure"/>
    <semType name="Negative_judgment" ID="14"/>
    <valences>
        <governor type="Sup" lemma="incur">
            <annoSet ID="1695941"/>
            <annoSet ID="1695963"/>
        </governor>
        <governor type="Ctrlr" lemma="face">
            <annoSet ID="1695915"/>
        </governor>
        <governor type="Ctrlr" lemma="provoke">
            <annoSet ID="1695977"/>
        </governor>
        <FERealization total="24">
            <FE name="Communicator"/>
            <pattern total="2">
                <valenceUnit GF="Dep" PT="AJP" FE="Communicator"/>
                <annoSet ID="1695923"/>
                <annoSet ID="1695939"/>
            </pattern>
            <pattern total="13">
                <valenceUnit GF="" PT="CNI" FE="Communicator"/>
                <annoSet ID="1695907"/>
                <annoSet ID="1695909"/>
                <annoSet ID="1695917"/>
                <annoSet ID="1695921"/>
                <annoSet ID="1695929"/>
                <annoSet ID="1695935"/>
                <annoSet ID="1695955"/>
                <annoSet ID="1695959"/>
                <annoSet ID="1695963"/>
                <annoSet ID="1695965"/>
                <annoSet ID="1695977"/>
                <annoSet ID="1695983"/>
                <annoSet ID="1695995"/>
            </pattern>
            <pattern total="4">
                <valenceUnit GF="Dep" PT="PP[by]" FE="Communicator"/>
                <annoSet ID="1695899"/>
                <annoSet ID="1695901"/>
                <annoSet ID="1695903"/>
                <annoSet ID="1695905"/>
            </pattern>
            <pattern total="1">
                <valenceUnit GF="Dep" PT="PP[from]" FE="Communicator"/>
                <annoSet ID="1695915"/>
            </pattern>
            <pattern total="4">
                <valenceUnit GF="Gen" PT="Poss" FE="Communicator"/>
                <annoSet ID="1695941"/>
                <annoSet ID="1695945"/>
                <annoSet ID="1695947"/>
                <annoSet ID="1695951"/>
            </pattern>
        </FERealization>
        <FERealization total="10">
            <FE name="Evaluee"/>
            <pattern total="2">
                <valenceUnit GF="Dep" PT="PP[of]" FE="Evaluee"/>
                <annoSet ID="1695921"/>
                <annoSet ID="1695923"/>
            </pattern>
            <pattern total="2">
                <valenceUnit GF="" PT="DNI" FE="Evaluee"/>
                <annoSet ID="1695909"/>
                <annoSet ID="1695965"/>
            </pattern>
            <pattern total="3">
                <valenceUnit GF="Ext" PT="NP" FE="Evaluee"/>
                <annoSet ID="1695915"/>
                <annoSet ID="1695963"/>
                <annoSet ID="1695977"/>
            </pattern>
            <pattern total="1">
                <valenceUnit GF="Dep" PT="PP[for]" FE="Evaluee"/>
                <annoSet ID="1695907"/>
            </pattern>
            <pattern total="1">
                <valenceUnit GF="Dep" PT="PP[on]" FE="Evaluee"/>
                <annoSet ID="1695935"/>
            </pattern>
            <pattern total="1">
                <valenceUnit GF="Gen" PT="Poss" FE="Evaluee"/>
                <annoSet ID="1695903"/>
            </pattern>
        </FERealization>
        <FERealization total="2">
            <FE name="Manner"/>
            <pattern total="1">
                <valenceUnit GF="Dep" PT="AVP" FE="Manner"/>
                <annoSet ID="1695899"/>
            </pattern>
            <pattern total="1">
                <valenceUnit GF="Dep" PT="AJP" FE="Manner"/>
                <annoSet ID="1695941"/>
            </pattern>
        </FERealization>
        <FERealization total="23">
            <FE name="Reason"/>
            <pattern total="14">
                <valenceUnit GF="" PT="DNI" FE="Reason"/>
                <annoSet ID="1695899"/>
                <annoSet ID="1695901"/>
                <annoSet ID="1695903"/>
                <annoSet ID="1695905"/>
                <annoSet ID="1695907"/>
                <annoSet ID="1695921"/>
                <annoSet ID="1695923"/>
                <annoSet ID="1695945"/>
                <annoSet ID="1695947"/>
                <annoSet ID="1695951"/>
                <annoSet ID="1695955"/>
                <annoSet ID="1695959"/>
                <annoSet ID="1695983"/>
                <annoSet ID="1695995"/>
            </pattern>
            <pattern total="2">
                <valenceUnit GF="Dep" PT="PPing[for]" FE="Reason"/>
                <annoSet ID="1695935"/>
                <annoSet ID="1695939"/>
            </pattern>
            <pattern total="1">
                <valenceUnit GF="" PT="INI" FE="Reason"/>
                <annoSet ID="1695965"/>
            </pattern>
            <pattern total="1">
                <valenceUnit GF="Dep" PT="PP[for]" FE="Reason"/>
                <annoSet ID="1695909"/>
            </pattern>
            <pattern total="1">
                <valenceUnit GF="Dep" PT="Sfin" FE="Reason"/>
                <annoSet ID="1695963"/>
            </pattern>
            <pattern total="2">
                <valenceUnit GF="Dep" PT="PP[of]" FE="Reason"/>
                <annoSet ID="1695917"/>
                <annoSet ID="1695929"/>
            </pattern>
            <pattern total="1">
                <valenceUnit GF="Dep" PT="PP[over]" FE="Reason"/>
                <annoSet ID="1695915"/>
            </pattern>
            <pattern total="1">
                <valenceUnit GF="Ext" PT="NP" FE="Reason"/>
                <annoSet ID="1695941"/>
            </pattern>
        </FERealization>
        <FEGroupRealization total="1">
            <FE name="Communicator"/>
            <FE name="Evaluee"/>
            <pattern total="1">
                <valenceUnit GF="" PT="CNI" FE="Communicator"/>
                <valenceUnit GF="Ext" PT="NP" FE="Evaluee"/>
                <annoSet ID="1695977"/>
            </pattern>
        </FEGroupRealization>
        <FEGroupRealization total="9">
            <FE name="Communicator"/>
            <FE name="Evaluee"/>
            <FE name="Reason"/>
            <pattern total="1">
                <valenceUnit GF="Dep" PT="AJP" FE="Communicator"/>
                <valenceUnit GF="Dep" PT="PP[of]" FE="Evaluee"/>
                <valenceUnit GF="" PT="DNI" FE="Reason"/>
                <annoSet ID="1695923"/>
            </pattern>
            <pattern total="1">
                <valenceUnit GF="" PT="CNI" FE="Communicator"/>
                <valenceUnit GF="" PT="DNI" FE="Evaluee"/>
                <valenceUnit GF="" PT="INI" FE="Reason"/>
                <annoSet ID="1695965"/>
            </pattern>
            <pattern total="1">
                <valenceUnit GF="" PT="CNI" FE="Communicator"/>
                <valenceUnit GF="" PT="DNI" FE="Evaluee"/>
                <valenceUnit GF="Dep" PT="PP[for]" FE="Reason"/>
                <annoSet ID="1695909"/>
            </pattern>
            <pattern total="1">
                <valenceUnit GF="" PT="CNI" FE="Communicator"/>
                <valenceUnit GF="Ext" PT="NP" FE="Evaluee"/>
                <valenceUnit GF="Dep" PT="Sfin" FE="Reason"/>
                <annoSet ID="1695963"/>
            </pattern>
            <pattern total="1">
                <valenceUnit GF="" PT="CNI" FE="Communicator"/>
                <valenceUnit GF="Dep" PT="PP[for]" FE="Evaluee"/>
                <valenceUnit GF="" PT="DNI" FE="Reason"/>
                <annoSet ID="1695907"/>
            </pattern>
            <pattern total="1">
                <valenceUnit GF="" PT="CNI" FE="Communicator"/>
                <valenceUnit GF="Dep" PT="PP[of]" FE="Evaluee"/>
                <valenceUnit GF="" PT="DNI" FE="Reason"/>
                <annoSet ID="1695921"/>
            </pattern>
            <pattern total="1">
                <valenceUnit GF="" PT="CNI" FE="Communicator"/>
                <valenceUnit GF="Dep" PT="PP[on]" FE="Evaluee"/>
                <valenceUnit GF="Dep" PT="PPing[for]" FE="Reason"/>
                <annoSet ID="1695935"/>
            </pattern>
            <pattern total="1">
                <valenceUnit GF="Dep" PT="PP[by]" FE="Communicator"/>
                <valenceUnit GF="Gen" PT="Poss" FE="Evaluee"/>
                <valenceUnit GF="" PT="DNI" FE="Reason"/>
                <annoSet ID="1695903"/>
            </pattern>
            <pattern total="1">
                <valenceUnit GF="Dep" PT="PP[from]" FE="Communicator"/>
                <valenceUnit GF="Ext" PT="NP" FE="Evaluee"/>
                <valenceUnit GF="Dep" PT="PP[over]" FE="Reason"/>
                <annoSet ID="1695915"/>
            </pattern>
        </FEGroupRealization>
        <FEGroupRealization total="2">
            <FE name="Communicator"/>
            <FE name="Manner"/>
            <FE name="Reason"/>
            <pattern total="1">
                <valenceUnit GF="Dep" PT="PP[by]" FE="Communicator"/>
                <valenceUnit GF="Dep" PT="AVP" FE="Manner"/>
                <valenceUnit GF="" PT="DNI" FE="Reason"/>
                <annoSet ID="1695899"/>
            </pattern>
            <pattern total="1">
                <valenceUnit GF="Gen" PT="Poss" FE="Communicator"/>
                <valenceUnit GF="Dep" PT="AJP" FE="Manner"/>
                <valenceUnit GF="Ext" PT="NP" FE="Reason"/>
                <annoSet ID="1695941"/>
            </pattern>
        </FEGroupRealization>
        <FEGroupRealization total="12">
            <FE name="Communicator"/>
            <FE name="Reason"/>
            <pattern total="1">
                <valenceUnit GF="Dep" PT="AJP" FE="Communicator"/>
                <valenceUnit GF="Dep" PT="PPing[for]" FE="Reason"/>
                <annoSet ID="1695939"/>
            </pattern>
            <pattern total="4">
                <valenceUnit GF="" PT="CNI" FE="Communicator"/>
                <valenceUnit GF="" PT="DNI" FE="Reason"/>
                <annoSet ID="1695955"/>
                <annoSet ID="1695959"/>
                <annoSet ID="1695983"/>
                <annoSet ID="1695995"/>
            </pattern>
            <pattern total="2">
                <valenceUnit GF="" PT="CNI" FE="Communicator"/>
                <valenceUnit GF="Dep" PT="PP[of]" FE="Reason"/>
                <annoSet ID="1695917"/>
                <annoSet ID="1695929"/>
            </pattern>
            <pattern total="2">
                <valenceUnit GF="Dep" PT="PP[by]" FE="Communicator"/>
                <valenceUnit GF="" PT="DNI" FE="Reason"/>
                <annoSet ID="1695901"/>
                <annoSet ID="1695905"/>
            </pattern>
            <pattern total="3">
                <valenceUnit GF="Gen" PT="Poss" FE="Communicator"/>
                <valenceUnit GF="" PT="DNI" FE="Reason"/>
                <annoSet ID="1695945"/>
                <annoSet ID="1695947"/>
                <annoSet ID="1695951"/>
            </pattern>
        </FEGroupRealization>
    </valences>
    <subCorpus name="N-250-ppagainst"/>
    <subCorpus name="N-250-ppby">
        <sentence sentNo="0" aPos="28327521" ID="1122396">
            <text>Failure to do so will result in public censure by The Stock Exchange . </text>
            <annotationSet cDate="01/08/2003 03:20:02 PST Wed" status="UNANN" ID="1695898">
                <layer rank="1" name="BNC">
                    <label end="6" start="0" name="NN1"/>
                    <label end="9" start="8" name="TO0"/>
                    <label end="12" start="11" name="VDI"/>
                    <label end="15" start="14" name="CJS"/>
                    <label end="20" start="17" name="VM0"/>
                    <label end="27" start="22" name="VVI"/>
                    <label end="30" start="29" name="AV0"/>
                    <label end="37" start="32" name="AV0"/>
                    <label end="45" start="39" name="NN1-VVB"/>
                    <label end="48" start="47" name="PRP"/>
                    <label end="52" start="50" name="AT0"/>
                    <label end="58" start="54" name="NN1"/>
                    <label end="67" start="60" name="NN1"/>
                    <label end="69" start="69" name="PUN"/>
                </layer>
                <layer rank="1" name="NER"/>
                <layer rank="1" name="WSL"/>
            </annotationSet>
            <annotationSet cDate="01/08/2003 03:20:02 PST Wed" status="MANUAL" ID="1695899">
                <layer rank="1" name="FE">
                    <label cBy="BoC" feID="1779" end="37" start="32" name="Manner"/>
                    <label cBy="BoC" feID="1771" end="67" start="47" name="Communicator"/>
                    <label cBy="BoC" feID="1781" itype="DNI" name="Reason"/>
                </layer>
                <layer rank="1" name="GF">
                    <label end="37" start="32" name="Dep"/>
                    <label end="67" start="47" name="Dep"/>
                </layer>
                <layer rank="1" name="PT">
                    <label end="37" start="32" name="AVP"/>
                    <label end="67" start="47" name="PP"/>
                </layer>
                <layer rank="1" name="Sent">
                    <label end="0" start="0" name="sense1"/>
                </layer>
                <layer rank="1" name="Other"/>
                <layer rank="1" name="Target">
                    <label cBy="BoC" end="45" start="39" name="Target"/>
                </layer>
                <layer rank="1" name="Noun"/>
            </annotationSet>
        </sentence>
        <sentence sentNo="0" aPos="47572494" ID="1122397">
            <text>Hoping to pre-empt censure by the League of Nations , Japan formally recognized Manchukuo in September 1932 . </text>
            <annotationSet cDate="01/08/2003 03:20:02 PST Wed" status="UNANN" ID="1695900">
                <layer rank="1" name="BNC">
                    <label end="5" start="0" name="VVG"/>
                    <label end="8" start="7" name="PRP"/>
                    <label end="17" start="10" name="AJ0"/>
                    <label end="25" start="19" name="NN1"/>
                    <label end="28" start="27" name="PRP"/>
                    <label end="32" start="30" name="AT0"/>
                    <label end="39" start="34" name="NN1"/>
                    <label end="42" start="41" name="PRF"/>
                    <label end="50" start="44" name="NN2"/>
                    <label end="52" start="52" name="PUN"/>
                    <label end="58" start="54" name="NP0"/>
                    <label end="67" start="60" name="AV0"/>
                    <label end="78" start="69" name="AJ0-VVD"/>
                    <label end="88" start="80" name="NN1-NP0"/>
                    <label end="91" start="90" name="PRP"/>
                    <label end="101" start="93" name="NP0"/>
                    <label end="106" start="103" name="CRD"/>
                    <label end="108" start="108" name="PUN"/>
                </layer>
                <layer rank="1" name="NER"/>
                <layer rank="1" name="WSL"/>
            </annotationSet>
            <annotationSet cDate="01/08/2003 03:20:02 PST Wed" status="MANUAL" ID="1695901">
                <layer rank="1" name="FE">
                    <label cBy="BoC" feID="1771" end="50" start="27" name="Communicator"/>
                    <label cBy="BoC" feID="1781" itype="DNI" name="Reason"/>
                </layer>
                <layer rank="1" name="GF">
                    <label end="50" start="27" name="Dep"/>
                </layer>
                <layer rank="1" name="PT">
                    <label end="50" start="27" name="PP"/>
                </layer>
                <layer rank="1" name="Sent">
                    <label end="0" start="0" name="sense1"/>
                </layer>
                <layer rank="1" name="Other"/>
                <layer rank="1" name="Target">
                    <label cBy="BoC" end="25" start="19" name="Target"/>
                </layer>
                <layer rank="1" name="Noun"/>
            </annotationSet>
        </sentence>
        <sentence sentNo="0" aPos="50401027" ID="1122398">
            <text>Dyer was applauded by the diehard press to make up for his censure by the government . </text>
            <annotationSet cDate="01/08/2003 03:20:02 PST Wed" status="UNANN" ID="1695902">
                <layer rank="1" name="BNC">
                    <label end="3" start="0" name="NP0"/>
                    <label end="7" start="5" name="VBD"/>
                    <label end="17" start="9" name="VVN"/>
                    <label end="20" start="19" name="PRP"/>
                    <label end="24" start="22" name="AT0"/>
                    <label end="32" start="26" name="AJ0-NN1"/>
                    <label end="38" start="34" name="NN0"/>
                    <label end="41" start="40" name="TO0"/>
                    <label end="46" start="43" name="VVI"/>
                    <label end="49" start="48" name="AVP"/>
                    <label end="53" start="51" name="PRP"/>
                    <label end="57" start="55" name="DPS"/>
                    <label end="65" start="59" name="NN1"/>
                    <label end="68" start="67" name="PRP"/>
                    <label end="72" start="70" name="AT0"/>
                    <label end="83" start="74" name="NN0"/>
                    <label end="85" start="85" name="PUN"/>
                </layer>
                <layer rank="1" name="NER"/>
                <layer rank="1" name="WSL"/>
            </annotationSet>
            <annotationSet cDate="01/08/2003 03:20:02 PST Wed" status="MANUAL" ID="1695903">
                <layer rank="1" name="FE">
                    <label cBy="BoC" feID="1777" end="57" start="55" name="Evaluee"/>
                    <label cBy="BoC" feID="1771" end="83" start="67" name="Communicator"/>
                    <label cBy="BoC" feID="1781" itype="DNI" name="Reason"/>
                </layer>
                <layer rank="1" name="GF">
                    <label end="57" start="55" name="Gen"/>
                    <label end="83" start="67" name="Dep"/>
                </layer>
                <layer rank="1" name="PT">
                    <label end="57" start="55" name="Poss"/>
                    <label end="83" start="67" name="PP"/>
                </layer>
                <layer rank="1" name="Sent">
                    <label end="0" start="0" name="sense1"/>
                </layer>
                <layer rank="1" name="Other"/>
                <layer rank="1" name="Target">
                    <label cBy="BoC" end="65" start="59" name="Target"/>
                </layer>
                <layer rank="1" name="Noun"/>
            </annotationSet>
        </sentence>
        <sentence sentNo="0" aPos="79617663" ID="1122399">
            <text>On the other hand , cost reduction has not been sufficient to avoid censure by the MMC . </text>
            <annotationSet cDate="01/08/2003 03:20:02 PST Wed" status="UNANN" ID="1695904">
                <layer rank="1" name="BNC">
                    <label end="1" start="0" name="PRP"/>
                    <label end="5" start="3" name="AT0"/>
                    <label end="11" start="7" name="AJ0"/>
                    <label end="16" start="13" name="NN1"/>
                    <label end="18" start="18" name="PUN"/>
                    <label end="23" start="20" name="NN1-VVB"/>
                    <label end="33" start="25" name="NN1"/>
                    <label end="37" start="35" name="VHZ"/>
                    <label end="41" start="39" name="XX0"/>
                    <label end="46" start="43" name="VBN"/>
                    <label end="57" start="48" name="AJ0"/>
                    <label end="60" start="59" name="TO0"/>
                    <label end="66" start="62" name="VVI"/>
                    <label end="74" start="68" name="NN1"/>
                    <label end="77" start="76" name="PRP"/>
                    <label end="81" start="79" name="AT0"/>
                    <label end="85" start="83" name="CRD"/>
                    <label end="87" start="87" name="PUN"/>
                </layer>
                <layer rank="1" name="NER"/>
                <layer rank="1" name="WSL"/>
            </annotationSet>
            <annotationSet cDate="01/08/2003 03:20:02 PST Wed" status="MANUAL" ID="1695905">
                <layer rank="1" name="FE">
                    <label cBy="BoC" feID="1771" end="85" start="76" name="Communicator"/>
                    <label cBy="BoC" feID="1781" itype="DNI" name="Reason"/>
                </layer>
                <layer rank="1" name="GF">
                    <label end="85" start="76" name="Dep"/>
                </layer>
                <layer rank="1" name="PT">
                    <label end="85" start="76" name="PP"/>
                </layer>
                <layer rank="1" name="Sent">
                    <label end="0" start="0" name="sense1"/>
                </layer>
                <layer rank="1" name="Other"/>
                <layer rank="1" name="Target">
                    <label cBy="BoC" end="74" start="68" name="Target"/>
                </layer>
                <layer rank="1" name="Noun"/>
            </annotationSet>
        </sentence>
    </subCorpus>
    <subCorpus name="N-250-ppfor">
        <sentence sentNo="0" aPos="16019714" ID="1122400">
            <text>I conclude , then , not with stirring words of praise for the philosophy of animal rights , or with caustic words of censure for the other philosophies I have mentioned . </text>
            <annotationSet cDate="01/08/2003 03:20:02 PST Wed" status="UNANN" ID="1695906">
                <layer rank="1" name="BNC">
                    <label end="0" start="0" name="PNP"/>
                    <label end="9" start="2" name="VVB"/>
                    <label end="11" start="11" name="PUN"/>
                    <label end="16" start="13" name="AV0"/>
                    <label end="18" start="18" name="PUN"/>
                    <label end="22" start="20" name="XX0"/>
                    <label end="27" start="24" name="PRP"/>
                    <label end="36" start="29" name="AJ0-VVG"/>
                    <label end="42" start="38" name="NN2"/>
                    <label end="45" start="44" name="PRF"/>
                    <label end="52" start="47" name="NN1"/>
                    <label end="56" start="54" name="PRP"/>
                    <label end="60" start="58" name="AT0"/>
                    <label end="71" start="62" name="NN1"/>
                    <label end="74" start="73" name="PRF"/>
                    <label end="81" start="76" name="NN1"/>
                    <label end="88" start="83" name="NN2"/>
                    <label end="90" start="90" name="PUN"/>
                    <label end="93" start="92" name="CJC"/>
                    <label end="98" start="95" name="PRP"/>
                    <label end="106" start="100" name="AJ0"/>
                    <label end="112" start="108" name="NN2"/>
                    <label end="115" start="114" name="PRF"/>
                    <label end="123" start="117" name="NN1"/>
                    <label end="127" start="125" name="PRP"/>
                    <label end="131" start="129" name="AT0"/>
                    <label end="137" start="133" name="AJ0"/>
                    <label end="150" start="139" name="NN2"/>
                    <label end="152" start="152" name="PNP"/>
                    <label end="157" start="154" name="VHB"/>
                    <label end="167" start="159" name="VVN"/>
                    <label end="169" start="169" name="PUN"/>
                </layer>
                <layer rank="1" name="NER"/>
                <layer rank="1" name="WSL"/>
            </annotationSet>
            <annotationSet cDate="01/08/2003 03:20:02 PST Wed" status="MANUAL" ID="1695907">
                <layer rank="1" name="FE">
                    <label cBy="BoC" feID="1777" end="150" start="125" name="Evaluee"/>
                    <label cBy="BoC" feID="1781" itype="DNI" name="Reason"/>
                    <label cBy="BoC" feID="1771" itype="CNI" name="Communicator"/>
                </layer>
                <layer rank="1" name="GF">
                    <label end="150" start="125" name="Dep"/>
                </layer>
                <layer rank="1" name="PT">
                    <label end="150" start="125" name="PP"/>
                </layer>
                <layer rank="1" name="Sent">
                    <label end="0" start="0" name="sense1"/>
                </layer>
                <layer rank="1" name="Other"/>
                <layer rank="1" name="Target">
                    <label cBy="BoC" end="123" start="117" name="Target"/>
                </layer>
                <layer rank="1" name="Noun"/>
            </annotationSet>
        </sentence>
        <sentence sentNo="0" aPos="85178076" ID="1122401">
            <text>A second attempt on April 3 , in the guise of a proposal for a vote of censure for Yeltsin 's &quot; unconstitutional &quot; call in March for a declaration of war on the Soviet leadership , was defeated by 485 votes to 121 . </text>
            <annotationSet cDate="01/08/2003 03:20:02 PST Wed" status="UNANN" ID="1695908">
                <layer rank="1" name="BNC">
                    <label end="0" start="0" name="AT0"/>
                    <label end="7" start="2" name="ORD"/>
                    <label end="15" start="9" name="NN1"/>
                    <label end="18" start="17" name="PRP"/>
                    <label end="24" start="20" name="NP0"/>
                    <label end="26" start="26" name="CRD"/>
                    <label end="28" start="28" name="PUN"/>
                    <label end="31" start="30" name="PRP"/>
                    <label end="35" start="33" name="AT0"/>
                    <label end="41" start="37" name="NN1"/>
                    <label end="44" start="43" name="PRF"/>
                    <label end="46" start="46" name="AT0"/>
                    <label end="55" start="48" name="NN1"/>
                    <label end="59" start="57" name="PRP"/>
                    <label end="61" start="61" name="AT0"/>
                    <label end="66" start="63" name="NN1"/>
                    <label end="69" start="68" name="PRF"/>
                    <label end="77" start="71" name="NN1"/>
                    <label end="81" start="79" name="PRP"/>
                    <label end="89" start="83" name="NP0"/>
                    <label end="92" start="91" name="POS"/>
                    <label end="94" start="94" name="PUQ"/>
                    <label end="111" start="96" name="AJ0"/>
                    <label end="113" start="113" name="PUQ"/>
                    <label end="118" start="115" name="NN1"/>
                    <label end="121" start="120" name="PRP"/>
                    <label end="127" start="123" name="NN1-NP0"/>
                    <label end="131" start="129" name="PRP"/>
                    <label end="133" start="133" name="AT0"/>
                    <label end="145" start="135" name="NN1"/>
                    <label end="148" start="147" name="PRF"/>
                    <label end="152" start="150" name="NN1"/>
                    <label end="155" start="154" name="PRP"/>
                    <label end="159" start="157" name="AT0"/>
                    <label end="166" start="161" name="AJ0"/>
                    <label end="177" start="168" name="NN1"/>
                    <label end="179" start="179" name="PUL"/>
                    <label end="183" start="181" name="VVB"/>
                    <label end="192" start="185" name="NN0"/>
                    <label end="195" start="194" name="CRD"/>
                    <label end="199" start="197" name="PUR"/>
                    <label end="205" start="201" name="PUN"/>
                    <label end="208" start="207" name="VBD"/>
                    <label end="212" start="210" name="VVN"/>
                    <label end="214" start="214" name="PRP"/>
                </layer>
                <layer rank="1" name="NER"/>
                <layer rank="1" name="WSL"/>
            </annotationSet>
            <annotationSet cDate="01/08/2003 03:20:02 PST Wed" status="MANUAL" ID="1695909">
                <layer rank="1" name="FE">
                    <label cBy="BoC" feID="1781" end="177" start="79" name="Reason"/>
                    <label cBy="BoC" feID="1777" itype="DNI" name="Evaluee"/>
                    <label cBy="BoC" feID="1771" itype="CNI" name="Communicator"/>
                </layer>
                <layer rank="1" name="GF">
                    <label end="177" start="79" name="Dep"/>
                </layer>
                <layer rank="1" name="PT">
                    <label end="177" start="79" name="PP"/>
                </layer>
                <layer rank="1" name="Sent">
                    <label end="0" start="0" name="sense9"/>
                    <label end="0" start="0" name="sense1"/>
                </layer>
                <layer rank="1" name="Other"/>
                <layer rank="1" name="Target">
                    <label cBy="BoC" end="77" start="71" name="Target"/>
                </layer>
                <layer rank="1" name="Noun"/>
            </annotationSet>
        </sentence>
    </subCorpus>
    <subCorpus name="N-250-ppfrom">
        <sentence sentNo="0" aPos="104863453" ID="1122404">
            <text>A DERWENTSIDE councillor could face censure from his colleagues over a remark about Albert Dryden who shot and killed the council 's chief planning officer last year . </text>
            <annotationSet cDate="01/08/2003 03:20:03 PST Wed" status="UNANN" ID="1695914">
                <layer rank="1" name="BNC">
                    <label end="0" start="0" name="AT0"/>
                    <label end="12" start="2" name="NN1"/>
                    <label end="23" start="14" name="NN1"/>
                    <label end="29" start="25" name="VM0"/>
                    <label end="34" start="31" name="VVI"/>
                    <label end="42" start="36" name="NN1"/>
                    <label end="47" start="44" name="PRP"/>
                    <label end="51" start="49" name="DPS"/>
                    <label end="62" start="53" name="NN2"/>
                    <label end="67" start="64" name="PRP"/>
                    <label end="69" start="69" name="AT0"/>
                    <label end="76" start="71" name="NN1"/>
                    <label end="82" start="78" name="PRP"/>
                    <label end="89" start="84" name="NP0"/>
                    <label end="96" start="91" name="NN1-NP0"/>
                    <label end="100" start="98" name="PNQ"/>
                    <label end="105" start="102" name="VVD"/>
                    <label end="109" start="107" name="CJC"/>
                    <label end="116" start="111" name="VVD-VVN"/>
                    <label end="120" start="118" name="AT0"/>
                    <label end="128" start="122" name="NN0"/>
                    <label end="131" start="130" name="POS"/>
                    <label end="137" start="133" name="AJ0-NN1"/>
                    <label end="146" start="139" name="NN1-VVG"/>
                    <label end="154" start="148" name="NN1"/>
                    <label end="159" start="156" name="ORD"/>
                    <label end="164" start="161" name="NN1"/>
                    <label end="166" start="166" name="PUN"/>
                </layer>
                <layer rank="1" name="NER"/>
                <layer rank="1" name="WSL"/>
            </annotationSet>
            <annotationSet cDate="01/08/2003 03:20:03 PST Wed" status="MANUAL" ID="1695915">
                <layer rank="1" name="FE">
                    <label cBy="BoC" feID="1777" end="23" start="0" name="Evaluee"/>
                    <label cBy="BoC" feID="1771" end="62" start="44" name="Communicator"/>
                    <label cBy="BoC" feID="1781" end="164" start="64" name="Reason"/>
                </layer>
                <layer rank="1" name="GF">
                    <label end="23" start="0" name="Ext"/>
                    <label end="62" start="44" name="Dep"/>
                    <label end="164" start="64" name="Dep"/>
                </layer>
                <layer rank="1" name="PT">
                    <label end="23" start="0" name="NP"/>
                    <label end="62" start="44" name="PP"/>
                    <label end="164" start="64" name="PP"/>
                </layer>
                <layer rank="1" name="Sent">
                    <label end="0" start="0" name="sense1"/>
                </layer>
                <layer rank="1" name="Other"/>
                <layer rank="1" name="Target">
                    <label cBy="BoC" end="42" start="36" name="Target"/>
                </layer>
                <layer rank="1" name="Noun">
                    <label end="34" start="31" name="Ctrlr"/>
                </layer>
            </annotationSet>
        </sentence>
    </subCorpus>
    <subCorpus name="N-250-ppof">
        <sentence sentNo="0" aPos="65042" ID="1122405">
            <text>Artists on their travels sometimes write letters which are good value , whether in praise or censure of what they see . </text>
            <annotationSet cDate="01/08/2003 03:20:03 PST Wed" status="UNANN" ID="1695916">
                <layer rank="1" name="BNC">
                    <label end="6" start="0" name="NN2"/>
                    <label end="9" start="8" name="PRP"/>
                    <label end="15" start="11" name="DPS"/>
                    <label end="23" start="17" name="NN2"/>
                    <label end="33" start="25" name="AV0"/>
                    <label end="39" start="35" name="VVB"/>
                    <label end="47" start="41" name="NN2"/>
                    <label end="53" start="49" name="DTQ"/>
                    <label end="57" start="55" name="VBB"/>
                    <label end="62" start="59" name="AJ0"/>
                    <label end="68" start="64" name="NN1"/>
                    <label end="70" start="70" name="PUN"/>
                    <label end="78" start="72" name="CJS"/>
                    <label end="81" start="80" name="PRP"/>
                    <label end="88" start="83" name="NN1"/>
                    <label end="91" start="90" name="CJC"/>
                    <label end="99" start="93" name="NN1"/>
                    <label end="102" start="101" name="PRF"/>
                    <label end="107" start="104" name="DTQ"/>
                    <label end="112" start="109" name="PNP"/>
                    <label end="116" start="114" name="VVB"/>
                    <label end="118" start="118" name="PUN"/>
                </layer>
                <layer rank="1" name="NER"/>
                <layer rank="1" name="WSL"/>
            </annotationSet>
            <annotationSet cDate="01/08/2003 03:20:03 PST Wed" status="MANUAL" ID="1695917">
                <layer rank="1" name="FE">
                    <label cBy="BoC" feID="1781" end="116" start="101" name="Reason"/>
                    <label cBy="BoC" feID="1771" itype="CNI" name="Communicator"/>
                </layer>
                <layer rank="1" name="GF">
                    <label end="116" start="101" name="Dep"/>
                </layer>
                <layer rank="1" name="PT">
                    <label end="116" start="101" name="PP"/>
                </layer>
                <layer rank="1" name="Sent">
                    <label end="0" start="0" name="sense1"/>
                </layer>
                <layer rank="1" name="Other"/>
                <layer rank="1" name="Target">
                    <label cBy="BoC" end="99" start="93" name="Target"/>
                </layer>
                <layer rank="1" name="Noun"/>
            </annotationSet>
        </sentence>
        <sentence sentNo="0" aPos="45392576" ID="1122407">
            <text>We propose that the GMC 's remit should include censure of those members of the medical profession who commit scientific misconduct by distorting published evidence in reviews and consensus statements . </text>
            <annotationSet cDate="01/08/2003 03:20:03 PST Wed" status="UNANN" ID="1695920">
                <layer rank="1" name="BNC">
                    <label end="1" start="0" name="PNP"/>
                    <label end="9" start="3" name="VVB"/>
                    <label end="14" start="11" name="CJT"/>
                    <label end="18" start="16" name="AT0"/>
                    <label end="22" start="20" name="NP0"/>
                    <label end="25" start="24" name="POS"/>
                    <label end="31" start="27" name="NN1"/>
                    <label end="38" start="33" name="VM0"/>
                    <label end="46" start="40" name="VVI"/>
                    <label end="54" start="48" name="NN1"/>
                    <label end="57" start="56" name="PRF"/>
                    <label end="63" start="59" name="DT0"/>
                    <label end="71" start="65" name="NN2"/>
                    <label end="74" start="73" name="PRF"/>
                    <label end="78" start="76" name="AT0"/>
                    <label end="86" start="80" name="AJ0"/>
                    <label end="97" start="88" name="NN1"/>
                    <label end="101" start="99" name="PNQ"/>
                    <label end="108" start="103" name="VVB"/>
                    <label end="119" start="110" name="AJ0"/>
                    <label end="130" start="121" name="NN1"/>
                    <label end="133" start="132" name="PRP"/>
                    <label end="144" start="135" name="VVG"/>
                    <label end="154" start="146" name="AJ0"/>
                    <label end="163" start="156" name="NN1"/>
                    <label end="166" start="165" name="PRP"/>
                    <label end="174" start="168" name="NN2"/>
                    <label end="178" start="176" name="CJC"/>
                    <label end="188" start="180" name="NN1"/>
                    <label end="199" start="190" name="NN2"/>
                    <label end="201" start="201" name="PUN"/>
                </layer>
                <layer rank="1" name="NER"/>
                <layer rank="1" name="WSL"/>
            </annotationSet>
            <annotationSet cDate="01/08/2003 03:20:03 PST Wed" status="MANUAL" ID="1695921">
                <layer rank="1" name="FE">
                    <label cBy="BoC" feID="1777" end="199" start="56" name="Evaluee"/>
                    <label cBy="BoC" feID="1781" itype="DNI" name="Reason"/>
                    <label cBy="BoC" feID="1771" itype="CNI" name="Communicator"/>
                </layer>
                <layer rank="1" name="GF">
                    <label end="199" start="56" name="Dep"/>
                </layer>
                <layer rank="1" name="PT">
                    <label end="199" start="56" name="PP"/>
                </layer>
                <layer rank="1" name="Sent">
                    <label end="0" start="0" name="sense1"/>
                </layer>
                <layer rank="1" name="Other"/>
                <layer rank="1" name="Target">
                    <label cBy="BoC" end="54" start="48" name="Target"/>
                </layer>
                <layer rank="1" name="Noun"/>
            </annotationSet>
        </sentence>
        <sentence sentNo="0" aPos="68061665" ID="1122408">
            <text>In 1932 his speeches and articles incurred governmental censure of the university . </text>
            <annotationSet cDate="01/08/2003 03:20:03 PST Wed" status="UNANN" ID="1695922">
                <layer rank="1" name="BNC">
                    <label end="1" start="0" name="PRP"/>
                    <label end="6" start="3" name="CRD"/>
                    <label end="10" start="8" name="DPS"/>
                    <label end="19" start="12" name="NN2"/>
                    <label end="23" start="21" name="CJC"/>
                    <label end="32" start="25" name="NN2"/>
                    <label end="41" start="34" name="VVD"/>
                    <label end="54" start="43" name="AJ0"/>
                    <label end="62" start="56" name="NN1"/>
                    <label end="65" start="64" name="PRF"/>
                    <label end="69" start="67" name="AT0"/>
                    <label end="80" start="71" name="NN1"/>
                    <label end="82" start="82" name="PUN"/>
                </layer>
                <layer rank="1" name="NER"/>
                <layer rank="1" name="WSL"/>
            </annotationSet>
            <annotationSet cDate="01/08/2003 03:20:03 PST Wed" status="MANUAL" ID="1695923">
                <layer rank="1" name="FE">
                    <label cBy="BoC" feID="1771" end="54" start="43" name="Communicator"/>
                    <label cBy="BoC" feID="1777" end="80" start="64" name="Evaluee"/>
                    <label cBy="BoC" feID="1781" itype="DNI" name="Reason"/>
                </layer>
                <layer rank="1" name="GF">
                    <label end="54" start="43" name="Dep"/>
                    <label end="80" start="64" name="Dep"/>
                </layer>
                <layer rank="1" name="PT">
                    <label end="54" start="43" name="AJP"/>
                    <label end="80" start="64" name="PP"/>
                </layer>
                <layer rank="1" name="Sent">
                    <label end="0" start="0" name="sense1"/>
                </layer>
                <layer rank="1" name="Other"/>
                <layer rank="1" name="Target">
                    <label cBy="BoC" end="62" start="56" name="Target"/>
                </layer>
                <layer rank="1" name="Noun"/>
            </annotationSet>
        </sentence>
        <sentence sentNo="0" aPos="97287513" ID="1122411">
            <text>The Vicar 's fault is weakness , and the analysis and censure of weakness is a speciality of Crabbe 's . </text>
            <annotationSet cDate="01/08/2003 03:20:04 PST Wed" status="UNANN" ID="1695928">
                <layer rank="1" name="BNC">
                    <label end="2" start="0" name="AT0"/>
                    <label end="8" start="4" name="NP0"/>
                    <label end="11" start="10" name="POS"/>
                    <label end="17" start="13" name="NN1"/>
                    <label end="20" start="19" name="VBZ"/>
                    <label end="29" start="22" name="NN1"/>
                    <label end="31" start="31" name="PUN"/>
                    <label end="35" start="33" name="CJC"/>
                    <label end="39" start="37" name="AT0"/>
                    <label end="48" start="41" name="NN1"/>
                    <label end="52" start="50" name="CJC"/>
                    <label end="60" start="54" name="NN1"/>
                    <label end="63" start="62" name="PRF"/>
                    <label end="72" start="65" name="NN1"/>
                    <label end="75" start="74" name="VBZ"/>
                    <label end="77" start="77" name="AT0"/>
                    <label end="88" start="79" name="NN1"/>
                    <label end="91" start="90" name="PRF"/>
                    <label end="98" start="93" name="NP0"/>
                    <label end="101" start="100" name="POS"/>
                    <label end="103" start="103" name="PUN"/>
                </layer>
                <layer rank="1" name="NER"/>
                <layer rank="1" name="WSL"/>
            </annotationSet>
            <annotationSet cDate="01/08/2003 03:20:04 PST Wed" status="MANUAL" ID="1695929">
                <layer rank="1" name="FE">
                    <label cBy="BoC" feID="1781" end="72" start="62" name="Reason"/>
                    <label cBy="BoC" feID="1771" itype="CNI" name="Communicator"/>
                </layer>
                <layer rank="1" name="GF">
                    <label end="72" start="62" name="Dep"/>
                </layer>
                <layer rank="1" name="PT">
                    <label end="72" start="62" name="PP"/>
                </layer>
                <layer rank="1" name="Sent">
                    <label end="0" start="0" name="sense1"/>
                </layer>
                <layer rank="1" name="Other"/>
                <layer rank="1" name="Target">
                    <label cBy="BoC" end="60" start="54" name="Target"/>
                </layer>
                <layer rank="1" name="Noun"/>
            </annotationSet>
        </sentence>
    </subCorpus>
    <subCorpus name="N-250-ppon">
        <sentence sentNo="0" aPos="66569065" ID="1122414">
            <text>Modern censures on Herodotos for failing to mention this obstacle have , here as often , been proved unjustified . </text>
            <annotationSet cDate="01/08/2003 03:20:04 PST Wed" status="UNANN" ID="1695934">
                <layer rank="1" name="BNC">
                    <label end="5" start="0" name="AJ0"/>
                    <label end="14" start="7" name="NN2"/>
                    <label end="17" start="16" name="PRP"/>
                    <label end="27" start="19" name="NN2"/>
                    <label end="31" start="29" name="PRP"/>
                    <label end="39" start="33" name="VVG"/>
                    <label end="42" start="41" name="TO0"/>
                    <label end="50" start="44" name="VVI"/>
                    <label end="55" start="52" name="DT0"/>
                    <label end="64" start="57" name="NN1"/>
                    <label end="69" start="66" name="VHB"/>
                    <label end="71" start="71" name="PUN"/>
                    <label end="76" start="73" name="AV0"/>
                    <label end="79" start="78" name="AV0"/>
                    <label end="85" start="81" name="AV0"/>
                    <label end="87" start="87" name="PUN"/>
                    <label end="92" start="89" name="VBN"/>
                    <label end="99" start="94" name="VVN"/>
                    <label end="111" start="101" name="AJ0"/>
                    <label end="113" start="113" name="PUN"/>
                </layer>
                <layer rank="1" name="NER"/>
                <layer rank="1" name="WSL"/>
            </annotationSet>
            <annotationSet cDate="01/08/2003 03:20:04 PST Wed" status="MANUAL" ID="1695935">
                <layer rank="1" name="FE">
                    <label cBy="BoC" feID="1777" end="27" start="16" name="Evaluee"/>
                    <label cBy="BoC" feID="1781" end="64" start="29" name="Reason"/>
                    <label cBy="BoC" feID="1771" itype="CNI" name="Communicator"/>
                </layer>
                <layer rank="1" name="GF">
                    <label end="27" start="16" name="Dep"/>
                    <label end="64" start="29" name="Dep"/>
                </layer>
                <layer rank="1" name="PT">
                    <label end="27" start="16" name="PP"/>
                    <label end="64" start="29" name="PPing"/>
                </layer>
                <layer rank="1" name="Sent">
                    <label end="0" start="0" name="sense1"/>
                </layer>
                <layer rank="1" name="Other"/>
                <layer rank="1" name="Target">
                    <label cBy="BoC" end="14" start="7" name="Target"/>
                </layer>
                <layer rank="1" name="Noun"/>
            </annotationSet>
        </sentence>
    </subCorpus>
    <subCorpus name="N-260-pingfor">
        <sentence sentNo="0" aPos="86463479" ID="1122416">
            <text>The Defence , Interior and Foreign Ministers narrowly escaped congressional censure for violating the constitutional requirement that the presence of foreign troops be approved by the Congress . </text>
            <annotationSet cDate="01/08/2003 03:20:04 PST Wed" status="UNANN" ID="1695938">
                <layer rank="1" name="BNC">
                    <label end="2" start="0" name="AT0"/>
                    <label end="10" start="4" name="NN1"/>
                    <label end="12" start="12" name="PUN"/>
                    <label end="21" start="14" name="AJ0-NN1"/>
                    <label end="25" start="23" name="CJC"/>
                    <label end="33" start="27" name="AJ0"/>
                    <label end="43" start="35" name="NN2"/>
                    <label end="52" start="45" name="AV0"/>
                    <label end="60" start="54" name="AJ0-VVD"/>
                    <label end="74" start="62" name="AJ0"/>
                    <label end="82" start="76" name="NN1"/>
                    <label end="86" start="84" name="PRP"/>
                    <label end="96" start="88" name="VVG"/>
                    <label end="100" start="98" name="AT0"/>
                    <label end="115" start="102" name="AJ0"/>
                    <label end="127" start="117" name="NN1"/>
                    <label end="132" start="129" name="CJT"/>
                    <label end="136" start="134" name="AT0"/>
                    <label end="145" start="138" name="NN1"/>
                    <label end="148" start="147" name="PRF"/>
                    <label end="156" start="150" name="AJ0"/>
                    <label end="163" start="158" name="NN2"/>
                    <label end="166" start="165" name="VBI"/>
                    <label end="175" start="168" name="VVN"/>
                    <label end="178" start="177" name="PRP"/>
                    <label end="182" start="180" name="AT0"/>
                    <label end="191" start="184" name="NN0"/>
                    <label end="193" start="193" name="PUN"/>
                </layer>
                <layer rank="1" name="NER"/>
                <layer rank="1" name="WSL"/>
            </annotationSet>
            <annotationSet cDate="01/08/2003 03:20:04 PST Wed" status="MANUAL" ID="1695939">
                <layer rank="1" name="FE">
                    <label cBy="BoC" feID="1771" end="74" start="62" name="Communicator"/>
                    <label cBy="BoC" feID="1781" end="191" start="84" name="Reason"/>
                </layer>
                <layer rank="1" name="GF">
                    <label end="74" start="62" name="Dep"/>
                    <label end="191" start="84" name="Dep"/>
                </layer>
                <layer rank="1" name="PT">
                    <label end="74" start="62" name="AJP"/>
                    <label end="191" start="84" name="PPing"/>
                </layer>
                <layer rank="1" name="Sent">
                    <label end="0" start="0" name="sense1"/>
                </layer>
                <layer rank="1" name="Other"/>
                <layer rank="1" name="Target">
                    <label cBy="BoC" end="82" start="76" name="Target"/>
                </layer>
                <layer rank="1" name="Noun"/>
            </annotationSet>
        </sentence>
    </subCorpus>
    <subCorpus name="N-280-poss">
        <sentence sentNo="0" aPos="2986469" ID="1122417">
            <text>Scarcely any aspect of life in the countries where he passes his voluntary exile has failed to incur his pessimistic censure . </text>
            <annotationSet cDate="01/08/2003 03:20:04 PST Wed" status="UNANN" ID="1695940">
                <layer rank="1" name="BNC">
                    <label end="7" start="0" name="AV0"/>
                    <label end="11" start="9" name="DT0"/>
                    <label end="18" start="13" name="NN1"/>
                    <label end="21" start="20" name="PRF"/>
                    <label end="26" start="23" name="NN1"/>
                    <label end="29" start="28" name="PRP"/>
                    <label end="33" start="31" name="AT0"/>
                    <label end="43" start="35" name="NN2"/>
                    <label end="49" start="45" name="AVQ-CJS"/>
                    <label end="52" start="51" name="PNP"/>
                    <label end="59" start="54" name="VVZ"/>
                    <label end="63" start="61" name="DPS"/>
                    <label end="73" start="65" name="AJ0"/>
                    <label end="79" start="75" name="NN1"/>
                    <label end="83" start="81" name="VHZ"/>
                    <label end="90" start="85" name="VVN"/>
                    <label end="93" start="92" name="TO0"/>
                    <label end="99" start="95" name="VVI"/>
                    <label end="103" start="101" name="DPS"/>
                    <label end="115" start="105" name="AJ0"/>
                    <label end="123" start="117" name="NN1"/>
                    <label end="125" start="125" name="PUN"/>
                </layer>
                <layer rank="1" name="NER"/>
                <layer rank="1" name="WSL"/>
            </annotationSet>
            <annotationSet cDate="01/08/2003 03:20:04 PST Wed" status="MANUAL" ID="1695941">
                <layer rank="1" name="FE">
                    <label cBy="BoC" feID="1781" end="79" start="0" name="Reason"/>
                    <label cBy="BoC" feID="1771" end="103" start="101" name="Communicator"/>
                    <label cBy="BoC" feID="1779" end="115" start="105" name="Manner"/>
                </layer>
                <layer rank="1" name="GF">
                    <label end="79" start="0" name="Ext"/>
                    <label end="103" start="101" name="Gen"/>
                    <label end="115" start="105" name="Dep"/>
                </layer>
                <layer rank="1" name="PT">
                    <label end="79" start="0" name="NP"/>
                    <label end="103" start="101" name="Poss"/>
                    <label end="115" start="105" name="AJP"/>
                </layer>
                <layer rank="1" name="Sent">
                    <label end="0" start="0" name="sense1"/>
                </layer>
                <layer rank="1" name="Other"/>
                <layer rank="1" name="Target">
                    <label cBy="BoC" end="123" start="117" name="Target"/>
                </layer>
                <layer rank="1" name="Noun">
                    <label end="99" start="95" name="Supp"/>
                </layer>
            </annotationSet>
        </sentence>
        <sentence sentNo="0" aPos="5077801" ID="1122419">
            <text>The council expects its censure or serious criticism ` to discredit editors and journalists at whom it is aimed and to be weighed by their employers &quot; . </text>
            <annotationSet cDate="01/08/2003 03:20:05 PST Wed" status="UNANN" ID="1695944">
                <layer rank="1" name="BNC">
                    <label end="2" start="0" name="AT0"/>
                    <label end="10" start="4" name="NN0"/>
                    <label end="18" start="12" name="VVZ"/>
                    <label end="22" start="20" name="DPS"/>
                    <label end="30" start="24" name="NN1"/>
                    <label end="33" start="32" name="CJC"/>
                    <label end="41" start="35" name="AJ0"/>
                    <label end="51" start="43" name="NN1"/>
                    <label end="53" start="53" name="PUQ"/>
                    <label end="56" start="55" name="TO0"/>
                    <label end="66" start="58" name="VVI"/>
                    <label end="74" start="68" name="NN2"/>
                    <label end="78" start="76" name="CJC"/>
                    <label end="90" start="80" name="NN2"/>
                    <label end="93" start="92" name="PRP"/>
                    <label end="98" start="95" name="PNQ"/>
                    <label end="101" start="100" name="PNP"/>
                    <label end="104" start="103" name="VBZ"/>
                    <label end="110" start="106" name="AJ0-VVN"/>
                    <label end="114" start="112" name="CJC"/>
                    <label end="117" start="116" name="TO0"/>
                    <label end="120" start="119" name="VBI"/>
                    <label end="128" start="122" name="VVN"/>
                    <label end="131" start="130" name="PRP"/>
                    <label end="137" start="133" name="DPS"/>
                    <label end="147" start="139" name="NN2"/>
                    <label end="149" start="149" name="PUQ"/>
                    <label end="151" start="151" name="PUN"/>
                </layer>
                <layer rank="1" name="NER"/>
                <layer rank="1" name="WSL"/>
            </annotationSet>
            <annotationSet cDate="01/08/2003 03:20:05 PST Wed" status="MANUAL" ID="1695945">
                <layer rank="1" name="FE">
                    <label cBy="BoC" feID="1771" end="22" start="20" name="Communicator"/>
                    <label cBy="BoC" feID="1781" itype="DNI" name="Reason"/>
                </layer>
                <layer rank="1" name="GF">
                    <label end="22" start="20" name="Gen"/>
                </layer>
                <layer rank="1" name="PT">
                    <label end="22" start="20" name="Poss"/>
                </layer>
                <layer rank="1" name="Sent">
                    <label end="0" start="0" name="sense1"/>
                </layer>
                <layer rank="1" name="Other"/>
                <layer rank="1" name="Target">
                    <label cBy="BoC" end="30" start="24" name="Target"/>
                </layer>
                <layer rank="1" name="Noun"/>
            </annotationSet>
        </sentence>
        <sentence sentNo="0" aPos="12898883" ID="1122420">
            <text>They simply repeated their censure periodically while Israel continued to destroy almost every facet of Resolution 242's validity by land seizures , illegal settlements , and the annexation of both Jerusalem and the Golan Heights . </text>
            <annotationSet cDate="01/08/2003 03:20:05 PST Wed" status="UNANN" ID="1695946">
                <layer rank="1" name="BNC">
                    <label end="3" start="0" name="PNP"/>
                    <label end="10" start="5" name="AV0"/>
                    <label end="19" start="12" name="VVD-VVN"/>
                    <label end="25" start="21" name="DPS"/>
                    <label end="33" start="27" name="NN1"/>
                    <label end="46" start="35" name="AV0"/>
                    <label end="52" start="48" name="CJS"/>
                    <label end="59" start="54" name="NP0"/>
                    <label end="69" start="61" name="VVD"/>
                    <label end="72" start="71" name="TO0"/>
                    <label end="80" start="74" name="VVI"/>
                    <label end="87" start="82" name="AV0"/>
                    <label end="93" start="89" name="AT0"/>
                    <label end="99" start="95" name="NN1"/>
                    <label end="102" start="101" name="PRF"/>
                    <label end="113" start="104" name="NN1-NP0"/>
                    <label end="119" start="115" name="CRD"/>
                    <label end="128" start="121" name="NN1"/>
                    <label end="131" start="130" name="PRP"/>
                    <label end="136" start="133" name="NN1"/>
                    <label end="145" start="138" name="NN2-VVZ"/>
                    <label end="147" start="147" name="PUN"/>
                    <label end="155" start="149" name="AJ0"/>
                    <label end="167" start="157" name="NN2"/>
                    <label end="169" start="169" name="PUN"/>
                    <label end="173" start="171" name="CJC"/>
                    <label end="177" start="175" name="AT0"/>
                    <label end="188" start="179" name="NN1"/>
                    <label end="191" start="190" name="PRF"/>
                    <label end="196" start="193" name="DT0"/>
                    <label end="206" start="198" name="NP0"/>
                    <label end="210" start="208" name="CJC"/>
                    <label end="214" start="212" name="AT0"/>
                    <label end="220" start="216" name="NP0"/>
                    <label end="228" start="222" name="NP0"/>
                    <label end="230" start="230" name="PUN"/>
                </layer>
                <layer rank="1" name="NER"/>
                <layer rank="1" name="WSL"/>
            </annotationSet>
            <annotationSet cDate="01/08/2003 03:20:05 PST Wed" status="MANUAL" ID="1695947">
                <layer rank="1" name="FE">
                    <label cBy="BoC" feID="1771" end="25" start="21" name="Communicator"/>
                    <label cBy="BoC" feID="1781" itype="DNI" name="Reason"/>
                </layer>
                <layer rank="1" name="GF">
                    <label end="25" start="21" name="Gen"/>
                </layer>
                <layer rank="1" name="PT">
                    <label end="25" start="21" name="Poss"/>
                </layer>
                <layer rank="1" name="Sent">
                    <label end="0" start="0" name="sense1"/>
                </layer>
                <layer rank="1" name="Other"/>
                <layer rank="1" name="Target">
                    <label cBy="BoC" end="33" start="27" name="Target"/>
                </layer>
                <layer rank="1" name="Noun"/>
            </annotationSet>
        </sentence>
        <sentence sentNo="0" aPos="77062902" ID="1122422">
            <text>She could do without his censure . </text>
            <annotationSet cDate="01/08/2003 03:20:05 PST Wed" status="UNANN" ID="1695950">
                <layer rank="1" name="BNC">
                    <label end="2" start="0" name="PNP"/>
                    <label end="8" start="4" name="VM0"/>
                    <label end="11" start="10" name="VDI"/>
                    <label end="19" start="13" name="PRP"/>
                    <label end="23" start="21" name="DPS"/>
                    <label end="31" start="25" name="NN1"/>
                    <label end="33" start="33" name="PUN"/>
                </layer>
                <layer rank="1" name="NER"/>
                <layer rank="1" name="WSL"/>
            </annotationSet>
            <annotationSet cDate="01/08/2003 03:20:05 PST Wed" status="MANUAL" ID="1695951">
                <layer rank="1" name="FE">
                    <label cBy="BoC" feID="1771" end="23" start="21" name="Communicator"/>
                    <label cBy="BoC" feID="1781" itype="DNI" name="Reason"/>
                </layer>
                <layer rank="1" name="GF">
                    <label end="23" start="21" name="Gen"/>
                </layer>
                <layer rank="1" name="PT">
                    <label end="23" start="21" name="Poss"/>
                </layer>
                <layer rank="1" name="Sent">
                    <label end="0" start="0" name="sense1"/>
                </layer>
                <layer rank="1" name="Other"/>
                <layer rank="1" name="Target">
                    <label cBy="BoC" end="31" start="25" name="Target"/>
                </layer>
                <layer rank="1" name="Noun"/>
            </annotationSet>
        </sentence>
    </subCorpus>
    <subCorpus name="N-340-ppother">
        <sentence sentNo="0" aPos="15010738" ID="1122424">
            <text>This sentence , delivered with just a hint of censure in its tone , convinced me that all further logical argument would be a waste of time . </text>
            <annotationSet cDate="01/08/2003 03:20:05 PST Wed" status="UNANN" ID="1695954">
                <layer rank="1" name="BNC">
                    <label end="3" start="0" name="DT0"/>
                    <label end="12" start="5" name="NN1"/>
                    <label end="14" start="14" name="PUN"/>
                    <label end="24" start="16" name="VVD-VVN"/>
                    <label end="29" start="26" name="PRP"/>
                    <label end="34" start="31" name="AV0"/>
                    <label end="36" start="36" name="AT0"/>
                    <label end="41" start="38" name="NN1"/>
                    <label end="44" start="43" name="PRF"/>
                    <label end="52" start="46" name="NN1"/>
                    <label end="55" start="54" name="PRP"/>
                    <label end="59" start="57" name="DPS"/>
                    <label end="64" start="61" name="NN1"/>
                    <label end="66" start="66" name="PUN"/>
                    <label end="76" start="68" name="AJ0-VVD"/>
                    <label end="79" start="78" name="PNP"/>
                    <label end="84" start="81" name="CJT"/>
                    <label end="88" start="86" name="DT0"/>
                    <label end="96" start="90" name="AV0"/>
                    <label end="104" start="98" name="AJ0"/>
                    <label end="113" start="106" name="NN1"/>
                    <label end="119" start="115" name="VM0"/>
                    <label end="122" start="121" name="VBI"/>
                    <label end="124" start="124" name="AT0"/>
                    <label end="130" start="126" name="NN1"/>
                    <label end="133" start="132" name="PRF"/>
                    <label end="138" start="135" name="NN1"/>
                    <label end="140" start="140" name="PUN"/>
                </layer>
                <layer rank="1" name="NER"/>
                <layer rank="1" name="WSL"/>
            </annotationSet>
            <annotationSet cDate="01/08/2003 03:20:05 PST Wed" status="MANUAL" ID="1695955">
                <layer rank="1" name="FE">
                    <label cBy="BoC" feID="1781" itype="DNI" name="Reason"/>
                    <label cBy="BoC" feID="1771" itype="CNI" name="Communicator"/>
                </layer>
                <layer rank="1" name="GF"/>
                <layer rank="1" name="PT"/>
                <layer rank="1" name="Sent">
                    <label end="0" start="0" name="sense1"/>
                </layer>
                <layer rank="1" name="Other"/>
                <layer rank="1" name="Target">
                    <label cBy="BoC" end="52" start="46" name="Target"/>
                </layer>
                <layer rank="1" name="Noun"/>
            </annotationSet>
        </sentence>
        <sentence sentNo="0" aPos="55970155" ID="1122426">
            <text>The mixture of adulation and censure with which seamen were regarded continued to provide the same rich harvest for the sentimental and the censorious . </text>
            <annotationSet cDate="01/08/2003 03:20:06 PST Wed" status="UNANN" ID="1695958">
                <layer rank="1" name="BNC">
                    <label end="2" start="0" name="AT0"/>
                    <label end="10" start="4" name="NN1"/>
                    <label end="13" start="12" name="PRF"/>
                    <label end="23" start="15" name="NN1"/>
                    <label end="27" start="25" name="CJC"/>
                    <label end="35" start="29" name="NN1-VVB"/>
                    <label end="40" start="37" name="PRP"/>
                    <label end="46" start="42" name="DTQ"/>
                    <label end="53" start="48" name="NN2"/>
                    <label end="58" start="55" name="VBD"/>
                    <label end="67" start="60" name="VVN"/>
                    <label end="77" start="69" name="VVD-VVN"/>
                    <label end="80" start="79" name="TO0"/>
                    <label end="88" start="82" name="VVI"/>
                    <label end="92" start="90" name="AT0"/>
                    <label end="97" start="94" name="DT0"/>
                    <label end="102" start="99" name="AJ0"/>
                    <label end="110" start="104" name="NN1"/>
                    <label end="114" start="112" name="PRP"/>
                    <label end="118" start="116" name="AT0"/>
                    <label end="130" start="120" name="AJ0"/>
                    <label end="134" start="132" name="CJC"/>
                    <label end="138" start="136" name="AT0"/>
                    <label end="149" start="140" name="AJ0"/>
                    <label end="151" start="151" name="PUN"/>
                </layer>
                <layer rank="1" name="NER"/>
                <layer rank="1" name="WSL"/>
            </annotationSet>
            <annotationSet cDate="01/08/2003 03:20:06 PST Wed" status="MANUAL" ID="1695959">
                <layer rank="1" name="FE">
                    <label cBy="BoC" feID="1781" itype="DNI" name="Reason"/>
                    <label cBy="BoC" feID="1771" itype="CNI" name="Communicator"/>
                </layer>
                <layer rank="1" name="GF"/>
                <layer rank="1" name="PT"/>
                <layer rank="1" name="Sent">
                    <label end="0" start="0" name="sense1"/>
                </layer>
                <layer rank="1" name="Other"/>
                <layer rank="1" name="Target">
                    <label cBy="BoC" end="35" start="29" name="Target"/>
                </layer>
                <layer rank="1" name="Noun"/>
            </annotationSet>
        </sentence>
        <sentence sentNo="0" aPos="70597027" ID="1122428">
            <text>There Pantites found himself cut off by the Persian advance , and incurred censure at Sparta as having failed to make an effort to rejoin his unit before the battle . </text>
            <annotationSet cDate="01/08/2003 03:20:06 PST Wed" status="UNANN" ID="1695962">
                <layer rank="1" name="BNC">
                    <label end="4" start="0" name="AV0"/>
                    <label end="13" start="6" name="NN2"/>
                    <label end="19" start="15" name="VVD-VVN"/>
                    <label end="27" start="21" name="PNX"/>
                    <label end="31" start="29" name="VVD-VVN"/>
                    <label end="35" start="33" name="AVP"/>
                    <label end="38" start="37" name="PRP"/>
                    <label end="42" start="40" name="AT0"/>
                    <label end="50" start="44" name="AJ0"/>
                    <label end="58" start="52" name="NN1"/>
                    <label end="60" start="60" name="PUN"/>
                    <label end="64" start="62" name="CJC"/>
                    <label end="73" start="66" name="AJ0-VVD"/>
                    <label end="81" start="75" name="NN1"/>
                    <label end="84" start="83" name="PRP"/>
                    <label end="91" start="86" name="NP0"/>
                    <label end="94" start="93" name="CJS"/>
                    <label end="101" start="96" name="VHG"/>
                    <label end="108" start="103" name="VVN"/>
                    <label end="111" start="110" name="TO0"/>
                    <label end="116" start="113" name="VVI"/>
                    <label end="119" start="118" name="AT0"/>
                    <label end="126" start="121" name="NN1"/>
                    <label end="129" start="128" name="TO0"/>
                    <label end="136" start="131" name="VVI"/>
                    <label end="140" start="138" name="DPS"/>
                    <label end="145" start="142" name="NN1"/>
                    <label end="152" start="147" name="PRP"/>
                    <label end="156" start="154" name="AT0"/>
                    <label end="163" start="158" name="NN1"/>
                    <label end="165" start="165" name="PUN"/>
                </layer>
                <layer rank="1" name="NER"/>
                <layer rank="1" name="WSL"/>
            </annotationSet>
            <annotationSet cDate="01/08/2003 03:20:06 PST Wed" status="MANUAL" ID="1695963">
                <layer rank="1" name="FE">
                    <label cBy="BoC" feID="1777" end="13" start="6" name="Evaluee"/>
                    <label cBy="BoC" feID="1781" end="163" start="93" name="Reason"/>
                    <label cBy="BoC" feID="1771" itype="CNI" name="Communicator"/>
                </layer>
                <layer rank="1" name="GF">
                    <label end="13" start="6" name="Ext"/>
                    <label end="163" start="93" name="Dep"/>
                </layer>
                <layer rank="1" name="PT">
                    <label end="13" start="6" name="NP"/>
                    <label end="163" start="93" name="Sfin"/>
                </layer>
                <layer rank="1" name="Sent">
                    <label end="0" start="0" name="sense1"/>
                </layer>
                <layer rank="1" name="Other"/>
                <layer rank="1" name="Target">
                    <label cBy="BoC" end="81" start="75" name="Target"/>
                </layer>
                <layer rank="1" name="Noun">
                    <label end="73" start="66" name="Supp"/>
                </layer>
            </annotationSet>
        </sentence>
        <sentence sentNo="0" aPos="70844235" ID="1122429">
            <text>He had obviously been searching for appropriate words of censure during the silence . </text>
            <annotationSet cDate="01/08/2003 03:20:06 PST Wed" status="UNANN" ID="1695964">
                <layer rank="1" name="BNC">
                    <label end="1" start="0" name="PNP"/>
                    <label end="5" start="3" name="VHD"/>
                    <label end="15" start="7" name="AV0"/>
                    <label end="20" start="17" name="VBN"/>
                    <label end="30" start="22" name="VVG"/>
                    <label end="34" start="32" name="PRP"/>
                    <label end="46" start="36" name="AJ0"/>
                    <label end="52" start="48" name="NN2"/>
                    <label end="55" start="54" name="PRF"/>
                    <label end="63" start="57" name="NN1"/>
                    <label end="70" start="65" name="PRP"/>
                    <label end="74" start="72" name="AT0"/>
                    <label end="82" start="76" name="NN1"/>
                    <label end="84" start="84" name="PUN"/>
                </layer>
                <layer rank="1" name="NER"/>
                <layer rank="1" name="WSL"/>
            </annotationSet>
            <annotationSet cDate="01/08/2003 03:20:06 PST Wed" status="MANUAL" ID="1695965">
                <layer rank="1" name="FE">
                    <label cBy="BoC" feID="1777" itype="DNI" name="Evaluee"/>
                    <label cBy="BoC" feID="1781" itype="INI" name="Reason"/>
                    <label cBy="BoC" feID="1771" itype="CNI" name="Communicator"/>
                </layer>
                <layer rank="1" name="GF"/>
                <layer rank="1" name="PT"/>
                <layer rank="1" name="Sent">
                    <label end="0" start="0" name="sense1"/>
                </layer>
                <layer rank="1" name="Other"/>
                <layer rank="1" name="Target">
                    <label cBy="BoC" end="63" start="57" name="Target"/>
                </layer>
                <layer rank="1" name="Noun"/>
            </annotationSet>
        </sentence>
    </subCorpus>
    <subCorpus name="N-370-pother"/>
    <subCorpus name="N-380-other">
        <sentence sentNo="0" aPos="29096782" ID="1122435">
            <text>One young lady , disguised as another , would be unlikely therefore to provoke censure even if recognized . </text>
            <annotationSet cDate="01/08/2003 03:20:07 PST Wed" status="UNANN" ID="1695976">
                <layer rank="1" name="BNC">
                    <label end="2" start="0" name="CRD"/>
                    <label end="8" start="4" name="AJ0"/>
                    <label end="13" start="10" name="NN1"/>
                    <label end="15" start="15" name="PUN"/>
                    <label end="25" start="17" name="VVD-VVN"/>
                    <label end="28" start="27" name="CJS-PRP"/>
                    <label end="36" start="30" name="DT0"/>
                    <label end="38" start="38" name="PUN"/>
                    <label end="44" start="40" name="VM0"/>
                    <label end="47" start="46" name="VBI"/>
                    <label end="56" start="49" name="AJ0"/>
                    <label end="66" start="58" name="AV0"/>
                    <label end="69" start="68" name="TO0"/>
                    <label end="77" start="71" name="VVI"/>
                    <label end="85" start="79" name="NN1"/>
                    <label end="90" start="87" name="CJS"/>
                    <label end="93" start="92" name="CJS"/>
                    <label end="104" start="95" name="VVN"/>
                    <label end="106" start="106" name="PUN"/>
                </layer>
                <layer rank="1" name="NER"/>
                <layer rank="1" name="WSL"/>
            </annotationSet>
            <annotationSet cDate="01/08/2003 03:20:07 PST Wed" status="MANUAL" ID="1695977">
                <layer rank="1" name="FE">
                    <label cBy="BoC" feID="1777" end="38" start="0" name="Evaluee"/>
                    <label cBy="BoC" feID="1771" itype="CNI" name="Communicator"/>
                </layer>
                <layer rank="1" name="GF">
                    <label end="38" start="0" name="Ext"/>
                </layer>
                <layer rank="1" name="PT">
                    <label end="38" start="0" name="NP"/>
                </layer>
                <layer rank="1" name="Sent">
                    <label end="0" start="0" name="sense1"/>
                </layer>
                <layer rank="1" name="Other"/>
                <layer rank="1" name="Target">
                    <label cBy="BoC" end="85" start="79" name="Target"/>
                </layer>
                <layer rank="1" name="Noun">
                    <label end="77" start="71" name="Ctrlr"/>
                </layer>
            </annotationSet>
        </sentence>
        <sentence sentNo="0" aPos="41607041" ID="1122438">
            <text>The tone is reassuring to conservative piety yet far from fundamentalism , and it pronounces neither censures nor warnings to inhibit scholarly research . </text>
            <annotationSet cDate="01/08/2003 03:20:07 PST Wed" status="UNANN" ID="1695982">
                <layer rank="1" name="BNC">
                    <label end="2" start="0" name="AT0"/>
                    <label end="7" start="4" name="NN1"/>
                    <label end="10" start="9" name="VBZ"/>
                    <label end="21" start="12" name="VVG"/>
                    <label end="24" start="23" name="PRP"/>
                    <label end="37" start="26" name="AJ0"/>
                    <label end="43" start="39" name="NN1"/>
                    <label end="47" start="45" name="AV0"/>
                    <label end="51" start="49" name="AJ0-AV0"/>
                    <label end="56" start="53" name="PRP"/>
                    <label end="71" start="58" name="NN1"/>
                    <label end="73" start="73" name="PUN"/>
                    <label end="77" start="75" name="CJC"/>
                    <label end="80" start="79" name="PNP"/>
                    <label end="91" start="82" name="VVZ"/>
                    <label end="99" start="93" name="AV0"/>
                    <label end="108" start="101" name="NN2-VVZ"/>
                    <label end="112" start="110" name="CJC"/>
                    <label end="121" start="114" name="NN2"/>
                    <label end="124" start="123" name="TO0"/>
                    <label end="132" start="126" name="VVI"/>
                    <label end="142" start="134" name="AJ0"/>
                    <label end="151" start="144" name="NN1"/>
                    <label end="153" start="153" name="PUN"/>
                </layer>
                <layer rank="1" name="NER"/>
                <layer rank="1" name="WSL"/>
            </annotationSet>
            <annotationSet cDate="01/08/2003 03:20:07 PST Wed" status="MANUAL" ID="1695983">
                <layer rank="1" name="FE">
                    <label cBy="BoC" feID="1781" itype="DNI" name="Reason"/>
                    <label cBy="BoC" feID="1771" itype="CNI" name="Communicator"/>
                </layer>
                <layer rank="1" name="GF"/>
                <layer rank="1" name="PT"/>
                <layer rank="1" name="Sent">
                    <label end="0" start="0" name="sense1"/>
                </layer>
                <layer rank="1" name="Other"/>
                <layer rank="1" name="Target">
                    <label cBy="BoC" end="108" start="101" name="Target"/>
                </layer>
                <layer rank="1" name="Noun"/>
            </annotationSet>
        </sentence>
        <sentence sentNo="0" aPos="85004328" ID="1122444">
            <text>Following the ethics committee 's investigation , the case of Cranston was due to be brought before the full Senate for possible censure . </text>
            <annotationSet cDate="01/08/2003 03:20:08 PST Wed" status="UNANN" ID="1695994">
                <layer rank="1" name="BNC">
                    <label end="8" start="0" name="VVG"/>
                    <label end="12" start="10" name="AT0"/>
                    <label end="19" start="14" name="NN0"/>
                    <label end="29" start="21" name="NN0"/>
                    <label end="32" start="31" name="POS"/>
                    <label end="46" start="34" name="NN1"/>
                    <label end="48" start="48" name="PUN"/>
                    <label end="52" start="50" name="AT0"/>
                    <label end="57" start="54" name="NN1"/>
                    <label end="60" start="59" name="PRF"/>
                    <label end="69" start="62" name="NP0"/>
                    <label end="73" start="71" name="VBD"/>
                    <label end="77" start="75" name="AJ0"/>
                    <label end="80" start="79" name="TO0"/>
                    <label end="83" start="82" name="VBI"/>
                    <label end="91" start="85" name="VVN"/>
                    <label end="98" start="93" name="PRP"/>
                    <label end="102" start="100" name="AT0"/>
                    <label end="107" start="104" name="AJ0"/>
                    <label end="114" start="109" name="NN0"/>
                    <label end="118" start="116" name="PRP"/>
                    <label end="127" start="120" name="AJ0"/>
                    <label end="135" start="129" name="NN1"/>
                    <label end="137" start="137" name="PUN"/>
                </layer>
                <layer rank="1" name="NER"/>
                <layer rank="1" name="WSL"/>
            </annotationSet>
            <annotationSet cDate="01/08/2003 03:20:08 PST Wed" status="MANUAL" ID="1695995">
                <layer rank="1" name="FE">
                    <label cBy="BoC" feID="1781" itype="DNI" name="Reason"/>
                    <label cBy="BoC" feID="1771" itype="CNI" name="Communicator"/>
                </layer>
                <layer rank="1" name="GF"/>
                <layer rank="1" name="PT"/>
                <layer rank="1" name="Sent">
                    <label end="0" start="0" name="sense1"/>
                </layer>
                <layer rank="1" name="Other"/>
                <layer rank="1" name="Target">
                    <label cBy="BoC" end="135" start="129" name="Target"/>
                </layer>
                <layer rank="1" name="Noun"/>
            </annotationSet>
        </sentence>
    </subCorpus>
</lexUnit>