<?xml version="1.0" encoding="UTF-8" standalone="yes"?>
<?xml-stylesheet type="text/xsl" href="lexUnit.xsl"?>
<lexUnit status="Finished_Initial" POS="A" name="nee.a" ID="7464" frame="Being_named" frameID="228" totalAnnotated="5" xsi:schemaLocation="../schema/lexUnit.xsd" xmlns="http://framenet.icsi.berkeley.edu" xmlns:xsi="http://www.w3.org/2001/XMLSchema-instance">
    <header>
        <frame>
            <FE fgColor="000000" bgColor="FFFF00" type="Peripheral" abbrev="con" name="Context"/>
            <FE fgColor="000000" bgColor="FFA500" type="Extra-Thematic" abbrev="des" name="Descriptor"/>
            <FE fgColor="FFFFFF" bgColor="9F79EE" type="Core" abbrev="Entity" name="Entity"/>
            <FE fgColor="000000" bgColor="2E8B57" type="Extra-Thematic" abbrev="ent" name="Etymological_root"/>
            <FE fgColor="FFFFFF" bgColor="008000" type="Peripheral" abbrev="Lang" name="Language"/>
            <FE fgColor="FFFFFF" bgColor="0000FF" type="Core" abbrev="Name" name="Name"/>
            <FE fgColor="FFFFFF" bgColor="800080" type="Peripheral" abbrev="Type" name="Type"/>
        </frame>
    </header>
    <definition>FN: used to introduce a woman's maiden name</definition>
    <lexeme POS="A" name="nee"/>
    <valences>
        <FERealization total="5">
            <FE name="Entity"/>
            <pattern total="5">
                <valenceUnit GF="Ext" PT="NP" FE="Entity"/>
                <annoSet ID="1775479"/>
                <annoSet ID="1775493"/>
                <annoSet ID="1775495"/>
                <annoSet ID="1775511"/>
                <annoSet ID="1775521"/>
            </pattern>
        </FERealization>
        <FERealization total="5">
            <FE name="Name"/>
            <pattern total="5">
                <valenceUnit GF="Head" PT="N" FE="Name"/>
                <annoSet ID="1775479"/>
                <annoSet ID="1775493"/>
                <annoSet ID="1775495"/>
                <annoSet ID="1775511"/>
                <annoSet ID="1775521"/>
            </pattern>
        </FERealization>
        <FEGroupRealization total="5">
            <FE name="Entity"/>
            <FE name="Name"/>
            <pattern total="5">
                <valenceUnit GF="Ext" PT="NP" FE="Entity"/>
                <valenceUnit GF="Head" PT="N" FE="Name"/>
                <annoSet ID="1775479"/>
                <annoSet ID="1775493"/>
                <annoSet ID="1775495"/>
                <annoSet ID="1775511"/>
                <annoSet ID="1775521"/>
            </pattern>
        </FEGroupRealization>
    </valences>
    <subCorpus name="A-001-all">
        <sentence sentNo="0" aPos="2483752" ID="1162572">
            <text>The Yugo ( nee Zastava ) , built in Yugoslavia , managed to escape the Iron Curtain car jokes but at the same time escaped , completely , the attention of press and public . </text>
            <annotationSet cDate="01/08/2003 05:00:11 PST Wed" status="UNANN" ID="1775478">
                <layer rank="1" name="BNC">
                    <label end="2" start="0" name="AT0"/>
                    <label end="7" start="4" name="NN1-NP0"/>
                    <label end="9" start="9" name="PUL"/>
                    <label end="13" start="11" name="NN1"/>
                    <label end="21" start="15" name="NN1-NP0"/>
                    <label end="23" start="23" name="PUR"/>
                    <label end="25" start="25" name="PUN"/>
                    <label end="31" start="27" name="VVD-VVN"/>
                    <label end="34" start="33" name="PRP"/>
                    <label end="45" start="36" name="NP0"/>
                    <label end="47" start="47" name="PUN"/>
                    <label end="55" start="49" name="VVD-VVN"/>
                    <label end="58" start="57" name="TO0"/>
                    <label end="65" start="60" name="VVI"/>
                    <label end="69" start="67" name="AT0"/>
                    <label end="74" start="71" name="NP0"/>
                    <label end="82" start="76" name="NP0"/>
                    <label end="86" start="84" name="NN1"/>
                    <label end="92" start="88" name="NN2-VVZ"/>
                    <label end="96" start="94" name="CJC"/>
                    <label end="99" start="98" name="PRP"/>
                    <label end="103" start="101" name="AT0"/>
                    <label end="108" start="105" name="DT0"/>
                    <label end="113" start="110" name="NN1"/>
                    <label end="121" start="115" name="VVD"/>
                    <label end="123" start="123" name="PUN"/>
                    <label end="134" start="125" name="AV0"/>
                    <label end="136" start="136" name="PUN"/>
                    <label end="140" start="138" name="AT0"/>
                    <label end="150" start="142" name="NN1"/>
                    <label end="153" start="152" name="PRF"/>
                    <label end="159" start="155" name="NN0"/>
                    <label end="163" start="161" name="CJC"/>
                    <label end="170" start="165" name="AJ0"/>
                    <label end="172" start="172" name="PUN"/>
                </layer>
                <layer rank="1" name="NER"/>
                <layer rank="1" name="WSL"/>
            </annotationSet>
            <annotationSet cDate="01/08/2003 05:00:11 PST Wed" status="MANUAL" ID="1775479">
                <layer rank="1" name="FE">
                    <label cBy="hmC" feID="1858" end="21" start="15" name="Name"/>
                    <label cBy="hmC" feID="1859" end="7" start="0" name="Entity"/>
                </layer>
                <layer rank="1" name="GF">
                    <label end="21" start="15" name="Head"/>
                    <label end="7" start="0" name="Ext"/>
                </layer>
                <layer rank="1" name="PT">
                    <label end="21" start="15" name="N"/>
                    <label end="7" start="0" name="NP"/>
                </layer>
                <layer rank="1" name="Sent"/>
                <layer rank="1" name="Other"/>
                <layer rank="1" name="Target">
                    <label cBy="BoC" end="13" start="11" name="Target"/>
                </layer>
                <layer rank="1" name="Adj"/>
            </annotationSet>
        </sentence>
        <sentence sentNo="0" aPos="73441113" ID="1162579">
            <text>This meant that Mrs. Bernadette McAliskey ( nee Devlin ) could not take part though she had earlier indicated that she would stand as a candidate in Mid-Ulster . </text>
            <annotationSet cDate="01/08/2003 05:00:12 PST Wed" status="UNANN" ID="1775492">
                <layer rank="1" name="BNC">
                    <label end="3" start="0" name="DT0"/>
                    <label end="9" start="5" name="VVD-VVN"/>
                    <label end="14" start="11" name="CJT"/>
                    <label end="19" start="16" name="NP0"/>
                    <label end="30" start="21" name="NP0"/>
                    <label end="40" start="32" name="NP0"/>
                    <label end="42" start="42" name="PUL"/>
                    <label end="46" start="44" name="NN1"/>
                    <label end="53" start="48" name="NN1-NP0"/>
                    <label end="55" start="55" name="PUR"/>
                    <label end="61" start="57" name="VM0"/>
                    <label end="65" start="63" name="XX0"/>
                    <label end="70" start="67" name="VVI"/>
                    <label end="75" start="72" name="NN1"/>
                    <label end="82" start="77" name="CJS"/>
                    <label end="86" start="84" name="PNP"/>
                    <label end="90" start="88" name="VHD"/>
                    <label end="98" start="92" name="AV0"/>
                    <label end="108" start="100" name="VVN"/>
                    <label end="113" start="110" name="CJT"/>
                    <label end="117" start="115" name="PNP"/>
                    <label end="123" start="119" name="VM0"/>
                    <label end="129" start="125" name="VVI"/>
                    <label end="132" start="131" name="CJS-PRP"/>
                    <label end="134" start="134" name="AT0"/>
                    <label end="144" start="136" name="NN1"/>
                    <label end="147" start="146" name="PRP"/>
                    <label end="158" start="149" name="NP0"/>
                    <label end="160" start="160" name="PUN"/>
                </layer>
                <layer rank="1" name="NER"/>
                <layer rank="1" name="WSL"/>
            </annotationSet>
            <annotationSet cDate="01/08/2003 05:00:12 PST Wed" status="MANUAL" ID="1775493">
                <layer rank="1" name="FE">
                    <label cBy="hmC" feID="1858" end="53" start="48" name="Name"/>
                    <label cBy="ACW" feID="1859" end="40" start="16" name="Entity"/>
                </layer>
                <layer rank="1" name="GF">
                    <label end="53" start="48" name="Head"/>
                    <label end="40" start="16" name="Ext"/>
                </layer>
                <layer rank="1" name="PT">
                    <label end="53" start="48" name="N"/>
                    <label end="40" start="16" name="NP"/>
                </layer>
                <layer rank="1" name="Sent"/>
                <layer rank="1" name="Other"/>
                <layer rank="1" name="Target">
                    <label cBy="BoC" end="46" start="44" name="Target"/>
                </layer>
                <layer rank="1" name="Adj"/>
            </annotationSet>
        </sentence>
        <sentence sentNo="0" aPos="75938107" ID="1162580">
            <text>Rose Clough , nee Machin , lived on the outskirts of Oswaldston on a spick and span , jerry-built private estate . </text>
            <annotationSet cDate="01/08/2003 05:00:12 PST Wed" status="UNANN" ID="1775494">
                <layer rank="1" name="BNC">
                    <label end="3" start="0" name="NP0"/>
                    <label end="10" start="5" name="NN1-NP0"/>
                    <label end="12" start="12" name="PUN"/>
                    <label end="16" start="14" name="NN1"/>
                    <label end="23" start="18" name="NP0"/>
                    <label end="25" start="25" name="PUN"/>
                    <label end="31" start="27" name="VVD-VVN"/>
                    <label end="34" start="33" name="PRP"/>
                    <label end="38" start="36" name="AT0"/>
                    <label end="48" start="40" name="NN2"/>
                    <label end="51" start="50" name="PRF"/>
                    <label end="62" start="53" name="NN1-NP0"/>
                    <label end="65" start="64" name="PRP"/>
                    <label end="67" start="67" name="AT0"/>
                    <label end="73" start="69" name="NN1"/>
                    <label end="77" start="75" name="CJC"/>
                    <label end="82" start="79" name="NN1-VVB"/>
                    <label end="84" start="84" name="PUN"/>
                    <label end="96" start="86" name="AJ0"/>
                    <label end="104" start="98" name="AJ0"/>
                    <label end="111" start="106" name="NN1"/>
                    <label end="113" start="113" name="PUN"/>
                </layer>
                <layer rank="1" name="NER"/>
                <layer rank="1" name="WSL"/>
            </annotationSet>
            <annotationSet cDate="01/08/2003 05:00:12 PST Wed" status="MANUAL" ID="1775495">
                <layer rank="1" name="FE">
                    <label cBy="hmC" feID="1858" end="23" start="18" name="Name"/>
                    <label cBy="ACW" feID="1859" end="10" start="0" name="Entity"/>
                </layer>
                <layer rank="1" name="GF">
                    <label end="23" start="18" name="Head"/>
                    <label end="10" start="0" name="Ext"/>
                </layer>
                <layer rank="1" name="PT">
                    <label end="23" start="18" name="N"/>
                    <label end="10" start="0" name="NP"/>
                </layer>
                <layer rank="1" name="Sent"/>
                <layer rank="1" name="Other"/>
                <layer rank="1" name="Target">
                    <label cBy="BoC" end="16" start="14" name="Target"/>
                </layer>
                <layer rank="1" name="Adj"/>
            </annotationSet>
        </sentence>
        <sentence sentNo="0" aPos="104817101" ID="1162588">
            <text>Margaret Evans would like information on the children of Jim and Margaret Kearton ( nee Jones ) of Wolsingham Terrace , Darlington . </text>
            <annotationSet cDate="01/08/2003 05:00:13 PST Wed" status="UNANN" ID="1775510">
                <layer rank="1" name="BNC">
                    <label end="7" start="0" name="NP0"/>
                    <label end="13" start="9" name="NP0"/>
                    <label end="19" start="15" name="VM0"/>
                    <label end="24" start="21" name="VVI"/>
                    <label end="36" start="26" name="NN1"/>
                    <label end="39" start="38" name="PRP"/>
                    <label end="43" start="41" name="AT0"/>
                    <label end="52" start="45" name="NN2"/>
                    <label end="55" start="54" name="PRF"/>
                    <label end="59" start="57" name="NP0"/>
                    <label end="63" start="61" name="CJC"/>
                    <label end="72" start="65" name="NP0"/>
                    <label end="80" start="74" name="NP0"/>
                    <label end="82" start="82" name="PUL"/>
                    <label end="86" start="84" name="NN1"/>
                    <label end="92" start="88" name="NP0"/>
                    <label end="94" start="94" name="PUR"/>
                    <label end="97" start="96" name="PRF"/>
                    <label end="108" start="99" name="NP0"/>
                    <label end="116" start="110" name="NP0"/>
                    <label end="118" start="118" name="PUN"/>
                    <label end="129" start="120" name="NP0"/>
                    <label end="131" start="131" name="PUN"/>
                </layer>
                <layer rank="1" name="NER"/>
                <layer rank="1" name="WSL"/>
            </annotationSet>
            <annotationSet cDate="01/08/2003 05:00:13 PST Wed" status="MANUAL" ID="1775511">
                <layer rank="1" name="FE">
                    <label cBy="hmC" feID="1858" end="92" start="88" name="Name"/>
                    <label cBy="ACW" feID="1859" end="80" start="65" name="Entity"/>
                </layer>
                <layer rank="1" name="GF">
                    <label end="92" start="88" name="Head"/>
                    <label end="80" start="65" name="Ext"/>
                </layer>
                <layer rank="1" name="PT">
                    <label end="92" start="88" name="N"/>
                    <label end="80" start="65" name="NP"/>
                </layer>
                <layer rank="1" name="Sent"/>
                <layer rank="1" name="Other"/>
                <layer rank="1" name="Target">
                    <label cBy="BoC" end="86" start="84" name="Target"/>
                </layer>
                <layer rank="1" name="Adj"/>
            </annotationSet>
        </sentence>
        <sentence sentNo="0" aPos="108971789" ID="1162593">
            <text>The elder son , Karl-Hinrich , is now a specialist in ceramics , and is married to Ursula ( nee Dietzius ) , a practising Medau Teacher . </text>
            <annotationSet cDate="01/08/2003 05:00:14 PST Wed" status="UNANN" ID="1775520">
                <layer rank="1" name="BNC">
                    <label end="2" start="0" name="AT0"/>
                    <label end="8" start="4" name="AJC"/>
                    <label end="12" start="10" name="NN1"/>
                    <label end="14" start="14" name="PUN"/>
                    <label end="27" start="16" name="NP0"/>
                    <label end="29" start="29" name="PUN"/>
                    <label end="32" start="31" name="VBZ"/>
                    <label end="36" start="34" name="AV0"/>
                    <label end="38" start="38" name="AT0"/>
                    <label end="49" start="40" name="AJ0-NN1"/>
                    <label end="52" start="51" name="PRP"/>
                    <label end="61" start="54" name="NN1"/>
                    <label end="63" start="63" name="PUN"/>
                    <label end="67" start="65" name="CJC"/>
                    <label end="70" start="69" name="VBZ"/>
                    <label end="78" start="72" name="AJ0"/>
                    <label end="81" start="80" name="PRP"/>
                    <label end="88" start="83" name="NP0"/>
                    <label end="90" start="90" name="PUL"/>
                    <label end="94" start="92" name="NN1"/>
                    <label end="103" start="96" name="NN1-NP0"/>
                    <label end="105" start="105" name="PUR"/>
                    <label end="107" start="107" name="PUN"/>
                    <label end="109" start="109" name="AT0"/>
                    <label end="120" start="111" name="AJ0"/>
                    <label end="126" start="122" name="NN1"/>
                    <label end="134" start="128" name="NN1"/>
                    <label end="136" start="136" name="PUN"/>
                </layer>
                <layer rank="1" name="NER"/>
                <layer rank="1" name="WSL"/>
            </annotationSet>
            <annotationSet cDate="01/08/2003 05:00:14 PST Wed" status="MANUAL" ID="1775521">
                <layer rank="1" name="FE">
                    <label cBy="hmC" feID="1858" end="103" start="96" name="Name"/>
                    <label cBy="ACW" feID="1859" end="88" start="83" name="Entity"/>
                </layer>
                <layer rank="1" name="GF">
                    <label end="103" start="96" name="Head"/>
                    <label end="88" start="83" name="Ext"/>
                </layer>
                <layer rank="1" name="PT">
                    <label end="103" start="96" name="N"/>
                    <label end="88" start="83" name="NP"/>
                </layer>
                <layer rank="1" name="Sent"/>
                <layer rank="1" name="Other"/>
                <layer rank="1" name="Target">
                    <label cBy="BoC" end="94" start="92" name="Target"/>
                </layer>
                <layer rank="1" name="Adj"/>
            </annotationSet>
        </sentence>
    </subCorpus>
</lexUnit>