<?xml version="1.0" encoding="UTF-8" standalone="yes"?>
<?xml-stylesheet type="text/xsl" href="lexUnit.xsl"?>
<lexUnit status="Insufficient_Attestations" POS="N" name="cognomen.n" ID="7453" frame="Being_named" frameID="228" totalAnnotated="0" xsi:schemaLocation="../schema/lexUnit.xsd" xmlns="http://framenet.icsi.berkeley.edu" xmlns:xsi="http://www.w3.org/2001/XMLSchema-instance">
    <header>
        <frame>
            <FE fgColor="000000" bgColor="FFFF00" type="Peripheral" abbrev="con" name="Context"/>
            <FE fgColor="000000" bgColor="FFA500" type="Extra-Thematic" abbrev="des" name="Descriptor"/>
            <FE fgColor="FFFFFF" bgColor="9F79EE" type="Core" abbrev="Entity" name="Entity"/>
            <FE fgColor="000000" bgColor="2E8B57" type="Extra-Thematic" abbrev="ent" name="Etymological_root"/>
            <FE fgColor="FFFFFF" bgColor="008000" type="Peripheral" abbrev="Lang" name="Language"/>
            <FE fgColor="FFFFFF" bgColor="0000FF" type="Core" abbrev="Name" name="Name"/>
            <FE fgColor="FFFFFF" bgColor="800080" type="Peripheral" abbrev="Type" name="Type"/>
        </frame>
    </header>
    <definition>COD:  an extra personal name given to an ancient Roman citizen, functioning rather like a nickname and often passed down from father to son.  [</definition>
    <lexeme POS="N" name="cognomen"/>
    <valences/>
</lexUnit>