<?xml version="1.0" encoding="UTF-8" standalone="yes"?>
<?xml-stylesheet type="text/xsl" href="lexUnit.xsl"?>
<lexUnit status="Finished_Initial" POS="N" name="homophone.n" ID="7495" frame="Word_relations" frameID="404" totalAnnotated="5" xsi:schemaLocation="../schema/lexUnit.xsd" xmlns="http://framenet.icsi.berkeley.edu" xmlns:xsi="http://www.w3.org/2001/XMLSchema-instance">
    <header>
        <frame>
            <FE fgColor="FFFFFF" bgColor="FF0000" type="Extra-Thematic" abbrev="cir" name="Circumstances"/>
            <FE fgColor="FFFFFF" bgColor="800080" type="Core" abbrev="Sgns" name="Signs"/>
            <FE fgColor="FFFFFF" bgColor="9F79EE" type="Core" abbrev="Sgn-1" name="Sign_1"/>
            <FE fgColor="FFFFFF" bgColor="FF69B4" type="Core" abbrev="Sgn-2" name="Sign_2"/>
        </frame>
    </header>
    <definition>COD:  each of two or more words having the same pronunciation but different meanings, origins, or spelling (e.g. new and knew).</definition>
    <lexeme POS="N" name="homophone"/>
    <valences>
        <FERealization total="1">
            <FE name="Sign_1"/>
            <pattern total="1">
                <valenceUnit GF="Gen" PT="Poss" FE="Sign_1"/>
                <annoSet ID="1776541"/>
            </pattern>
        </FERealization>
        <FERealization total="1">
            <FE name="Sign_2"/>
            <pattern total="1">
                <valenceUnit GF="" PT="DEN" FE="Sign_2"/>
                <annoSet ID="1776541"/>
            </pattern>
        </FERealization>
        <FERealization total="4">
            <FE name="Signs"/>
            <pattern total="3">
                <valenceUnit GF="" PT="DEN" FE="Signs"/>
                <annoSet ID="1776543"/>
                <annoSet ID="1776547"/>
                <annoSet ID="1776553"/>
            </pattern>
            <pattern total="1">
                <valenceUnit GF="Dep" PT="NP" FE="Signs"/>
                <annoSet ID="1776557"/>
            </pattern>
        </FERealization>
        <FEGroupRealization total="1">
            <FE name="Sign_1"/>
            <FE name="Sign_2"/>
            <pattern total="1">
                <valenceUnit GF="Gen" PT="Poss" FE="Sign_1"/>
                <valenceUnit GF="" PT="DEN" FE="Sign_2"/>
                <annoSet ID="1776541"/>
            </pattern>
        </FEGroupRealization>
        <FEGroupRealization total="4">
            <FE name="Signs"/>
            <pattern total="3">
                <valenceUnit GF="" PT="DEN" FE="Signs"/>
                <annoSet ID="1776543"/>
                <annoSet ID="1776547"/>
                <annoSet ID="1776553"/>
            </pattern>
            <pattern total="1">
                <valenceUnit GF="Dep" PT="NP" FE="Signs"/>
                <annoSet ID="1776557"/>
            </pattern>
        </FEGroupRealization>
    </valences>
    <subCorpus name="N-001-all">
        <sentence sentNo="0" aPos="15168822" ID="1163103">
            <text>The Eddie was as turbulent as its homophone : it gave rise to eddies of controversy that swirled up and down the Kam Highway . </text>
            <annotationSet cDate="01/08/2003 05:01:33 PST Wed" status="UNANN" ID="1776540">
                <layer rank="1" name="BNC">
                    <label end="2" start="0" name="AT0"/>
                    <label end="8" start="4" name="NP0"/>
                    <label end="12" start="10" name="VBD"/>
                    <label end="15" start="14" name="AV0"/>
                    <label end="25" start="17" name="AJ0"/>
                    <label end="28" start="27" name="CJS"/>
                    <label end="32" start="30" name="DPS"/>
                    <label end="42" start="34" name="NN1"/>
                    <label end="44" start="44" name="PUN"/>
                    <label end="47" start="46" name="PNP"/>
                    <label end="52" start="49" name="VVD"/>
                    <label end="57" start="54" name="NN1-VVB"/>
                    <label end="60" start="59" name="PRP"/>
                    <label end="67" start="62" name="NN2"/>
                    <label end="70" start="69" name="PRF"/>
                    <label end="82" start="72" name="NN1"/>
                    <label end="87" start="84" name="CJT"/>
                    <label end="95" start="89" name="VVD"/>
                    <label end="98" start="97" name="AVP"/>
                    <label end="102" start="100" name="CJC"/>
                    <label end="107" start="104" name="AVP-PRP"/>
                    <label end="111" start="109" name="AT0"/>
                    <label end="115" start="113" name="NN1-NP0"/>
                    <label end="123" start="117" name="NP0"/>
                    <label end="125" start="125" name="PUN"/>
                </layer>
                <layer rank="1" name="NER"/>
                <layer rank="1" name="WSL"/>
            </annotationSet>
            <annotationSet cDate="01/08/2003 05:01:33 PST Wed" status="MANUAL" ID="1776541">
                <layer rank="1" name="FE">
                    <label cBy="RLG" feID="3732" end="32" start="30" name="Sign_1"/>
                    <label cBy="cir" feID="3733" end="42" start="34" name="Sign_2"/>
                </layer>
                <layer rank="1" name="GF">
                    <label end="32" start="30" name="Gen"/>
                </layer>
                <layer rank="1" name="PT">
                    <label end="32" start="30" name="Poss"/>
                </layer>
                <layer rank="1" name="Sent"/>
                <layer rank="1" name="Other"/>
                <layer rank="1" name="Target">
                    <label cBy="BoC" end="42" start="34" name="Target"/>
                </layer>
                <layer rank="1" name="Noun"/>
            </annotationSet>
        </sentence>
        <sentence sentNo="0" aPos="42733039" ID="1163104">
            <text>IBM claims that in many cases , homophones such as ` to , &quot; ` too &quot; and ` two &quot; are successfully distinguished . </text>
            <annotationSet cDate="01/08/2003 05:01:33 PST Wed" status="UNANN" ID="1776542">
                <layer rank="1" name="BNC">
                    <label end="2" start="0" name="NP0"/>
                    <label end="9" start="4" name="VVZ"/>
                    <label end="14" start="11" name="CJT"/>
                    <label end="17" start="16" name="PRP"/>
                    <label end="22" start="19" name="DT0"/>
                    <label end="28" start="24" name="NN2"/>
                    <label end="30" start="30" name="PUN"/>
                    <label end="41" start="32" name="NN2-VVZ"/>
                    <label end="46" start="43" name="PRP"/>
                    <label end="49" start="48" name="PRP"/>
                    <label end="51" start="51" name="PUQ"/>
                    <label end="54" start="53" name="PRP"/>
                    <label end="56" start="56" name="PUN"/>
                    <label end="58" start="58" name="PUQ"/>
                    <label end="60" start="60" name="PUQ"/>
                    <label end="64" start="62" name="AV0"/>
                    <label end="66" start="66" name="PUQ"/>
                    <label end="70" start="68" name="CJC"/>
                    <label end="72" start="72" name="PUQ"/>
                    <label end="76" start="74" name="CRD"/>
                    <label end="78" start="78" name="PUQ"/>
                    <label end="82" start="80" name="VBB"/>
                    <label end="95" start="84" name="AV0"/>
                    <label end="109" start="97" name="AJ0-VVN"/>
                    <label end="111" start="111" name="PUN"/>
                </layer>
                <layer rank="1" name="NER"/>
                <layer rank="1" name="WSL"/>
            </annotationSet>
            <annotationSet cDate="01/08/2003 05:01:33 PST Wed" status="MANUAL" ID="1776543">
                <layer rank="1" name="FE">
                    <label cBy="cir" feID="3734" end="41" start="32" name="Signs"/>
                </layer>
                <layer rank="1" name="GF"/>
                <layer rank="1" name="PT"/>
                <layer rank="1" name="Sent"/>
                <layer rank="1" name="Other"/>
                <layer rank="1" name="Target">
                    <label cBy="BoC" end="41" start="32" name="Target"/>
                </layer>
                <layer rank="1" name="Noun"/>
            </annotationSet>
        </sentence>
        <sentence sentNo="0" aPos="69893126" ID="1163106">
            <text>The question can be answered by using homophones : printed words with the same pronunciations but different spellings and different meanings , such as frays and phrase . </text>
            <annotationSet cDate="01/08/2003 05:01:33 PST Wed" status="UNANN" ID="1776546">
                <layer rank="1" name="BNC">
                    <label end="2" start="0" name="AT0"/>
                    <label end="11" start="4" name="NN1"/>
                    <label end="15" start="13" name="VM0"/>
                    <label end="18" start="17" name="VBI"/>
                    <label end="27" start="20" name="VVN"/>
                    <label end="30" start="29" name="PRP"/>
                    <label end="36" start="32" name="VVG"/>
                    <label end="47" start="38" name="NN2-VVZ"/>
                    <label end="49" start="49" name="PUN"/>
                    <label end="57" start="51" name="AJ0"/>
                    <label end="63" start="59" name="NN2"/>
                    <label end="68" start="65" name="PRP"/>
                    <label end="72" start="70" name="AT0"/>
                    <label end="77" start="74" name="DT0"/>
                    <label end="92" start="79" name="NN2"/>
                    <label end="96" start="94" name="CJC"/>
                    <label end="106" start="98" name="AJ0"/>
                    <label end="116" start="108" name="NN2"/>
                    <label end="120" start="118" name="CJC"/>
                    <label end="130" start="122" name="AJ0"/>
                    <label end="139" start="132" name="NN2"/>
                    <label end="141" start="141" name="PUN"/>
                    <label end="146" start="143" name="PRP"/>
                    <label end="149" start="148" name="PRP"/>
                    <label end="155" start="151" name="NN2"/>
                    <label end="159" start="157" name="CJC"/>
                    <label end="166" start="161" name="NN1"/>
                    <label end="168" start="168" name="PUN"/>
                </layer>
                <layer rank="1" name="NER"/>
                <layer rank="1" name="WSL"/>
            </annotationSet>
            <annotationSet cDate="01/08/2003 05:01:33 PST Wed" status="MANUAL" ID="1776547">
                <layer rank="1" name="FE">
                    <label cBy="Pam" feID="3734" end="47" start="38" name="Signs"/>
                </layer>
                <layer rank="1" name="GF"/>
                <layer rank="1" name="PT"/>
                <layer rank="1" name="Sent"/>
                <layer rank="1" name="Other"/>
                <layer rank="1" name="Target">
                    <label cBy="BoC" end="47" start="38" name="Target"/>
                </layer>
                <layer rank="1" name="Noun"/>
            </annotationSet>
        </sentence>
        <sentence sentNo="0" aPos="87930101" ID="1163109">
            <text>When there are homophones ( two words or forms with identical pronunciation ) , always use the infinitive , eg. sauter , not sautez , saute , sautee , etc even though pronounced the same . </text>
            <annotationSet cDate="01/08/2003 05:01:34 PST Wed" status="UNANN" ID="1776552">
                <layer rank="1" name="BNC">
                    <label end="3" start="0" name="AVQ-CJS"/>
                    <label end="9" start="5" name="EX0"/>
                    <label end="13" start="11" name="VBB"/>
                    <label end="24" start="15" name="NN2"/>
                    <label end="26" start="26" name="PUL"/>
                    <label end="30" start="28" name="CRD"/>
                    <label end="36" start="32" name="NN2"/>
                    <label end="39" start="38" name="CJC"/>
                    <label end="45" start="41" name="NN2-VVZ"/>
                    <label end="50" start="47" name="PRP"/>
                    <label end="60" start="52" name="AJ0"/>
                    <label end="74" start="62" name="NN1"/>
                    <label end="76" start="76" name="PUR"/>
                    <label end="78" start="78" name="PUN"/>
                    <label end="85" start="80" name="AV0"/>
                    <label end="89" start="87" name="VVB"/>
                    <label end="93" start="91" name="AT0"/>
                    <label end="104" start="95" name="NN1"/>
                    <label end="106" start="106" name="PUN"/>
                    <label end="110" start="108" name="AV0"/>
                    <label end="117" start="112" name="NN1"/>
                    <label end="119" start="119" name="PUN"/>
                    <label end="123" start="121" name="XX0"/>
                    <label end="130" start="125" name="NN1-VVB"/>
                    <label end="132" start="132" name="PUN"/>
                    <label end="138" start="134" name="NN1-VVB"/>
                    <label end="140" start="140" name="PUN"/>
                    <label end="147" start="142" name="NN1"/>
                    <label end="149" start="149" name="PUN"/>
                    <label end="153" start="151" name="AV0"/>
                    <label end="158" start="155" name="CJS"/>
                    <label end="165" start="160" name="CJS"/>
                    <label end="176" start="167" name="VVD-VVN"/>
                    <label end="180" start="178" name="AT0"/>
                    <label end="185" start="182" name="DT0"/>
                    <label end="187" start="187" name="PUN"/>
                </layer>
                <layer rank="1" name="NER"/>
                <layer rank="1" name="WSL"/>
            </annotationSet>
            <annotationSet cDate="01/08/2003 05:01:35 PST Wed" status="MANUAL" ID="1776553">
                <layer rank="1" name="FE">
                    <label cBy="Pam" feID="3734" end="24" start="15" name="Signs"/>
                </layer>
                <layer rank="1" name="GF"/>
                <layer rank="1" name="PT"/>
                <layer rank="1" name="Sent"/>
                <layer rank="1" name="Other"/>
                <layer rank="1" name="Target">
                    <label cBy="BoC" end="24" start="15" name="Target"/>
                </layer>
                <layer rank="1" name="Noun"/>
            </annotationSet>
        </sentence>
        <sentence sentNo="0" aPos="93545292" ID="1163111">
            <text>For example , there are straightforward homophones such as meet/mete/meat . </text>
            <annotationSet cDate="01/08/2003 05:01:36 PST Wed" status="UNANN" ID="1776556">
                <layer rank="1" name="BNC">
                    <label end="2" start="0" name="AV0"/>
                    <label end="10" start="4" name="AV0"/>
                    <label end="12" start="12" name="PUN"/>
                    <label end="18" start="14" name="EX0"/>
                    <label end="22" start="20" name="VBB"/>
                    <label end="38" start="24" name="AJ0"/>
                    <label end="49" start="40" name="NN2"/>
                    <label end="54" start="51" name="PRP"/>
                    <label end="57" start="56" name="PRP"/>
                    <label end="72" start="59" name="UNC"/>
                    <label end="74" start="74" name="PUN"/>
                </layer>
                <layer rank="1" name="NER"/>
                <layer rank="1" name="WSL"/>
            </annotationSet>
            <annotationSet cDate="01/08/2003 05:01:36 PST Wed" status="MANUAL" ID="1776557">
                <layer rank="1" name="FE">
                    <label cBy="Pam" feID="3734" end="72" start="59" name="Signs"/>
                </layer>
                <layer rank="1" name="GF">
                    <label end="72" start="59" name="Dep"/>
                </layer>
                <layer rank="1" name="PT">
                    <label end="72" start="59" name="NP"/>
                </layer>
                <layer rank="1" name="Sent"/>
                <layer rank="1" name="Other"/>
                <layer rank="1" name="Target">
                    <label cBy="BoC" end="49" start="40" name="Target"/>
                </layer>
                <layer rank="1" name="Noun"/>
            </annotationSet>
        </sentence>
    </subCorpus>
</lexUnit>