<?xml version="1.0" encoding="UTF-8" standalone="yes"?>
<?xml-stylesheet type="text/xsl" href="lexUnit.xsl"?>
<lexUnit status="Created" POS="N" name="discovery.n" ID="7444" frame="Achieving_first" frameID="403" totalAnnotated="2" xsi:schemaLocation="../schema/lexUnit.xsd" xmlns="http://framenet.icsi.berkeley.edu" xmlns:xsi="http://www.w3.org/2001/XMLSchema-instance">
    <header>
        <corpus description="American National Corpus Texts" name="ANC" ID="195">
            <document description="Berlitz Where to Go in Hong Kong" name="WhereToHongKong" ID="23771"/>
        </corpus>
        <frame>
            <FE fgColor="FFFFFF" bgColor="9400D3" type="Peripheral" abbrev="" name="Basis"/>
            <FE fgColor="FFFFFF" bgColor="FF0000" type="Core" abbrev="Cog" name="Cognizer"/>
            <FE fgColor="FFFFFF" bgColor="90876C" type="Extra-Thematic" abbrev="Exp" name="Explanation"/>
            <FE fgColor="FFFFFF" bgColor="1E90FF" type="Peripheral" abbrev="Fld" name="Field"/>
            <FE fgColor="FFFFFF" bgColor="A9A9A9" type="Peripheral" abbrev="Instr" name="Instrument"/>
            <FE fgColor="FFFFFF" bgColor="00BFFF" type="Extra-Thematic" abbrev="" name="Location_of_appearance"/>
            <FE fgColor="FFFFFF" bgColor="FF00FF" type="Peripheral" abbrev="Mnr" name="Manner"/>
            <FE fgColor="FFFFFF" bgColor="A52A2A" type="Peripheral" abbrev="Mns" name="Means"/>
            <FE fgColor="FFFFFF" bgColor="0000FF" type="Core" abbrev="New" name="New_idea"/>
            <FE fgColor="FFFFFF" bgColor="008000" type="Peripheral" abbrev="Place" name="Place"/>
            <FE fgColor="FFFFFF" bgColor="800080" type="Peripheral" abbrev="Purp" name="Purpose"/>
            <FE fgColor="FFFFFF" bgColor="FFA500" type="Peripheral" abbrev="Time" name="Time"/>
        </frame>
    </header>
    <definition>FN: the act of finding something new to the world or one's social group</definition>
    <lexeme POS="N" name="discovery"/>
    <valences>
        <FERealization total="2">
            <FE name="New_idea"/>
            <pattern total="2">
                <valenceUnit GF="" PT="DEN" FE="New_idea"/>
                <annoSet ID="6560882"/>
                <annoSet ID="6561502"/>
            </pattern>
        </FERealization>
        <FEGroupRealization total="2">
            <FE name="New_idea"/>
            <pattern total="2">
                <valenceUnit GF="" PT="DEN" FE="New_idea"/>
                <annoSet ID="6560882"/>
                <annoSet ID="6561502"/>
            </pattern>
        </FEGroupRealization>
    </valences>
    <subCorpus name="manually-added">
        <sentence corpID="195" docID="23771" sentNo="4" paragNo="76" aPos="0" ID="4106057">
            <text>There are also ferries to Discovery Bay .</text>
            <annotationSet cDate="07/25/2008 01:19:24 PDT Fri" status="UNANN" ID="6555147">
                <layer rank="1" name="PENN">
                    <label end="4" start="0" name="ex"/>
                    <label end="8" start="6" name="vbp"/>
                    <label end="13" start="10" name="rb"/>
                    <label end="21" start="15" name="nns"/>
                    <label end="24" start="23" name="to"/>
                    <label end="34" start="26" name="NP"/>
                    <label end="38" start="36" name="NP"/>
                    <label end="40" start="40" name="sent"/>
                </layer>
                <layer rank="1" name="NER">
                    <label end="38" start="26" name="organization"/>
                </layer>
                <layer rank="1" name="WSL">
                    <label end="13" start="10" name="NT"/>
                    <label end="24" start="23" name="NT"/>
                    <label end="40" start="40" name="NT"/>
                </layer>
            </annotationSet>
            <annotationSet cDate="01/24/2011 02:31:31 PST Mon" status="MANUAL" ID="6560882">
                <layer rank="1" name="Target">
                    <label cBy="AlK" end="34" start="26" name="Target"/>
                </layer>
                <layer rank="1" name="FE">
                    <label cBy="AlK" feID="3726" end="34" start="26" name="New_idea"/>
                </layer>
                <layer rank="1" name="GF"/>
                <layer rank="1" name="PT"/>
                <layer rank="1" name="Other"/>
                <layer rank="1" name="Sent"/>
                <layer rank="1" name="Noun"/>
            </annotationSet>
        </sentence>
        <sentence corpID="195" docID="23771" sentNo="2" paragNo="80" aPos="0" ID="4106069">
            <text>To get here , follow the path from the southwest end of Discovery Bay ; the walk takes about 30 minutes .</text>
            <annotationSet cDate="07/25/2008 01:19:30 PDT Fri" status="UNANN" ID="6555159">
                <layer rank="1" name="PENN">
                    <label end="1" start="0" name="to"/>
                    <label end="5" start="3" name="VV"/>
                    <label end="10" start="7" name="rb"/>
                    <label end="12" start="12" name=","/>
                    <label end="19" start="14" name="VVP"/>
                    <label end="23" start="21" name="dt"/>
                    <label end="28" start="25" name="nn"/>
                    <label end="33" start="30" name="in"/>
                    <label end="37" start="35" name="dt"/>
                    <label end="47" start="39" name="jjs"/>
                    <label end="51" start="49" name="nn"/>
                    <label end="54" start="53" name="in"/>
                    <label end="64" start="56" name="NP"/>
                    <label end="68" start="66" name="NP"/>
                    <label end="70" start="70" name=":"/>
                    <label end="74" start="72" name="dt"/>
                    <label end="79" start="76" name="nn"/>
                    <label end="85" start="81" name="VVZ"/>
                    <label end="91" start="87" name="in"/>
                    <label end="94" start="93" name="cd"/>
                    <label end="102" start="96" name="nns"/>
                    <label end="104" start="104" name="sent"/>
                </layer>
                <layer rank="1" name="NER">
                    <label end="68" start="66" name="location"/>
                </layer>
                <layer rank="1" name="WSL">
                    <label end="1" start="0" name="NT"/>
                    <label end="12" start="12" name="NT"/>
                    <label end="23" start="21" name="NT"/>
                    <label end="33" start="30" name="NT"/>
                    <label end="37" start="35" name="NT"/>
                    <label end="70" start="70" name="NT"/>
                    <label end="74" start="72" name="NT"/>
                    <label end="104" start="104" name="NT"/>
                </layer>
            </annotationSet>
            <annotationSet cDate="01/27/2011 04:41:11 PST Thu" status="MANUAL" ID="6561502">
                <layer rank="1" name="Target">
                    <label cBy="AlK" end="64" start="56" name="Target"/>
                </layer>
                <layer rank="1" name="FE">
                    <label cBy="AlK" feID="3726" end="64" start="56" name="New_idea"/>
                </layer>
                <layer rank="1" name="GF"/>
                <layer rank="1" name="PT"/>
                <layer rank="1" name="Other"/>
                <layer rank="1" name="Sent"/>
                <layer rank="1" name="Noun"/>
            </annotationSet>
        </sentence>
    </subCorpus>
</lexUnit>