<?xml version="1.0" encoding="UTF-8" standalone="yes"?>
<?xml-stylesheet type="text/xsl" href="lexUnit.xsl"?>
<lexUnit status="Insufficient_Attestations" POS="A" name="polysemous.a" ID="7483" frame="Linguistic_meaning" frameID="406" totalAnnotated="2" xsi:schemaLocation="../schema/lexUnit.xsd" xmlns="http://framenet.icsi.berkeley.edu" xmlns:xsi="http://www.w3.org/2001/XMLSchema-instance">
    <header>
        <corpus description="BNC2" name="BNC2" ID="111">
            <document description="bncp" name="bncp" ID="421"/>
        </corpus>
        <frame>
            <FE fgColor="FFFFFF" bgColor="FF69B4" type="Extra-Thematic" abbrev="" name="Degree"/>
            <FE fgColor="FFFFFF" bgColor="006400" type="Core" abbrev="Form" name="Form"/>
            <FE fgColor="FFFFFF" bgColor="9400D3" type="Core" abbrev="Meaning" name="Meaning"/>
            <FE fgColor="FFFFFF" bgColor="FF0000" type="Core" abbrev="Referent" name="Referent"/>
            <FE fgColor="FFFFFF" bgColor="0000FF" type="Extra-Thematic" abbrev="Tex" name="Textual_location"/>
        </frame>
    </header>
    <definition>FN: (of a linguistic expression) having more than one meaning</definition>
    <lexeme POS="A" name="polysemous"/>
    <valences>
        <FERealization total="1">
            <FE name="Degree"/>
            <pattern total="1">
                <valenceUnit GF="Dep" PT="AVP" FE="Degree"/>
                <annoSet ID="2268331"/>
            </pattern>
        </FERealization>
        <FERealization total="2">
            <FE name="Form"/>
            <pattern total="2">
                <valenceUnit GF="Head" PT="N" FE="Form"/>
                <annoSet ID="2268327"/>
                <annoSet ID="2268331"/>
            </pattern>
        </FERealization>
        <FEGroupRealization total="1">
            <FE name="Degree"/>
            <FE name="Form"/>
            <pattern total="1">
                <valenceUnit GF="Dep" PT="AVP" FE="Degree"/>
                <valenceUnit GF="Head" PT="N" FE="Form"/>
                <annoSet ID="2268331"/>
            </pattern>
        </FEGroupRealization>
        <FEGroupRealization total="1">
            <FE name="Form"/>
            <pattern total="1">
                <valenceUnit GF="Head" PT="N" FE="Form"/>
                <annoSet ID="2268327"/>
            </pattern>
        </FEGroupRealization>
    </valences>
    <subCorpus name="other-unmatched-(2)">
        <sentence corpID="111" docID="421" sentNo="2" paragNo="354" aPos="50947410" ID="1410243">
            <text>The senses of polysemous words ( such as &quot; charge &quot; or &quot; rate &quot; ) are therefore most likely to have been used in the sense related to financial affairs .</text>
            <annotationSet cDate="01/05/2007 11:08:15 PST Fri" status="UNANN" ID="2268326">
                <layer rank="1" name="PENN">
                    <label end="2" start="0" name="dt"/>
                    <label end="9" start="4" name="nns"/>
                    <label end="12" start="11" name="in"/>
                    <label end="23" start="14" name="jj"/>
                    <label end="29" start="25" name="nns"/>
                    <label end="31" start="31" name="("/>
                    <label end="36" start="33" name="jj"/>
                    <label end="39" start="38" name="in"/>
                    <label end="48" start="43" name="nn"/>
                    <label end="53" start="52" name="cc"/>
                    <label end="60" start="57" name="nn"/>
                    <label end="64" start="64" name=")"/>
                    <label end="68" start="66" name="vbp"/>
                    <label end="78" start="70" name="rb"/>
                    <label end="83" start="80" name="rbs"/>
                    <label end="90" start="85" name="jj"/>
                    <label end="93" start="92" name="to"/>
                    <label end="98" start="95" name="VH"/>
                    <label end="103" start="100" name="VBN"/>
                    <label end="108" start="105" name="VVN"/>
                    <label end="111" start="110" name="in"/>
                    <label end="115" start="113" name="dt"/>
                    <label end="121" start="117" name="nn"/>
                    <label end="129" start="123" name="VVN"/>
                    <label end="132" start="131" name="to"/>
                    <label end="142" start="134" name="jj"/>
                    <label end="150" start="144" name="nns"/>
                    <label end="152" start="152" name="sent"/>
                </layer>
                <layer rank="1" name="NER"/>
                <layer rank="1" name="WSL"/>
            </annotationSet>
            <annotationSet cDate="01/05/2007 11:08:16 PST Fri" status="MANUAL" ID="2268327">
                <layer rank="1" name="Target">
                    <label cBy="KmG" end="23" start="14" name="Target"/>
                </layer>
                <layer rank="1" name="FE">
                    <label cBy="KmG" feID="3745" end="64" start="25" name="Form"/>
                </layer>
                <layer rank="1" name="GF">
                    <label end="64" start="25" name="Head"/>
                </layer>
                <layer rank="1" name="PT">
                    <label end="64" start="25" name="N"/>
                </layer>
                <layer rank="1" name="Other"/>
                <layer rank="1" name="Sent"/>
                <layer rank="1" name="Adj"/>
            </annotationSet>
        </sentence>
        <sentence corpID="111" docID="421" sentNo="1" paragNo="273" aPos="50937893" ID="1410245">
            <text>One reason for the length of the definitions is that English is a highly polysemous language , and within a typical entry there will be separate definitions for every sense of the word .</text>
            <annotationSet cDate="01/05/2007 11:08:22 PST Fri" status="UNANN" ID="2268330">
                <layer rank="1" name="PENN">
                    <label end="2" start="0" name="cd"/>
                    <label end="9" start="4" name="nn"/>
                    <label end="13" start="11" name="in"/>
                    <label end="17" start="15" name="dt"/>
                    <label end="24" start="19" name="nn"/>
                    <label end="27" start="26" name="in"/>
                    <label end="31" start="29" name="dt"/>
                    <label end="43" start="33" name="nns"/>
                    <label end="46" start="45" name="VBZ"/>
                    <label end="51" start="48" name="in"/>
                    <label end="59" start="53" name="NP"/>
                    <label end="62" start="61" name="VBZ"/>
                    <label end="64" start="64" name="dt"/>
                    <label end="71" start="66" name="rb"/>
                    <label end="82" start="73" name="jj"/>
                    <label end="91" start="84" name="nn"/>
                    <label end="93" start="93" name=","/>
                    <label end="97" start="95" name="cc"/>
                    <label end="104" start="99" name="in"/>
                    <label end="106" start="106" name="dt"/>
                    <label end="114" start="108" name="jj"/>
                    <label end="120" start="116" name="nn"/>
                    <label end="126" start="122" name="ex"/>
                    <label end="131" start="128" name="md"/>
                    <label end="134" start="133" name="vb"/>
                    <label end="143" start="136" name="jj"/>
                    <label end="155" start="145" name="nns"/>
                    <label end="159" start="157" name="in"/>
                    <label end="165" start="161" name="dt"/>
                    <label end="171" start="167" name="nn"/>
                    <label end="174" start="173" name="in"/>
                    <label end="178" start="176" name="dt"/>
                    <label end="183" start="180" name="nn"/>
                    <label end="185" start="185" name="sent"/>
                </layer>
                <layer rank="1" name="NER"/>
                <layer rank="1" name="WSL"/>
            </annotationSet>
            <annotationSet cDate="01/05/2007 11:08:22 PST Fri" status="MANUAL" ID="2268331">
                <layer rank="1" name="Target">
                    <label cBy="KmG" end="82" start="73" name="Target"/>
                </layer>
                <layer rank="1" name="FE">
                    <label cBy="KmG" feID="10951" end="71" start="66" name="Degree"/>
                    <label cBy="KmG" feID="3745" end="91" start="84" name="Form"/>
                </layer>
                <layer rank="1" name="GF">
                    <label end="71" start="66" name="Dep"/>
                    <label end="91" start="84" name="Head"/>
                </layer>
                <layer rank="1" name="PT">
                    <label end="71" start="66" name="AVP"/>
                    <label end="91" start="84" name="N"/>
                </layer>
                <layer rank="1" name="Other"/>
                <layer rank="1" name="Sent"/>
                <layer rank="1" name="Adj"/>
            </annotationSet>
        </sentence>
    </subCorpus>
</lexUnit>