<?xml version="1.0" encoding="UTF-8" standalone="yes"?>
<?xml-stylesheet type="text/xsl" href="lexUnit.xsl"?>
<lexUnit status="Finished_Initial" POS="N" name="pet name.n" ID="7452" frame="Being_named" frameID="228" totalAnnotated="5" xsi:schemaLocation="../schema/lexUnit.xsd" xmlns="http://framenet.icsi.berkeley.edu" xmlns:xsi="http://www.w3.org/2001/XMLSchema-instance">
    <header>
        <frame>
            <FE fgColor="000000" bgColor="FFFF00" type="Peripheral" abbrev="con" name="Context"/>
            <FE fgColor="000000" bgColor="FFA500" type="Extra-Thematic" abbrev="des" name="Descriptor"/>
            <FE fgColor="FFFFFF" bgColor="9F79EE" type="Core" abbrev="Entity" name="Entity"/>
            <FE fgColor="000000" bgColor="2E8B57" type="Extra-Thematic" abbrev="ent" name="Etymological_root"/>
            <FE fgColor="FFFFFF" bgColor="008000" type="Peripheral" abbrev="Lang" name="Language"/>
            <FE fgColor="FFFFFF" bgColor="0000FF" type="Core" abbrev="Name" name="Name"/>
            <FE fgColor="FFFFFF" bgColor="800080" type="Peripheral" abbrev="Type" name="Type"/>
        </frame>
    </header>
    <definition>FN: a term of endearment used to refer to somebody</definition>
    <lexeme order="1" headword="false" breakBefore="false" POS="N" name="pet"/>
    <lexeme order="2" headword="true" breakBefore="false" POS="N" name="name"/>
    <valences>
        <FERealization total="5">
            <FE name="Entity"/>
            <pattern total="2">
                <valenceUnit GF="Dep" PT="PP[for]" FE="Entity"/>
                <annoSet ID="1776143"/>
                <annoSet ID="1776155"/>
            </pattern>
            <pattern total="3">
                <valenceUnit GF="Gen" PT="Poss" FE="Entity"/>
                <annoSet ID="1776145"/>
                <annoSet ID="1776147"/>
                <annoSet ID="1776167"/>
            </pattern>
        </FERealization>
        <FERealization total="5">
            <FE name="Name"/>
            <pattern total="5">
                <valenceUnit GF="" PT="DEN" FE="Name"/>
                <annoSet ID="1776143"/>
                <annoSet ID="1776145"/>
                <annoSet ID="1776147"/>
                <annoSet ID="1776155"/>
                <annoSet ID="1776167"/>
            </pattern>
        </FERealization>
        <FEGroupRealization total="5">
            <FE name="Entity"/>
            <FE name="Name"/>
            <pattern total="2">
                <valenceUnit GF="Dep" PT="PP[for]" FE="Entity"/>
                <valenceUnit GF="" PT="DEN" FE="Name"/>
                <annoSet ID="1776143"/>
                <annoSet ID="1776155"/>
            </pattern>
            <pattern total="3">
                <valenceUnit GF="Gen" PT="Poss" FE="Entity"/>
                <valenceUnit GF="" PT="DEN" FE="Name"/>
                <annoSet ID="1776145"/>
                <annoSet ID="1776147"/>
                <annoSet ID="1776167"/>
            </pattern>
        </FEGroupRealization>
    </valences>
    <subCorpus name="N-001-all">
        <sentence sentNo="0" aPos="56882451" ID="1162904">
            <text>With no idea of where he was , the boy repeatedly and imploringly called out some private word that might have been a pet name for his father or mother . </text>
            <annotationSet cDate="01/08/2003 05:01:02 PST Wed" status="UNANN" ID="1776142">
                <layer rank="1" name="BNC">
                    <label end="3" start="0" name="PRP"/>
                    <label end="6" start="5" name="AT0"/>
                    <label end="11" start="8" name="NN1"/>
                    <label end="14" start="13" name="PRF"/>
                    <label end="20" start="16" name="AVQ"/>
                    <label end="23" start="22" name="PNP"/>
                    <label end="27" start="25" name="VBD"/>
                    <label end="29" start="29" name="PUN"/>
                    <label end="33" start="31" name="AT0"/>
                    <label end="37" start="35" name="NN1"/>
                    <label end="48" start="39" name="AV0"/>
                    <label end="52" start="50" name="CJC"/>
                    <label end="64" start="54" name="AV0"/>
                    <label end="71" start="66" name="VVN"/>
                    <label end="75" start="73" name="AVP"/>
                    <label end="80" start="77" name="DT0"/>
                    <label end="88" start="82" name="AJ0"/>
                    <label end="93" start="90" name="NN1"/>
                    <label end="98" start="95" name="CJT"/>
                    <label end="104" start="100" name="VM0"/>
                    <label end="109" start="106" name="VHI"/>
                    <label end="114" start="111" name="VBN"/>
                    <label end="116" start="116" name="AT0"/>
                    <label end="120" start="118" name="AJ0"/>
                    <label end="125" start="122" name="NN1"/>
                    <label end="129" start="127" name="PRP"/>
                    <label end="133" start="131" name="DPS"/>
                    <label end="140" start="135" name="NN1"/>
                    <label end="143" start="142" name="CJC"/>
                    <label end="150" start="145" name="NN1"/>
                    <label end="152" start="152" name="PUN"/>
                </layer>
                <layer rank="1" name="NER"/>
                <layer rank="1" name="WSL"/>
            </annotationSet>
            <annotationSet cDate="01/08/2003 05:01:02 PST Wed" status="MANUAL" ID="1776143">
                <layer rank="1" name="FE">
                    <label cBy="RLG" feID="1858" end="125" start="118" name="Name"/>
                    <label cBy="RLG" feID="1859" end="150" start="127" name="Entity"/>
                </layer>
                <layer rank="1" name="GF">
                    <label end="150" start="127" name="Dep"/>
                </layer>
                <layer rank="1" name="PT">
                    <label end="150" start="127" name="PP"/>
                </layer>
                <layer rank="1" name="Sent"/>
                <layer rank="1" name="Other"/>
                <layer rank="1" name="Target">
                    <label cBy="EGp" end="120" start="118" name="Target"/>
                    <label cBy="EGp" end="125" start="122" name="Target"/>
                </layer>
                <layer rank="1" name="Noun"/>
            </annotationSet>
        </sentence>
        <sentence sentNo="0" aPos="57113616" ID="1162905">
            <text>You 'll find a lot of churches dedicated to St Mungo -- it was Kentigern 's pet name . </text>
            <annotationSet cDate="01/08/2003 05:01:02 PST Wed" status="UNANN" ID="1776144">
                <layer rank="1" name="BNC">
                    <label end="2" start="0" name="PNP"/>
                    <label end="6" start="4" name="VM0"/>
                    <label end="11" start="8" name="VVI"/>
                    <label end="13" start="13" name="AT0"/>
                    <label end="17" start="15" name="NN1"/>
                    <label end="20" start="19" name="PRF"/>
                    <label end="29" start="22" name="NN2"/>
                    <label end="39" start="31" name="VVD-VVN"/>
                    <label end="42" start="41" name="PRP"/>
                    <label end="45" start="44" name="NP0"/>
                    <label end="51" start="47" name="NP0"/>
                    <label end="54" start="53" name="PUN"/>
                    <label end="57" start="56" name="PNP"/>
                    <label end="61" start="59" name="VBD"/>
                    <label end="71" start="63" name="NP0"/>
                    <label end="74" start="73" name="POS"/>
                    <label end="78" start="76" name="AJ0-NN1"/>
                    <label end="83" start="80" name="NN1"/>
                    <label end="85" start="85" name="PUN"/>
                </layer>
                <layer rank="1" name="NER"/>
                <layer rank="1" name="WSL"/>
            </annotationSet>
            <annotationSet cDate="01/08/2003 05:01:02 PST Wed" status="MANUAL" ID="1776145">
                <layer rank="1" name="FE">
                    <label cBy="RLG" feID="1859" end="74" start="63" name="Entity"/>
                    <label cBy="RLG" feID="1858" end="83" start="76" name="Name"/>
                </layer>
                <layer rank="1" name="GF">
                    <label end="74" start="63" name="Gen"/>
                </layer>
                <layer rank="1" name="PT">
                    <label end="74" start="63" name="Poss"/>
                </layer>
                <layer rank="1" name="Sent"/>
                <layer rank="1" name="Other"/>
                <layer rank="1" name="Target">
                    <label cBy="EGp" end="78" start="76" name="Target"/>
                    <label cBy="EGp" end="83" start="80" name="Target"/>
                </layer>
                <layer rank="1" name="Noun"/>
            </annotationSet>
        </sentence>
        <sentence sentNo="0" aPos="59025367" ID="1162906">
            <text>Rabbi Moishe was the only one of the family who had always called his grandson by his Yiddish pet name . </text>
            <annotationSet cDate="01/08/2003 05:01:02 PST Wed" status="UNANN" ID="1776146">
                <layer rank="1" name="BNC">
                    <label end="4" start="0" name="NP0"/>
                    <label end="11" start="6" name="NP0"/>
                    <label end="15" start="13" name="VBD"/>
                    <label end="19" start="17" name="AT0"/>
                    <label end="24" start="21" name="AJ0"/>
                    <label end="28" start="26" name="PNI"/>
                    <label end="31" start="30" name="PRF"/>
                    <label end="35" start="33" name="AT0"/>
                    <label end="42" start="37" name="NN0"/>
                    <label end="46" start="44" name="PNQ"/>
                    <label end="50" start="48" name="VHD"/>
                    <label end="57" start="52" name="AV0"/>
                    <label end="64" start="59" name="VVN"/>
                    <label end="68" start="66" name="DPS"/>
                    <label end="77" start="70" name="NN1"/>
                    <label end="80" start="79" name="PRP"/>
                    <label end="84" start="82" name="DPS"/>
                    <label end="92" start="86" name="AJ0"/>
                    <label end="96" start="94" name="NN1"/>
                    <label end="101" start="98" name="NN1"/>
                    <label end="103" start="103" name="PUN"/>
                </layer>
                <layer rank="1" name="NER"/>
                <layer rank="1" name="WSL"/>
            </annotationSet>
            <annotationSet cDate="01/08/2003 05:01:02 PST Wed" status="MANUAL" ID="1776147">
                <layer rank="1" name="FE">
                    <label cBy="RLG" feID="1859" end="84" start="82" name="Entity"/>
                    <label cBy="RLG" feID="1858" end="101" start="94" name="Name"/>
                </layer>
                <layer rank="1" name="GF">
                    <label end="84" start="82" name="Gen"/>
                </layer>
                <layer rank="1" name="PT">
                    <label end="84" start="82" name="Poss"/>
                </layer>
                <layer rank="1" name="Sent"/>
                <layer rank="1" name="Other"/>
                <layer rank="1" name="Target">
                    <label cBy="EGp" end="96" start="94" name="Target"/>
                    <label cBy="EGp" end="101" start="98" name="Target"/>
                </layer>
                <layer rank="1" name="Noun"/>
            </annotationSet>
        </sentence>
        <sentence sentNo="0" aPos="73527628" ID="1162910">
            <text>&quot; La Cicatrice &quot; had been his pet name for her . </text>
            <annotationSet cDate="01/08/2003 05:01:03 PST Wed" status="UNANN" ID="1776154">
                <layer rank="1" name="BNC">
                    <label end="0" start="0" name="PUQ"/>
                    <label end="3" start="2" name="NP0"/>
                    <label end="13" start="5" name="NP0"/>
                    <label end="15" start="15" name="PUQ"/>
                    <label end="19" start="17" name="VHD"/>
                    <label end="24" start="21" name="VBN"/>
                    <label end="28" start="26" name="DPS"/>
                    <label end="32" start="30" name="AJ0"/>
                    <label end="37" start="34" name="NN1"/>
                    <label end="41" start="39" name="PRP"/>
                    <label end="45" start="43" name="PNP"/>
                    <label end="47" start="47" name="PUN"/>
                </layer>
                <layer rank="1" name="NER"/>
                <layer rank="1" name="WSL"/>
            </annotationSet>
            <annotationSet cDate="01/08/2003 05:01:03 PST Wed" status="MANUAL" ID="1776155">
                <layer rank="1" name="FE">
                    <label cBy="RLG" feID="1858" end="37" start="30" name="Name"/>
                    <label cBy="RLG" feID="1859" end="45" start="39" name="Entity"/>
                </layer>
                <layer rank="1" name="GF">
                    <label end="45" start="39" name="Dep"/>
                </layer>
                <layer rank="1" name="PT">
                    <label end="45" start="39" name="PP"/>
                </layer>
                <layer rank="1" name="Sent"/>
                <layer rank="1" name="Other"/>
                <layer rank="1" name="Target">
                    <label cBy="EGp" end="32" start="30" name="Target"/>
                    <label cBy="EGp" end="37" start="34" name="Target"/>
                </layer>
                <layer rank="1" name="Noun"/>
            </annotationSet>
        </sentence>
        <sentence sentNo="0" aPos="101174837" ID="1162916">
            <text>` Come along , Rory , &quot; he said softly , and the unexpected sound of her pet name on his lips sent a strange shiver along her spine . </text>
            <annotationSet cDate="01/08/2003 05:01:03 PST Wed" status="UNANN" ID="1776166">
                <layer rank="1" name="BNC">
                    <label end="0" start="0" name="PUQ"/>
                    <label end="5" start="2" name="VVB"/>
                    <label end="11" start="7" name="AVP"/>
                    <label end="13" start="13" name="PUN"/>
                    <label end="18" start="15" name="NN1-NP0"/>
                    <label end="20" start="20" name="PUN"/>
                    <label end="22" start="22" name="PUQ"/>
                    <label end="25" start="24" name="PNP"/>
                    <label end="30" start="27" name="VVD"/>
                    <label end="37" start="32" name="AV0"/>
                    <label end="39" start="39" name="PUN"/>
                    <label end="43" start="41" name="CJC"/>
                    <label end="47" start="45" name="AT0"/>
                    <label end="58" start="49" name="AJ0"/>
                    <label end="64" start="60" name="NN1"/>
                    <label end="67" start="66" name="PRF"/>
                    <label end="71" start="69" name="DPS"/>
                    <label end="75" start="73" name="AJ0-NN1"/>
                    <label end="80" start="77" name="NN1"/>
                    <label end="83" start="82" name="PRP"/>
                    <label end="87" start="85" name="DPS"/>
                    <label end="92" start="89" name="NN2"/>
                    <label end="97" start="94" name="VVD-VVN"/>
                    <label end="99" start="99" name="AT0"/>
                    <label end="107" start="101" name="AJ0"/>
                    <label end="114" start="109" name="NN1"/>
                    <label end="120" start="116" name="PRP"/>
                    <label end="124" start="122" name="DPS"/>
                    <label end="130" start="126" name="NN1"/>
                    <label end="132" start="132" name="PUN"/>
                </layer>
                <layer rank="1" name="NER"/>
                <layer rank="1" name="WSL"/>
            </annotationSet>
            <annotationSet cDate="01/08/2003 05:01:03 PST Wed" status="MANUAL" ID="1776167">
                <layer rank="1" name="FE">
                    <label cBy="RLG" feID="1859" end="71" start="69" name="Entity"/>
                    <label cBy="RLG" feID="1858" end="80" start="73" name="Name"/>
                </layer>
                <layer rank="1" name="GF">
                    <label end="71" start="69" name="Gen"/>
                </layer>
                <layer rank="1" name="PT">
                    <label end="71" start="69" name="Poss"/>
                </layer>
                <layer rank="1" name="Sent"/>
                <layer rank="1" name="Other"/>
                <layer rank="1" name="Target">
                    <label cBy="EGp" end="75" start="73" name="Target"/>
                    <label cBy="EGp" end="80" start="77" name="Target"/>
                </layer>
                <layer rank="1" name="Noun"/>
            </annotationSet>
        </sentence>
    </subCorpus>
</lexUnit>