<?xml version="1.0" encoding="UTF-8" standalone="yes"?>
<?xml-stylesheet type="text/xsl" href="lexUnit.xsl"?>
<lexUnit status="Created" POS="N" name="extension.n" ID="7488" frame="Linguistic_meaning" frameID="406" totalAnnotated="0" xsi:schemaLocation="../schema/lexUnit.xsd" xmlns="http://framenet.icsi.berkeley.edu" xmlns:xsi="http://www.w3.org/2001/XMLSchema-instance">
    <header>
        <frame>
            <FE fgColor="FFFFFF" bgColor="FF69B4" type="Extra-Thematic" abbrev="" name="Degree"/>
            <FE fgColor="FFFFFF" bgColor="006400" type="Core" abbrev="Form" name="Form"/>
            <FE fgColor="FFFFFF" bgColor="9400D3" type="Core" abbrev="Meaning" name="Meaning"/>
            <FE fgColor="FFFFFF" bgColor="FF0000" type="Core" abbrev="Referent" name="Referent"/>
            <FE fgColor="FFFFFF" bgColor="0000FF" type="Extra-Thematic" abbrev="Tex" name="Textual_location"/>
        </frame>
    </header>
    <definition>COD: the range of a term or concept as measured by the objects which it denotes or contains</definition>
    <lexeme POS="N" name="extension"/>
    <valences/>
</lexUnit>