<?xml version="1.0" encoding="UTF-8" standalone="yes"?>
<?xml-stylesheet type="text/xsl" href="lexUnit.xsl"?>
<lexUnit status="Created" POS="N" name="pioneer.n" ID="7449" frame="Achieving_first" frameID="403" totalAnnotated="2" xsi:schemaLocation="../schema/lexUnit.xsd" xmlns="http://framenet.icsi.berkeley.edu" xmlns:xsi="http://www.w3.org/2001/XMLSchema-instance">
    <header>
        <corpus description="American National Corpus Texts" name="ANC" ID="195">
            <document description="Berlitz History of Las Vegas" name="HistoryOfLasVegas" ID="23691"/>
        </corpus>
        <frame>
            <FE fgColor="FFFFFF" bgColor="9400D3" type="Peripheral" abbrev="" name="Basis"/>
            <FE fgColor="FFFFFF" bgColor="FF0000" type="Core" abbrev="Cog" name="Cognizer"/>
            <FE fgColor="FFFFFF" bgColor="90876C" type="Extra-Thematic" abbrev="Exp" name="Explanation"/>
            <FE fgColor="FFFFFF" bgColor="1E90FF" type="Peripheral" abbrev="Fld" name="Field"/>
            <FE fgColor="FFFFFF" bgColor="A9A9A9" type="Peripheral" abbrev="Instr" name="Instrument"/>
            <FE fgColor="FFFFFF" bgColor="00BFFF" type="Extra-Thematic" abbrev="" name="Location_of_appearance"/>
            <FE fgColor="FFFFFF" bgColor="FF00FF" type="Peripheral" abbrev="Mnr" name="Manner"/>
            <FE fgColor="FFFFFF" bgColor="A52A2A" type="Peripheral" abbrev="Mns" name="Means"/>
            <FE fgColor="FFFFFF" bgColor="0000FF" type="Core" abbrev="New" name="New_idea"/>
            <FE fgColor="FFFFFF" bgColor="008000" type="Peripheral" abbrev="Place" name="Place"/>
            <FE fgColor="FFFFFF" bgColor="800080" type="Peripheral" abbrev="Purp" name="Purpose"/>
            <FE fgColor="FFFFFF" bgColor="FFA500" type="Peripheral" abbrev="Time" name="Time"/>
        </frame>
    </header>
    <definition>FN: one who goes first into unknown territory or who is the first to develop a process or product in a new field of thought</definition>
    <lexeme POS="N" name="pioneer"/>
    <valences>
        <FERealization total="2">
            <FE name="Cognizer"/>
            <pattern total="2">
                <valenceUnit GF="" PT="DEN" FE="Cognizer"/>
                <annoSet ID="6544006"/>
                <annoSet ID="6544351"/>
            </pattern>
        </FERealization>
        <FERealization total="1">
            <FE name="New_idea"/>
            <pattern total="1">
                <valenceUnit GF="" PT="INI" FE="New_idea"/>
                <annoSet ID="6544351"/>
            </pattern>
        </FERealization>
        <FEGroupRealization total="1">
            <FE name="Cognizer"/>
            <pattern total="1">
                <valenceUnit GF="" PT="DEN" FE="Cognizer"/>
                <annoSet ID="6544006"/>
            </pattern>
        </FEGroupRealization>
        <FEGroupRealization total="1">
            <FE name="Cognizer"/>
            <FE name="New_idea"/>
            <pattern total="1">
                <valenceUnit GF="" PT="DEN" FE="Cognizer"/>
                <valenceUnit GF="" PT="INI" FE="New_idea"/>
                <annoSet ID="6544351"/>
            </pattern>
        </FEGroupRealization>
    </valences>
    <subCorpus name="manually-added">
        <sentence corpID="195" docID="23691" sentNo="3" paragNo="11" aPos="0" ID="4101054">
            <text>Bestowed with plenty of the invaluable pioneer spirit that characterizes Las Vegas to this day , Gass redirected his life by picking up where the Mormons left off -- at least when it came to ranching and farming .</text>
            <annotationSet cDate="03/12/2007 02:46:38 PDT Mon" status="UNANN" ID="6541847">
                <layer rank="1" name="PENN">
                    <label end="7" start="0" name="VVN"/>
                    <label end="12" start="9" name="in"/>
                    <label end="19" start="14" name="nn"/>
                    <label end="22" start="21" name="in"/>
                    <label end="26" start="24" name="dt"/>
                    <label end="37" start="28" name="jj"/>
                    <label end="45" start="39" name="nn"/>
                    <label end="52" start="47" name="nn"/>
                    <label end="57" start="54" name="wdt"/>
                    <label end="71" start="59" name="VVZ"/>
                    <label end="75" start="73" name="NP"/>
                    <label end="81" start="77" name="NP"/>
                    <label end="84" start="83" name="to"/>
                    <label end="89" start="86" name="dt"/>
                    <label end="93" start="91" name="nn"/>
                    <label end="95" start="95" name=","/>
                    <label end="100" start="97" name="NP"/>
                    <label end="111" start="102" name="VVD"/>
                    <label end="115" start="113" name="PP$"/>
                    <label end="120" start="117" name="nn"/>
                    <label end="123" start="122" name="in"/>
                    <label end="131" start="125" name="VVG"/>
                    <label end="134" start="133" name="rp"/>
                    <label end="140" start="136" name="wrb"/>
                    <label end="144" start="142" name="dt"/>
                    <label end="152" start="146" name="nns"/>
                    <label end="157" start="154" name="VVD"/>
                    <label end="161" start="159" name="rp"/>
                    <label end="164" start="163" name=":"/>
                    <label end="167" start="166" name="in"/>
                    <label end="173" start="169" name="jjs"/>
                    <label end="178" start="175" name="wrb"/>
                    <label end="181" start="180" name="PP"/>
                    <label end="186" start="183" name="VVD"/>
                    <label end="189" start="188" name="to"/>
                    <label end="198" start="191" name="VVG"/>
                    <label end="202" start="200" name="cc"/>
                    <label end="210" start="204" name="VVG"/>
                    <label end="212" start="212" name="sent"/>
                </layer>
                <layer rank="1" name="NER">
                    <label end="81" start="73" name="location"/>
                    <label end="100" start="97" name="person"/>
                </layer>
                <layer rank="1" name="WSL">
                    <label end="12" start="9" name="NT"/>
                    <label end="22" start="21" name="NT"/>
                    <label end="26" start="24" name="NT"/>
                    <label end="57" start="54" name="NT"/>
                    <label end="75" start="73" name="NT"/>
                    <label end="81" start="77" name="NT"/>
                    <label end="89" start="86" name="NT"/>
                    <label end="95" start="95" name="NT"/>
                    <label end="100" start="97" name="NT"/>
                    <label end="115" start="113" name="NT"/>
                    <label end="123" start="122" name="NT"/>
                    <label end="134" start="133" name="NT"/>
                    <label end="140" start="136" name="NT"/>
                    <label end="144" start="142" name="NT"/>
                    <label end="161" start="159" name="NT"/>
                    <label end="164" start="163" name="NT"/>
                    <label end="167" start="166" name="NT"/>
                    <label end="178" start="175" name="NT"/>
                    <label end="181" start="180" name="NT"/>
                    <label end="189" start="188" name="NT"/>
                    <label end="202" start="200" name="NT"/>
                    <label end="212" start="212" name="NT"/>
                    <label end="93" start="91" name="NT"/>
                    <label end="120" start="117" name="Nonrelational"/>
                    <label end="173" start="169" name="NT"/>
                    <label end="186" start="183" name="NT"/>
                </layer>
            </annotationSet>
            <annotationSet cDate="04/03/2007 04:21:47 PDT Tue" status="MANUAL" ID="6544006">
                <layer rank="1" name="Target">
                    <label cBy="KmG" end="45" start="39" name="Target"/>
                </layer>
                <layer rank="1" name="FE">
                    <label cBy="KmG" feID="3725" end="45" start="39" name="Cognizer"/>
                </layer>
                <layer rank="1" name="GF"/>
                <layer rank="1" name="PT"/>
                <layer rank="1" name="Other"/>
                <layer rank="1" name="Sent"/>
                <layer rank="1" name="Noun"/>
            </annotationSet>
        </sentence>
        <sentence corpID="195" docID="23691" sentNo="1" paragNo="18" aPos="0" ID="4101078">
            <text>Las Vegas was no longer a small pioneer settlement .</text>
            <annotationSet cDate="03/12/2007 02:46:54 PDT Mon" status="UNANN" ID="6541871">
                <layer rank="1" name="PENN">
                    <label end="2" start="0" name="NP"/>
                    <label end="8" start="4" name="NP"/>
                    <label end="12" start="10" name="VBD"/>
                    <label end="15" start="14" name="rb"/>
                    <label end="22" start="17" name="rbr"/>
                    <label end="24" start="24" name="dt"/>
                    <label end="30" start="26" name="jj"/>
                    <label end="38" start="32" name="nn"/>
                    <label end="49" start="40" name="nn"/>
                    <label end="51" start="51" name="sent"/>
                </layer>
                <layer rank="1" name="NER">
                    <label end="8" start="0" name="location"/>
                </layer>
                <layer rank="1" name="WSL">
                    <label end="2" start="0" name="NT"/>
                    <label end="8" start="4" name="NT"/>
                    <label end="12" start="10" name="NT"/>
                    <label end="24" start="24" name="NT"/>
                    <label end="51" start="51" name="NT"/>
                </layer>
            </annotationSet>
            <annotationSet cDate="08/01/2007 03:23:22 PDT Wed" status="MANUAL" ID="6544351">
                <layer rank="1" name="Target">
                    <label cBy="KmG" end="38" start="32" name="Target"/>
                </layer>
                <layer rank="1" name="FE">
                    <label cBy="KmG" feID="3725" end="38" start="32" name="Cognizer"/>
                    <label cBy="KmG" feID="3726" itype="INI" name="New_idea"/>
                </layer>
                <layer rank="1" name="GF"/>
                <layer rank="1" name="PT"/>
                <layer rank="1" name="Other"/>
                <layer rank="1" name="Sent"/>
                <layer rank="1" name="Noun"/>
            </annotationSet>
        </sentence>
    </subCorpus>
</lexUnit>