<?xml version="1.0" encoding="UTF-8" standalone="yes"?>
<?xml-stylesheet type="text/xsl" href="lexUnit.xsl"?>
<lexUnit status="Finished_Initial" POS="N" name="junket.n" ID="7527" frame="Travel" frameID="343" totalAnnotated="5" xsi:schemaLocation="../schema/lexUnit.xsd" xmlns="http://framenet.icsi.berkeley.edu" xmlns:xsi="http://www.w3.org/2001/XMLSchema-instance">
    <header>
        <frame>
            <FE fgColor="FFFFFF" bgColor="FF69B4" type="Core" abbrev="Area" name="Area"/>
            <FE fgColor="FFFFFF" bgColor="808080" type="Peripheral" abbrev="Bag" name="Baggage"/>
            <FE fgColor="FFFFFF" bgColor="9F79EE" type="Extra-Thematic" abbrev="co-p" name="Co-participant"/>
            <FE fgColor="FFFFFF" bgColor="9400D3" type="Extra-Thematic" abbrev="Depict" name="Depictive"/>
            <FE fgColor="000000" bgColor="EEE8AA" type="Extra-Thematic" abbrev="" name="Descriptor"/>
            <FE fgColor="000000" bgColor="d0d0d0" type="Core" abbrev="dir" name="Direction"/>
            <FE fgColor="FFFFFF" bgColor="006400" type="Peripheral" abbrev="Dist" name="Distance"/>
            <FE fgColor="000000" bgColor="FFFF00" type="Peripheral" abbrev="Dur" name="Duration"/>
            <FE fgColor="FFFFFF" bgColor="7CCD7C" type="Extra-Thematic" abbrev="Exp" name="Explanation"/>
            <FE fgColor="FFFFFF" bgColor="008000" type="Extra-Thematic" abbrev="Freq" name="Frequency"/>
            <FE fgColor="FFFFFF" bgColor="00BFFF" type="Core" abbrev="Goal" name="Goal"/>
            <FE fgColor="FFFFFF" bgColor="800080" type="Extra-Thematic" abbrev="Iter" name="Iterations"/>
            <FE fgColor="FFFFFF" bgColor="FF00FF" type="Peripheral" abbrev="Manr" name="Manner"/>
            <FE fgColor="FFFFFF" bgColor="A52A2A" type="Peripheral" abbrev="Mns" name="Means"/>
            <FE fgColor="FFFFFF" bgColor="00008B" type="Core" abbrev="MoT" name="Mode_of_transportation"/>
            <FE fgColor="FFFFFF" bgColor="0000FF" type="Core" abbrev="Path" name="Path"/>
            <FE fgColor="000000" bgColor="FFA500" type="Extra-Thematic" abbrev="peri" name="Period_of_iterations"/>
            <FE fgColor="FFFFFF" bgColor="9F79EE" type="Peripheral" abbrev="" name="Place"/>
            <FE fgColor="FFFFFF" bgColor="800080" type="Peripheral" abbrev="Purp" name="Purpose"/>
            <FE fgColor="FFFFFF" bgColor="A9A9A9" type="Extra-Thematic" abbrev="Res" name="Result"/>
            <FE fgColor="FFFFFF" bgColor="006400" type="Core" abbrev="Src" name="Source"/>
            <FE fgColor="FFFFFF" bgColor="1E90FF" type="Peripheral" abbrev="Spd" name="Speed"/>
            <FE fgColor="FFFFFF" bgColor="FFA500" type="Peripheral" abbrev="Time" name="Time"/>
            <FE fgColor="FFFFFF" bgColor="FF0000" type="Core" abbrev="Trav" name="Traveler"/>
            <FE fgColor="FFFFFF" bgColor="FF00FF" type="Extra-Thematic" abbrev="Trvl_mns" name="Travel_means"/>
        </frame>
    </header>
    <definition>COD:  an extravagant trip, especially one by an official at public expense</definition>
    <lexeme POS="N" name="junket"/>
    <valences>
        <FERealization total="2">
            <FE name="Area"/>
            <pattern total="1">
                <valenceUnit GF="Dep" PT="AJP" FE="Area"/>
                <annoSet ID="1776887"/>
            </pattern>
            <pattern total="1">
                <valenceUnit GF="Dep" PT="N" FE="Area"/>
                <annoSet ID="1776875"/>
            </pattern>
        </FERealization>
        <FERealization total="3">
            <FE name="Goal"/>
            <pattern total="1">
                <valenceUnit GF="Dep" PT="N" FE="Goal"/>
                <annoSet ID="1776927"/>
            </pattern>
            <pattern total="2">
                <valenceUnit GF="Dep" PT="PP[to]" FE="Goal"/>
                <annoSet ID="1776913"/>
                <annoSet ID="1776919"/>
            </pattern>
        </FERealization>
        <FERealization total="1">
            <FE name="Time"/>
            <pattern total="1">
                <valenceUnit GF="Gen" PT="Poss" FE="Time"/>
                <annoSet ID="1776927"/>
            </pattern>
        </FERealization>
        <FEGroupRealization total="2">
            <FE name="Area"/>
            <pattern total="1">
                <valenceUnit GF="Dep" PT="AJP" FE="Area"/>
                <annoSet ID="1776887"/>
            </pattern>
            <pattern total="1">
                <valenceUnit GF="Dep" PT="N" FE="Area"/>
                <annoSet ID="1776875"/>
            </pattern>
        </FEGroupRealization>
        <FEGroupRealization total="2">
            <FE name="Goal"/>
            <pattern total="2">
                <valenceUnit GF="Dep" PT="PP[to]" FE="Goal"/>
                <annoSet ID="1776913"/>
                <annoSet ID="1776919"/>
            </pattern>
        </FEGroupRealization>
        <FEGroupRealization total="1">
            <FE name="Goal"/>
            <FE name="Time"/>
            <pattern total="1">
                <valenceUnit GF="Dep" PT="N" FE="Goal"/>
                <valenceUnit GF="Gen" PT="Poss" FE="Time"/>
                <annoSet ID="1776927"/>
            </pattern>
        </FEGroupRealization>
    </valences>
    <subCorpus name="N-001-all">
        <sentence sentNo="0" aPos="16878573" ID="1163270">
            <text>On the same Toronto junket , following a rather splendid lunch at the Granite Club with a friend from CFRB , I met Roy Thomson for the first time . </text>
            <annotationSet cDate="01/08/2003 05:01:59 PST Wed" status="UNANN" ID="1776874">
                <layer rank="1" name="BNC">
                    <label end="1" start="0" name="PRP"/>
                    <label end="5" start="3" name="AT0"/>
                    <label end="10" start="7" name="DT0"/>
                    <label end="18" start="12" name="NP0"/>
                    <label end="25" start="20" name="NN1"/>
                    <label end="27" start="27" name="PUN"/>
                    <label end="37" start="29" name="VVG"/>
                    <label end="39" start="39" name="AT0"/>
                    <label end="46" start="41" name="AV0"/>
                    <label end="55" start="48" name="AJ0"/>
                    <label end="61" start="57" name="NN1"/>
                    <label end="64" start="63" name="PRP"/>
                    <label end="68" start="66" name="AT0"/>
                    <label end="76" start="70" name="NN1"/>
                    <label end="81" start="78" name="NN0"/>
                    <label end="86" start="83" name="PRP"/>
                    <label end="88" start="88" name="AT0"/>
                    <label end="95" start="90" name="NN1"/>
                    <label end="100" start="97" name="PRP"/>
                    <label end="105" start="102" name="NN1-NP0"/>
                    <label end="107" start="107" name="PUN"/>
                    <label end="109" start="109" name="PNP"/>
                    <label end="113" start="111" name="VVD"/>
                    <label end="117" start="115" name="NP0"/>
                    <label end="125" start="119" name="NP0"/>
                    <label end="129" start="127" name="PRP"/>
                    <label end="133" start="131" name="AT0"/>
                    <label end="139" start="135" name="ORD"/>
                    <label end="144" start="141" name="NN1"/>
                    <label end="146" start="146" name="PUN"/>
                </layer>
                <layer rank="1" name="NER"/>
                <layer rank="1" name="WSL"/>
            </annotationSet>
            <annotationSet cDate="01/08/2003 05:01:59 PST Wed" status="MANUAL" ID="1776875">
                <layer rank="1" name="FE">
                    <label cBy="RLG" feID="2941" end="18" start="12" name="Area"/>
                </layer>
                <layer rank="1" name="GF">
                    <label end="18" start="12" name="Dep"/>
                </layer>
                <layer rank="1" name="PT">
                    <label end="18" start="12" name="N"/>
                </layer>
                <layer rank="1" name="Sent"/>
                <layer rank="1" name="Other"/>
                <layer rank="1" name="Target">
                    <label cBy="BoC" end="25" start="20" name="Target"/>
                </layer>
                <layer rank="1" name="Noun"/>
            </annotationSet>
        </sentence>
        <sentence sentNo="0" aPos="56973131" ID="1163276">
            <text>The recession abruptly derailed the gravy train on which most in the record industry had ridden through the 1970s ; the generous salaries , inflated expenses and transcontinental junkets . </text>
            <annotationSet cDate="01/08/2003 05:01:59 PST Wed" status="UNANN" ID="1776886">
                <layer rank="1" name="BNC">
                    <label end="2" start="0" name="AT0"/>
                    <label end="12" start="4" name="NN1"/>
                    <label end="21" start="14" name="AV0"/>
                    <label end="30" start="23" name="VVD"/>
                    <label end="34" start="32" name="AT0"/>
                    <label end="40" start="36" name="NN1"/>
                    <label end="46" start="42" name="NN1-VVB"/>
                    <label end="49" start="48" name="PRP"/>
                    <label end="55" start="51" name="DTQ"/>
                    <label end="60" start="57" name="AV0"/>
                    <label end="63" start="62" name="PRP"/>
                    <label end="67" start="65" name="AT0"/>
                    <label end="74" start="69" name="NN1"/>
                    <label end="83" start="76" name="NN1"/>
                    <label end="87" start="85" name="VHD"/>
                    <label end="94" start="89" name="VVN"/>
                    <label end="102" start="96" name="PRP"/>
                    <label end="106" start="104" name="AT0"/>
                    <label end="112" start="108" name="CRD"/>
                    <label end="114" start="114" name="PUN"/>
                    <label end="118" start="116" name="AT0"/>
                    <label end="127" start="120" name="AJ0"/>
                    <label end="136" start="129" name="NN2"/>
                    <label end="138" start="138" name="PUN"/>
                    <label end="147" start="140" name="AJ0-VVD"/>
                    <label end="156" start="149" name="NN2"/>
                    <label end="160" start="158" name="CJC"/>
                    <label end="177" start="162" name="AJ0"/>
                    <label end="185" start="179" name="NN2"/>
                    <label end="187" start="187" name="PUN"/>
                </layer>
                <layer rank="1" name="NER"/>
                <layer rank="1" name="WSL"/>
            </annotationSet>
            <annotationSet cDate="01/08/2003 05:01:59 PST Wed" status="MANUAL" ID="1776887">
                <layer rank="1" name="FE">
                    <label cBy="RLG" feID="2941" end="177" start="162" name="Area"/>
                </layer>
                <layer rank="1" name="GF">
                    <label end="177" start="162" name="Dep"/>
                </layer>
                <layer rank="1" name="PT">
                    <label end="177" start="162" name="AJP"/>
                </layer>
                <layer rank="1" name="Sent"/>
                <layer rank="1" name="Other"/>
                <layer rank="1" name="Target">
                    <label cBy="BoC" end="185" start="179" name="Target"/>
                </layer>
                <layer rank="1" name="Noun"/>
            </annotationSet>
        </sentence>
        <sentence sentNo="0" aPos="90023498" ID="1163289">
            <text>` Well , they like going on junkets to exotic places . &quot; </text>
            <annotationSet cDate="01/08/2003 05:02:01 PST Wed" status="UNANN" ID="1776912">
                <layer rank="1" name="BNC">
                    <label end="0" start="0" name="PUQ"/>
                    <label end="5" start="2" name="ITJ"/>
                    <label end="7" start="7" name="PUN"/>
                    <label end="12" start="9" name="PNP"/>
                    <label end="17" start="14" name="VVB"/>
                    <label end="23" start="19" name="VVG"/>
                    <label end="26" start="25" name="PRP"/>
                    <label end="34" start="28" name="NN2"/>
                    <label end="37" start="36" name="PRP"/>
                    <label end="44" start="39" name="AJ0"/>
                    <label end="51" start="46" name="NN2"/>
                    <label end="53" start="53" name="PUN"/>
                    <label end="55" start="55" name="PUQ"/>
                </layer>
                <layer rank="1" name="NER"/>
                <layer rank="1" name="WSL"/>
            </annotationSet>
            <annotationSet cDate="01/08/2003 05:02:01 PST Wed" status="MANUAL" ID="1776913">
                <layer rank="1" name="FE">
                    <label cBy="RLG" feID="2945" end="51" start="36" name="Goal"/>
                </layer>
                <layer rank="1" name="GF">
                    <label end="51" start="36" name="Dep"/>
                </layer>
                <layer rank="1" name="PT">
                    <label end="51" start="36" name="PP"/>
                </layer>
                <layer rank="1" name="Sent"/>
                <layer rank="1" name="Other"/>
                <layer rank="1" name="Target">
                    <label cBy="BoC" end="34" start="28" name="Target"/>
                </layer>
                <layer rank="1" name="Noun">
                    <label end="23" start="19" name="Gov"/>
                    <label end="51" start="25" name="X"/>
                </layer>
            </annotationSet>
        </sentence>
        <sentence sentNo="0" aPos="99066041" ID="1163292">
            <text>Leaving the visits to Brussels aside , for I assume that these were entirely legitimate , what do we find when we start to unravel the mysterious secrecy surrounding the civic junkets to far off lands ? </text>
            <annotationSet cDate="01/08/2003 05:02:01 PST Wed" status="UNANN" ID="1776918">
                <layer rank="1" name="BNC">
                    <label end="6" start="0" name="VVG"/>
                    <label end="10" start="8" name="AT0"/>
                    <label end="17" start="12" name="NN2"/>
                    <label end="20" start="19" name="PRP"/>
                    <label end="29" start="22" name="NP0"/>
                    <label end="35" start="31" name="AV0"/>
                    <label end="37" start="37" name="PUN"/>
                    <label end="41" start="39" name="CJS"/>
                    <label end="43" start="43" name="PNP"/>
                    <label end="50" start="45" name="VVB"/>
                    <label end="55" start="52" name="CJT"/>
                    <label end="61" start="57" name="DT0"/>
                    <label end="66" start="63" name="VBD"/>
                    <label end="75" start="68" name="AV0"/>
                    <label end="86" start="77" name="AJ0"/>
                    <label end="88" start="88" name="PUN"/>
                    <label end="93" start="90" name="DTQ"/>
                    <label end="96" start="95" name="VDB"/>
                    <label end="99" start="98" name="PNP"/>
                    <label end="104" start="101" name="VVI"/>
                    <label end="109" start="106" name="AVQ-CJS"/>
                    <label end="112" start="111" name="PNP"/>
                    <label end="118" start="114" name="VVB"/>
                    <label end="121" start="120" name="TO0"/>
                    <label end="129" start="123" name="VVI"/>
                    <label end="133" start="131" name="AT0"/>
                    <label end="144" start="135" name="AJ0"/>
                    <label end="152" start="146" name="NN1"/>
                    <label end="164" start="154" name="VVG"/>
                    <label end="168" start="166" name="AT0"/>
                    <label end="174" start="170" name="AJ0"/>
                    <label end="182" start="176" name="NN2"/>
                    <label end="185" start="184" name="PRP"/>
                    <label end="189" start="187" name="AJ0"/>
                    <label end="193" start="191" name="AJ0"/>
                    <label end="199" start="195" name="NN2"/>
                    <label end="201" start="201" name="PUN"/>
                </layer>
                <layer rank="1" name="NER"/>
                <layer rank="1" name="WSL"/>
            </annotationSet>
            <annotationSet cDate="01/08/2003 05:02:01 PST Wed" status="MANUAL" ID="1776919">
                <layer rank="1" name="FE">
                    <label cBy="RLG" feID="2945" end="199" start="184" name="Goal"/>
                </layer>
                <layer rank="1" name="GF">
                    <label end="199" start="184" name="Dep"/>
                </layer>
                <layer rank="1" name="PT">
                    <label end="199" start="184" name="PP"/>
                </layer>
                <layer rank="1" name="Sent"/>
                <layer rank="1" name="Other"/>
                <layer rank="1" name="Target">
                    <label cBy="BoC" end="182" start="176" name="Target"/>
                </layer>
                <layer rank="1" name="Noun"/>
            </annotationSet>
        </sentence>
        <sentence sentNo="0" aPos="104253022" ID="1163296">
            <text>What they 're defending is their all-expenses paid trips to the U.S. of A for next year 's World Cup junket . </text>
            <annotationSet cDate="01/08/2003 05:02:02 PST Wed" status="UNANN" ID="1776926">
                <layer rank="1" name="BNC">
                    <label end="3" start="0" name="DTQ"/>
                    <label end="8" start="5" name="PNP"/>
                    <label end="12" start="10" name="VBB"/>
                    <label end="22" start="14" name="VVG"/>
                    <label end="25" start="24" name="VBZ"/>
                    <label end="31" start="27" name="DPS"/>
                    <label end="44" start="33" name="NN2"/>
                    <label end="49" start="46" name="VVD-VVN"/>
                    <label end="55" start="51" name="NN2-VVZ"/>
                    <label end="58" start="57" name="PRP"/>
                    <label end="62" start="60" name="AT0"/>
                    <label end="67" start="64" name="NP0"/>
                    <label end="70" start="69" name="PRF"/>
                    <label end="72" start="72" name="ZZ0"/>
                    <label end="76" start="74" name="PRP"/>
                    <label end="81" start="78" name="ORD"/>
                    <label end="86" start="83" name="NN1"/>
                    <label end="89" start="88" name="POS"/>
                    <label end="95" start="91" name="NN1"/>
                    <label end="99" start="97" name="NN1"/>
                    <label end="106" start="101" name="NN1"/>
                    <label end="108" start="108" name="PUN"/>
                </layer>
                <layer rank="1" name="NER"/>
                <layer rank="1" name="WSL"/>
            </annotationSet>
            <annotationSet cDate="01/08/2003 05:02:02 PST Wed" status="MANUAL" ID="1776927">
                <layer rank="1" name="FE">
                    <label cBy="RLG" feID="2953" end="89" start="78" name="Time"/>
                    <label cBy="RLG" feID="2945" end="99" start="91" name="Goal"/>
                </layer>
                <layer rank="1" name="GF">
                    <label end="89" start="78" name="Gen"/>
                    <label end="99" start="91" name="Dep"/>
                </layer>
                <layer rank="1" name="PT">
                    <label end="89" start="78" name="Poss"/>
                    <label end="99" start="91" name="N"/>
                </layer>
                <layer rank="1" name="Sent"/>
                <layer rank="1" name="Other"/>
                <layer rank="1" name="Target">
                    <label cBy="BoC" end="106" start="101" name="Target"/>
                </layer>
                <layer rank="1" name="Noun"/>
            </annotationSet>
        </sentence>
    </subCorpus>
</lexUnit>