<?xml version="1.0" encoding="UTF-8" standalone="yes"?>
<?xml-stylesheet type="text/xsl" href="lexUnit.xsl"?>
<lexUnit status="Finished_Initial" POS="V" name="betoken.v" ID="7544" frame="Omen" frameID="412" totalAnnotated="5" xsi:schemaLocation="../schema/lexUnit.xsd" xmlns="http://framenet.icsi.berkeley.edu" xmlns:xsi="http://www.w3.org/2001/XMLSchema-instance">
    <header>
        <frame>
            <FE fgColor="FFFFFF" bgColor="7CCD7C" type="Extra-Thematic" abbrev="" name="Circumstances"/>
            <FE fgColor="000000" bgColor="FF69B4" type="Extra-Thematic" abbrev="" name="Duration"/>
            <FE fgColor="FFFFFF" bgColor="00008B" type="Extra-Thematic" abbrev="" name="Explanation"/>
            <FE fgColor="FFFFFF" bgColor="008000" type="Core" abbrev="Phen-2" name="Future_phenomenon"/>
            <FE fgColor="FFFFFF" bgColor="FF0000" type="Peripheral" abbrev="Interested_party" name="Interested_party"/>
            <FE fgColor="FFFFFF" bgColor="0000FF" type="Core" abbrev="Outcome" name="Outcome"/>
            <FE fgColor="FFFFFF" bgColor="A9A9A9" type="Peripheral" abbrev="" name="Place"/>
            <FE fgColor="FFFFFF" bgColor="800080" type="Core" abbrev="Phen1" name="Predictive_phenomenon"/>
            <FE fgColor="FFFFFF" bgColor="1E90FF" type="Peripheral" abbrev="str" name="Strength"/>
            <FE fgColor="FFFFFF" bgColor="FFA500" type="Peripheral" abbrev="" name="Time"/>
        </frame>
    </header>
    <definition>COD:  be a warning or sign of. </definition>
    <lexeme POS="V" name="betoken"/>
    <valences>
        <FERealization total="5">
            <FE name="Future_phenomenon"/>
            <pattern total="5">
                <valenceUnit GF="Obj" PT="NP" FE="Future_phenomenon"/>
                <annoSet ID="1785807"/>
                <annoSet ID="1785809"/>
                <annoSet ID="1785811"/>
                <annoSet ID="1785815"/>
                <annoSet ID="1785817"/>
            </pattern>
        </FERealization>
        <FERealization total="5">
            <FE name="Predictive_phenomenon"/>
            <pattern total="5">
                <valenceUnit GF="Ext" PT="NP" FE="Predictive_phenomenon"/>
                <annoSet ID="1785807"/>
                <annoSet ID="1785809"/>
                <annoSet ID="1785811"/>
                <annoSet ID="1785815"/>
                <annoSet ID="1785817"/>
            </pattern>
        </FERealization>
        <FEGroupRealization total="4">
            <FE name="Future_phenomenon"/>
            <FE name="Predictive_phenomenon"/>
            <pattern total="4">
                <valenceUnit GF="Obj" PT="NP" FE="Future_phenomenon"/>
                <valenceUnit GF="Ext" PT="NP" FE="Predictive_phenomenon"/>
                <annoSet ID="1785807"/>
                <annoSet ID="1785809"/>
                <annoSet ID="1785811"/>
                <annoSet ID="1785817"/>
            </pattern>
        </FEGroupRealization>
        <FEGroupRealization total="1">
            <FE name="Future_phenomenon"/>
            <FE name="Predictive_phenomenon"/>
            <FE name="Predictive_phenomenon"/>
            <pattern total="1">
                <valenceUnit GF="Obj" PT="NP" FE="Future_phenomenon"/>
                <valenceUnit GF="Ext" PT="NP" FE="Predictive_phenomenon"/>
                <valenceUnit GF="Ext" PT="NP" FE="Predictive_phenomenon"/>
                <annoSet ID="1785815"/>
            </pattern>
        </FEGroupRealization>
    </valences>
    <subCorpus name="V-001-all">
        <sentence sentNo="0" aPos="16849437" ID="1167736">
            <text>For example , a child who steals and breaks another youngster 's penknife is required to save up enough money not only to replace the knife , but also to buy a small gift betokening regret . </text>
            <annotationSet cDate="01/08/2003 05:13:29 PST Wed" status="UNANN" ID="1785806">
                <layer rank="1" name="BNC">
                    <label end="2" start="0" name="AV0"/>
                    <label end="10" start="4" name="AV0"/>
                    <label end="12" start="12" name="PUN"/>
                    <label end="14" start="14" name="AT0"/>
                    <label end="20" start="16" name="NN1"/>
                    <label end="24" start="22" name="PNQ"/>
                    <label end="31" start="26" name="VVZ"/>
                    <label end="35" start="33" name="CJC"/>
                    <label end="42" start="37" name="VVZ"/>
                    <label end="50" start="44" name="DT0"/>
                    <label end="60" start="52" name="NN1"/>
                    <label end="63" start="62" name="POS"/>
                    <label end="72" start="65" name="NN1"/>
                    <label end="75" start="74" name="VBZ"/>
                    <label end="84" start="77" name="VVN"/>
                    <label end="87" start="86" name="TO0"/>
                    <label end="92" start="89" name="VVI"/>
                    <label end="95" start="94" name="AVP"/>
                    <label end="102" start="97" name="DT0"/>
                    <label end="108" start="104" name="NN1"/>
                    <label end="112" start="110" name="XX0"/>
                    <label end="117" start="114" name="AV0"/>
                    <label end="120" start="119" name="TO0"/>
                    <label end="128" start="122" name="VVI"/>
                    <label end="132" start="130" name="AT0"/>
                    <label end="138" start="134" name="NN1"/>
                    <label end="140" start="140" name="PUN"/>
                    <label end="144" start="142" name="CJC"/>
                    <label end="149" start="146" name="AV0"/>
                    <label end="152" start="151" name="TO0"/>
                    <label end="156" start="154" name="VVI"/>
                    <label end="158" start="158" name="AT0"/>
                    <label end="164" start="160" name="AJ0"/>
                    <label end="169" start="166" name="NN1"/>
                    <label end="180" start="171" name="VVG"/>
                    <label end="187" start="182" name="NN1"/>
                    <label end="189" start="189" name="PUN"/>
                </layer>
                <layer rank="1" name="NER"/>
                <layer rank="1" name="WSL"/>
            </annotationSet>
            <annotationSet cDate="01/08/2003 05:13:29 PST Wed" status="MANUAL" ID="1785807">
                <layer rank="1" name="FE">
                    <label cBy="RLG" feID="3779" end="169" start="158" name="Predictive_phenomenon"/>
                    <label cBy="RLG" feID="3780" end="187" start="182" name="Future_phenomenon"/>
                </layer>
                <layer rank="1" name="GF">
                    <label end="169" start="158" name="Ext"/>
                    <label end="187" start="182" name="Obj"/>
                </layer>
                <layer rank="1" name="PT">
                    <label end="169" start="158" name="NP"/>
                    <label end="187" start="182" name="NP"/>
                </layer>
                <layer rank="1" name="Sent"/>
                <layer rank="1" name="Other"/>
                <layer rank="1" name="Target">
                    <label cBy="BoC" end="180" start="171" name="Target"/>
                </layer>
                <layer rank="1" name="Verb"/>
            </annotationSet>
        </sentence>
        <sentence sentNo="0" aPos="35239907" ID="1167737">
            <text>Such developments are perceived by Kamenka and Tay as betokening a shift away from a gesellschaft model of law and society , towards a bureaucratic administrative social and legal order . </text>
            <annotationSet cDate="01/08/2003 05:13:29 PST Wed" status="UNANN" ID="1785808">
                <layer rank="1" name="BNC">
                    <label end="3" start="0" name="DT0"/>
                    <label end="16" start="5" name="NN2"/>
                    <label end="20" start="18" name="VBB"/>
                    <label end="30" start="22" name="VVN"/>
                    <label end="33" start="32" name="PRP"/>
                    <label end="41" start="35" name="NP0"/>
                    <label end="45" start="43" name="CJC"/>
                    <label end="49" start="47" name="NN1-VVB"/>
                    <label end="52" start="51" name="AV0"/>
                    <label end="63" start="54" name="VVG"/>
                    <label end="65" start="65" name="AT0"/>
                    <label end="71" start="67" name="NN1"/>
                    <label end="76" start="73" name="PRP"/>
                    <label end="81" start="78" name="PRP"/>
                    <label end="83" start="83" name="AT0"/>
                    <label end="96" start="85" name="NN1"/>
                    <label end="102" start="98" name="NN1"/>
                    <label end="105" start="104" name="PRF"/>
                    <label end="109" start="107" name="NN1"/>
                    <label end="113" start="111" name="CJC"/>
                    <label end="121" start="115" name="NN0"/>
                    <label end="123" start="123" name="PUN"/>
                    <label end="131" start="125" name="PRP"/>
                    <label end="133" start="133" name="AT0"/>
                    <label end="146" start="135" name="AJ0"/>
                    <label end="161" start="148" name="AJ0"/>
                    <label end="168" start="163" name="AJ0"/>
                    <label end="172" start="170" name="CJC"/>
                    <label end="178" start="174" name="AJ0"/>
                    <label end="184" start="180" name="NN1"/>
                    <label end="186" start="186" name="PUN"/>
                </layer>
                <layer rank="1" name="NER"/>
                <layer rank="1" name="WSL"/>
            </annotationSet>
            <annotationSet cDate="01/08/2003 05:13:29 PST Wed" status="MANUAL" ID="1785809">
                <layer rank="1" name="FE">
                    <label cBy="RLG" feID="3779" end="16" start="0" name="Predictive_phenomenon"/>
                    <label cBy="RLG" feID="3780" end="121" start="65" name="Future_phenomenon"/>
                </layer>
                <layer rank="1" name="GF">
                    <label end="16" start="0" name="Ext"/>
                    <label end="121" start="65" name="Obj"/>
                </layer>
                <layer rank="1" name="PT">
                    <label end="16" start="0" name="NP"/>
                    <label end="121" start="65" name="NP"/>
                </layer>
                <layer rank="1" name="Sent"/>
                <layer rank="1" name="Other"/>
                <layer rank="1" name="Target">
                    <label cBy="BoC" end="63" start="54" name="Target"/>
                </layer>
                <layer rank="1" name="Verb"/>
            </annotationSet>
        </sentence>
        <sentence sentNo="0" aPos="52127510" ID="1167738">
            <text>There are several explanations for this but for contemporaries , nurtured on the torrential propaganda that victories betokened God 's recognition of virtue , the chief explanation seemed to be England 's loss of virtue . </text>
            <annotationSet cDate="01/08/2003 05:13:29 PST Wed" status="UNANN" ID="1785810">
                <layer rank="1" name="BNC">
                    <label end="4" start="0" name="EX0"/>
                    <label end="8" start="6" name="VBB"/>
                    <label end="16" start="10" name="DT0"/>
                    <label end="29" start="18" name="NN2"/>
                    <label end="33" start="31" name="PRP"/>
                    <label end="38" start="35" name="DT0"/>
                    <label end="42" start="40" name="PRP"/>
                    <label end="46" start="44" name="PRP"/>
                    <label end="61" start="48" name="NN2"/>
                    <label end="63" start="63" name="PUN"/>
                    <label end="72" start="65" name="VVD-VVN"/>
                    <label end="75" start="74" name="PRP"/>
                    <label end="79" start="77" name="AT0"/>
                    <label end="90" start="81" name="AJ0"/>
                    <label end="101" start="92" name="NN1"/>
                    <label end="106" start="103" name="CJT"/>
                    <label end="116" start="108" name="NN2"/>
                    <label end="126" start="118" name="VVD"/>
                    <label end="130" start="128" name="NP0"/>
                    <label end="133" start="132" name="POS"/>
                    <label end="145" start="135" name="NN1"/>
                    <label end="148" start="147" name="PRF"/>
                    <label end="155" start="150" name="NN1"/>
                    <label end="157" start="157" name="PUN"/>
                    <label end="161" start="159" name="AT0"/>
                    <label end="167" start="163" name="AJ0"/>
                    <label end="179" start="169" name="NN1"/>
                    <label end="186" start="181" name="VVD"/>
                    <label end="189" start="188" name="TO0"/>
                    <label end="192" start="191" name="VBI"/>
                    <label end="200" start="194" name="NP0"/>
                    <label end="203" start="202" name="POS"/>
                    <label end="208" start="205" name="NN1"/>
                    <label end="211" start="210" name="PRF"/>
                    <label end="218" start="213" name="NN1"/>
                    <label end="220" start="220" name="PUN"/>
                </layer>
                <layer rank="1" name="NER"/>
                <layer rank="1" name="WSL"/>
            </annotationSet>
            <annotationSet cDate="01/08/2003 05:13:29 PST Wed" status="MANUAL" ID="1785811">
                <layer rank="1" name="FE">
                    <label cBy="RLG" feID="3779" end="116" start="108" name="Predictive_phenomenon"/>
                    <label cBy="RLG" feID="3780" end="155" start="128" name="Future_phenomenon"/>
                </layer>
                <layer rank="1" name="GF">
                    <label end="155" start="128" name="Obj"/>
                    <label end="116" start="108" name="Ext"/>
                </layer>
                <layer rank="1" name="PT">
                    <label end="155" start="128" name="NP"/>
                    <label end="116" start="108" name="NP"/>
                </layer>
                <layer rank="1" name="Sent"/>
                <layer rank="1" name="Other"/>
                <layer rank="1" name="Target">
                    <label cBy="BoC" end="126" start="118" name="Target"/>
                </layer>
                <layer rank="1" name="Verb"/>
            </annotationSet>
        </sentence>
        <sentence sentNo="0" aPos="76922553" ID="1167740">
            <text>When he lifted his arm there was the greasy feel and faint shower of sparks that betokened a localised magical field . </text>
            <annotationSet cDate="01/08/2003 05:13:29 PST Wed" status="UNANN" ID="1785814">
                <layer rank="1" name="BNC">
                    <label end="3" start="0" name="AVQ-CJS"/>
                    <label end="6" start="5" name="PNP"/>
                    <label end="13" start="8" name="VVD"/>
                    <label end="17" start="15" name="DPS"/>
                    <label end="21" start="19" name="NN1"/>
                    <label end="27" start="23" name="EX0"/>
                    <label end="31" start="29" name="VBD"/>
                    <label end="35" start="33" name="AT0"/>
                    <label end="42" start="37" name="AJ0"/>
                    <label end="47" start="44" name="NN1"/>
                    <label end="51" start="49" name="CJC"/>
                    <label end="57" start="53" name="AJ0"/>
                    <label end="64" start="59" name="NN1"/>
                    <label end="67" start="66" name="PRF"/>
                    <label end="74" start="69" name="NN2"/>
                    <label end="79" start="76" name="CJT"/>
                    <label end="89" start="81" name="VVD"/>
                    <label end="91" start="91" name="AT0"/>
                    <label end="101" start="93" name="AJ0"/>
                    <label end="109" start="103" name="AJ0"/>
                    <label end="115" start="111" name="NN1"/>
                    <label end="117" start="117" name="PUN"/>
                </layer>
                <layer rank="1" name="NER"/>
                <layer rank="1" name="WSL"/>
            </annotationSet>
            <annotationSet cDate="01/08/2003 05:13:29 PST Wed" status="MANUAL" ID="1785815">
                <layer rank="1" name="FE">
                    <label cBy="RLG" feID="3779" end="74" start="33" name="Predictive_phenomenon"/>
                    <label cBy="RLG" feID="3780" end="115" start="91" name="Future_phenomenon"/>
                    <label cBy="Hay" feID="3779" end="79" start="76" name="Predictive_phenomenon"/>
                </layer>
                <layer rank="1" name="GF">
                    <label end="74" start="33" name="Ext"/>
                    <label end="115" start="91" name="Obj"/>
                    <label end="79" start="76" name="Ext"/>
                </layer>
                <layer rank="1" name="PT">
                    <label end="74" start="33" name="NP"/>
                    <label end="115" start="91" name="NP"/>
                    <label end="79" start="76" name="NP"/>
                </layer>
                <layer rank="1" name="Sent"/>
                <layer rank="1" name="Other">
                    <label end="74" start="33" name="Ant"/>
                    <label end="79" start="76" name="Rel"/>
                </layer>
                <layer rank="1" name="Target">
                    <label cBy="BoC" end="89" start="81" name="Target"/>
                </layer>
                <layer rank="1" name="Verb"/>
            </annotationSet>
        </sentence>
        <sentence sentNo="0" aPos="105209569" ID="1167741">
            <text>At least not if their gnarled hands , betokening lifetimes of hard toil , are a guide . </text>
            <annotationSet cDate="01/08/2003 05:13:29 PST Wed" status="UNANN" ID="1785816">
                <layer rank="1" name="BNC">
                    <label end="1" start="0" name="AV0"/>
                    <label end="7" start="3" name="AV0"/>
                    <label end="11" start="9" name="XX0"/>
                    <label end="14" start="13" name="CJS"/>
                    <label end="20" start="16" name="DPS"/>
                    <label end="28" start="22" name="AJ0"/>
                    <label end="34" start="30" name="NN2"/>
                    <label end="36" start="36" name="PUN"/>
                    <label end="47" start="38" name="VVG"/>
                    <label end="57" start="49" name="NN2"/>
                    <label end="60" start="59" name="PRF"/>
                    <label end="65" start="62" name="AJ0"/>
                    <label end="70" start="67" name="NN1"/>
                    <label end="72" start="72" name="PUN"/>
                    <label end="76" start="74" name="VBB"/>
                    <label end="78" start="78" name="AT0"/>
                    <label end="84" start="80" name="NN1"/>
                    <label end="86" start="86" name="PUN"/>
                </layer>
                <layer rank="1" name="NER"/>
                <layer rank="1" name="WSL"/>
            </annotationSet>
            <annotationSet cDate="01/08/2003 05:13:29 PST Wed" status="MANUAL" ID="1785817">
                <layer rank="1" name="FE">
                    <label cBy="RLG" feID="3779" end="34" start="16" name="Predictive_phenomenon"/>
                    <label cBy="RLG" feID="3780" end="70" start="49" name="Future_phenomenon"/>
                </layer>
                <layer rank="1" name="GF">
                    <label end="34" start="16" name="Ext"/>
                    <label end="70" start="49" name="Obj"/>
                </layer>
                <layer rank="1" name="PT">
                    <label end="34" start="16" name="NP"/>
                    <label end="70" start="49" name="NP"/>
                </layer>
                <layer rank="1" name="Sent"/>
                <layer rank="1" name="Other"/>
                <layer rank="1" name="Target">
                    <label cBy="BoC" end="47" start="38" name="Target"/>
                </layer>
                <layer rank="1" name="Verb"/>
            </annotationSet>
        </sentence>
    </subCorpus>
</lexUnit>