<?xml version="1.0" encoding="UTF-8" standalone="yes"?>
<?xml-stylesheet type="text/xsl" href="lexUnit.xsl"?>
<lexUnit status="Finished_Initial" POS="V" name="fragment.v" ID="7584" frame="Cause_to_fragment" frameID="414" totalAnnotated="5" xsi:schemaLocation="../schema/lexUnit.xsd" xmlns="http://framenet.icsi.berkeley.edu" xmlns:xsi="http://www.w3.org/2001/XMLSchema-instance">
    <header>
        <corpus description="American National Corpus Texts" name="ANC" ID="195">
            <document description="Berlitz History of Greece" name="HistoryOfGreece" ID="23692"/>
        </corpus>
        <frame>
            <FE fgColor="FFFFFF" bgColor="FF0000" type="Core" abbrev="Agt" name="Agent"/>
            <FE fgColor="FFFFFF" bgColor="00BFFF" type="Core" abbrev="cau" name="Cause"/>
            <FE fgColor="FFFFFF" bgColor="1E90FF" type="Peripheral" abbrev="Degr" name="Degree"/>
            <FE fgColor="FFFFFF" bgColor="9F79EE" type="Extra-Thematic" abbrev="Exp" name="Explanation"/>
            <FE fgColor="FFFFFF" bgColor="808080" type="Peripheral" abbrev="Ins" name="Instrument"/>
            <FE fgColor="FFFFFF" bgColor="FF69B4" type="Peripheral" abbrev="Mnr" name="Manner"/>
            <FE fgColor="FFFFFF" bgColor="FF00FF" type="Peripheral" abbrev="Mns" name="Means"/>
            <FE fgColor="FFFFFF" bgColor="9400D3" type="Core" abbrev="Pieces" name="Pieces"/>
            <FE fgColor="FFFFFF" bgColor="008000" type="Peripheral" abbrev="Place" name="Place"/>
            <FE fgColor="FFFFFF" bgColor="800080" type="Extra-Thematic" abbrev="Purp" name="Purpose"/>
            <FE fgColor="FFFFFF" bgColor="00008B" type="Peripheral" abbrev="Res_surf" name="Resistant_surface"/>
            <FE fgColor="FFFFFF" bgColor="A52A2A" type="Extra-Thematic" abbrev="Result" name="Result"/>
            <FE fgColor="FFFFFF" bgColor="7CCD73" type="Extra-Thematic" abbrev="Subr" name="Subregion"/>
            <FE fgColor="FFFFFF" bgColor="FFA500" type="Peripheral" abbrev="Time" name="Time"/>
            <FE fgColor="FFFFFF" bgColor="0000FF" type="Core" abbrev="Pat" name="Whole_patient"/>
        </frame>
    </header>
    <definition>FN: cause to break into small, usually sharp-edged pieces (i.e. fragments).</definition>
    <lexeme POS="V" name="fragment"/>
    <valences>
        <FERealization total="4">
            <FE name="Agent"/>
            <pattern total="4">
                <valenceUnit GF="" PT="CNI" FE="Agent"/>
                <annoSet ID="1795264"/>
                <annoSet ID="1795312"/>
                <annoSet ID="1795360"/>
                <annoSet ID="1795424"/>
            </pattern>
        </FERealization>
        <FERealization total="1">
            <FE name="Cause"/>
            <pattern total="1">
                <valenceUnit GF="" PT="CNI" FE="Cause"/>
                <annoSet ID="6558775"/>
            </pattern>
        </FERealization>
        <FERealization total="1">
            <FE name="Manner"/>
            <pattern total="1">
                <valenceUnit GF="Dep" PT="AVP" FE="Manner"/>
                <annoSet ID="6558775"/>
            </pattern>
        </FERealization>
        <FERealization total="2">
            <FE name="Means"/>
            <pattern total="1">
                <valenceUnit GF="Dep" PT="PP[by]" FE="Means"/>
                <annoSet ID="1795312"/>
            </pattern>
            <pattern total="1">
                <valenceUnit GF="Dep" PT="PP[in]" FE="Means"/>
                <annoSet ID="1795264"/>
            </pattern>
        </FERealization>
        <FERealization total="4">
            <FE name="Pieces"/>
            <pattern total="4">
                <valenceUnit GF="" PT="INI" FE="Pieces"/>
                <annoSet ID="1795264"/>
                <annoSet ID="1795312"/>
                <annoSet ID="1795360"/>
                <annoSet ID="1795424"/>
            </pattern>
        </FERealization>
        <FERealization total="1">
            <FE name="Place"/>
            <pattern total="1">
                <valenceUnit GF="Dep" PT="PP[on]" FE="Place"/>
                <annoSet ID="1795424"/>
            </pattern>
        </FERealization>
        <FERealization total="5">
            <FE name="Whole_patient"/>
            <pattern total="3">
                <valenceUnit GF="Ext" PT="NP" FE="Whole_patient"/>
                <annoSet ID="1795312"/>
                <annoSet ID="1795424"/>
                <annoSet ID="6558775"/>
            </pattern>
            <pattern total="2">
                <valenceUnit GF="Obj" PT="NP" FE="Whole_patient"/>
                <annoSet ID="1795264"/>
                <annoSet ID="1795360"/>
            </pattern>
        </FERealization>
        <FEGroupRealization total="2">
            <FE name="Agent"/>
            <FE name="Means"/>
            <FE name="Pieces"/>
            <FE name="Whole_patient"/>
            <pattern total="1">
                <valenceUnit GF="" PT="CNI" FE="Agent"/>
                <valenceUnit GF="Dep" PT="PP[by]" FE="Means"/>
                <valenceUnit GF="" PT="INI" FE="Pieces"/>
                <valenceUnit GF="Ext" PT="NP" FE="Whole_patient"/>
                <annoSet ID="1795312"/>
            </pattern>
            <pattern total="1">
                <valenceUnit GF="" PT="CNI" FE="Agent"/>
                <valenceUnit GF="Dep" PT="PP[in]" FE="Means"/>
                <valenceUnit GF="" PT="INI" FE="Pieces"/>
                <valenceUnit GF="Obj" PT="NP" FE="Whole_patient"/>
                <annoSet ID="1795264"/>
            </pattern>
        </FEGroupRealization>
        <FEGroupRealization total="1">
            <FE name="Agent"/>
            <FE name="Pieces"/>
            <FE name="Place"/>
            <FE name="Whole_patient"/>
            <pattern total="1">
                <valenceUnit GF="" PT="CNI" FE="Agent"/>
                <valenceUnit GF="" PT="INI" FE="Pieces"/>
                <valenceUnit GF="Dep" PT="PP[on]" FE="Place"/>
                <valenceUnit GF="Ext" PT="NP" FE="Whole_patient"/>
                <annoSet ID="1795424"/>
            </pattern>
        </FEGroupRealization>
        <FEGroupRealization total="1">
            <FE name="Agent"/>
            <FE name="Pieces"/>
            <FE name="Whole_patient"/>
            <pattern total="1">
                <valenceUnit GF="" PT="CNI" FE="Agent"/>
                <valenceUnit GF="" PT="INI" FE="Pieces"/>
                <valenceUnit GF="Obj" PT="NP" FE="Whole_patient"/>
                <annoSet ID="1795360"/>
            </pattern>
        </FEGroupRealization>
        <FEGroupRealization total="1">
            <FE name="Cause"/>
            <FE name="Manner"/>
            <FE name="Whole_patient"/>
            <pattern total="1">
                <valenceUnit GF="" PT="CNI" FE="Cause"/>
                <valenceUnit GF="Dep" PT="AVP" FE="Manner"/>
                <valenceUnit GF="Ext" PT="NP" FE="Whole_patient"/>
                <annoSet ID="6558775"/>
            </pattern>
        </FEGroupRealization>
    </valences>
    <subCorpus name="V-429-s20-rcoll-stone">
        <sentence sentNo="0" aPos="91175455" ID="1172530">
            <text>It was possible to fragment the stone in three lithotripsy sessions . </text>
            <annotationSet cDate="01/08/2003 05:24:15 PST Wed" status="UNANN" ID="1795263">
                <layer rank="1" name="BNC">
                    <label end="1" start="0" name="PNP"/>
                    <label end="5" start="3" name="VBD"/>
                    <label end="14" start="7" name="AJ0"/>
                    <label end="17" start="16" name="TO0"/>
                    <label end="26" start="19" name="VVI"/>
                    <label end="30" start="28" name="AT0"/>
                    <label end="36" start="32" name="NN1"/>
                    <label end="39" start="38" name="PRP"/>
                    <label end="45" start="41" name="CRD"/>
                    <label end="57" start="47" name="AJ0"/>
                    <label end="66" start="59" name="NN2"/>
                    <label end="68" start="68" name="PUN"/>
                </layer>
                <layer rank="1" name="NER"/>
                <layer rank="1" name="WSL"/>
            </annotationSet>
            <annotationSet cDate="01/08/2003 05:24:15 PST Wed" status="MANUAL" ID="1795264">
                <layer rank="1" name="FE">
                    <label cBy="Sep" feID="3806" end="36" start="28" name="Whole_patient"/>
                    <label cBy="Sep" feID="3805" end="66" start="38" name="Means"/>
                    <label cBy="Sep" feID="3812" itype="INI" name="Pieces"/>
                    <label cBy="Sep" feID="3802" itype="CNI" name="Agent"/>
                </layer>
                <layer rank="1" name="GF">
                    <label end="36" start="28" name="Obj"/>
                    <label end="66" start="38" name="Dep"/>
                </layer>
                <layer rank="1" name="PT">
                    <label end="36" start="28" name="NP"/>
                    <label end="66" start="38" name="PP"/>
                </layer>
                <layer rank="1" name="Sent"/>
                <layer rank="1" name="Other">
                    <label end="1" start="0" name="Null"/>
                </layer>
                <layer rank="1" name="Target">
                    <label cBy="BoC" end="26" start="19" name="Target"/>
                </layer>
                <layer rank="1" name="Verb"/>
            </annotationSet>
        </sentence>
    </subCorpus>
    <subCorpus name="V-570-s20-np-ppin"/>
    <subCorpus name="V-570-s20-np-ppinto"/>
    <subCorpus name="V-620-s20-np-ppother"/>
    <subCorpus name="V-660-s20-trans-simple"/>
    <subCorpus name="V-670-s20-pass-by">
        <sentence sentNo="0" aPos="92899234" ID="1172554">
            <text>Stones too large to pass through the Amplatz sheath were fragmented by intracorporeal electrohydraulic , or ultrasound lithotripsy and removed piecemeal . </text>
            <annotationSet cDate="01/08/2003 05:24:18 PST Wed" status="UNANN" ID="1795311">
                <layer rank="1" name="BNC">
                    <label end="5" start="0" name="NP0"/>
                    <label end="9" start="7" name="AV0"/>
                    <label end="15" start="11" name="AJ0"/>
                    <label end="18" start="17" name="TO0"/>
                    <label end="23" start="20" name="VVI"/>
                    <label end="31" start="25" name="PRP"/>
                    <label end="35" start="33" name="AT0"/>
                    <label end="43" start="37" name="NN1-NP0"/>
                    <label end="50" start="45" name="NN1"/>
                    <label end="55" start="52" name="VBD"/>
                    <label end="66" start="57" name="VVN"/>
                    <label end="69" start="68" name="PRP"/>
                    <label end="84" start="71" name="AJ0"/>
                    <label end="101" start="86" name="AJ0-NN1"/>
                    <label end="103" start="103" name="PUN"/>
                    <label end="106" start="105" name="CJC"/>
                    <label end="117" start="108" name="NN1-VVB"/>
                    <label end="129" start="119" name="AJ0-NN1"/>
                    <label end="133" start="131" name="CJC"/>
                    <label end="141" start="135" name="VVD-VVN"/>
                    <label end="151" start="143" name="AV0"/>
                    <label end="153" start="153" name="PUN"/>
                </layer>
                <layer rank="1" name="NER"/>
                <layer rank="1" name="WSL"/>
            </annotationSet>
            <annotationSet cDate="01/08/2003 05:24:19 PST Wed" status="MANUAL" ID="1795312">
                <layer rank="1" name="FE">
                    <label cBy="Sep" feID="3806" end="50" start="0" name="Whole_patient"/>
                    <label cBy="Sep" feID="3805" end="129" start="68" name="Means"/>
                    <label cBy="Sep" feID="3802" itype="CNI" name="Agent"/>
                    <label cBy="Sep" feID="3812" itype="INI" name="Pieces"/>
                </layer>
                <layer rank="1" name="GF">
                    <label end="50" start="0" name="Ext"/>
                    <label end="129" start="68" name="Dep"/>
                </layer>
                <layer rank="1" name="PT">
                    <label end="50" start="0" name="NP"/>
                    <label end="129" start="68" name="PP"/>
                </layer>
                <layer rank="1" name="Sent"/>
                <layer rank="1" name="Other"/>
                <layer rank="1" name="Target">
                    <label cBy="BoC" end="66" start="57" name="Target"/>
                </layer>
                <layer rank="1" name="Verb"/>
            </annotationSet>
        </sentence>
    </subCorpus>
    <subCorpus name="V-680-s20-pass"/>
    <subCorpus name="V-690-s20-trans-other">
        <sentence sentNo="0" aPos="20225459" ID="1172578">
            <text>The original discovery of the cancer gene was made by fragmenting the DNA of human bladder tumour cells and feeding the fragments to cultured mouse cells . </text>
            <annotationSet cDate="01/08/2003 05:24:23 PST Wed" status="UNANN" ID="1795359">
                <layer rank="1" name="BNC">
                    <label end="2" start="0" name="AT0"/>
                    <label end="11" start="4" name="AJ0"/>
                    <label end="21" start="13" name="NN1"/>
                    <label end="24" start="23" name="PRF"/>
                    <label end="28" start="26" name="AT0"/>
                    <label end="35" start="30" name="NN1"/>
                    <label end="40" start="37" name="NN1"/>
                    <label end="44" start="42" name="VBD"/>
                    <label end="49" start="46" name="VVN"/>
                    <label end="52" start="51" name="PRP"/>
                    <label end="64" start="54" name="VVG"/>
                    <label end="68" start="66" name="AT0"/>
                    <label end="72" start="70" name="NN1"/>
                    <label end="75" start="74" name="PRF"/>
                    <label end="81" start="77" name="AJ0-NN1"/>
                    <label end="89" start="83" name="NN1"/>
                    <label end="96" start="91" name="NN1-VVB"/>
                    <label end="102" start="98" name="NN2"/>
                    <label end="106" start="104" name="CJC"/>
                    <label end="114" start="108" name="VVG"/>
                    <label end="118" start="116" name="AT0"/>
                    <label end="128" start="120" name="NN2"/>
                    <label end="131" start="130" name="PRP"/>
                    <label end="140" start="133" name="AJ0"/>
                    <label end="146" start="142" name="NN1"/>
                    <label end="152" start="148" name="NN2"/>
                    <label end="154" start="154" name="PUN"/>
                </layer>
                <layer rank="1" name="NER"/>
                <layer rank="1" name="WSL"/>
            </annotationSet>
            <annotationSet cDate="01/08/2003 05:24:23 PST Wed" status="MANUAL" ID="1795360">
                <layer rank="1" name="FE">
                    <label cBy="Sep" feID="3806" end="102" start="66" name="Whole_patient"/>
                    <label cBy="Sep" feID="3802" itype="CNI" name="Agent"/>
                    <label cBy="Sep" feID="3812" itype="INI" name="Pieces"/>
                </layer>
                <layer rank="1" name="GF">
                    <label end="102" start="66" name="Obj"/>
                </layer>
                <layer rank="1" name="PT">
                    <label end="102" start="66" name="NP"/>
                </layer>
                <layer rank="1" name="Sent"/>
                <layer rank="1" name="Other"/>
                <layer rank="1" name="Target">
                    <label cBy="BoC" end="64" start="54" name="Target"/>
                </layer>
                <layer rank="1" name="Verb"/>
            </annotationSet>
        </sentence>
    </subCorpus>
    <subCorpus name="V-730-s20-ppby"/>
    <subCorpus name="V-730-s20-ppin"/>
    <subCorpus name="V-730-s20-ppinto"/>
    <subCorpus name="V-780-s20-ppother">
        <sentence sentNo="0" aPos="96462288" ID="1172610">
            <text>The tesserae would be further split or fragmented on site , as required . </text>
            <annotationSet cDate="01/08/2003 05:24:26 PST Wed" status="UNANN" ID="1795423">
                <layer rank="1" name="BNC">
                    <label end="2" start="0" name="AT0"/>
                    <label end="11" start="4" name="NN2"/>
                    <label end="17" start="13" name="VM0"/>
                    <label end="20" start="19" name="VBI"/>
                    <label end="28" start="22" name="AV0"/>
                    <label end="34" start="30" name="AJ0-VVN"/>
                    <label end="37" start="36" name="CJC"/>
                    <label end="48" start="39" name="VVD-VVN"/>
                    <label end="51" start="50" name="PRP"/>
                    <label end="56" start="53" name="NN1"/>
                    <label end="58" start="58" name="PUN"/>
                    <label end="61" start="60" name="CJS"/>
                    <label end="70" start="63" name="VVN"/>
                    <label end="72" start="72" name="PUN"/>
                </layer>
                <layer rank="1" name="NER"/>
                <layer rank="1" name="WSL"/>
            </annotationSet>
            <annotationSet cDate="01/08/2003 05:24:27 PST Wed" status="MANUAL" ID="1795424">
                <layer rank="1" name="FE">
                    <label cBy="Sep" feID="3806" end="11" start="0" name="Whole_patient"/>
                    <label cBy="Sep" feID="3807" end="56" start="50" name="Place"/>
                    <label cBy="Sep" feID="3802" itype="CNI" name="Agent"/>
                    <label cBy="Sep" feID="3812" itype="INI" name="Pieces"/>
                </layer>
                <layer rank="1" name="GF">
                    <label end="11" start="0" name="Ext"/>
                    <label end="56" start="50" name="Dep"/>
                </layer>
                <layer rank="1" name="PT">
                    <label end="11" start="0" name="NP"/>
                    <label end="56" start="50" name="PP"/>
                </layer>
                <layer rank="1" name="Sent"/>
                <layer rank="1" name="Other"/>
                <layer rank="1" name="Target">
                    <label cBy="BoC" end="48" start="39" name="Target"/>
                </layer>
                <layer rank="1" name="Verb"/>
            </annotationSet>
        </sentence>
    </subCorpus>
    <subCorpus name="V-810-s20-pother"/>
    <subCorpus name="V-880-s20-intrans-simple"/>
    <subCorpus name="V-890-s20-intrans-adverb"/>
    <subCorpus name="V-900-s20-other"/>
    <subCorpus name="manually-added">
        <sentence corpID="195" docID="23692" sentNo="2" paragNo="43" aPos="0" ID="4101292">
            <text>But the country was politically fragmented , with arguments between monarchists and republicans , right and left , and tension escalated into civil war .</text>
            <annotationSet cDate="03/12/2007 02:52:01 PDT Mon" status="UNANN" ID="6542085">
                <layer rank="1" name="PENN">
                    <label end="2" start="0" name="cc"/>
                    <label end="6" start="4" name="dt"/>
                    <label end="14" start="8" name="nn"/>
                    <label end="18" start="16" name="VBD"/>
                    <label end="30" start="20" name="rb"/>
                    <label end="41" start="32" name="VVN"/>
                    <label end="43" start="43" name=","/>
                    <label end="48" start="45" name="in"/>
                    <label end="58" start="50" name="nns"/>
                    <label end="66" start="60" name="in"/>
                    <label end="78" start="68" name="nns"/>
                    <label end="82" start="80" name="cc"/>
                    <label end="94" start="84" name="nns"/>
                    <label end="96" start="96" name=","/>
                    <label end="102" start="98" name="nn"/>
                    <label end="106" start="104" name="cc"/>
                    <label end="111" start="108" name="VVD"/>
                    <label end="113" start="113" name=","/>
                    <label end="117" start="115" name="cc"/>
                    <label end="125" start="119" name="nn"/>
                    <label end="135" start="127" name="VVN"/>
                    <label end="140" start="137" name="in"/>
                    <label end="146" start="142" name="jj"/>
                    <label end="150" start="148" name="nn"/>
                    <label end="152" start="152" name="sent"/>
                </layer>
                <layer rank="1" name="NER"/>
                <layer rank="1" name="WSL">
                    <label end="2" start="0" name="NT"/>
                    <label end="6" start="4" name="NT"/>
                    <label end="18" start="16" name="NT"/>
                    <label end="43" start="43" name="NT"/>
                    <label end="48" start="45" name="NT"/>
                    <label end="66" start="60" name="NT"/>
                    <label end="82" start="80" name="NT"/>
                    <label end="96" start="96" name="NT"/>
                    <label end="106" start="104" name="NT"/>
                    <label end="113" start="113" name="NT"/>
                    <label end="117" start="115" name="NT"/>
                    <label end="140" start="137" name="NT"/>
                    <label end="152" start="152" name="NT"/>
                    <label end="78" start="68" name="Nonrelational"/>
                    <label end="94" start="84" name="Nonrelational"/>
                    <label end="102" start="98" name="NT"/>
                    <label end="111" start="108" name="NT"/>
                </layer>
            </annotationSet>
            <annotationSet cDate="07/24/2009 01:42:12 PDT Fri" status="MANUAL" ID="6558775">
                <layer rank="1" name="Target">
                    <label cBy="DYo" end="41" start="32" name="Target"/>
                </layer>
                <layer rank="1" name="FE">
                    <label cBy="DYo" feID="3804" end="30" start="20" name="Manner"/>
                    <label cBy="DYo" feID="3806" end="14" start="8" name="Whole_patient"/>
                    <label cBy="DYo" feID="9819" itype="CNI" name="Cause"/>
                </layer>
                <layer rank="1" name="GF">
                    <label end="30" start="20" name="Dep"/>
                    <label end="14" start="8" name="Ext"/>
                </layer>
                <layer rank="1" name="PT">
                    <label end="30" start="20" name="AVP"/>
                    <label end="14" start="8" name="NP"/>
                </layer>
                <layer rank="1" name="Other"/>
                <layer rank="1" name="Sent"/>
                <layer rank="1" name="Verb"/>
            </annotationSet>
        </sentence>
    </subCorpus>
</lexUnit>