<?xml version="1.0" encoding="UTF-8" standalone="yes"?>
<?xml-stylesheet type="text/xsl" href="lexUnit.xsl"?>
<lexUnit status="Finished_Initial" POS="N" name="film-maker.n" ID="7557" frame="Behind_the_scenes" frameID="409" totalAnnotated="6" xsi:schemaLocation="../schema/lexUnit.xsd" xmlns="http://framenet.icsi.berkeley.edu" xmlns:xsi="http://www.w3.org/2001/XMLSchema-instance">
    <header>
        <frame>
            <FE fgColor="FFFFFF" bgColor="FF0000" type="Core" abbrev="Art" name="Artist"/>
            <FE fgColor="FFFFFF" bgColor="00BFFF" type="Core" abbrev="Dist" name="Distributor"/>
            <FE fgColor="FFFFFF" bgColor="FF00FF" type="Peripheral" abbrev="Mnr" name="Manner"/>
            <FE fgColor="FFFFFF" bgColor="9F79EE" type="Core" abbrev="Med" name="Medium"/>
            <FE fgColor="FFFFFF" bgColor="9400D3" type="Peripheral" abbrev="Nat" name="Nationality"/>
            <FE fgColor="FFFFFF" bgColor="00008B" type="Core" abbrev="Perf" name="Performer"/>
            <FE fgColor="FFFFFF" bgColor="008000" type="Peripheral" abbrev="Place" name="Place"/>
            <FE fgColor="FFFFFF" bgColor="0000FF" type="Core" abbrev="Prod" name="Production"/>
            <FE fgColor="FFFFFF" bgColor="800080" type="Peripheral" abbrev="Purp" name="Purpose"/>
            <FE fgColor="FFFFFF" bgColor="1E90FF" type="Core" abbrev="Scene" name="Scene"/>
            <FE fgColor="FFFFFF" bgColor="7CCD73" type="Core" abbrev="Scr" name="Score"/>
            <FE fgColor="FFFFFF" bgColor="A52A2A" type="Core" abbrev="Studio" name="Studio"/>
            <FE fgColor="000000" bgColor="FFA500" type="Peripheral" abbrev="Time" name="Time"/>
            <FE fgColor="FFFFFF" bgColor="808080" type="Core" abbrev="Type" name="Type"/>
        </frame>
    </header>
    <definition>COD: a person who directs or produces films for the cinema or television.</definition>
    <lexeme POS="N" name="film-maker"/>
    <valences>
        <FERealization total="6">
            <FE name="Artist"/>
            <pattern total="5">
                <valenceUnit GF="" PT="DEN" FE="Artist"/>
                <annoSet ID="1787015"/>
                <annoSet ID="1787041"/>
                <annoSet ID="1787049"/>
                <annoSet ID="1787063"/>
                <annoSet ID="1787065"/>
            </pattern>
            <pattern total="1">
                <valenceUnit GF="Appositive" PT="NP" FE="Artist"/>
                <annoSet ID="1787019"/>
            </pattern>
        </FERealization>
        <FERealization total="4">
            <FE name="Nationality"/>
            <pattern total="3">
                <valenceUnit GF="Dep" PT="AJP" FE="Nationality"/>
                <annoSet ID="1787019"/>
                <annoSet ID="1787041"/>
                <annoSet ID="1787063"/>
            </pattern>
            <pattern total="1">
                <valenceUnit GF="Gen" PT="Poss" FE="Nationality"/>
                <annoSet ID="1787015"/>
            </pattern>
        </FERealization>
        <FERealization total="2">
            <FE name="Type"/>
            <pattern total="1">
                <valenceUnit GF="Dep" PT="AJP" FE="Type"/>
                <annoSet ID="1787049"/>
            </pattern>
            <pattern total="1">
                <valenceUnit GF="Dep" PT="N" FE="Type"/>
                <annoSet ID="1787065"/>
            </pattern>
        </FERealization>
        <FEGroupRealization total="4">
            <FE name="Artist"/>
            <FE name="Nationality"/>
            <pattern total="2">
                <valenceUnit GF="" PT="DEN" FE="Artist"/>
                <valenceUnit GF="Dep" PT="AJP" FE="Nationality"/>
                <annoSet ID="1787041"/>
                <annoSet ID="1787063"/>
            </pattern>
            <pattern total="1">
                <valenceUnit GF="" PT="DEN" FE="Artist"/>
                <valenceUnit GF="Gen" PT="Poss" FE="Nationality"/>
                <annoSet ID="1787015"/>
            </pattern>
            <pattern total="1">
                <valenceUnit GF="Appositive" PT="NP" FE="Artist"/>
                <valenceUnit GF="Dep" PT="AJP" FE="Nationality"/>
                <annoSet ID="1787019"/>
            </pattern>
        </FEGroupRealization>
        <FEGroupRealization total="2">
            <FE name="Artist"/>
            <FE name="Type"/>
            <pattern total="1">
                <valenceUnit GF="" PT="DEN" FE="Artist"/>
                <valenceUnit GF="Dep" PT="AJP" FE="Type"/>
                <annoSet ID="1787049"/>
            </pattern>
            <pattern total="1">
                <valenceUnit GF="" PT="DEN" FE="Artist"/>
                <valenceUnit GF="Dep" PT="N" FE="Type"/>
                <annoSet ID="1787065"/>
            </pattern>
        </FEGroupRealization>
    </valences>
    <subCorpus name="maker-N-001-all">
        <sentence sentNo="0" aPos="4644982" ID="1168340">
            <text>Steve Goldman talks to the man widely regarded as Europe 's best film-maker . </text>
            <annotationSet cDate="01/08/2003 05:14:56 PST Wed" status="UNANN" ID="1787014">
                <layer rank="1" name="BNC">
                    <label end="4" start="0" name="NP0"/>
                    <label end="12" start="6" name="NN1-NP0"/>
                    <label end="18" start="14" name="NN2-VVZ"/>
                    <label end="21" start="20" name="PRP"/>
                    <label end="25" start="23" name="AT0"/>
                    <label end="29" start="27" name="NN1"/>
                    <label end="36" start="31" name="AV0"/>
                    <label end="45" start="38" name="VVN"/>
                    <label end="48" start="47" name="CJS-PRP"/>
                    <label end="55" start="50" name="NP0"/>
                    <label end="58" start="57" name="POS"/>
                    <label end="63" start="60" name="AJS"/>
                    <label end="74" start="65" name="NN1"/>
                    <label end="76" start="76" name="PUN"/>
                </layer>
                <layer rank="1" name="NER"/>
                <layer rank="1" name="WSL"/>
            </annotationSet>
            <annotationSet cDate="01/08/2003 05:14:56 PST Wed" status="MANUAL" ID="1787015">
                <layer rank="1" name="FE">
                    <label cBy="RLG" feID="3760" end="74" start="65" name="Artist"/>
                    <label cBy="RLG" feID="3795" end="58" start="50" name="Nationality"/>
                </layer>
                <layer rank="1" name="GF">
                    <label end="58" start="50" name="Gen"/>
                </layer>
                <layer rank="1" name="PT">
                    <label end="58" start="50" name="Poss"/>
                </layer>
                <layer rank="1" name="Sent"/>
                <layer rank="1" name="Other"/>
                <layer rank="1" name="Target">
                    <label cBy="BoC" end="74" start="65" name="Target"/>
                </layer>
                <layer rank="1" name="Noun"/>
            </annotationSet>
        </sentence>
        <sentence sentNo="0" aPos="5045904" ID="1168342">
            <text>Northern Irish film-maker and writer Niall Leonard , fed up with the humourless stereotyping of his birthplace , has tried to break away from that image . </text>
            <annotationSet cDate="01/08/2003 05:14:56 PST Wed" status="UNANN" ID="1787018">
                <layer rank="1" name="BNC">
                    <label end="7" start="0" name="NP0"/>
                    <label end="13" start="9" name="NP0"/>
                    <label end="24" start="15" name="NN1"/>
                    <label end="28" start="26" name="CJC"/>
                    <label end="35" start="30" name="NN1"/>
                    <label end="41" start="37" name="NP0"/>
                    <label end="49" start="43" name="NP0"/>
                    <label end="51" start="51" name="PUN"/>
                    <label end="55" start="53" name="AJ0"/>
                    <label end="58" start="57" name="AJ0"/>
                    <label end="63" start="60" name="PRP"/>
                    <label end="67" start="65" name="AT0"/>
                    <label end="78" start="69" name="AJ0"/>
                    <label end="91" start="80" name="NN1"/>
                    <label end="94" start="93" name="PRF"/>
                    <label end="98" start="96" name="DPS"/>
                    <label end="109" start="100" name="NN1"/>
                    <label end="111" start="111" name="PUN"/>
                    <label end="115" start="113" name="VHZ"/>
                    <label end="121" start="117" name="VVN"/>
                    <label end="124" start="123" name="TO0"/>
                    <label end="130" start="126" name="VVI"/>
                    <label end="135" start="132" name="PRP"/>
                    <label end="140" start="137" name="PRP"/>
                    <label end="145" start="142" name="DT0"/>
                    <label end="151" start="147" name="NN1"/>
                    <label end="153" start="153" name="PUN"/>
                </layer>
                <layer rank="1" name="NER"/>
                <layer rank="1" name="WSL"/>
            </annotationSet>
            <annotationSet cDate="01/08/2003 05:14:57 PST Wed" status="MANUAL" ID="1787019">
                <layer rank="1" name="FE">
                    <label cBy="RLG" feID="3760" end="49" start="37" name="Artist"/>
                    <label cBy="RLG" feID="3795" end="13" start="0" name="Nationality"/>
                </layer>
                <layer rank="1" name="GF">
                    <label end="49" start="37" name="Appositive"/>
                    <label end="13" start="0" name="Dep"/>
                </layer>
                <layer rank="1" name="PT">
                    <label end="49" start="37" name="NP"/>
                    <label end="13" start="0" name="AJP"/>
                </layer>
                <layer rank="1" name="Sent"/>
                <layer rank="1" name="Other"/>
                <layer rank="1" name="Target">
                    <label cBy="BoC" end="24" start="15" name="Target"/>
                </layer>
                <layer rank="1" name="Noun"/>
            </annotationSet>
        </sentence>
        <sentence sentNo="0" aPos="20377027" ID="1168353">
            <text>Nobody took this fable seriously until in 1961 a Russian film-maker managed to record it actually happening . </text>
            <annotationSet cDate="01/08/2003 05:14:58 PST Wed" status="UNANN" ID="1787040">
                <layer rank="1" name="BNC">
                    <label end="5" start="0" name="PNI"/>
                    <label end="10" start="7" name="VVD"/>
                    <label end="15" start="12" name="DT0"/>
                    <label end="21" start="17" name="NN1"/>
                    <label end="31" start="23" name="AV0"/>
                    <label end="37" start="33" name="CJS"/>
                    <label end="40" start="39" name="PRP"/>
                    <label end="45" start="42" name="CRD"/>
                    <label end="47" start="47" name="AT0"/>
                    <label end="55" start="49" name="AJ0"/>
                    <label end="66" start="57" name="NN1"/>
                    <label end="74" start="68" name="VVD-VVN"/>
                    <label end="77" start="76" name="TO0"/>
                    <label end="84" start="79" name="VVI"/>
                    <label end="87" start="86" name="PNP"/>
                    <label end="96" start="89" name="AV0"/>
                    <label end="106" start="98" name="NN1-VVG"/>
                    <label end="108" start="108" name="PUN"/>
                </layer>
                <layer rank="1" name="NER"/>
                <layer rank="1" name="WSL"/>
            </annotationSet>
            <annotationSet cDate="01/08/2003 05:14:58 PST Wed" status="MANUAL" ID="1787041">
                <layer rank="1" name="FE">
                    <label cBy="RLG" feID="3795" end="55" start="49" name="Nationality"/>
                    <label cBy="RLG" feID="3760" end="66" start="57" name="Artist"/>
                </layer>
                <layer rank="1" name="GF">
                    <label end="55" start="49" name="Dep"/>
                </layer>
                <layer rank="1" name="PT">
                    <label end="55" start="49" name="AJP"/>
                </layer>
                <layer rank="1" name="Sent"/>
                <layer rank="1" name="Other"/>
                <layer rank="1" name="Target">
                    <label cBy="BoC" end="66" start="57" name="Target"/>
                </layer>
                <layer rank="1" name="Noun"/>
            </annotationSet>
        </sentence>
        <sentence sentNo="0" aPos="28190175" ID="1168357">
            <text>This is a great boon to the amateur camera operator who , unlike the professional film-maker , has to get by without an assistant to act as focus-puller . </text>
            <annotationSet cDate="01/08/2003 05:14:58 PST Wed" status="UNANN" ID="1787048">
                <layer rank="1" name="BNC">
                    <label end="3" start="0" name="DT0"/>
                    <label end="6" start="5" name="VBZ"/>
                    <label end="8" start="8" name="AT0"/>
                    <label end="14" start="10" name="AJ0"/>
                    <label end="19" start="16" name="NN1"/>
                    <label end="22" start="21" name="PRP"/>
                    <label end="26" start="24" name="AT0"/>
                    <label end="34" start="28" name="AJ0-NN1"/>
                    <label end="41" start="36" name="NN1"/>
                    <label end="50" start="43" name="NN1"/>
                    <label end="54" start="52" name="PNQ"/>
                    <label end="56" start="56" name="PUN"/>
                    <label end="63" start="58" name="PRP"/>
                    <label end="67" start="65" name="AT0"/>
                    <label end="80" start="69" name="AJ0"/>
                    <label end="91" start="82" name="NN1"/>
                    <label end="93" start="93" name="PUN"/>
                    <label end="97" start="95" name="VHZ"/>
                    <label end="100" start="99" name="TO0"/>
                    <label end="104" start="102" name="VVI"/>
                    <label end="107" start="106" name="AVP-PRP"/>
                    <label end="115" start="109" name="PRP"/>
                    <label end="118" start="117" name="AT0"/>
                    <label end="128" start="120" name="AJ0-NN1"/>
                    <label end="131" start="130" name="TO0"/>
                    <label end="135" start="133" name="VVI"/>
                    <label end="138" start="137" name="AV0"/>
                    <label end="151" start="140" name="AJ0-NN1"/>
                    <label end="153" start="153" name="PUN"/>
                </layer>
                <layer rank="1" name="NER"/>
                <layer rank="1" name="WSL"/>
            </annotationSet>
            <annotationSet cDate="01/08/2003 05:14:58 PST Wed" status="MANUAL" ID="1787049">
                <layer rank="1" name="FE">
                    <label cBy="RLG" feID="3764" end="80" start="69" name="Type"/>
                    <label cBy="RLG" feID="3760" end="91" start="82" name="Artist"/>
                </layer>
                <layer rank="1" name="GF">
                    <label end="80" start="69" name="Dep"/>
                </layer>
                <layer rank="1" name="PT">
                    <label end="80" start="69" name="AJP"/>
                </layer>
                <layer rank="1" name="Sent"/>
                <layer rank="1" name="Other"/>
                <layer rank="1" name="Target">
                    <label cBy="BoC" end="91" start="82" name="Target"/>
                </layer>
                <layer rank="1" name="Noun"/>
            </annotationSet>
        </sentence>
        <sentence sentNo="0" aPos="42067440" ID="1168364">
            <text>In 1976 , a Danish film-maker called Jens Jorgen Thorsen came to Britain with the intention of making a film , provisionally entitled The Many Faces of Jesus . </text>
            <annotationSet cDate="01/08/2003 05:14:59 PST Wed" status="UNANN" ID="1787062">
                <layer rank="1" name="BNC">
                    <label end="1" start="0" name="PRP"/>
                    <label end="6" start="3" name="CRD"/>
                    <label end="8" start="8" name="PUN"/>
                    <label end="10" start="10" name="AT0"/>
                    <label end="17" start="12" name="AJ0"/>
                    <label end="28" start="19" name="NN1"/>
                    <label end="35" start="30" name="VVD-VVN"/>
                    <label end="40" start="37" name="NP0"/>
                    <label end="47" start="42" name="NP0"/>
                    <label end="55" start="49" name="NP0"/>
                    <label end="60" start="57" name="VVD"/>
                    <label end="63" start="62" name="PRP"/>
                    <label end="71" start="65" name="NP0"/>
                    <label end="76" start="73" name="PRP"/>
                    <label end="80" start="78" name="AT0"/>
                    <label end="90" start="82" name="NN1"/>
                    <label end="93" start="92" name="PRF"/>
                    <label end="100" start="95" name="VVG"/>
                    <label end="102" start="102" name="AT0"/>
                    <label end="107" start="104" name="NN1"/>
                    <label end="109" start="109" name="PUN"/>
                    <label end="123" start="111" name="AV0"/>
                    <label end="132" start="125" name="VVD-VVN"/>
                    <label end="136" start="134" name="AT0"/>
                    <label end="141" start="138" name="DT0"/>
                    <label end="147" start="143" name="NN2"/>
                    <label end="150" start="149" name="PRF"/>
                    <label end="156" start="152" name="NP0"/>
                    <label end="158" start="158" name="PUN"/>
                </layer>
                <layer rank="1" name="NER"/>
                <layer rank="1" name="WSL"/>
            </annotationSet>
            <annotationSet cDate="01/08/2003 05:14:59 PST Wed" status="MANUAL" ID="1787063">
                <layer rank="1" name="FE">
                    <label cBy="RLG" feID="3760" end="28" start="19" name="Artist"/>
                    <label cBy="RLG" feID="3795" end="17" start="12" name="Nationality"/>
                </layer>
                <layer rank="1" name="GF">
                    <label end="17" start="12" name="Dep"/>
                </layer>
                <layer rank="1" name="PT">
                    <label end="17" start="12" name="AJP"/>
                </layer>
                <layer rank="1" name="Sent"/>
                <layer rank="1" name="Other"/>
                <layer rank="1" name="Target">
                    <label cBy="BoC" end="28" start="19" name="Target"/>
                </layer>
                <layer rank="1" name="Noun"/>
            </annotationSet>
        </sentence>
        <sentence sentNo="0" aPos="46550494" ID="1168365">
            <text>If one wants to be accepted as a mainstream , serious film-maker it does n't strike me , if I were in that position , as a shrewd career move . </text>
            <annotationSet cDate="01/08/2003 05:14:59 PST Wed" status="UNANN" ID="1787064">
                <layer rank="1" name="BNC">
                    <label end="1" start="0" name="CJS"/>
                    <label end="5" start="3" name="PNI"/>
                    <label end="11" start="7" name="VVZ"/>
                    <label end="14" start="13" name="TO0"/>
                    <label end="17" start="16" name="VBI"/>
                    <label end="26" start="19" name="VVN"/>
                    <label end="29" start="28" name="PRP"/>
                    <label end="31" start="31" name="AT0"/>
                    <label end="42" start="33" name="NN1"/>
                    <label end="44" start="44" name="PUN"/>
                    <label end="52" start="46" name="AJ0"/>
                    <label end="63" start="54" name="NN1"/>
                    <label end="66" start="65" name="PNP"/>
                    <label end="71" start="68" name="VDZ"/>
                    <label end="75" start="73" name="XX0"/>
                    <label end="82" start="77" name="VVI"/>
                    <label end="85" start="84" name="PNP"/>
                    <label end="87" start="87" name="PUN"/>
                    <label end="90" start="89" name="CJS"/>
                    <label end="92" start="92" name="PNP"/>
                    <label end="97" start="94" name="VBD"/>
                    <label end="100" start="99" name="PRP"/>
                    <label end="105" start="102" name="DT0"/>
                    <label end="114" start="107" name="NN1"/>
                    <label end="116" start="116" name="PUN"/>
                    <label end="119" start="118" name="CJS-PRP"/>
                    <label end="121" start="121" name="AT0"/>
                    <label end="128" start="123" name="AJ0"/>
                    <label end="135" start="130" name="NN1"/>
                    <label end="140" start="137" name="NN1"/>
                    <label end="142" start="142" name="PUN"/>
                </layer>
                <layer rank="1" name="NER"/>
                <layer rank="1" name="WSL"/>
            </annotationSet>
            <annotationSet cDate="01/08/2003 05:14:59 PST Wed" status="MANUAL" ID="1787065">
                <layer rank="1" name="FE">
                    <label cBy="RLG" feID="3764" end="42" start="33" name="Type"/>
                    <label cBy="RLG" feID="3760" end="63" start="54" name="Artist"/>
                </layer>
                <layer rank="1" name="GF">
                    <label end="42" start="33" name="Dep"/>
                </layer>
                <layer rank="1" name="PT">
                    <label end="42" start="33" name="N"/>
                </layer>
                <layer rank="1" name="Sent"/>
                <layer rank="1" name="Other"/>
                <layer rank="1" name="Target">
                    <label cBy="BoC" end="63" start="54" name="Target"/>
                </layer>
                <layer rank="1" name="Noun"/>
            </annotationSet>
        </sentence>
    </subCorpus>
</lexUnit>