<?xml version="1.0" encoding="UTF-8" standalone="yes"?>
<?xml-stylesheet type="text/xsl" href="lexUnit.xsl"?>
<lexUnit status="Finished_Initial" POS="V" name="portend.v" ID="7540" frame="Omen" frameID="412" totalAnnotated="10" xsi:schemaLocation="../schema/lexUnit.xsd" xmlns="http://framenet.icsi.berkeley.edu" xmlns:xsi="http://www.w3.org/2001/XMLSchema-instance">
    <header>
        <frame>
            <FE fgColor="FFFFFF" bgColor="7CCD7C" type="Extra-Thematic" abbrev="" name="Circumstances"/>
            <FE fgColor="000000" bgColor="FF69B4" type="Extra-Thematic" abbrev="" name="Duration"/>
            <FE fgColor="FFFFFF" bgColor="00008B" type="Extra-Thematic" abbrev="" name="Explanation"/>
            <FE fgColor="FFFFFF" bgColor="008000" type="Core" abbrev="Phen-2" name="Future_phenomenon"/>
            <FE fgColor="FFFFFF" bgColor="FF0000" type="Peripheral" abbrev="Interested_party" name="Interested_party"/>
            <FE fgColor="FFFFFF" bgColor="0000FF" type="Core" abbrev="Outcome" name="Outcome"/>
            <FE fgColor="FFFFFF" bgColor="A9A9A9" type="Peripheral" abbrev="" name="Place"/>
            <FE fgColor="FFFFFF" bgColor="800080" type="Core" abbrev="Phen1" name="Predictive_phenomenon"/>
            <FE fgColor="FFFFFF" bgColor="1E90FF" type="Peripheral" abbrev="str" name="Strength"/>
            <FE fgColor="FFFFFF" bgColor="FFA500" type="Peripheral" abbrev="" name="Time"/>
        </frame>
    </header>
    <definition>COD: be a sign or warning that (something momentous or calamitous) is likely to happen</definition>
    <lexeme POS="V" name="portend"/>
    <valences>
        <FERealization total="10">
            <FE name="Future_phenomenon"/>
            <pattern total="9">
                <valenceUnit GF="Obj" PT="NP" FE="Future_phenomenon"/>
                <annoSet ID="1786495"/>
                <annoSet ID="1786497"/>
                <annoSet ID="1786499"/>
                <annoSet ID="1786501"/>
                <annoSet ID="1786503"/>
                <annoSet ID="1786511"/>
                <annoSet ID="1786513"/>
                <annoSet ID="1786517"/>
                <annoSet ID="1786521"/>
            </pattern>
            <pattern total="1">
                <valenceUnit GF="Obj" PT="Sub" FE="Future_phenomenon"/>
                <annoSet ID="1786515"/>
            </pattern>
        </FERealization>
        <FERealization total="1">
            <FE name="Interested_party"/>
            <pattern total="1">
                <valenceUnit GF="Dep" PT="PP[for]" FE="Interested_party"/>
                <annoSet ID="1786497"/>
            </pattern>
        </FERealization>
        <FERealization total="2">
            <FE name="Outcome"/>
            <pattern total="2">
                <valenceUnit GF="Dep" PT="AVP" FE="Outcome"/>
                <annoSet ID="1786499"/>
                <annoSet ID="1786501"/>
            </pattern>
        </FERealization>
        <FERealization total="10">
            <FE name="Predictive_phenomenon"/>
            <pattern total="10">
                <valenceUnit GF="Ext" PT="NP" FE="Predictive_phenomenon"/>
                <annoSet ID="1786495"/>
                <annoSet ID="1786497"/>
                <annoSet ID="1786499"/>
                <annoSet ID="1786501"/>
                <annoSet ID="1786503"/>
                <annoSet ID="1786511"/>
                <annoSet ID="1786513"/>
                <annoSet ID="1786515"/>
                <annoSet ID="1786517"/>
                <annoSet ID="1786521"/>
            </pattern>
        </FERealization>
        <FEGroupRealization total="1">
            <FE name="Future_phenomenon"/>
            <FE name="Interested_party"/>
            <FE name="Predictive_phenomenon"/>
            <pattern total="1">
                <valenceUnit GF="Obj" PT="NP" FE="Future_phenomenon"/>
                <valenceUnit GF="Dep" PT="PP[for]" FE="Interested_party"/>
                <valenceUnit GF="Ext" PT="NP" FE="Predictive_phenomenon"/>
                <annoSet ID="1786497"/>
            </pattern>
        </FEGroupRealization>
        <FEGroupRealization total="1">
            <FE name="Future_phenomenon"/>
            <FE name="Outcome"/>
            <FE name="Predictive_phenomenon"/>
            <pattern total="1">
                <valenceUnit GF="Obj" PT="NP" FE="Future_phenomenon"/>
                <valenceUnit GF="Dep" PT="AVP" FE="Outcome"/>
                <valenceUnit GF="Ext" PT="NP" FE="Predictive_phenomenon"/>
                <annoSet ID="1786501"/>
            </pattern>
        </FEGroupRealization>
        <FEGroupRealization total="1">
            <FE name="Future_phenomenon"/>
            <FE name="Outcome"/>
            <FE name="Predictive_phenomenon"/>
            <FE name="Predictive_phenomenon"/>
            <pattern total="1">
                <valenceUnit GF="Obj" PT="NP" FE="Future_phenomenon"/>
                <valenceUnit GF="Dep" PT="AVP" FE="Outcome"/>
                <valenceUnit GF="Ext" PT="NP" FE="Predictive_phenomenon"/>
                <valenceUnit GF="Ext" PT="NP" FE="Predictive_phenomenon"/>
                <annoSet ID="1786499"/>
            </pattern>
        </FEGroupRealization>
        <FEGroupRealization total="4">
            <FE name="Future_phenomenon"/>
            <FE name="Predictive_phenomenon"/>
            <pattern total="3">
                <valenceUnit GF="Obj" PT="NP" FE="Future_phenomenon"/>
                <valenceUnit GF="Ext" PT="NP" FE="Predictive_phenomenon"/>
                <annoSet ID="1786511"/>
                <annoSet ID="1786517"/>
                <annoSet ID="1786521"/>
            </pattern>
            <pattern total="1">
                <valenceUnit GF="Obj" PT="Sub" FE="Future_phenomenon"/>
                <valenceUnit GF="Ext" PT="NP" FE="Predictive_phenomenon"/>
                <annoSet ID="1786515"/>
            </pattern>
        </FEGroupRealization>
        <FEGroupRealization total="3">
            <FE name="Future_phenomenon"/>
            <FE name="Predictive_phenomenon"/>
            <FE name="Predictive_phenomenon"/>
            <pattern total="3">
                <valenceUnit GF="Obj" PT="NP" FE="Future_phenomenon"/>
                <valenceUnit GF="Ext" PT="NP" FE="Predictive_phenomenon"/>
                <valenceUnit GF="Ext" PT="NP" FE="Predictive_phenomenon"/>
                <annoSet ID="1786495"/>
                <annoSet ID="1786503"/>
                <annoSet ID="1786513"/>
            </pattern>
        </FEGroupRealization>
    </valences>
    <subCorpus name="V-001-all">
        <sentence sentNo="0" aPos="4732169" ID="1168080">
            <text>With me that rings a warning bell , since it 's one of those suspicious New Age buzzwords that always portend a scam or screwball notion such as crystal therapy or out-of-body travel . </text>
            <annotationSet cDate="01/08/2003 05:14:17 PST Wed" status="UNANN" ID="1786494">
                <layer rank="1" name="BNC">
                    <label end="3" start="0" name="PRP"/>
                    <label end="6" start="5" name="PNP"/>
                    <label end="11" start="8" name="CJT-DT0"/>
                    <label end="17" start="13" name="VVZ"/>
                    <label end="19" start="19" name="AT0"/>
                    <label end="27" start="21" name="NN1"/>
                    <label end="32" start="29" name="NN1"/>
                    <label end="34" start="34" name="PUN"/>
                    <label end="40" start="36" name="CJS"/>
                    <label end="43" start="42" name="PNP"/>
                    <label end="46" start="45" name="VBZ"/>
                    <label end="50" start="48" name="CRD"/>
                    <label end="53" start="52" name="PRF"/>
                    <label end="59" start="55" name="DT0"/>
                    <label end="70" start="61" name="AJ0"/>
                    <label end="74" start="72" name="AJ0"/>
                    <label end="78" start="76" name="NN1"/>
                    <label end="88" start="80" name="NN2"/>
                    <label end="93" start="90" name="CJT"/>
                    <label end="100" start="95" name="AV0"/>
                    <label end="108" start="102" name="VVB"/>
                    <label end="110" start="110" name="AT0"/>
                    <label end="115" start="112" name="NN1"/>
                    <label end="118" start="117" name="CJC"/>
                    <label end="128" start="120" name="NN1"/>
                    <label end="135" start="130" name="NN1"/>
                    <label end="140" start="137" name="PRP"/>
                    <label end="143" start="142" name="PRP"/>
                    <label end="151" start="145" name="NN1"/>
                    <label end="159" start="153" name="NN1"/>
                    <label end="162" start="161" name="CJC"/>
                    <label end="174" start="164" name="AJ0"/>
                    <label end="181" start="176" name="NN1"/>
                    <label end="183" start="183" name="PUN"/>
                </layer>
                <layer rank="1" name="NER"/>
                <layer rank="1" name="WSL"/>
            </annotationSet>
            <annotationSet cDate="01/08/2003 05:14:17 PST Wed" status="MANUAL" ID="1786495">
                <layer rank="1" name="FE">
                    <label cBy="hmC" feID="3780" end="181" start="110" name="Future_phenomenon"/>
                    <label cBy="JKR" feID="3779" end="88" start="55" name="Predictive_phenomenon"/>
                    <label cBy="JKR" feID="3779" end="93" start="90" name="Predictive_phenomenon"/>
                </layer>
                <layer rank="1" name="GF">
                    <label end="181" start="110" name="Obj"/>
                    <label end="88" start="55" name="Ext"/>
                    <label end="93" start="90" name="Ext"/>
                </layer>
                <layer rank="1" name="PT">
                    <label end="181" start="110" name="NP"/>
                    <label end="88" start="55" name="NP"/>
                    <label end="93" start="90" name="NP"/>
                </layer>
                <layer rank="1" name="Sent"/>
                <layer rank="1" name="Other">
                    <label end="88" start="55" name="Ant"/>
                    <label end="93" start="90" name="Rel"/>
                </layer>
                <layer rank="1" name="Target">
                    <label cBy="BoC" end="108" start="102" name="Target"/>
                </layer>
                <layer rank="1" name="Verb"/>
            </annotationSet>
        </sentence>
        <sentence sentNo="0" aPos="5953856" ID="1168081">
            <text>But what does Mr Li's brand of socialism portend for the 1.1 billion people who endure life in the world 's most populous nation ? </text>
            <annotationSet cDate="01/08/2003 05:14:17 PST Wed" status="UNANN" ID="1786496">
                <layer rank="1" name="BNC">
                    <label end="2" start="0" name="CJC"/>
                    <label end="7" start="4" name="DTQ"/>
                    <label end="12" start="9" name="VDZ"/>
                    <label end="15" start="14" name="NP0"/>
                    <label end="20" start="17" name="CRD"/>
                    <label end="26" start="22" name="NN1"/>
                    <label end="29" start="28" name="PRF"/>
                    <label end="39" start="31" name="NN1"/>
                    <label end="47" start="41" name="VVB"/>
                    <label end="51" start="49" name="PRP"/>
                    <label end="55" start="53" name="AT0"/>
                    <label end="59" start="57" name="CRD"/>
                    <label end="67" start="61" name="CRD"/>
                    <label end="74" start="69" name="NN0"/>
                    <label end="78" start="76" name="PNQ"/>
                    <label end="85" start="80" name="VVB"/>
                    <label end="90" start="87" name="NN1"/>
                    <label end="93" start="92" name="PRP"/>
                    <label end="97" start="95" name="AT0"/>
                    <label end="103" start="99" name="NN1"/>
                    <label end="106" start="105" name="VBZ"/>
                    <label end="111" start="108" name="AV0"/>
                    <label end="120" start="113" name="AJ0"/>
                    <label end="127" start="122" name="NN1"/>
                    <label end="129" start="129" name="PUN"/>
                </layer>
                <layer rank="1" name="NER"/>
                <layer rank="1" name="WSL"/>
            </annotationSet>
            <annotationSet cDate="01/08/2003 05:14:18 PST Wed" status="MANUAL" ID="1786497">
                <layer rank="1" name="FE">
                    <label cBy="hmC" feID="3779" end="39" start="14" name="Predictive_phenomenon"/>
                    <label cBy="hmC" feID="3782" end="127" start="49" name="Interested_party"/>
                    <label cBy="RLG" feID="3780" end="7" start="4" name="Future_phenomenon"/>
                </layer>
                <layer rank="1" name="GF">
                    <label end="39" start="14" name="Ext"/>
                    <label end="127" start="49" name="Dep"/>
                    <label end="7" start="4" name="Obj"/>
                </layer>
                <layer rank="1" name="PT">
                    <label end="39" start="14" name="NP"/>
                    <label end="127" start="49" name="PP"/>
                    <label end="7" start="4" name="NP"/>
                </layer>
                <layer rank="1" name="Sent"/>
                <layer rank="1" name="Other"/>
                <layer rank="1" name="Target">
                    <label cBy="BoC" end="47" start="41" name="Target"/>
                </layer>
                <layer rank="1" name="Verb"/>
            </annotationSet>
        </sentence>
        <sentence sentNo="0" aPos="6008416" ID="1168082">
            <text>This is not to suggest ` the more the better &quot; ; but that there appear to be other measures that portend failure better than leverage ratios . </text>
            <annotationSet cDate="01/08/2003 05:14:18 PST Wed" status="UNANN" ID="1786498">
                <layer rank="1" name="BNC">
                    <label end="3" start="0" name="DT0"/>
                    <label end="6" start="5" name="VBZ"/>
                    <label end="10" start="8" name="XX0"/>
                    <label end="13" start="12" name="TO0"/>
                    <label end="21" start="15" name="VVI"/>
                    <label end="23" start="23" name="PUQ"/>
                    <label end="27" start="25" name="AT0"/>
                    <label end="32" start="29" name="DT0"/>
                    <label end="36" start="34" name="AT0"/>
                    <label end="43" start="38" name="AJC"/>
                    <label end="45" start="45" name="PUQ"/>
                    <label end="47" start="47" name="PUN"/>
                    <label end="51" start="49" name="CJC"/>
                    <label end="56" start="53" name="CJT"/>
                    <label end="62" start="58" name="EX0"/>
                    <label end="69" start="64" name="VVB"/>
                    <label end="72" start="71" name="TO0"/>
                    <label end="75" start="74" name="VBI"/>
                    <label end="81" start="77" name="AJ0"/>
                    <label end="90" start="83" name="NN2"/>
                    <label end="95" start="92" name="CJT"/>
                    <label end="103" start="97" name="VVB"/>
                    <label end="111" start="105" name="NN1"/>
                    <label end="118" start="113" name="AV0"/>
                    <label end="123" start="120" name="CJS"/>
                    <label end="132" start="125" name="NN1-VVB"/>
                    <label end="139" start="134" name="NN2"/>
                    <label end="141" start="141" name="PUN"/>
                </layer>
                <layer rank="1" name="NER"/>
                <layer rank="1" name="WSL"/>
            </annotationSet>
            <annotationSet cDate="01/08/2003 05:14:18 PST Wed" status="MANUAL" ID="1786499">
                <layer rank="1" name="FE">
                    <label cBy="hmC" feID="3780" end="111" start="105" name="Future_phenomenon"/>
                    <label cBy="hmC" feID="3781" end="139" start="113" name="Outcome"/>
                    <label cBy="JKR" feID="3779" end="95" start="92" name="Predictive_phenomenon"/>
                    <label cBy="JKR" feID="3779" end="90" start="77" name="Predictive_phenomenon"/>
                </layer>
                <layer rank="1" name="GF">
                    <label end="111" start="105" name="Obj"/>
                    <label end="139" start="113" name="Dep"/>
                    <label end="95" start="92" name="Ext"/>
                    <label end="90" start="77" name="Ext"/>
                </layer>
                <layer rank="1" name="PT">
                    <label end="111" start="105" name="NP"/>
                    <label end="139" start="113" name="AVP"/>
                    <label end="95" start="92" name="NP"/>
                    <label end="90" start="77" name="NP"/>
                </layer>
                <layer rank="1" name="Sent"/>
                <layer rank="1" name="Other">
                    <label end="95" start="92" name="Rel"/>
                    <label end="90" start="77" name="Ant"/>
                </layer>
                <layer rank="1" name="Target">
                    <label cBy="BoC" end="103" start="97" name="Target"/>
                </layer>
                <layer rank="1" name="Verb"/>
            </annotationSet>
        </sentence>
        <sentence sentNo="0" aPos="12957352" ID="1168083">
            <text>Variations across London often reflected the differential performance of the parties there at the last general election , and may well portend trends for the next . </text>
            <annotationSet cDate="01/08/2003 05:14:18 PST Wed" status="UNANN" ID="1786500">
                <layer rank="1" name="BNC">
                    <label end="9" start="0" name="NN2"/>
                    <label end="16" start="11" name="PRP"/>
                    <label end="23" start="18" name="NP0"/>
                    <label end="29" start="25" name="AV0"/>
                    <label end="39" start="31" name="VVD"/>
                    <label end="43" start="41" name="AT0"/>
                    <label end="56" start="45" name="AJ0"/>
                    <label end="68" start="58" name="NN1"/>
                    <label end="71" start="70" name="PRF"/>
                    <label end="75" start="73" name="AT0"/>
                    <label end="83" start="77" name="NN2"/>
                    <label end="89" start="85" name="AV0"/>
                    <label end="92" start="91" name="PRP"/>
                    <label end="96" start="94" name="AT0"/>
                    <label end="101" start="98" name="ORD"/>
                    <label end="109" start="103" name="AJ0-NN1"/>
                    <label end="118" start="111" name="NN1"/>
                    <label end="120" start="120" name="PUN"/>
                    <label end="124" start="122" name="CJC"/>
                    <label end="128" start="126" name="VM0"/>
                    <label end="133" start="130" name="AV0"/>
                    <label end="141" start="135" name="VVI"/>
                    <label end="148" start="143" name="NN2"/>
                    <label end="152" start="150" name="PRP"/>
                    <label end="156" start="154" name="AT0"/>
                    <label end="161" start="158" name="ORD"/>
                    <label end="163" start="163" name="PUN"/>
                </layer>
                <layer rank="1" name="NER"/>
                <layer rank="1" name="WSL"/>
            </annotationSet>
            <annotationSet cDate="01/08/2003 05:14:18 PST Wed" status="MANUAL" ID="1786501">
                <layer rank="1" name="FE">
                    <label cBy="hmC" feID="3779" end="23" start="0" name="Predictive_phenomenon"/>
                    <label cBy="hmC" feID="3781" end="133" start="130" name="Outcome"/>
                    <label cBy="hmC" feID="3780" end="161" start="143" name="Future_phenomenon"/>
                </layer>
                <layer rank="1" name="GF">
                    <label end="23" start="0" name="Ext"/>
                    <label end="133" start="130" name="Dep"/>
                    <label end="161" start="143" name="Obj"/>
                </layer>
                <layer rank="1" name="PT">
                    <label end="23" start="0" name="NP"/>
                    <label end="133" start="130" name="AVP"/>
                    <label end="161" start="143" name="NP"/>
                </layer>
                <layer rank="1" name="Sent"/>
                <layer rank="1" name="Other"/>
                <layer rank="1" name="Target">
                    <label cBy="BoC" end="141" start="135" name="Target"/>
                </layer>
                <layer rank="1" name="Verb"/>
            </annotationSet>
        </sentence>
        <sentence sentNo="0" aPos="23083293" ID="1168084">
            <text>Sighs of relief stuck in my throat as the cacophony of rumbles and clangs which portends a tractor with a roller in tow , carried round the corner . </text>
            <annotationSet cDate="01/08/2003 05:14:18 PST Wed" status="UNANN" ID="1786502">
                <layer rank="1" name="BNC">
                    <label end="4" start="0" name="NN2"/>
                    <label end="7" start="6" name="PRF"/>
                    <label end="14" start="9" name="NN1"/>
                    <label end="20" start="16" name="VVD-VVN"/>
                    <label end="23" start="22" name="PRP"/>
                    <label end="26" start="25" name="DPS"/>
                    <label end="33" start="28" name="NN1"/>
                    <label end="36" start="35" name="PRP"/>
                    <label end="40" start="38" name="AT0"/>
                    <label end="50" start="42" name="NN1"/>
                    <label end="53" start="52" name="PRF"/>
                    <label end="61" start="55" name="NN2"/>
                    <label end="65" start="63" name="CJC"/>
                    <label end="72" start="67" name="NN2-VVZ"/>
                    <label end="78" start="74" name="DTQ"/>
                    <label end="87" start="80" name="VVZ"/>
                    <label end="89" start="89" name="AT0"/>
                    <label end="97" start="91" name="NN1"/>
                    <label end="102" start="99" name="PRP"/>
                    <label end="104" start="104" name="AT0"/>
                    <label end="111" start="106" name="NN1"/>
                    <label end="114" start="113" name="PRP"/>
                    <label end="118" start="116" name="NN1"/>
                    <label end="120" start="120" name="PUN"/>
                    <label end="128" start="122" name="VVD-VVN"/>
                    <label end="134" start="130" name="AVP-PRP"/>
                    <label end="138" start="136" name="AT0"/>
                    <label end="145" start="140" name="NN1"/>
                    <label end="147" start="147" name="PUN"/>
                </layer>
                <layer rank="1" name="NER"/>
                <layer rank="1" name="WSL"/>
            </annotationSet>
            <annotationSet cDate="01/08/2003 05:14:18 PST Wed" status="MANUAL" ID="1786503">
                <layer rank="1" name="FE">
                    <label cBy="hmC" feID="3780" end="118" start="89" name="Future_phenomenon"/>
                    <label cBy="JKR" feID="3779" end="72" start="38" name="Predictive_phenomenon"/>
                    <label cBy="JKR" feID="3779" end="78" start="74" name="Predictive_phenomenon"/>
                </layer>
                <layer rank="1" name="GF">
                    <label end="118" start="89" name="Obj"/>
                    <label end="72" start="38" name="Ext"/>
                    <label end="78" start="74" name="Ext"/>
                </layer>
                <layer rank="1" name="PT">
                    <label end="118" start="89" name="NP"/>
                    <label end="72" start="38" name="NP"/>
                    <label end="78" start="74" name="NP"/>
                </layer>
                <layer rank="1" name="Sent"/>
                <layer rank="1" name="Other">
                    <label end="72" start="38" name="Ant"/>
                    <label end="78" start="74" name="Rel"/>
                </layer>
                <layer rank="1" name="Target">
                    <label cBy="BoC" end="87" start="80" name="Target"/>
                </layer>
                <layer rank="1" name="Verb"/>
            </annotationSet>
        </sentence>
        <sentence sentNo="0" aPos="27215581" ID="1168088">
            <text>The eclipses portend a fork in the path of your destiny , whether this comes about through your own actions and decisions , or those foisted on you . </text>
            <annotationSet cDate="01/08/2003 05:14:18 PST Wed" status="UNANN" ID="1786510">
                <layer rank="1" name="BNC">
                    <label end="2" start="0" name="AT0"/>
                    <label end="11" start="4" name="NN2"/>
                    <label end="19" start="13" name="VVB"/>
                    <label end="21" start="21" name="AT0"/>
                    <label end="26" start="23" name="NN1"/>
                    <label end="29" start="28" name="PRP"/>
                    <label end="33" start="31" name="AT0"/>
                    <label end="38" start="35" name="NN1"/>
                    <label end="41" start="40" name="PRF"/>
                    <label end="46" start="43" name="DPS"/>
                    <label end="54" start="48" name="NN1"/>
                    <label end="56" start="56" name="PUN"/>
                    <label end="64" start="58" name="CJS"/>
                    <label end="69" start="66" name="DT0"/>
                    <label end="75" start="71" name="VVZ"/>
                    <label end="81" start="77" name="AVP"/>
                    <label end="89" start="83" name="PRP"/>
                    <label end="94" start="91" name="DPS"/>
                    <label end="98" start="96" name="DT0"/>
                    <label end="106" start="100" name="NN2"/>
                    <label end="110" start="108" name="CJC"/>
                    <label end="120" start="112" name="NN2"/>
                    <label end="122" start="122" name="PUN"/>
                    <label end="125" start="124" name="CJC"/>
                    <label end="131" start="127" name="DT0"/>
                    <label end="139" start="133" name="VVD-VVN"/>
                    <label end="142" start="141" name="PRP"/>
                    <label end="146" start="144" name="PNP"/>
                    <label end="148" start="148" name="PUN"/>
                </layer>
                <layer rank="1" name="NER"/>
                <layer rank="1" name="WSL"/>
            </annotationSet>
            <annotationSet cDate="01/08/2003 05:14:19 PST Wed" status="MANUAL" ID="1786511">
                <layer rank="1" name="FE">
                    <label cBy="hmC" feID="3779" end="11" start="0" name="Predictive_phenomenon"/>
                    <label cBy="hmC" feID="3780" end="54" start="21" name="Future_phenomenon"/>
                </layer>
                <layer rank="1" name="GF">
                    <label end="11" start="0" name="Ext"/>
                    <label end="54" start="21" name="Obj"/>
                </layer>
                <layer rank="1" name="PT">
                    <label end="11" start="0" name="NP"/>
                    <label end="54" start="21" name="NP"/>
                </layer>
                <layer rank="1" name="Sent"/>
                <layer rank="1" name="Other"/>
                <layer rank="1" name="Target">
                    <label cBy="BoC" end="19" start="13" name="Target"/>
                </layer>
                <layer rank="1" name="Verb"/>
            </annotationSet>
        </sentence>
        <sentence sentNo="0" aPos="45009739" ID="1168089">
            <text>In the end , the board embraced a seasoned veteran whose administrative and fund-raising abilities are more highly regarded than his scholarship , a choice that portends continuity rather than change . </text>
            <annotationSet cDate="01/08/2003 05:14:19 PST Wed" status="UNANN" ID="1786512">
                <layer rank="1" name="BNC">
                    <label end="1" start="0" name="PRP"/>
                    <label end="5" start="3" name="AT0"/>
                    <label end="9" start="7" name="NN1"/>
                    <label end="11" start="11" name="PUN"/>
                    <label end="15" start="13" name="AT0"/>
                    <label end="21" start="17" name="NN1"/>
                    <label end="30" start="23" name="VVD-VVN"/>
                    <label end="32" start="32" name="AT0"/>
                    <label end="41" start="34" name="AJ0"/>
                    <label end="49" start="43" name="NN1"/>
                    <label end="55" start="51" name="DTQ"/>
                    <label end="70" start="57" name="AJ0"/>
                    <label end="74" start="72" name="CJC"/>
                    <label end="87" start="76" name="AJ0"/>
                    <label end="97" start="89" name="NN2"/>
                    <label end="101" start="99" name="VBB"/>
                    <label end="106" start="103" name="AV0"/>
                    <label end="113" start="108" name="AV0"/>
                    <label end="122" start="115" name="VVN"/>
                    <label end="127" start="124" name="CJS"/>
                    <label end="131" start="129" name="DPS"/>
                    <label end="143" start="133" name="NN1"/>
                    <label end="145" start="145" name="PUN"/>
                    <label end="147" start="147" name="AT0"/>
                    <label end="154" start="149" name="NN1"/>
                    <label end="159" start="156" name="CJT"/>
                    <label end="168" start="161" name="VVZ"/>
                    <label end="179" start="170" name="NN1"/>
                    <label end="186" start="181" name="PRP"/>
                    <label end="191" start="188" name="PRP"/>
                    <label end="198" start="193" name="NN1"/>
                    <label end="200" start="200" name="PUN"/>
                </layer>
                <layer rank="1" name="NER"/>
                <layer rank="1" name="WSL"/>
            </annotationSet>
            <annotationSet cDate="01/08/2003 05:14:19 PST Wed" status="MANUAL" ID="1786513">
                <layer rank="1" name="FE">
                    <label cBy="hmC" feID="3779" end="154" start="147" name="Predictive_phenomenon"/>
                    <label cBy="hmC" feID="3780" end="179" start="170" name="Future_phenomenon"/>
                    <label cBy="Hay" feID="3779" end="159" start="156" name="Predictive_phenomenon"/>
                </layer>
                <layer rank="1" name="GF">
                    <label end="154" start="147" name="Ext"/>
                    <label end="179" start="170" name="Obj"/>
                    <label end="159" start="156" name="Ext"/>
                </layer>
                <layer rank="1" name="PT">
                    <label end="154" start="147" name="NP"/>
                    <label end="179" start="170" name="NP"/>
                    <label end="159" start="156" name="NP"/>
                </layer>
                <layer rank="1" name="Sent"/>
                <layer rank="1" name="Other">
                    <label end="154" start="147" name="Ant"/>
                    <label end="159" start="156" name="Rel"/>
                </layer>
                <layer rank="1" name="Target">
                    <label cBy="BoC" end="168" start="161" name="Target"/>
                </layer>
                <layer rank="1" name="Verb"/>
            </annotationSet>
        </sentence>
        <sentence sentNo="0" aPos="47554613" ID="1168090">
            <text>In 1720 the ban on the import of foreign books was relaxed , and a series of encounters with foreign representatives from the late eighteenth century portended that seclusion could not permanently be maintained . </text>
            <annotationSet cDate="01/08/2003 05:14:19 PST Wed" status="UNANN" ID="1786514">
                <layer rank="1" name="BNC">
                    <label end="1" start="0" name="PRP"/>
                    <label end="6" start="3" name="CRD"/>
                    <label end="10" start="8" name="AT0"/>
                    <label end="14" start="12" name="NN1"/>
                    <label end="17" start="16" name="PRP"/>
                    <label end="21" start="19" name="AT0"/>
                    <label end="28" start="23" name="NN1"/>
                    <label end="31" start="30" name="PRF"/>
                    <label end="39" start="33" name="AJ0"/>
                    <label end="45" start="41" name="NN2"/>
                    <label end="49" start="47" name="VBD"/>
                    <label end="57" start="51" name="VVN"/>
                    <label end="59" start="59" name="PUN"/>
                    <label end="63" start="61" name="CJC"/>
                    <label end="65" start="65" name="AT0"/>
                    <label end="72" start="67" name="NN0"/>
                    <label end="75" start="74" name="PRF"/>
                    <label end="86" start="77" name="NN2"/>
                    <label end="91" start="88" name="PRP"/>
                    <label end="99" start="93" name="AJ0"/>
                    <label end="115" start="101" name="NN2"/>
                    <label end="120" start="117" name="PRP"/>
                    <label end="124" start="122" name="AT0"/>
                    <label end="129" start="126" name="AJ0"/>
                    <label end="140" start="131" name="ORD"/>
                    <label end="148" start="142" name="NN1"/>
                    <label end="158" start="150" name="VVD"/>
                    <label end="163" start="160" name="CJT-DT0"/>
                    <label end="173" start="165" name="NN1"/>
                    <label end="179" start="175" name="VM0"/>
                    <label end="183" start="181" name="XX0"/>
                    <label end="195" start="185" name="AV0"/>
                    <label end="198" start="197" name="VBI"/>
                    <label end="209" start="200" name="VVN"/>
                    <label end="211" start="211" name="PUN"/>
                </layer>
                <layer rank="1" name="NER"/>
                <layer rank="1" name="WSL"/>
            </annotationSet>
            <annotationSet cDate="01/08/2003 05:14:19 PST Wed" status="MANUAL" ID="1786515">
                <layer rank="1" name="FE">
                    <label cBy="hmC" feID="3779" end="148" start="65" name="Predictive_phenomenon"/>
                    <label cBy="hmC" feID="3780" end="209" start="160" name="Future_phenomenon"/>
                </layer>
                <layer rank="1" name="GF">
                    <label end="148" start="65" name="Ext"/>
                    <label end="209" start="160" name="Obj"/>
                </layer>
                <layer rank="1" name="PT">
                    <label end="148" start="65" name="NP"/>
                    <label end="209" start="160" name="Sub"/>
                </layer>
                <layer rank="1" name="Sent"/>
                <layer rank="1" name="Other"/>
                <layer rank="1" name="Target">
                    <label cBy="BoC" end="158" start="150" name="Target"/>
                </layer>
                <layer rank="1" name="Verb"/>
            </annotationSet>
        </sentence>
        <sentence sentNo="0" aPos="65229801" ID="1168091">
            <text>Everyone knew that its sound portended the death of someone in the house within the year . </text>
            <annotationSet cDate="01/08/2003 05:14:19 PST Wed" status="UNANN" ID="1786516">
                <layer rank="1" name="BNC">
                    <label end="7" start="0" name="PNI"/>
                    <label end="12" start="9" name="VVD"/>
                    <label end="17" start="14" name="CJT"/>
                    <label end="21" start="19" name="DPS"/>
                    <label end="27" start="23" name="NN1"/>
                    <label end="37" start="29" name="VVD"/>
                    <label end="41" start="39" name="AT0"/>
                    <label end="47" start="43" name="NN1"/>
                    <label end="50" start="49" name="PRF"/>
                    <label end="58" start="52" name="PNI"/>
                    <label end="61" start="60" name="PRP"/>
                    <label end="65" start="63" name="AT0"/>
                    <label end="71" start="67" name="NN1"/>
                    <label end="78" start="73" name="PRP"/>
                    <label end="82" start="80" name="AT0"/>
                    <label end="87" start="84" name="NN1"/>
                    <label end="89" start="89" name="PUN"/>
                </layer>
                <layer rank="1" name="NER"/>
                <layer rank="1" name="WSL"/>
            </annotationSet>
            <annotationSet cDate="01/08/2003 05:14:19 PST Wed" status="MANUAL" ID="1786517">
                <layer rank="1" name="FE">
                    <label cBy="hmC" feID="3779" end="27" start="19" name="Predictive_phenomenon"/>
                    <label cBy="hmC" feID="3780" end="71" start="39" name="Future_phenomenon"/>
                </layer>
                <layer rank="1" name="GF">
                    <label end="27" start="19" name="Ext"/>
                    <label end="71" start="39" name="Obj"/>
                </layer>
                <layer rank="1" name="PT">
                    <label end="27" start="19" name="NP"/>
                    <label end="71" start="39" name="NP"/>
                </layer>
                <layer rank="1" name="Sent"/>
                <layer rank="1" name="Other"/>
                <layer rank="1" name="Target">
                    <label cBy="BoC" end="37" start="29" name="Target"/>
                </layer>
                <layer rank="1" name="Verb"/>
            </annotationSet>
        </sentence>
        <sentence sentNo="0" aPos="70586033" ID="1168093">
            <text>Dark blood portends inexorable woe . </text>
            <annotationSet cDate="01/08/2003 05:14:19 PST Wed" status="UNANN" ID="1786520">
                <layer rank="1" name="BNC">
                    <label end="3" start="0" name="AJ0"/>
                    <label end="9" start="5" name="NN1"/>
                    <label end="18" start="11" name="VVZ"/>
                    <label end="29" start="20" name="AJ0"/>
                    <label end="33" start="31" name="NN1"/>
                    <label end="35" start="35" name="PUN"/>
                </layer>
                <layer rank="1" name="NER"/>
                <layer rank="1" name="WSL"/>
            </annotationSet>
            <annotationSet cDate="01/08/2003 05:14:19 PST Wed" status="MANUAL" ID="1786521">
                <layer rank="1" name="FE">
                    <label cBy="hmC" feID="3779" end="9" start="0" name="Predictive_phenomenon"/>
                    <label cBy="hmC" feID="3780" end="33" start="20" name="Future_phenomenon"/>
                </layer>
                <layer rank="1" name="GF">
                    <label end="9" start="0" name="Ext"/>
                    <label end="33" start="20" name="Obj"/>
                </layer>
                <layer rank="1" name="PT">
                    <label end="9" start="0" name="NP"/>
                    <label end="33" start="20" name="NP"/>
                </layer>
                <layer rank="1" name="Sent"/>
                <layer rank="1" name="Other"/>
                <layer rank="1" name="Target">
                    <label cBy="BoC" end="18" start="11" name="Target"/>
                </layer>
                <layer rank="1" name="Verb"/>
            </annotationSet>
        </sentence>
    </subCorpus>
</lexUnit>