<?xml version="1.0" encoding="UTF-8" standalone="yes"?>
<?xml-stylesheet type="text/xsl" href="lexUnit.xsl"?>
<lexUnit status="Insufficient_Attestations" POS="N" name="foretoken.n" ID="7545" frame="Omen" frameID="412" totalAnnotated="0" xsi:schemaLocation="../schema/lexUnit.xsd" xmlns="http://framenet.icsi.berkeley.edu" xmlns:xsi="http://www.w3.org/2001/XMLSchema-instance">
    <header>
        <frame>
            <FE fgColor="FFFFFF" bgColor="7CCD7C" type="Extra-Thematic" abbrev="" name="Circumstances"/>
            <FE fgColor="000000" bgColor="FF69B4" type="Extra-Thematic" abbrev="" name="Duration"/>
            <FE fgColor="FFFFFF" bgColor="00008B" type="Extra-Thematic" abbrev="" name="Explanation"/>
            <FE fgColor="FFFFFF" bgColor="008000" type="Core" abbrev="Phen-2" name="Future_phenomenon"/>
            <FE fgColor="FFFFFF" bgColor="FF0000" type="Peripheral" abbrev="Interested_party" name="Interested_party"/>
            <FE fgColor="FFFFFF" bgColor="0000FF" type="Core" abbrev="Outcome" name="Outcome"/>
            <FE fgColor="FFFFFF" bgColor="A9A9A9" type="Peripheral" abbrev="" name="Place"/>
            <FE fgColor="FFFFFF" bgColor="800080" type="Core" abbrev="Phen1" name="Predictive_phenomenon"/>
            <FE fgColor="FFFFFF" bgColor="1E90FF" type="Peripheral" abbrev="str" name="Strength"/>
            <FE fgColor="FFFFFF" bgColor="FFA500" type="Peripheral" abbrev="" name="Time"/>
        </frame>
    </header>
    <definition>COD: a sign of something to come</definition>
    <lexeme POS="N" name="foretoken"/>
    <valences/>
</lexUnit>