<?xml version="1.0" encoding="UTF-8" standalone="yes"?>
<?xml-stylesheet type="text/xsl" href="lexUnit.xsl"?>
<lexUnit status="Finished_Initial" POS="A" name="homophonous.a" ID="7519" frame="Word_relations" frameID="404" totalAnnotated="4" xsi:schemaLocation="../schema/lexUnit.xsd" xmlns="http://framenet.icsi.berkeley.edu" xmlns:xsi="http://www.w3.org/2001/XMLSchema-instance">
    <header>
        <frame>
            <FE fgColor="FFFFFF" bgColor="FF0000" type="Extra-Thematic" abbrev="cir" name="Circumstances"/>
            <FE fgColor="FFFFFF" bgColor="800080" type="Core" abbrev="Sgns" name="Signs"/>
            <FE fgColor="FFFFFF" bgColor="9F79EE" type="Core" abbrev="Sgn-1" name="Sign_1"/>
            <FE fgColor="FFFFFF" bgColor="FF69B4" type="Core" abbrev="Sgn-2" name="Sign_2"/>
        </frame>
    </header>
    <definition>COD:     (of a word or words) having the same pronunciation as another but different meaning, origin, or spelling</definition>
    <lexeme POS="A" name="homophonous"/>
    <valences>
        <FERealization total="3">
            <FE name="Sign_1"/>
            <pattern total="3">
                <valenceUnit GF="Ext" PT="NP" FE="Sign_1"/>
                <annoSet ID="1776857"/>
                <annoSet ID="1776863"/>
                <annoSet ID="1776865"/>
            </pattern>
        </FERealization>
        <FERealization total="3">
            <FE name="Sign_2"/>
            <pattern total="3">
                <valenceUnit GF="Dep" PT="PP[with]" FE="Sign_2"/>
                <annoSet ID="1776857"/>
                <annoSet ID="1776863"/>
                <annoSet ID="1776865"/>
            </pattern>
        </FERealization>
        <FERealization total="1">
            <FE name="Signs"/>
            <pattern total="1">
                <valenceUnit GF="Ext" PT="NP" FE="Signs"/>
                <annoSet ID="1776861"/>
            </pattern>
        </FERealization>
        <FEGroupRealization total="1">
            <FE name="Sign_1"/>
            <FE name="Sign_1"/>
            <FE name="Sign_2"/>
            <pattern total="1">
                <valenceUnit GF="Ext" PT="NP" FE="Sign_1"/>
                <valenceUnit GF="Ext" PT="NP" FE="Sign_1"/>
                <valenceUnit GF="Dep" PT="PP[with]" FE="Sign_2"/>
                <annoSet ID="1776865"/>
            </pattern>
        </FEGroupRealization>
        <FEGroupRealization total="2">
            <FE name="Sign_1"/>
            <FE name="Sign_2"/>
            <pattern total="2">
                <valenceUnit GF="Ext" PT="NP" FE="Sign_1"/>
                <valenceUnit GF="Dep" PT="PP[with]" FE="Sign_2"/>
                <annoSet ID="1776857"/>
                <annoSet ID="1776863"/>
            </pattern>
        </FEGroupRealization>
        <FEGroupRealization total="1">
            <FE name="Signs"/>
            <pattern total="1">
                <valenceUnit GF="Ext" PT="NP" FE="Signs"/>
                <annoSet ID="1776861"/>
            </pattern>
        </FEGroupRealization>
    </valences>
    <subCorpus name="A-001-all">
        <sentence sentNo="0" aPos="53098525" ID="1163261">
            <text>Most idioms are homophonous with grammatically well-formed transparent expressions . </text>
            <annotationSet cDate="01/08/2003 05:01:57 PST Wed" status="UNANN" ID="1776856">
                <layer rank="1" name="BNC">
                    <label end="3" start="0" name="DT0"/>
                    <label end="10" start="5" name="NN2"/>
                    <label end="14" start="12" name="VBB"/>
                    <label end="26" start="16" name="AJ0"/>
                    <label end="31" start="28" name="PRP"/>
                    <label end="45" start="33" name="AV0"/>
                    <label end="57" start="47" name="AJ0"/>
                    <label end="69" start="59" name="AJ0"/>
                    <label end="81" start="71" name="NN2"/>
                    <label end="83" start="83" name="PUN"/>
                </layer>
                <layer rank="1" name="NER"/>
                <layer rank="1" name="WSL"/>
            </annotationSet>
            <annotationSet cDate="01/08/2003 05:01:57 PST Wed" status="MANUAL" ID="1776857">
                <layer rank="1" name="FE">
                    <label cBy="RLG" feID="3733" end="81" start="28" name="Sign_2"/>
                    <label cBy="RLG" feID="3732" end="10" start="0" name="Sign_1"/>
                </layer>
                <layer rank="1" name="GF">
                    <label end="81" start="28" name="Dep"/>
                    <label end="10" start="0" name="Ext"/>
                </layer>
                <layer rank="1" name="PT">
                    <label end="81" start="28" name="PP"/>
                    <label end="10" start="0" name="NP"/>
                </layer>
                <layer rank="1" name="Sent"/>
                <layer rank="1" name="Other"/>
                <layer rank="1" name="Target">
                    <label cBy="BoC" end="26" start="16" name="Target"/>
                </layer>
                <layer rank="1" name="Adj">
                    <label end="14" start="12" name="Cop"/>
                </layer>
            </annotationSet>
        </sentence>
        <sentence sentNo="0" aPos="93550689" ID="1163263">
            <text>A number of words are homophonous in this way ( e.g. sew/so , meat/mete/meet ) , but the size of such equivalence classes is very small . </text>
            <annotationSet cDate="01/08/2003 05:01:58 PST Wed" status="UNANN" ID="1776860">
                <layer rank="1" name="BNC">
                    <label end="0" start="0" name="AT0"/>
                    <label end="7" start="2" name="NN1"/>
                    <label end="10" start="9" name="PRF"/>
                    <label end="16" start="12" name="NN2"/>
                    <label end="20" start="18" name="VBB"/>
                    <label end="32" start="22" name="AJ0"/>
                    <label end="35" start="34" name="PRP"/>
                    <label end="40" start="37" name="DT0"/>
                    <label end="44" start="42" name="NN1"/>
                    <label end="46" start="46" name="PUL"/>
                    <label end="51" start="48" name="AV0"/>
                    <label end="58" start="53" name="UNC"/>
                    <label end="60" start="60" name="PUN"/>
                    <label end="75" start="62" name="UNC"/>
                    <label end="77" start="77" name="PUR"/>
                    <label end="79" start="79" name="PUN"/>
                    <label end="83" start="81" name="CJC"/>
                    <label end="87" start="85" name="AT0"/>
                    <label end="92" start="89" name="NN1"/>
                    <label end="95" start="94" name="PRF"/>
                    <label end="100" start="97" name="DT0"/>
                    <label end="112" start="102" name="NN1"/>
                    <label end="120" start="114" name="NN2"/>
                    <label end="123" start="122" name="VBZ"/>
                    <label end="128" start="125" name="AV0"/>
                    <label end="134" start="130" name="AJ0"/>
                    <label end="136" start="136" name="PUN"/>
                </layer>
                <layer rank="1" name="NER"/>
                <layer rank="1" name="WSL"/>
            </annotationSet>
            <annotationSet cDate="01/08/2003 05:01:58 PST Wed" status="MANUAL" ID="1776861">
                <layer rank="1" name="FE">
                    <label cBy="RLG" feID="3734" end="16" start="0" name="Signs"/>
                </layer>
                <layer rank="1" name="GF">
                    <label end="16" start="0" name="Ext"/>
                </layer>
                <layer rank="1" name="PT">
                    <label end="16" start="0" name="NP"/>
                </layer>
                <layer rank="1" name="Sent"/>
                <layer rank="1" name="Other"/>
                <layer rank="1" name="Target">
                    <label cBy="BoC" end="32" start="22" name="Target"/>
                </layer>
                <layer rank="1" name="Adj">
                    <label end="20" start="18" name="Cop"/>
                </layer>
            </annotationSet>
        </sentence>
        <sentence sentNo="0" aPos="93556231" ID="1163264">
            <text>It is clear that such a strategy would produce an incorrect parsing when a short word followed by a long word is homophonous with a long word followed by a short word . </text>
            <annotationSet cDate="01/08/2003 05:01:58 PST Wed" status="UNANN" ID="1776862">
                <layer rank="1" name="BNC">
                    <label end="1" start="0" name="PNP"/>
                    <label end="4" start="3" name="VBZ"/>
                    <label end="10" start="6" name="AJ0"/>
                    <label end="15" start="12" name="CJT"/>
                    <label end="20" start="17" name="DT0"/>
                    <label end="22" start="22" name="AT0"/>
                    <label end="31" start="24" name="NN1"/>
                    <label end="37" start="33" name="VM0"/>
                    <label end="45" start="39" name="VVI"/>
                    <label end="48" start="47" name="AT0"/>
                    <label end="58" start="50" name="AJ0"/>
                    <label end="66" start="60" name="NN1"/>
                    <label end="71" start="68" name="AVQ-CJS"/>
                    <label end="73" start="73" name="AT0"/>
                    <label end="79" start="75" name="AJ0"/>
                    <label end="84" start="81" name="NN1"/>
                    <label end="93" start="86" name="VVN"/>
                    <label end="96" start="95" name="PRP"/>
                    <label end="98" start="98" name="AT0"/>
                    <label end="103" start="100" name="AJ0"/>
                    <label end="108" start="105" name="NN1"/>
                    <label end="111" start="110" name="VBZ"/>
                    <label end="123" start="113" name="AJ0"/>
                    <label end="128" start="125" name="PRP"/>
                    <label end="130" start="130" name="AT0"/>
                    <label end="135" start="132" name="AJ0"/>
                    <label end="140" start="137" name="NN1"/>
                    <label end="149" start="142" name="VVN"/>
                    <label end="152" start="151" name="PRP"/>
                    <label end="154" start="154" name="AT0"/>
                    <label end="160" start="156" name="AJ0"/>
                    <label end="165" start="162" name="NN1"/>
                    <label end="167" start="167" name="PUN"/>
                </layer>
                <layer rank="1" name="NER"/>
                <layer rank="1" name="WSL"/>
            </annotationSet>
            <annotationSet cDate="01/08/2003 05:01:58 PST Wed" status="MANUAL" ID="1776863">
                <layer rank="1" name="FE">
                    <label cBy="RLG" feID="3732" end="108" start="73" name="Sign_1"/>
                    <label cBy="RLG" feID="3733" end="165" start="125" name="Sign_2"/>
                </layer>
                <layer rank="1" name="GF">
                    <label end="108" start="73" name="Ext"/>
                    <label end="165" start="125" name="Dep"/>
                </layer>
                <layer rank="1" name="PT">
                    <label end="108" start="73" name="NP"/>
                    <label end="165" start="125" name="PP"/>
                </layer>
                <layer rank="1" name="Sent"/>
                <layer rank="1" name="Other"/>
                <layer rank="1" name="Target">
                    <label cBy="BoC" end="123" start="113" name="Target"/>
                </layer>
                <layer rank="1" name="Adj">
                    <label end="111" start="110" name="Cop"/>
                </layer>
            </annotationSet>
        </sentence>
        <sentence sentNo="0" aPos="93561668" ID="1163265">
            <text>But as we saw in Chapters 5 and 6 there may be very many extraneous word strings which are homophonous with the correct words , and which extend some if not all of the way through the utterance . </text>
            <annotationSet cDate="01/08/2003 05:01:58 PST Wed" status="UNANN" ID="1776864">
                <layer rank="1" name="BNC">
                    <label end="2" start="0" name="CJC"/>
                    <label end="5" start="4" name="CJS"/>
                    <label end="8" start="7" name="PNP"/>
                    <label end="12" start="10" name="VVD"/>
                    <label end="15" start="14" name="PRP"/>
                    <label end="24" start="17" name="NN2"/>
                    <label end="26" start="26" name="CRD"/>
                    <label end="30" start="28" name="CJC"/>
                    <label end="32" start="32" name="CRD"/>
                    <label end="38" start="34" name="EX0"/>
                    <label end="42" start="40" name="VM0"/>
                    <label end="45" start="44" name="VBI"/>
                    <label end="50" start="47" name="AV0"/>
                    <label end="55" start="52" name="DT0"/>
                    <label end="66" start="57" name="AJ0"/>
                    <label end="71" start="68" name="NN1"/>
                    <label end="79" start="73" name="NN2"/>
                    <label end="85" start="81" name="DTQ"/>
                    <label end="89" start="87" name="VBB"/>
                    <label end="101" start="91" name="AJ0"/>
                    <label end="106" start="103" name="PRP"/>
                    <label end="110" start="108" name="AT0"/>
                    <label end="118" start="112" name="AJ0"/>
                    <label end="124" start="120" name="NN2"/>
                    <label end="126" start="126" name="PUN"/>
                    <label end="130" start="128" name="CJC"/>
                    <label end="136" start="132" name="DTQ"/>
                    <label end="143" start="138" name="VVB"/>
                    <label end="148" start="145" name="DT0"/>
                    <label end="151" start="150" name="CJS"/>
                    <label end="155" start="153" name="XX0"/>
                    <label end="159" start="157" name="DT0"/>
                    <label end="162" start="161" name="PRF"/>
                    <label end="166" start="164" name="AT0"/>
                    <label end="170" start="168" name="NN1"/>
                    <label end="178" start="172" name="PRP"/>
                    <label end="182" start="180" name="AT0"/>
                    <label end="192" start="184" name="NN1"/>
                    <label end="194" start="194" name="PUN"/>
                </layer>
                <layer rank="1" name="NER"/>
                <layer rank="1" name="WSL"/>
            </annotationSet>
            <annotationSet cDate="01/08/2003 05:01:58 PST Wed" status="MANUAL" ID="1776865">
                <layer rank="1" name="FE">
                    <label cBy="RLG" feID="3733" end="124" start="103" name="Sign_2"/>
                    <label cBy="RLG" feID="3732" end="79" start="47" name="Sign_1"/>
                    <label cBy="Hay" feID="3732" end="85" start="81" name="Sign_1"/>
                </layer>
                <layer rank="1" name="GF">
                    <label end="124" start="103" name="Dep"/>
                    <label end="79" start="47" name="Ext"/>
                    <label end="85" start="81" name="Ext"/>
                </layer>
                <layer rank="1" name="PT">
                    <label end="124" start="103" name="PP"/>
                    <label end="79" start="47" name="NP"/>
                    <label end="85" start="81" name="NP"/>
                </layer>
                <layer rank="1" name="Sent"/>
                <layer rank="1" name="Other">
                    <label end="79" start="47" name="Ant"/>
                    <label end="85" start="81" name="Rel"/>
                </layer>
                <layer rank="1" name="Target">
                    <label cBy="BoC" end="101" start="91" name="Target"/>
                </layer>
                <layer rank="1" name="Adj">
                    <label end="89" start="87" name="Cop"/>
                </layer>
            </annotationSet>
        </sentence>
    </subCorpus>
</lexUnit>