<?xml version="1.0" encoding="UTF-8" standalone="yes"?>
<?xml-stylesheet type="text/xsl" href="lexUnit.xsl"?>
<lexUnit status="Insufficient_Attestations" POS="V" name="lay waste.v" ID="7633" frame="Destroying" frameID="417" totalAnnotated="0" xsi:schemaLocation="../schema/lexUnit.xsd" xmlns="http://framenet.icsi.berkeley.edu" xmlns:xsi="http://www.w3.org/2001/XMLSchema-instance">
    <header>
        <frame>
            <FE fgColor="FFFFFF" bgColor="00BFFF" type="Core" abbrev="Cause" name="Cause"/>
            <FE fgColor="00008B" bgColor="7FFF00" type="Extra-Thematic" abbrev="Con" name="Containing_event"/>
            <FE fgColor="FFFFFF" bgColor="1E90FF" type="Peripheral" abbrev="Degr" name="Degree"/>
            <FE fgColor="00008B" bgColor="A9A9A9" type="Extra-Thematic" abbrev="Dep" name="Depictive"/>
            <FE fgColor="FFFFFF" bgColor="FF0000" type="Core" abbrev="Agt" name="Destroyer"/>
            <FE fgColor="FFFFFF" bgColor="9F79EE" type="Extra-Thematic" abbrev="Expl" name="Explanation"/>
            <FE fgColor="FFFFFF" bgColor="FF69B4" type="Extra-Thematic" abbrev="Fre" name="Frequency"/>
            <FE fgColor="FFFFFF" bgColor="808080" type="Peripheral" abbrev="Ins" name="Instrument"/>
            <FE fgColor="FFFFFF" bgColor="FF00FF" type="Peripheral" abbrev="Mnr" name="Manner"/>
            <FE fgColor="FFFFFF" bgColor="00008B" type="Peripheral" abbrev="Mns" name="Means"/>
            <FE fgColor="000000" bgColor="d0d0d0" type="Peripheral" abbrev="Med" name="Medium"/>
            <FE fgColor="FFFFFF" bgColor="0000FF" type="Core" abbrev="Pat" name="Patient"/>
            <FE fgColor="FFFFFF" bgColor="008000" type="Peripheral" abbrev="Place" name="Place"/>
            <FE fgColor="FFFFFF" bgColor="800080" type="Extra-Thematic" abbrev="Purp" name="Purpose"/>
            <FE fgColor="FFFFFF" bgColor="A52A2A" type="Extra-Thematic" abbrev="Result" name="Result"/>
            <FE fgColor="0000FF" bgColor="FFFF00" type="Extra-Thematic" abbrev="Rol" name="Role"/>
            <FE fgColor="FFFFFF" bgColor="7CCD73" type="Extra-Thematic" abbrev="Subr" name="Subregion"/>
            <FE fgColor="FFFFFF" bgColor="FFA500" type="Peripheral" abbrev="Time" name="Time"/>
        </frame>
    </header>
    <definition>FN: the deliberate destruction of buildings, farms, etc., as by an army or force of nature</definition>
    <lexeme order="1" headword="true" breakBefore="false" POS="V" name="lay"/>
    <lexeme order="2" headword="false" breakBefore="true" POS="N" name="waste"/>
    <valences/>
</lexUnit>