<?xml version="1.0" encoding="UTF-8" standalone="yes"?>
<?xml-stylesheet type="text/xsl" href="lexUnit.xsl"?>
<lexUnit status="Insufficient_Attestations" POS="N" name="Podunk.n" ID="7667" frame="Isolated_places" frameID="420" totalAnnotated="0" xsi:schemaLocation="../schema/lexUnit.xsd" xmlns="http://framenet.icsi.berkeley.edu" xmlns:xsi="http://www.w3.org/2001/XMLSchema-instance">
    <header>
        <frame>
            <FE fgColor="FFFFFF" bgColor="006400" type="Core" abbrev="Place" name="Place"/>
            <FE fgColor="FFFFFF" bgColor="FFA500" type="Peripheral" abbrev="Relative_location" name="Relative_location"/>
        </frame>
    </header>
    <definition>FN: a small isolated town, area, or place that is considered unimportant.</definition>
    <lexeme POS="N" name="Podunk"/>
    <valences/>
</lexUnit>