<?xml version="1.0" encoding="UTF-8" standalone="yes"?>
<?xml-stylesheet type="text/xsl" href="lexUnit.xsl"?>
<lexUnit status="Rules_Defined" POS="A" name="in cahoots.a" ID="7642" frame="Collaboration" frameID="418" totalAnnotated="8" xsi:schemaLocation="../schema/lexUnit.xsd" xmlns="http://framenet.icsi.berkeley.edu" xmlns:xsi="http://www.w3.org/2001/XMLSchema-instance">
    <header>
        <frame>
            <FE fgColor="FFFFFF" bgColor="00BFFF" type="Peripheral" abbrev="" name="Degree"/>
            <FE fgColor="FFFFFF" bgColor="9F79EE" type="Peripheral" abbrev="Dur" name="Duration"/>
            <FE fgColor="FFFFFF" bgColor="FF00FF" type="Peripheral" abbrev="Manr" name="Manner"/>
            <FE fgColor="FFFFFF" bgColor="A52A2A" type="Peripheral" abbrev="mea" name="Means"/>
            <FE fgColor="FFFFFF" bgColor="800080" type="Core" abbrev="Partners" name="Partners"/>
            <FE fgColor="FFFFFF" bgColor="0000FF" type="Core" abbrev="Partner-1" name="Partner_1"/>
            <FE fgColor="FFFFFF" bgColor="FF0000" type="Core" abbrev="Partner-2" name="Partner_2"/>
            <FE fgColor="FFFFFF" bgColor="008000" type="Peripheral" abbrev="Place" name="Place"/>
            <FE fgColor="FFFFFF" bgColor="FFA500" type="Peripheral" abbrev="Time" name="Time"/>
            <FE fgColor="FFFFFF" bgColor="808080" type="Core" abbrev="Undertaking" name="Undertaking"/>
        </frame>
    </header>
    <definition>COD: colluding or conspiring together secretly</definition>
    <lexeme order="1" headword="true" breakBefore="false" POS="A" name="in"/>
    <lexeme order="2" headword="false" breakBefore="false" POS="N" name="cahoots"/>
    <valences>
        <FERealization total="7">
            <FE name="Partner_1"/>
            <pattern total="7">
                <valenceUnit GF="Ext" PT="NP" FE="Partner_1"/>
                <annoSet ID="1814987"/>
                <annoSet ID="1814989"/>
                <annoSet ID="1814991"/>
                <annoSet ID="1814993"/>
                <annoSet ID="1814997"/>
                <annoSet ID="1815003"/>
                <annoSet ID="1815007"/>
            </pattern>
        </FERealization>
        <FERealization total="7">
            <FE name="Partner_2"/>
            <pattern total="7">
                <valenceUnit GF="Dep" PT="PP[with]" FE="Partner_2"/>
                <annoSet ID="1814987"/>
                <annoSet ID="1814989"/>
                <annoSet ID="1814991"/>
                <annoSet ID="1814993"/>
                <annoSet ID="1814997"/>
                <annoSet ID="1815003"/>
                <annoSet ID="1815007"/>
            </pattern>
        </FERealization>
        <FERealization total="1">
            <FE name="Partners"/>
            <pattern total="1">
                <valenceUnit GF="Ext" PT="NP" FE="Partners"/>
                <annoSet ID="1815001"/>
            </pattern>
        </FERealization>
        <FERealization total="8">
            <FE name="Undertaking"/>
            <pattern total="8">
                <valenceUnit GF="" PT="DNI" FE="Undertaking"/>
                <annoSet ID="1814987"/>
                <annoSet ID="1814989"/>
                <annoSet ID="1814991"/>
                <annoSet ID="1814993"/>
                <annoSet ID="1814997"/>
                <annoSet ID="1815001"/>
                <annoSet ID="1815003"/>
                <annoSet ID="1815007"/>
            </pattern>
        </FERealization>
        <FEGroupRealization total="1">
            <FE name="Partner_1"/>
            <FE name="Partner_1"/>
            <FE name="Partner_2"/>
            <FE name="Undertaking"/>
            <pattern total="1">
                <valenceUnit GF="Ext" PT="NP" FE="Partner_1"/>
                <valenceUnit GF="Ext" PT="NP" FE="Partner_1"/>
                <valenceUnit GF="Dep" PT="PP[with]" FE="Partner_2"/>
                <valenceUnit GF="" PT="DNI" FE="Undertaking"/>
                <annoSet ID="1814991"/>
            </pattern>
        </FEGroupRealization>
        <FEGroupRealization total="6">
            <FE name="Partner_1"/>
            <FE name="Partner_2"/>
            <FE name="Undertaking"/>
            <pattern total="6">
                <valenceUnit GF="Ext" PT="NP" FE="Partner_1"/>
                <valenceUnit GF="Dep" PT="PP[with]" FE="Partner_2"/>
                <valenceUnit GF="" PT="DNI" FE="Undertaking"/>
                <annoSet ID="1814987"/>
                <annoSet ID="1814989"/>
                <annoSet ID="1814993"/>
                <annoSet ID="1814997"/>
                <annoSet ID="1815003"/>
                <annoSet ID="1815007"/>
            </pattern>
        </FEGroupRealization>
        <FEGroupRealization total="1">
            <FE name="Partners"/>
            <FE name="Undertaking"/>
            <pattern total="1">
                <valenceUnit GF="Ext" PT="NP" FE="Partners"/>
                <valenceUnit GF="" PT="DNI" FE="Undertaking"/>
                <annoSet ID="1815001"/>
            </pattern>
        </FEGroupRealization>
    </valences>
    <subCorpus name="A-001-all">
        <sentence sentNo="0" aPos="5110852" ID="1182802">
            <text>Perhaps he was in cahoots with the one who got in through a skylark ? </text>
            <annotationSet cDate="01/08/2003 05:47:58 PST Wed" status="UNANN" ID="1814986">
                <layer rank="1" name="BNC">
                    <label end="6" start="0" name="AV0"/>
                    <label end="9" start="8" name="PNP"/>
                    <label end="13" start="11" name="VBD"/>
                    <label end="16" start="15" name="PRP"/>
                    <label end="24" start="18" name="NN2"/>
                    <label end="29" start="26" name="PRP"/>
                    <label end="33" start="31" name="AT0"/>
                    <label end="37" start="35" name="PNI"/>
                    <label end="41" start="39" name="PNQ"/>
                    <label end="45" start="43" name="VVD"/>
                    <label end="48" start="47" name="AVP"/>
                    <label end="56" start="50" name="PRP"/>
                    <label end="58" start="58" name="AT0"/>
                    <label end="66" start="60" name="NN1"/>
                    <label end="68" start="68" name="PUN"/>
                </layer>
                <layer rank="1" name="NER"/>
                <layer rank="1" name="WSL"/>
            </annotationSet>
            <annotationSet cDate="01/08/2003 05:47:58 PST Wed" status="MANUAL" ID="1814987">
                <layer rank="1" name="FE">
                    <label cBy="Sep" feID="3851" end="9" start="8" name="Partner_1"/>
                    <label cBy="Sep" feID="3852" end="66" start="26" name="Partner_2"/>
                    <label cBy="ACW" feID="3853" itype="DNI" name="Undertaking"/>
                </layer>
                <layer rank="1" name="GF">
                    <label end="9" start="8" name="Ext"/>
                    <label end="66" start="26" name="Dep"/>
                </layer>
                <layer rank="1" name="PT">
                    <label end="9" start="8" name="NP"/>
                    <label end="66" start="26" name="PP"/>
                </layer>
                <layer rank="1" name="Sent"/>
                <layer rank="1" name="Other"/>
                <layer rank="1" name="Target">
                    <label cBy="EGp" end="16" start="15" name="Target"/>
                    <label cBy="EGp" end="24" start="18" name="Target"/>
                </layer>
                <layer rank="1" name="Adj">
                    <label end="13" start="11" name="Cop"/>
                </layer>
            </annotationSet>
        </sentence>
        <sentence sentNo="0" aPos="6025671" ID="1182803">
            <text>But in many booths the presiding officer is in cahoots with the capturers , or may be too terrified of local toughs to protest . </text>
            <annotationSet cDate="01/08/2003 05:47:58 PST Wed" status="UNANN" ID="1814988">
                <layer rank="1" name="BNC">
                    <label end="2" start="0" name="CJC"/>
                    <label end="5" start="4" name="PRP"/>
                    <label end="10" start="7" name="DT0"/>
                    <label end="17" start="12" name="NN2"/>
                    <label end="21" start="19" name="AT0"/>
                    <label end="31" start="23" name="AJ0-NN1"/>
                    <label end="39" start="33" name="NN1"/>
                    <label end="42" start="41" name="VBZ"/>
                    <label end="45" start="44" name="PRP"/>
                    <label end="53" start="47" name="NN2"/>
                    <label end="58" start="55" name="PRP"/>
                    <label end="62" start="60" name="AT0"/>
                    <label end="72" start="64" name="NN2"/>
                    <label end="74" start="74" name="PUN"/>
                    <label end="77" start="76" name="CJC"/>
                    <label end="81" start="79" name="VM0"/>
                    <label end="84" start="83" name="VBI"/>
                    <label end="88" start="86" name="AV0"/>
                    <label end="98" start="90" name="VVD-VVN"/>
                    <label end="101" start="100" name="PRF"/>
                    <label end="107" start="103" name="AJ0"/>
                    <label end="114" start="109" name="NN2"/>
                    <label end="117" start="116" name="TO0"/>
                    <label end="125" start="119" name="VVI"/>
                    <label end="127" start="127" name="PUN"/>
                </layer>
                <layer rank="1" name="NER"/>
                <layer rank="1" name="WSL"/>
            </annotationSet>
            <annotationSet cDate="01/08/2003 05:47:58 PST Wed" status="MANUAL" ID="1814989">
                <layer rank="1" name="FE">
                    <label cBy="Sep" feID="3851" end="39" start="19" name="Partner_1"/>
                    <label cBy="Sep" feID="3852" end="72" start="55" name="Partner_2"/>
                    <label cBy="ACW" feID="3853" itype="DNI" name="Undertaking"/>
                </layer>
                <layer rank="1" name="GF">
                    <label end="39" start="19" name="Ext"/>
                    <label end="72" start="55" name="Dep"/>
                </layer>
                <layer rank="1" name="PT">
                    <label end="39" start="19" name="NP"/>
                    <label end="72" start="55" name="PP"/>
                </layer>
                <layer rank="1" name="Sent"/>
                <layer rank="1" name="Other"/>
                <layer rank="1" name="Target">
                    <label cBy="EGp" end="45" start="44" name="Target"/>
                    <label cBy="EGp" end="53" start="47" name="Target"/>
                </layer>
                <layer rank="1" name="Adj">
                    <label end="42" start="41" name="Cop"/>
                </layer>
            </annotationSet>
        </sentence>
        <sentence sentNo="0" aPos="13490982" ID="1182804">
            <text>` I decided I was not going to change the way I taught to suit some sour little squirt of a fascist inspector who now turns out to be in cahoots with Roberto Bandeira . </text>
            <annotationSet cDate="01/08/2003 05:47:58 PST Wed" status="UNANN" ID="1814990">
                <layer rank="1" name="BNC">
                    <label end="0" start="0" name="PUQ"/>
                    <label end="2" start="2" name="PNP"/>
                    <label end="10" start="4" name="VVD"/>
                    <label end="12" start="12" name="PNP"/>
                    <label end="16" start="14" name="VBD"/>
                    <label end="20" start="18" name="XX0"/>
                    <label end="26" start="22" name="VVG"/>
                    <label end="29" start="28" name="TO0"/>
                    <label end="36" start="31" name="VVI"/>
                    <label end="40" start="38" name="AT0"/>
                    <label end="44" start="42" name="NN1"/>
                    <label end="46" start="46" name="PNP"/>
                    <label end="53" start="48" name="VVD"/>
                    <label end="56" start="55" name="TO0"/>
                    <label end="61" start="58" name="VVI"/>
                    <label end="66" start="63" name="DT0"/>
                    <label end="71" start="68" name="AJ0"/>
                    <label end="78" start="73" name="AJ0"/>
                    <label end="85" start="80" name="NN1"/>
                    <label end="88" start="87" name="PRF"/>
                    <label end="90" start="90" name="AT0"/>
                    <label end="98" start="92" name="NN1"/>
                    <label end="108" start="100" name="NN1"/>
                    <label end="112" start="110" name="PNQ"/>
                    <label end="116" start="114" name="AV0"/>
                    <label end="122" start="118" name="VVZ"/>
                    <label end="126" start="124" name="AVP"/>
                    <label end="129" start="128" name="TO0"/>
                    <label end="132" start="131" name="VBI"/>
                    <label end="135" start="134" name="PRP"/>
                    <label end="143" start="137" name="NN2"/>
                    <label end="148" start="145" name="PRP"/>
                    <label end="156" start="150" name="NP0"/>
                    <label end="165" start="158" name="NP0"/>
                    <label end="167" start="167" name="PUN"/>
                </layer>
                <layer rank="1" name="NER"/>
                <layer rank="1" name="WSL"/>
            </annotationSet>
            <annotationSet cDate="01/08/2003 05:47:58 PST Wed" status="MANUAL" ID="1814991">
                <layer rank="1" name="FE">
                    <label cBy="Sep" feID="3851" end="108" start="90" name="Partner_1"/>
                    <label cBy="Sep" feID="3852" end="165" start="145" name="Partner_2"/>
                    <label cBy="ACW" feID="3853" itype="DNI" name="Undertaking"/>
                    <label cBy="Hay" feID="3851" end="112" start="110" name="Partner_1"/>
                </layer>
                <layer rank="1" name="GF">
                    <label end="108" start="90" name="Ext"/>
                    <label end="165" start="145" name="Dep"/>
                    <label end="112" start="110" name="Ext"/>
                </layer>
                <layer rank="1" name="PT">
                    <label end="108" start="90" name="NP"/>
                    <label end="165" start="145" name="PP"/>
                    <label end="112" start="110" name="NP"/>
                </layer>
                <layer rank="1" name="Sent"/>
                <layer rank="1" name="Other">
                    <label end="108" start="90" name="Ant"/>
                    <label end="112" start="110" name="Rel"/>
                </layer>
                <layer rank="1" name="Target">
                    <label cBy="EGp" end="135" start="134" name="Target"/>
                    <label cBy="EGp" end="143" start="137" name="Target"/>
                </layer>
                <layer rank="1" name="Adj">
                    <label end="132" start="131" name="Cop"/>
                </layer>
            </annotationSet>
        </sentence>
        <sentence sentNo="0" aPos="24997754" ID="1182805">
            <text>` The Urge &quot; is an unusual new bass designed by the Fender Custom Shop in cahoots with Satriani 's old buddy Stu Hamm . </text>
            <annotationSet cDate="01/08/2003 05:47:58 PST Wed" status="UNANN" ID="1814992">
                <layer rank="1" name="BNC">
                    <label end="0" start="0" name="PUQ"/>
                    <label end="4" start="2" name="AT0"/>
                    <label end="9" start="6" name="NN1"/>
                    <label end="11" start="11" name="PUQ"/>
                    <label end="14" start="13" name="VBZ"/>
                    <label end="17" start="16" name="AT0"/>
                    <label end="25" start="19" name="AJ0"/>
                    <label end="29" start="27" name="AJ0"/>
                    <label end="34" start="31" name="NN1"/>
                    <label end="43" start="36" name="VVN"/>
                    <label end="46" start="45" name="PRP"/>
                    <label end="50" start="48" name="AT0"/>
                    <label end="57" start="52" name="NN1-NP0"/>
                    <label end="64" start="59" name="NN1-NP0"/>
                    <label end="69" start="66" name="NN1"/>
                    <label end="72" start="71" name="PRP"/>
                    <label end="80" start="74" name="NN2"/>
                    <label end="85" start="82" name="PRP"/>
                    <label end="94" start="87" name="NP0"/>
                    <label end="97" start="96" name="POS"/>
                    <label end="101" start="99" name="AJ0"/>
                    <label end="107" start="103" name="NN1"/>
                    <label end="111" start="109" name="NN1-NP0"/>
                    <label end="116" start="113" name="NP0"/>
                    <label end="118" start="118" name="PUN"/>
                </layer>
                <layer rank="1" name="NER"/>
                <layer rank="1" name="WSL"/>
            </annotationSet>
            <annotationSet cDate="01/08/2003 05:47:58 PST Wed" status="MANUAL" ID="1814993">
                <layer rank="1" name="FE">
                    <label cBy="Sep" feID="3851" end="69" start="48" name="Partner_1"/>
                    <label cBy="Sep" feID="3852" end="116" start="82" name="Partner_2"/>
                    <label cBy="ACW" feID="3853" itype="DNI" name="Undertaking"/>
                </layer>
                <layer rank="1" name="GF">
                    <label end="69" start="48" name="Ext"/>
                    <label end="116" start="82" name="Dep"/>
                </layer>
                <layer rank="1" name="PT">
                    <label end="69" start="48" name="NP"/>
                    <label end="116" start="82" name="PP"/>
                </layer>
                <layer rank="1" name="Sent"/>
                <layer rank="1" name="Other"/>
                <layer rank="1" name="Target">
                    <label cBy="EGp" end="72" start="71" name="Target"/>
                    <label cBy="EGp" end="80" start="74" name="Target"/>
                </layer>
                <layer rank="1" name="Adj"/>
            </annotationSet>
        </sentence>
        <sentence sentNo="0" aPos="41063532" ID="1182807">
            <text>But Mr Espina has his work cut out to convince people that he was not in cahoots with Mr Serrano . </text>
            <annotationSet cDate="01/08/2003 05:47:59 PST Wed" status="UNANN" ID="1814996">
                <layer rank="1" name="BNC">
                    <label end="2" start="0" name="CJC"/>
                    <label end="5" start="4" name="NP0"/>
                    <label end="12" start="7" name="NP0"/>
                    <label end="16" start="14" name="VHZ"/>
                    <label end="20" start="18" name="DPS"/>
                    <label end="25" start="22" name="NN1"/>
                    <label end="29" start="27" name="VVN"/>
                    <label end="33" start="31" name="AVP"/>
                    <label end="36" start="35" name="TO0"/>
                    <label end="45" start="38" name="VVI"/>
                    <label end="52" start="47" name="NN0"/>
                    <label end="57" start="54" name="CJT"/>
                    <label end="60" start="59" name="PNP"/>
                    <label end="64" start="62" name="VBD"/>
                    <label end="68" start="66" name="XX0"/>
                    <label end="71" start="70" name="PRP"/>
                    <label end="79" start="73" name="NN2"/>
                    <label end="84" start="81" name="PRP"/>
                    <label end="87" start="86" name="NP0"/>
                    <label end="95" start="89" name="NP0"/>
                    <label end="97" start="97" name="PUN"/>
                </layer>
                <layer rank="1" name="NER"/>
                <layer rank="1" name="WSL"/>
            </annotationSet>
            <annotationSet cDate="01/08/2003 05:47:59 PST Wed" status="MANUAL" ID="1814997">
                <layer rank="1" name="FE">
                    <label cBy="Sep" feID="3851" end="60" start="59" name="Partner_1"/>
                    <label cBy="Sep" feID="3852" end="95" start="81" name="Partner_2"/>
                    <label cBy="ACW" feID="3853" itype="DNI" name="Undertaking"/>
                </layer>
                <layer rank="1" name="GF">
                    <label end="60" start="59" name="Ext"/>
                    <label end="95" start="81" name="Dep"/>
                </layer>
                <layer rank="1" name="PT">
                    <label end="60" start="59" name="NP"/>
                    <label end="95" start="81" name="PP"/>
                </layer>
                <layer rank="1" name="Sent"/>
                <layer rank="1" name="Other"/>
                <layer rank="1" name="Target">
                    <label cBy="EGp" end="71" start="70" name="Target"/>
                    <label cBy="EGp" end="79" start="73" name="Target"/>
                </layer>
                <layer rank="1" name="Adj">
                    <label end="64" start="62" name="Cop"/>
                </layer>
            </annotationSet>
        </sentence>
        <sentence sentNo="0" aPos="49481589" ID="1182809">
            <text>Some dealers tried to convey the false impression that the two markets were in cahoots . </text>
            <annotationSet cDate="01/08/2003 05:47:59 PST Wed" status="UNANN" ID="1815000">
                <layer rank="1" name="BNC">
                    <label end="3" start="0" name="DT0"/>
                    <label end="11" start="5" name="NN2"/>
                    <label end="17" start="13" name="VVD-VVN"/>
                    <label end="20" start="19" name="TO0"/>
                    <label end="27" start="22" name="VVI"/>
                    <label end="31" start="29" name="AT0"/>
                    <label end="37" start="33" name="AJ0"/>
                    <label end="48" start="39" name="NN1"/>
                    <label end="53" start="50" name="CJT"/>
                    <label end="57" start="55" name="AT0"/>
                    <label end="61" start="59" name="CRD"/>
                    <label end="69" start="63" name="NN2"/>
                    <label end="74" start="71" name="VBD"/>
                    <label end="77" start="76" name="PRP"/>
                    <label end="85" start="79" name="NN2"/>
                    <label end="87" start="87" name="PUN"/>
                </layer>
                <layer rank="1" name="NER"/>
                <layer rank="1" name="WSL"/>
            </annotationSet>
            <annotationSet cDate="01/08/2003 05:47:59 PST Wed" status="MANUAL" ID="1815001">
                <layer rank="1" name="FE">
                    <label cBy="Sep" feID="3855" end="69" start="55" name="Partners"/>
                    <label cBy="ACW" feID="3853" itype="DNI" name="Undertaking"/>
                </layer>
                <layer rank="1" name="GF">
                    <label end="69" start="55" name="Ext"/>
                </layer>
                <layer rank="1" name="PT">
                    <label end="69" start="55" name="NP"/>
                </layer>
                <layer rank="1" name="Sent"/>
                <layer rank="1" name="Other"/>
                <layer rank="1" name="Target">
                    <label cBy="EGp" end="77" start="76" name="Target"/>
                    <label cBy="EGp" end="85" start="79" name="Target"/>
                </layer>
                <layer rank="1" name="Adj">
                    <label end="74" start="71" name="Cop"/>
                </layer>
            </annotationSet>
        </sentence>
        <sentence sentNo="0" aPos="58407749" ID="1182810">
            <text>I even found it difficult to believe that she had ever been in cahoots with Mr Broadhurst . </text>
            <annotationSet cDate="01/08/2003 05:47:59 PST Wed" status="UNANN" ID="1815002">
                <layer rank="1" name="BNC">
                    <label end="0" start="0" name="PNP"/>
                    <label end="5" start="2" name="AV0"/>
                    <label end="11" start="7" name="VVD"/>
                    <label end="14" start="13" name="PNP"/>
                    <label end="24" start="16" name="AJ0"/>
                    <label end="27" start="26" name="TO0"/>
                    <label end="35" start="29" name="VVI"/>
                    <label end="40" start="37" name="CJT"/>
                    <label end="44" start="42" name="PNP"/>
                    <label end="48" start="46" name="VHD"/>
                    <label end="53" start="50" name="AV0"/>
                    <label end="58" start="55" name="VBN"/>
                    <label end="61" start="60" name="PRP"/>
                    <label end="69" start="63" name="NN2"/>
                    <label end="74" start="71" name="PRP"/>
                    <label end="77" start="76" name="NP0"/>
                    <label end="88" start="79" name="NP0"/>
                    <label end="90" start="90" name="PUN"/>
                </layer>
                <layer rank="1" name="NER"/>
                <layer rank="1" name="WSL"/>
            </annotationSet>
            <annotationSet cDate="01/08/2003 05:47:59 PST Wed" status="MANUAL" ID="1815003">
                <layer rank="1" name="FE">
                    <label cBy="Sep" feID="3851" end="44" start="42" name="Partner_1"/>
                    <label cBy="Sep" feID="3852" end="88" start="71" name="Partner_2"/>
                    <label cBy="ACW" feID="3853" itype="DNI" name="Undertaking"/>
                </layer>
                <layer rank="1" name="GF">
                    <label end="44" start="42" name="Ext"/>
                    <label end="88" start="71" name="Dep"/>
                </layer>
                <layer rank="1" name="PT">
                    <label end="44" start="42" name="NP"/>
                    <label end="88" start="71" name="PP"/>
                </layer>
                <layer rank="1" name="Sent"/>
                <layer rank="1" name="Other"/>
                <layer rank="1" name="Target">
                    <label cBy="EGp" end="61" start="60" name="Target"/>
                    <label cBy="EGp" end="69" start="63" name="Target"/>
                </layer>
                <layer rank="1" name="Adj">
                    <label end="58" start="55" name="Cop"/>
                </layer>
            </annotationSet>
        </sentence>
        <sentence sentNo="0" aPos="93722357" ID="1182812">
            <text>A supermarket assistant , in cahoots with a customer , wrapped goods and deliberately understated the price . </text>
            <annotationSet cDate="01/08/2003 05:47:59 PST Wed" status="UNANN" ID="1815006">
                <layer rank="1" name="BNC">
                    <label end="0" start="0" name="AT0"/>
                    <label end="12" start="2" name="NN1"/>
                    <label end="22" start="14" name="NN1"/>
                    <label end="24" start="24" name="PUN"/>
                    <label end="27" start="26" name="PRP"/>
                    <label end="35" start="29" name="NN2"/>
                    <label end="40" start="37" name="PRP"/>
                    <label end="42" start="42" name="AT0"/>
                    <label end="51" start="44" name="NN1"/>
                    <label end="53" start="53" name="PUN"/>
                    <label end="61" start="55" name="AJ0-VVD"/>
                    <label end="67" start="63" name="NN2"/>
                    <label end="71" start="69" name="CJC"/>
                    <label end="84" start="73" name="AV0"/>
                    <label end="96" start="86" name="VVD-VVN"/>
                    <label end="100" start="98" name="AT0"/>
                    <label end="106" start="102" name="NN1"/>
                    <label end="108" start="108" name="PUN"/>
                </layer>
                <layer rank="1" name="NER"/>
                <layer rank="1" name="WSL"/>
            </annotationSet>
            <annotationSet cDate="01/08/2003 05:47:59 PST Wed" status="MANUAL" ID="1815007">
                <layer rank="1" name="FE">
                    <label cBy="Sep" feID="3851" end="22" start="0" name="Partner_1"/>
                    <label cBy="Sep" feID="3852" end="51" start="37" name="Partner_2"/>
                    <label cBy="ACW" feID="3853" itype="DNI" name="Undertaking"/>
                </layer>
                <layer rank="1" name="GF">
                    <label end="22" start="0" name="Ext"/>
                    <label end="51" start="37" name="Dep"/>
                </layer>
                <layer rank="1" name="PT">
                    <label end="22" start="0" name="NP"/>
                    <label end="51" start="37" name="PP"/>
                </layer>
                <layer rank="1" name="Sent"/>
                <layer rank="1" name="Other"/>
                <layer rank="1" name="Target">
                    <label cBy="EGp" end="27" start="26" name="Target"/>
                    <label cBy="EGp" end="35" start="29" name="Target"/>
                </layer>
                <layer rank="1" name="Adj"/>
            </annotationSet>
        </sentence>
    </subCorpus>
</lexUnit>