<?xml version="1.0" encoding="UTF-8" standalone="yes"?>
<?xml-stylesheet type="text/xsl" href="lexUnit.xsl"?>
<lexUnit status="Finished_Initial" POS="N" name="middle of nowhere.n" ID="7664" frame="Isolated_places" frameID="420" totalAnnotated="6" xsi:schemaLocation="../schema/lexUnit.xsd" xmlns="http://framenet.icsi.berkeley.edu" xmlns:xsi="http://www.w3.org/2001/XMLSchema-instance">
    <header>
        <corpus description="BNC2" name="BNC2" ID="111">
            <document description="bncp" name="bncp" ID="421"/>
        </corpus>
        <corpus description="American National Corpus Texts" name="ANC" ID="195">
            <document description="Berlitz Where to Go in Hong Kong" name="WhereToHongKong" ID="23771"/>
        </corpus>
        <frame>
            <FE fgColor="FFFFFF" bgColor="006400" type="Core" abbrev="Place" name="Place"/>
            <FE fgColor="FFFFFF" bgColor="FFA500" type="Peripheral" abbrev="Relative_location" name="Relative_location"/>
        </frame>
    </header>
    <definition>FN: a remote or isolated area</definition>
    <lexeme order="1" headword="true" breakBefore="false" POS="N" name="middle"/>
    <lexeme order="2" headword="false" breakBefore="false" POS="PREP" name="of"/>
    <lexeme order="3" headword="false" breakBefore="false" POS="ADV" name="nowhere"/>
    <valences>
        <governor type="Gov" lemma="move">
            <annoSet ID="1893243"/>
        </governor>
        <governor type="Gov" lemma="stay">
            <annoSet ID="1893257"/>
        </governor>
        <FERealization total="6">
            <FE name="Place"/>
            <pattern total="6">
                <valenceUnit GF="" PT="DEN" FE="Place"/>
                <annoSet ID="1893243"/>
                <annoSet ID="1893255"/>
                <annoSet ID="1893257"/>
                <annoSet ID="1893295"/>
                <annoSet ID="1893309"/>
                <annoSet ID="6559985"/>
            </pattern>
        </FERealization>
        <FEGroupRealization total="6">
            <FE name="Place"/>
            <pattern total="6">
                <valenceUnit GF="" PT="DEN" FE="Place"/>
                <annoSet ID="1893243"/>
                <annoSet ID="1893255"/>
                <annoSet ID="1893257"/>
                <annoSet ID="1893295"/>
                <annoSet ID="1893309"/>
                <annoSet ID="6559985"/>
            </pattern>
        </FEGroupRealization>
    </valences>
    <subCorpus name="01-T-(1)">
        <sentence corpID="111" docID="421" sentNo="4" paragNo="138" aPos="0" ID="1223091">
            <text>The slogan , taking a popular cliché , asks receivers : ` Why move to the middle of nowhere , when you can move to the middle of London ? &quot;</text>
            <annotationSet cDate="06/05/2003 06:23:35 PDT Thu" status="UNANN" ID="1893242">
                <layer rank="1" name="PENN">
                    <label end="2" start="0" name="dt"/>
                    <label end="9" start="4" name="nn"/>
                    <label end="11" start="11" name=","/>
                    <label end="18" start="13" name="VVG"/>
                    <label end="20" start="20" name="dt"/>
                    <label end="28" start="22" name="jj"/>
                    <label end="35" start="30" name="nn"/>
                    <label end="37" start="37" name=","/>
                    <label end="42" start="39" name="VVZ"/>
                    <label end="52" start="44" name="nns"/>
                    <label end="54" start="54" name=":"/>
                    <label end="60" start="58" name="wrb"/>
                    <label end="65" start="62" name="VV"/>
                    <label end="68" start="67" name="to"/>
                    <label end="72" start="70" name="dt"/>
                    <label end="79" start="74" name="nn"/>
                    <label end="82" start="81" name="in"/>
                    <label end="90" start="84" name="rb"/>
                    <label end="92" start="92" name=","/>
                    <label end="97" start="94" name="wrb"/>
                    <label end="101" start="99" name="PP"/>
                    <label end="105" start="103" name="md"/>
                    <label end="110" start="107" name="VV"/>
                    <label end="113" start="112" name="to"/>
                    <label end="117" start="115" name="dt"/>
                    <label end="124" start="119" name="nn"/>
                    <label end="127" start="126" name="in"/>
                    <label end="134" start="129" name="NP"/>
                    <label end="136" start="136" name="sent"/>
                </layer>
                <layer rank="1" name="NER"/>
                <layer rank="1" name="WSL"/>
            </annotationSet>
            <annotationSet cDate="06/05/2003 06:23:35 PDT Thu" status="MANUAL" ID="1893243">
                <layer rank="1" name="Target">
                    <label cBy="EGp" end="79" start="74" name="Target"/>
                    <label cBy="EGp" end="82" start="81" name="Target"/>
                    <label cBy="EGp" end="90" start="84" name="Target"/>
                </layer>
                <layer rank="1" name="FE">
                    <label cBy="RLG" feID="3871" end="90" start="74" name="Place"/>
                </layer>
                <layer rank="1" name="GF"/>
                <layer rank="1" name="PT"/>
                <layer rank="1" name="Other"/>
                <layer rank="1" name="Sent"/>
                <layer rank="1" name="Noun">
                    <label end="90" start="67" name="X"/>
                    <label end="65" start="62" name="Gov"/>
                </layer>
            </annotationSet>
        </sentence>
        <sentence corpID="111" docID="421" sentNo="2" paragNo="492" aPos="0" ID="1223097">
            <text>But you go to the middle of nowhere and Nicky would look up to see a black cloud on the horizon and ask what it was .</text>
            <annotationSet cDate="06/05/2003 06:23:37 PDT Thu" status="UNANN" ID="1893254">
                <layer rank="1" name="PENN">
                    <label end="2" start="0" name="cc"/>
                    <label end="6" start="4" name="PP"/>
                    <label end="9" start="8" name="VVP"/>
                    <label end="12" start="11" name="to"/>
                    <label end="16" start="14" name="dt"/>
                    <label end="23" start="18" name="nn"/>
                    <label end="26" start="25" name="in"/>
                    <label end="34" start="28" name="rb"/>
                    <label end="38" start="36" name="cc"/>
                    <label end="44" start="40" name="NP"/>
                    <label end="50" start="46" name="md"/>
                    <label end="55" start="52" name="VV"/>
                    <label end="58" start="57" name="rp"/>
                    <label end="61" start="60" name="to"/>
                    <label end="65" start="63" name="VV"/>
                    <label end="67" start="67" name="dt"/>
                    <label end="73" start="69" name="jj"/>
                    <label end="79" start="75" name="nn"/>
                    <label end="82" start="81" name="in"/>
                    <label end="86" start="84" name="dt"/>
                    <label end="94" start="88" name="nn"/>
                    <label end="98" start="96" name="cc"/>
                    <label end="102" start="100" name="VV"/>
                    <label end="107" start="104" name="wp"/>
                    <label end="110" start="109" name="PP"/>
                    <label end="114" start="112" name="VBD"/>
                    <label end="116" start="116" name="sent"/>
                </layer>
                <layer rank="1" name="NER"/>
                <layer rank="1" name="WSL"/>
            </annotationSet>
            <annotationSet cDate="06/05/2003 06:23:38 PDT Thu" status="MANUAL" ID="1893255">
                <layer rank="1" name="Target">
                    <label cBy="EGp" end="23" start="18" name="Target"/>
                    <label cBy="EGp" end="26" start="25" name="Target"/>
                    <label cBy="EGp" end="34" start="28" name="Target"/>
                </layer>
                <layer rank="1" name="FE">
                    <label cBy="RLG" feID="3871" end="34" start="18" name="Place"/>
                </layer>
                <layer rank="1" name="GF"/>
                <layer rank="1" name="PT"/>
                <layer rank="1" name="Other"/>
                <layer rank="1" name="Sent"/>
                <layer rank="1" name="Noun">
                    <label end="9" start="8" name="Gov"/>
                    <label end="34" start="11" name="X"/>
                </layer>
            </annotationSet>
        </sentence>
        <sentence corpID="111" docID="421" sentNo="1" paragNo="259" aPos="0" ID="1223098">
            <text>` I do n't have to stay in the middle of nowhere to be out of danger , &quot; she retorted .</text>
            <annotationSet cDate="06/05/2003 06:23:38 PDT Thu" status="UNANN" ID="1893256">
                <layer rank="1" name="PENN">
                    <label end="2" start="2" name="PP"/>
                    <label end="5" start="4" name="VVP"/>
                    <label end="9" start="7" name="rb"/>
                    <label end="14" start="11" name="VH"/>
                    <label end="17" start="16" name="to"/>
                    <label end="22" start="19" name="VV"/>
                    <label end="25" start="24" name="in"/>
                    <label end="29" start="27" name="dt"/>
                    <label end="36" start="31" name="nn"/>
                    <label end="39" start="38" name="in"/>
                    <label end="47" start="41" name="rb"/>
                    <label end="50" start="49" name="to"/>
                    <label end="53" start="52" name="vb"/>
                    <label end="57" start="55" name="rp"/>
                    <label end="60" start="59" name="in"/>
                    <label end="67" start="62" name="nn"/>
                    <label end="69" start="69" name=","/>
                    <label end="75" start="73" name="PP"/>
                    <label end="84" start="77" name="VVD"/>
                    <label end="86" start="86" name="sent"/>
                </layer>
                <layer rank="1" name="NER"/>
                <layer rank="1" name="WSL"/>
            </annotationSet>
            <annotationSet cDate="06/05/2003 06:23:38 PDT Thu" status="MANUAL" ID="1893257">
                <layer rank="1" name="Target">
                    <label cBy="EGp" end="36" start="31" name="Target"/>
                    <label cBy="EGp" end="39" start="38" name="Target"/>
                    <label cBy="EGp" end="47" start="41" name="Target"/>
                </layer>
                <layer rank="1" name="FE">
                    <label cBy="RLG" feID="3871" end="47" start="31" name="Place"/>
                </layer>
                <layer rank="1" name="GF"/>
                <layer rank="1" name="PT"/>
                <layer rank="1" name="Other"/>
                <layer rank="1" name="Sent"/>
                <layer rank="1" name="Noun">
                    <label end="22" start="19" name="Gov"/>
                    <label end="47" start="24" name="X"/>
                </layer>
            </annotationSet>
        </sentence>
    </subCorpus>
    <subCorpus name="other-matched-(1)">
        <sentence corpID="111" docID="421" sentNo="3" paragNo="1003" aPos="0" ID="1223117">
            <text>And would you go for a bus ride followed by a longish walk to take the fatal dose in a little hut in the middle of nowhere ? &quot;</text>
            <annotationSet cDate="06/05/2003 06:23:47 PDT Thu" status="UNANN" ID="1893294">
                <layer rank="1" name="PENN">
                    <label end="2" start="0" name="cc"/>
                    <label end="8" start="4" name="md"/>
                    <label end="12" start="10" name="PP"/>
                    <label end="15" start="14" name="VV"/>
                    <label end="19" start="17" name="in"/>
                    <label end="21" start="21" name="dt"/>
                    <label end="25" start="23" name="nn"/>
                    <label end="30" start="27" name="nn"/>
                    <label end="39" start="32" name="VVN"/>
                    <label end="42" start="41" name="in"/>
                    <label end="44" start="44" name="dt"/>
                    <label end="52" start="46" name="jj"/>
                    <label end="57" start="54" name="nn"/>
                    <label end="60" start="59" name="to"/>
                    <label end="65" start="62" name="VV"/>
                    <label end="69" start="67" name="dt"/>
                    <label end="75" start="71" name="jj"/>
                    <label end="80" start="77" name="nn"/>
                    <label end="83" start="82" name="in"/>
                    <label end="85" start="85" name="dt"/>
                    <label end="92" start="87" name="jj"/>
                    <label end="96" start="94" name="nn"/>
                    <label end="99" start="98" name="in"/>
                    <label end="103" start="101" name="dt"/>
                    <label end="110" start="105" name="nn"/>
                    <label end="113" start="112" name="in"/>
                    <label end="121" start="115" name="rb"/>
                    <label end="123" start="123" name="sent"/>
                </layer>
                <layer rank="1" name="NER"/>
                <layer rank="1" name="WSL"/>
            </annotationSet>
            <annotationSet cDate="06/05/2003 06:23:48 PDT Thu" status="MANUAL" ID="1893295">
                <layer rank="1" name="Target">
                    <label cBy="EGp" end="110" start="105" name="Target"/>
                    <label cBy="EGp" end="113" start="112" name="Target"/>
                    <label cBy="EGp" end="121" start="115" name="Target"/>
                </layer>
                <layer rank="1" name="FE">
                    <label cBy="RLG" feID="3871" end="121" start="105" name="Place"/>
                </layer>
                <layer rank="1" name="GF"/>
                <layer rank="1" name="PT"/>
                <layer rank="1" name="Other"/>
                <layer rank="1" name="Sent"/>
                <layer rank="1" name="Noun"/>
            </annotationSet>
        </sentence>
        <sentence corpID="111" docID="421" sentNo="4" paragNo="125" aPos="0" ID="1223124">
            <text>The accelerator cable broke in the middle of nowhere so we had to tie some string to it and while I drove , my girlfriend pulled on the string .</text>
            <annotationSet cDate="06/05/2003 06:23:50 PDT Thu" status="UNANN" ID="1893308">
                <layer rank="1" name="PENN">
                    <label end="2" start="0" name="dt"/>
                    <label end="14" start="4" name="nn"/>
                    <label end="20" start="16" name="nn"/>
                    <label end="26" start="22" name="VVD"/>
                    <label end="29" start="28" name="in"/>
                    <label end="33" start="31" name="dt"/>
                    <label end="40" start="35" name="nn"/>
                    <label end="43" start="42" name="in"/>
                    <label end="51" start="45" name="rb"/>
                    <label end="54" start="53" name="rb"/>
                    <label end="57" start="56" name="PP"/>
                    <label end="61" start="59" name="VHD"/>
                    <label end="64" start="63" name="to"/>
                    <label end="68" start="66" name="VV"/>
                    <label end="73" start="70" name="dt"/>
                    <label end="80" start="75" name="nn"/>
                    <label end="83" start="82" name="to"/>
                    <label end="86" start="85" name="PP"/>
                    <label end="90" start="88" name="cc"/>
                    <label end="96" start="92" name="in"/>
                    <label end="98" start="98" name="PP"/>
                    <label end="104" start="100" name="VVD"/>
                    <label end="106" start="106" name=","/>
                    <label end="109" start="108" name="PP$"/>
                    <label end="120" start="111" name="nn"/>
                    <label end="127" start="122" name="VVD"/>
                    <label end="130" start="129" name="in"/>
                    <label end="134" start="132" name="dt"/>
                    <label end="141" start="136" name="nn"/>
                    <label end="143" start="143" name="sent"/>
                </layer>
                <layer rank="1" name="NER"/>
                <layer rank="1" name="WSL"/>
            </annotationSet>
            <annotationSet cDate="06/05/2003 06:23:50 PDT Thu" status="MANUAL" ID="1893309">
                <layer rank="1" name="Target">
                    <label cBy="EGp" end="40" start="35" name="Target"/>
                    <label cBy="EGp" end="43" start="42" name="Target"/>
                    <label cBy="EGp" end="51" start="45" name="Target"/>
                </layer>
                <layer rank="1" name="FE">
                    <label cBy="RLG" feID="3871" end="51" start="35" name="Place"/>
                </layer>
                <layer rank="1" name="GF"/>
                <layer rank="1" name="PT"/>
                <layer rank="1" name="Other"/>
                <layer rank="1" name="Sent"/>
                <layer rank="1" name="Noun">
                    <label end="51" start="28" name="X"/>
                    <label end="26" start="22" name="Gov"/>
                </layer>
            </annotationSet>
        </sentence>
    </subCorpus>
    <subCorpus name="other-unmatched-(1)"/>
    <subCorpus name="manually-added">
        <sentence corpID="195" docID="23771" sentNo="1" paragNo="58" aPos="0" ID="4105993">
            <text>Surprises spring up on all sides : new industrial complexes alongside sleepy farming villages , skyscraper towns blooming in the middle of nowhere , Hakka women in their traditional flat straw hats with hanging black curtains , water buffalo , and flashes of azalea everywhere .</text>
            <annotationSet cDate="07/25/2008 01:18:55 PDT Fri" status="UNANN" ID="6555083">
                <layer rank="1" name="PENN">
                    <label end="8" start="0" name="nns"/>
                    <label end="15" start="10" name="nn"/>
                    <label end="18" start="17" name="rb"/>
                    <label end="21" start="20" name="in"/>
                    <label end="25" start="23" name="dt"/>
                    <label end="31" start="27" name="nns"/>
                    <label end="33" start="33" name=":"/>
                    <label end="37" start="35" name="jj"/>
                    <label end="48" start="39" name="jj"/>
                    <label end="58" start="50" name="nns"/>
                    <label end="68" start="60" name="in"/>
                    <label end="75" start="70" name="jj"/>
                    <label end="83" start="77" name="nn"/>
                    <label end="92" start="85" name="nns"/>
                    <label end="94" start="94" name=","/>
                    <label end="105" start="96" name="nn"/>
                    <label end="111" start="107" name="nns"/>
                    <label end="120" start="113" name="VVG"/>
                    <label end="123" start="122" name="in"/>
                    <label end="127" start="125" name="dt"/>
                    <label end="134" start="129" name="nn"/>
                    <label end="137" start="136" name="in"/>
                    <label end="145" start="139" name="rb"/>
                    <label end="147" start="147" name=","/>
                    <label end="153" start="149" name="NP"/>
                    <label end="159" start="155" name="nns"/>
                    <label end="162" start="161" name="in"/>
                    <label end="168" start="164" name="PP$"/>
                    <label end="180" start="170" name="jj"/>
                    <label end="185" start="182" name="jj"/>
                    <label end="191" start="187" name="nn"/>
                    <label end="196" start="193" name="nns"/>
                    <label end="201" start="198" name="in"/>
                    <label end="209" start="203" name="VVG"/>
                    <label end="215" start="211" name="jj"/>
                    <label end="224" start="217" name="nns"/>
                    <label end="226" start="226" name=","/>
                    <label end="232" start="228" name="nn"/>
                    <label end="240" start="234" name="nn"/>
                    <label end="242" start="242" name=","/>
                    <label end="246" start="244" name="cc"/>
                    <label end="254" start="248" name="VVZ"/>
                    <label end="257" start="256" name="in"/>
                    <label end="264" start="259" name="nn"/>
                    <label end="275" start="266" name="rb"/>
                    <label end="277" start="277" name="sent"/>
                </layer>
                <layer rank="1" name="NER"/>
                <layer rank="1" name="WSL">
                    <label end="33" start="33" name="NT"/>
                    <label end="68" start="60" name="NT"/>
                    <label end="94" start="94" name="NT"/>
                    <label end="127" start="125" name="NT"/>
                    <label end="147" start="147" name="NT"/>
                    <label end="153" start="149" name="NT"/>
                    <label end="168" start="164" name="NT"/>
                    <label end="201" start="198" name="NT"/>
                    <label end="226" start="226" name="NT"/>
                    <label end="242" start="242" name="NT"/>
                    <label end="246" start="244" name="NT"/>
                    <label end="257" start="256" name="NT"/>
                    <label end="277" start="277" name="NT"/>
                </layer>
            </annotationSet>
            <annotationSet cDate="01/13/2011 01:55:13 PST Thu" status="MANUAL" ID="6559985">
                <layer rank="1" name="Target">
                    <label cBy="EGp" end="134" start="129" name="Target"/>
                    <label cBy="EGp" end="137" start="136" name="Target"/>
                    <label cBy="EGp" end="145" start="139" name="Target"/>
                </layer>
                <layer rank="1" name="FE">
                    <label cBy="AlK" feID="3871" end="145" start="129" name="Place"/>
                </layer>
                <layer rank="1" name="GF"/>
                <layer rank="1" name="PT"/>
                <layer rank="1" name="Other"/>
                <layer rank="1" name="Sent"/>
                <layer rank="1" name="Noun"/>
            </annotationSet>
        </sentence>
    </subCorpus>
</lexUnit>