<?xml version="1.0" encoding="UTF-8" standalone="yes"?>
<?xml-stylesheet type="text/xsl" href="lexUnit.xsl"?>
<lexUnit status="Finished_Initial" POS="V" name="obliterate.v" ID="7623" frame="Destroying" frameID="417" totalAnnotated="4" xsi:schemaLocation="../schema/lexUnit.xsd" xmlns="http://framenet.icsi.berkeley.edu" xmlns:xsi="http://www.w3.org/2001/XMLSchema-instance">
    <header>
        <frame>
            <FE fgColor="FFFFFF" bgColor="00BFFF" type="Core" abbrev="Cause" name="Cause"/>
            <FE fgColor="00008B" bgColor="7FFF00" type="Extra-Thematic" abbrev="Con" name="Containing_event"/>
            <FE fgColor="FFFFFF" bgColor="1E90FF" type="Peripheral" abbrev="Degr" name="Degree"/>
            <FE fgColor="00008B" bgColor="A9A9A9" type="Extra-Thematic" abbrev="Dep" name="Depictive"/>
            <FE fgColor="FFFFFF" bgColor="FF0000" type="Core" abbrev="Agt" name="Destroyer"/>
            <FE fgColor="FFFFFF" bgColor="9F79EE" type="Extra-Thematic" abbrev="Expl" name="Explanation"/>
            <FE fgColor="FFFFFF" bgColor="FF69B4" type="Extra-Thematic" abbrev="Fre" name="Frequency"/>
            <FE fgColor="FFFFFF" bgColor="808080" type="Peripheral" abbrev="Ins" name="Instrument"/>
            <FE fgColor="FFFFFF" bgColor="FF00FF" type="Peripheral" abbrev="Mnr" name="Manner"/>
            <FE fgColor="FFFFFF" bgColor="00008B" type="Peripheral" abbrev="Mns" name="Means"/>
            <FE fgColor="000000" bgColor="d0d0d0" type="Peripheral" abbrev="Med" name="Medium"/>
            <FE fgColor="FFFFFF" bgColor="0000FF" type="Core" abbrev="Pat" name="Patient"/>
            <FE fgColor="FFFFFF" bgColor="008000" type="Peripheral" abbrev="Place" name="Place"/>
            <FE fgColor="FFFFFF" bgColor="800080" type="Extra-Thematic" abbrev="Purp" name="Purpose"/>
            <FE fgColor="FFFFFF" bgColor="A52A2A" type="Extra-Thematic" abbrev="Result" name="Result"/>
            <FE fgColor="0000FF" bgColor="FFFF00" type="Extra-Thematic" abbrev="Rol" name="Role"/>
            <FE fgColor="FFFFFF" bgColor="7CCD73" type="Extra-Thematic" abbrev="Subr" name="Subregion"/>
            <FE fgColor="FFFFFF" bgColor="FFA500" type="Peripheral" abbrev="Time" name="Time"/>
        </frame>
    </header>
    <definition>COD: destroy utterly; wipe out.</definition>
    <lexeme POS="V" name="obliterate"/>
    <valences>
        <FERealization total="4">
            <FE name="Destroyer"/>
            <pattern total="4">
                <valenceUnit GF="Ext" PT="NP" FE="Destroyer"/>
                <annoSet ID="1801012"/>
                <annoSet ID="1801014"/>
                <annoSet ID="1801046"/>
                <annoSet ID="1801072"/>
            </pattern>
        </FERealization>
        <FERealization total="1">
            <FE name="Manner"/>
            <pattern total="1">
                <valenceUnit GF="Dep" PT="AVP" FE="Manner"/>
                <annoSet ID="1801072"/>
            </pattern>
        </FERealization>
        <FERealization total="1">
            <FE name="Means"/>
            <pattern total="1">
                <valenceUnit GF="Dep" PT="PP[by]" FE="Means"/>
                <annoSet ID="1801014"/>
            </pattern>
        </FERealization>
        <FERealization total="4">
            <FE name="Patient"/>
            <pattern total="4">
                <valenceUnit GF="Obj" PT="NP" FE="Patient"/>
                <annoSet ID="1801012"/>
                <annoSet ID="1801014"/>
                <annoSet ID="1801046"/>
                <annoSet ID="1801072"/>
            </pattern>
        </FERealization>
        <FEGroupRealization total="1">
            <FE name="Destroyer"/>
            <FE name="Manner"/>
            <FE name="Patient"/>
            <pattern total="1">
                <valenceUnit GF="Ext" PT="NP" FE="Destroyer"/>
                <valenceUnit GF="Dep" PT="AVP" FE="Manner"/>
                <valenceUnit GF="Obj" PT="NP" FE="Patient"/>
                <annoSet ID="1801072"/>
            </pattern>
        </FEGroupRealization>
        <FEGroupRealization total="1">
            <FE name="Destroyer"/>
            <FE name="Means"/>
            <FE name="Patient"/>
            <pattern total="1">
                <valenceUnit GF="Ext" PT="NP" FE="Destroyer"/>
                <valenceUnit GF="Dep" PT="PP[by]" FE="Means"/>
                <valenceUnit GF="Obj" PT="NP" FE="Patient"/>
                <annoSet ID="1801014"/>
            </pattern>
        </FEGroupRealization>
        <FEGroupRealization total="2">
            <FE name="Destroyer"/>
            <FE name="Patient"/>
            <pattern total="2">
                <valenceUnit GF="Ext" PT="NP" FE="Destroyer"/>
                <valenceUnit GF="Obj" PT="NP" FE="Patient"/>
                <annoSet ID="1801012"/>
                <annoSet ID="1801046"/>
            </pattern>
        </FEGroupRealization>
    </valences>
    <subCorpus name="V-429-s20-rcoll-world">
        <sentence sentNo="0" aPos="39076689" ID="1175434">
            <text>That fortress-monastery was the nearest roost of ultimate warriors capable of obliterating a world . </text>
            <annotationSet cDate="01/08/2003 05:30:52 PST Wed" status="UNANN" ID="1801011">
                <layer rank="1" name="BNC">
                    <label end="3" start="0" name="DT0"/>
                    <label end="22" start="5" name="NN1"/>
                    <label end="26" start="24" name="VBD"/>
                    <label end="30" start="28" name="AT0"/>
                    <label end="38" start="32" name="AJS"/>
                    <label end="44" start="40" name="NN1"/>
                    <label end="47" start="46" name="PRF"/>
                    <label end="56" start="49" name="AJ0"/>
                    <label end="65" start="58" name="NN2"/>
                    <label end="73" start="67" name="AJ0"/>
                    <label end="76" start="75" name="PRF"/>
                    <label end="89" start="78" name="VVG"/>
                    <label end="91" start="91" name="AT0"/>
                    <label end="97" start="93" name="NN1"/>
                    <label end="99" start="99" name="PUN"/>
                </layer>
                <layer rank="1" name="NER"/>
                <layer rank="1" name="WSL"/>
            </annotationSet>
            <annotationSet cDate="01/08/2003 05:30:52 PST Wed" status="MANUAL" ID="1801012">
                <layer rank="1" name="FE">
                    <label cBy="RLG" feID="3837" end="65" start="49" name="Destroyer"/>
                    <label cBy="RLG" feID="3850" end="97" start="91" name="Patient"/>
                </layer>
                <layer rank="1" name="GF">
                    <label end="65" start="49" name="Ext"/>
                    <label end="97" start="91" name="Obj"/>
                </layer>
                <layer rank="1" name="PT">
                    <label end="65" start="49" name="NP"/>
                    <label end="97" start="91" name="NP"/>
                </layer>
                <layer rank="1" name="Sent"/>
                <layer rank="1" name="Other"/>
                <layer rank="1" name="Target">
                    <label cBy="BoC" end="89" start="78" name="Target"/>
                </layer>
                <layer rank="1" name="Verb"/>
            </annotationSet>
        </sentence>
    </subCorpus>
    <subCorpus name="V-570-s20-np-ppby">
        <sentence sentNo="0" aPos="20117641" ID="1175435">
            <text>Major groups do not simply obliterate other major groups by competition ; rather do they radiate into the adaptive zones after the previous dominant group has become extinct . </text>
            <annotationSet cDate="01/08/2003 05:30:52 PST Wed" status="UNANN" ID="1801013">
                <layer rank="1" name="BNC">
                    <label end="4" start="0" name="AJ0"/>
                    <label end="11" start="6" name="NN2"/>
                    <label end="14" start="13" name="VDB"/>
                    <label end="18" start="16" name="XX0"/>
                    <label end="25" start="20" name="AV0"/>
                    <label end="36" start="27" name="VVI"/>
                    <label end="42" start="38" name="AJ0"/>
                    <label end="48" start="44" name="AJ0"/>
                    <label end="55" start="50" name="NN2"/>
                    <label end="58" start="57" name="PRP"/>
                    <label end="70" start="60" name="NN1"/>
                    <label end="72" start="72" name="PUN"/>
                    <label end="79" start="74" name="AV0"/>
                    <label end="82" start="81" name="VDB"/>
                    <label end="87" start="84" name="PNP"/>
                    <label end="95" start="89" name="VVI"/>
                    <label end="100" start="97" name="PRP"/>
                    <label end="104" start="102" name="AT0"/>
                    <label end="113" start="106" name="AJ0"/>
                    <label end="119" start="115" name="NN2"/>
                    <label end="125" start="121" name="PRP"/>
                    <label end="129" start="127" name="AT0"/>
                    <label end="138" start="131" name="AJ0"/>
                    <label end="147" start="140" name="AJ0"/>
                    <label end="153" start="149" name="NN0"/>
                    <label end="157" start="155" name="VHZ"/>
                    <label end="164" start="159" name="VVN"/>
                    <label end="172" start="166" name="AJ0"/>
                    <label end="174" start="174" name="PUN"/>
                </layer>
                <layer rank="1" name="NER"/>
                <layer rank="1" name="WSL"/>
            </annotationSet>
            <annotationSet cDate="01/08/2003 05:30:52 PST Wed" status="MANUAL" ID="1801014">
                <layer rank="1" name="FE">
                    <label cBy="RLG" feID="3837" end="11" start="0" name="Destroyer"/>
                    <label cBy="RLG" feID="3850" end="55" start="38" name="Patient"/>
                    <label cBy="RLG" feID="3841" end="70" start="57" name="Means"/>
                </layer>
                <layer rank="1" name="GF">
                    <label end="11" start="0" name="Ext"/>
                    <label end="55" start="38" name="Obj"/>
                    <label end="70" start="57" name="Dep"/>
                </layer>
                <layer rank="1" name="PT">
                    <label end="11" start="0" name="NP"/>
                    <label end="55" start="38" name="NP"/>
                    <label end="70" start="57" name="PP"/>
                </layer>
                <layer rank="1" name="Sent"/>
                <layer rank="1" name="Other"/>
                <layer rank="1" name="Target">
                    <label cBy="BoC" end="36" start="27" name="Target"/>
                </layer>
                <layer rank="1" name="Verb"/>
            </annotationSet>
        </sentence>
    </subCorpus>
    <subCorpus name="V-570-s20-np-ppin"/>
    <subCorpus name="V-570-s20-np-ppwith"/>
    <subCorpus name="V-620-s20-np-ppother">
        <sentence sentNo="0" aPos="38719747" ID="1175451">
            <text>Tora ! filming was not a happy one , as the film crew obliterated the old paint on the airframe and ground-looped a gear leg off during the filming . </text>
            <annotationSet cDate="01/08/2003 05:30:57 PST Wed" status="UNANN" ID="1801045">
                <layer rank="1" name="BNC">
                    <label end="3" start="0" name="NN1-NP0"/>
                    <label end="5" start="5" name="PUN"/>
                    <label end="13" start="7" name="NN1-VVG"/>
                    <label end="17" start="15" name="VBD"/>
                    <label end="21" start="19" name="XX0"/>
                    <label end="23" start="23" name="AT0"/>
                    <label end="29" start="25" name="AJ0"/>
                    <label end="33" start="31" name="PNI"/>
                    <label end="35" start="35" name="PUN"/>
                    <label end="38" start="37" name="CJS-PRP"/>
                    <label end="42" start="40" name="AT0"/>
                    <label end="47" start="44" name="NN1"/>
                    <label end="52" start="49" name="NN1"/>
                    <label end="64" start="54" name="VVD"/>
                    <label end="68" start="66" name="AT0"/>
                    <label end="72" start="70" name="AJ0"/>
                    <label end="78" start="74" name="NN1"/>
                    <label end="81" start="80" name="PRP"/>
                    <label end="85" start="83" name="AT0"/>
                    <label end="94" start="87" name="NN1"/>
                    <label end="98" start="96" name="CJC"/>
                    <label end="112" start="100" name="AJ0"/>
                    <label end="114" start="114" name="AT0"/>
                    <label end="119" start="116" name="NN1"/>
                    <label end="123" start="121" name="NN1"/>
                    <label end="127" start="125" name="AVP"/>
                    <label end="134" start="129" name="PRP"/>
                    <label end="138" start="136" name="AT0"/>
                    <label end="146" start="140" name="NN1"/>
                    <label end="148" start="148" name="PUN"/>
                </layer>
                <layer rank="1" name="NER"/>
                <layer rank="1" name="WSL"/>
            </annotationSet>
            <annotationSet cDate="01/08/2003 05:30:57 PST Wed" status="MANUAL" ID="1801046">
                <layer rank="1" name="FE">
                    <label cBy="RLG" feID="3837" end="52" start="40" name="Destroyer"/>
                    <label cBy="RLG" feID="3850" end="94" start="66" name="Patient"/>
                </layer>
                <layer rank="1" name="GF">
                    <label end="52" start="40" name="Ext"/>
                    <label end="94" start="66" name="Obj"/>
                </layer>
                <layer rank="1" name="PT">
                    <label end="52" start="40" name="NP"/>
                    <label end="94" start="66" name="NP"/>
                </layer>
                <layer rank="1" name="Sent"/>
                <layer rank="1" name="Other"/>
                <layer rank="1" name="Target">
                    <label cBy="BoC" end="64" start="54" name="Target"/>
                </layer>
                <layer rank="1" name="Verb"/>
            </annotationSet>
        </sentence>
    </subCorpus>
    <subCorpus name="V-630-s20-np-pingother"/>
    <subCorpus name="V-650-s20-np-pother"/>
    <subCorpus name="V-660-s20-trans-simple">
        <sentence sentNo="0" aPos="63486860" ID="1175464">
            <text>` You mean your husband deliberately obliterated these recordings ? &quot; </text>
            <annotationSet cDate="01/08/2003 05:30:58 PST Wed" status="UNANN" ID="1801071">
                <layer rank="1" name="BNC">
                    <label end="0" start="0" name="PUQ"/>
                    <label end="4" start="2" name="PNP"/>
                    <label end="9" start="6" name="VVB"/>
                    <label end="14" start="11" name="DPS"/>
                    <label end="22" start="16" name="NN1"/>
                    <label end="35" start="24" name="AV0"/>
                    <label end="47" start="37" name="VVD-VVN"/>
                    <label end="53" start="49" name="DT0"/>
                    <label end="64" start="55" name="NN2"/>
                    <label end="66" start="66" name="PUN"/>
                    <label end="68" start="68" name="PUQ"/>
                </layer>
                <layer rank="1" name="NER"/>
                <layer rank="1" name="WSL"/>
            </annotationSet>
            <annotationSet cDate="01/08/2003 05:30:58 PST Wed" status="MANUAL" ID="1801072">
                <layer rank="1" name="FE">
                    <label cBy="RLG" feID="3837" end="22" start="11" name="Destroyer"/>
                    <label cBy="RLG" feID="3840" end="35" start="24" name="Manner"/>
                    <label cBy="RLG" feID="3850" end="64" start="49" name="Patient"/>
                </layer>
                <layer rank="1" name="GF">
                    <label end="22" start="11" name="Ext"/>
                    <label end="35" start="24" name="Dep"/>
                    <label end="64" start="49" name="Obj"/>
                </layer>
                <layer rank="1" name="PT">
                    <label end="22" start="11" name="NP"/>
                    <label end="35" start="24" name="AVP"/>
                    <label end="64" start="49" name="NP"/>
                </layer>
                <layer rank="1" name="Sent"/>
                <layer rank="1" name="Other"/>
                <layer rank="1" name="Target">
                    <label cBy="BoC" end="47" start="37" name="Target"/>
                </layer>
                <layer rank="1" name="Verb"/>
            </annotationSet>
        </sentence>
    </subCorpus>
    <subCorpus name="V-670-s20-pass-by"/>
    <subCorpus name="V-680-s20-pass"/>
    <subCorpus name="V-690-s20-trans-other"/>
    <subCorpus name="V-730-s20-ppin"/>
    <subCorpus name="V-780-s20-ppother"/>
    <subCorpus name="V-880-s20-intrans-simple"/>
    <subCorpus name="V-890-s20-intrans-adverb"/>
    <subCorpus name="V-900-s20-other"/>
</lexUnit>