<?xml version="1.0" encoding="UTF-8" standalone="yes"?>
<?xml-stylesheet type="text/xsl" href="lexUnit.xsl"?>
<lexUnit status="Finished_Initial" POS="N" name="backwoods.n" ID="7663" frame="Isolated_places" frameID="420" totalAnnotated="6" xsi:schemaLocation="../schema/lexUnit.xsd" xmlns="http://framenet.icsi.berkeley.edu" xmlns:xsi="http://www.w3.org/2001/XMLSchema-instance">
    <header>
        <corpus description="Miscellaneous" name="Miscellaneous" ID="175">
            <document description="TigerOfSanPedro" name="Tiger_Of_San_Pedro" ID="25343"/>
        </corpus>
        <frame>
            <FE fgColor="FFFFFF" bgColor="006400" type="Core" abbrev="Place" name="Place"/>
            <FE fgColor="FFFFFF" bgColor="FFA500" type="Peripheral" abbrev="Relative_location" name="Relative_location"/>
        </frame>
    </header>
    <definition>COD: a remote or sparsely inhabited region, especially one considered backward or conservative</definition>
    <lexeme POS="N" name="backwoods"/>
    <valences>
        <governor type="Gov" lemma="return">
            <annoSet ID="1807829"/>
        </governor>
        <governor type="Gov" lemma="tour">
            <annoSet ID="1807849"/>
        </governor>
        <FERealization total="6">
            <FE name="Place"/>
            <pattern total="6">
                <valenceUnit GF="" PT="DEN" FE="Place"/>
                <annoSet ID="1807817"/>
                <annoSet ID="1807823"/>
                <annoSet ID="1807829"/>
                <annoSet ID="1807841"/>
                <annoSet ID="1807849"/>
                <annoSet ID="6646760"/>
            </pattern>
        </FERealization>
        <FERealization total="4">
            <FE name="Relative_location"/>
            <pattern total="1">
                <valenceUnit GF="Dep" PT="A" FE="Relative_location"/>
                <annoSet ID="1807841"/>
            </pattern>
            <pattern total="3">
                <valenceUnit GF="Dep" PT="PP[of]" FE="Relative_location"/>
                <annoSet ID="1807817"/>
                <annoSet ID="1807823"/>
                <annoSet ID="6646760"/>
            </pattern>
        </FERealization>
        <FEGroupRealization total="2">
            <FE name="Place"/>
            <pattern total="2">
                <valenceUnit GF="" PT="DEN" FE="Place"/>
                <annoSet ID="1807829"/>
                <annoSet ID="1807849"/>
            </pattern>
        </FEGroupRealization>
        <FEGroupRealization total="4">
            <FE name="Place"/>
            <FE name="Relative_location"/>
            <pattern total="1">
                <valenceUnit GF="" PT="DEN" FE="Place"/>
                <valenceUnit GF="Dep" PT="A" FE="Relative_location"/>
                <annoSet ID="1807841"/>
            </pattern>
            <pattern total="3">
                <valenceUnit GF="" PT="DEN" FE="Place"/>
                <valenceUnit GF="Dep" PT="PP[of]" FE="Relative_location"/>
                <annoSet ID="1807817"/>
                <annoSet ID="1807823"/>
                <annoSet ID="6646760"/>
            </pattern>
        </FEGroupRealization>
    </valences>
    <subCorpus name="N-001-all">
        <sentence sentNo="0" aPos="5433311" ID="1178834">
            <text>In the backwoods of southwest Virginia there 's a little noticed struggle going on-complete with camouflage , weaponry and mercenaries-between the mine owners and the local communities . </text>
            <annotationSet cDate="01/08/2003 05:39:09 PST Wed" status="UNANN" ID="1807816">
                <layer rank="1" name="BNC">
                    <label end="1" start="0" name="PRP"/>
                    <label end="5" start="3" name="AT0"/>
                    <label end="15" start="7" name="NN2"/>
                    <label end="18" start="17" name="PRF"/>
                    <label end="28" start="20" name="NN1"/>
                    <label end="37" start="30" name="NP0"/>
                    <label end="43" start="39" name="EX0"/>
                    <label end="46" start="45" name="VBZ"/>
                    <label end="48" start="48" name="AV0"/>
                    <label end="55" start="50" name="AV0"/>
                    <label end="63" start="57" name="VVD-VVN"/>
                    <label end="72" start="65" name="NN1"/>
                    <label end="78" start="74" name="VVG"/>
                    <label end="90" start="80" name="AJ0"/>
                    <label end="95" start="92" name="PRP"/>
                    <label end="106" start="97" name="NN1"/>
                    <label end="108" start="108" name="PUN"/>
                    <label end="117" start="110" name="NN1"/>
                    <label end="121" start="119" name="CJC"/>
                    <label end="141" start="123" name="NN2"/>
                    <label end="145" start="143" name="AT0"/>
                    <label end="150" start="147" name="NN1"/>
                    <label end="157" start="152" name="NN2"/>
                    <label end="161" start="159" name="CJC"/>
                    <label end="165" start="163" name="AT0"/>
                    <label end="171" start="167" name="AJ0"/>
                    <label end="183" start="173" name="NN2"/>
                    <label end="185" start="185" name="PUN"/>
                </layer>
                <layer rank="1" name="NER"/>
                <layer rank="1" name="WSL"/>
            </annotationSet>
            <annotationSet cDate="01/08/2003 05:39:09 PST Wed" status="MANUAL" ID="1807817">
                <layer rank="1" name="FE">
                    <label cBy="RLG" feID="3871" end="15" start="7" name="Place"/>
                    <label cBy="RLG" feID="3872" end="37" start="17" name="Relative_location"/>
                </layer>
                <layer rank="1" name="GF">
                    <label end="37" start="17" name="Dep"/>
                </layer>
                <layer rank="1" name="PT">
                    <label end="37" start="17" name="PP"/>
                </layer>
                <layer rank="1" name="Sent"/>
                <layer rank="1" name="Other"/>
                <layer rank="1" name="Target">
                    <label cBy="BoC" end="15" start="7" name="Target"/>
                </layer>
                <layer rank="1" name="Noun"/>
            </annotationSet>
        </sentence>
        <sentence sentNo="0" aPos="19866368" ID="1178837">
            <text>Conservationists are therefore understandably alarmed by news that this remarkable community of organisms may soon be joined by Arthur M. Ratliff Jr , a tobacco-chewing , hillbilly millionaire from the backwoods of Virginia . </text>
            <annotationSet cDate="01/08/2003 05:39:09 PST Wed" status="UNANN" ID="1807822">
                <layer rank="1" name="BNC">
                    <label end="15" start="0" name="NN2"/>
                    <label end="19" start="17" name="VBB"/>
                    <label end="29" start="21" name="AV0"/>
                    <label end="44" start="31" name="AV0"/>
                    <label end="52" start="46" name="VVN"/>
                    <label end="55" start="54" name="PRP"/>
                    <label end="60" start="57" name="NN1"/>
                    <label end="65" start="62" name="CJT"/>
                    <label end="70" start="67" name="DT0"/>
                    <label end="81" start="72" name="AJ0"/>
                    <label end="91" start="83" name="NN0"/>
                    <label end="94" start="93" name="PRF"/>
                    <label end="104" start="96" name="NN2"/>
                    <label end="108" start="106" name="VM0"/>
                    <label end="113" start="110" name="AV0"/>
                    <label end="116" start="115" name="VBI"/>
                    <label end="123" start="118" name="VVN"/>
                    <label end="126" start="125" name="PRP"/>
                    <label end="133" start="128" name="NP0"/>
                    <label end="136" start="135" name="NP0"/>
                    <label end="144" start="138" name="NP0"/>
                    <label end="147" start="146" name="NP0"/>
                    <label end="149" start="149" name="PUN"/>
                    <label end="151" start="151" name="AT0"/>
                    <label end="167" start="153" name="AJ0-NN1"/>
                    <label end="169" start="169" name="PUN"/>
                    <label end="179" start="171" name="AJ0-AV0"/>
                    <label end="191" start="181" name="NN1"/>
                    <label end="196" start="193" name="PRP"/>
                    <label end="200" start="198" name="AT0"/>
                    <label end="210" start="202" name="NN2"/>
                    <label end="213" start="212" name="PRF"/>
                    <label end="222" start="215" name="NP0"/>
                    <label end="224" start="224" name="PUN"/>
                </layer>
                <layer rank="1" name="NER"/>
                <layer rank="1" name="WSL"/>
            </annotationSet>
            <annotationSet cDate="01/08/2003 05:39:10 PST Wed" status="MANUAL" ID="1807823">
                <layer rank="1" name="FE">
                    <label cBy="RLG" feID="3871" end="210" start="202" name="Place"/>
                    <label cBy="RLG" feID="3872" end="222" start="212" name="Relative_location"/>
                </layer>
                <layer rank="1" name="GF">
                    <label end="222" start="212" name="Dep"/>
                </layer>
                <layer rank="1" name="PT">
                    <label end="222" start="212" name="PP"/>
                </layer>
                <layer rank="1" name="Sent"/>
                <layer rank="1" name="Other"/>
                <layer rank="1" name="Target">
                    <label cBy="BoC" end="210" start="202" name="Target"/>
                </layer>
                <layer rank="1" name="Noun"/>
            </annotationSet>
        </sentence>
        <sentence sentNo="0" aPos="35157758" ID="1178840">
            <text>Atypical of their material thus far , it also hinted at Barlow 's imminent return from the backwoods . </text>
            <annotationSet cDate="01/08/2003 05:39:10 PST Wed" status="UNANN" ID="1807828">
                <layer rank="1" name="BNC">
                    <label end="7" start="0" name="AJ0"/>
                    <label end="10" start="9" name="PRF"/>
                    <label end="16" start="12" name="DPS"/>
                    <label end="25" start="18" name="NN1"/>
                    <label end="30" start="27" name="AV0"/>
                    <label end="34" start="32" name="AV0"/>
                    <label end="36" start="36" name="PUN"/>
                    <label end="39" start="38" name="PNP"/>
                    <label end="44" start="41" name="AV0"/>
                    <label end="51" start="46" name="VVD-VVN"/>
                    <label end="54" start="53" name="PRP"/>
                    <label end="61" start="56" name="NP0"/>
                    <label end="64" start="63" name="POS"/>
                    <label end="73" start="66" name="AJ0"/>
                    <label end="80" start="75" name="NN1"/>
                    <label end="85" start="82" name="PRP"/>
                    <label end="89" start="87" name="AT0"/>
                    <label end="99" start="91" name="NN2"/>
                    <label end="101" start="101" name="PUN"/>
                </layer>
                <layer rank="1" name="NER"/>
                <layer rank="1" name="WSL"/>
            </annotationSet>
            <annotationSet cDate="01/08/2003 05:39:10 PST Wed" status="MANUAL" ID="1807829">
                <layer rank="1" name="FE">
                    <label cBy="RLG" feID="3871" end="99" start="91" name="Place"/>
                </layer>
                <layer rank="1" name="GF"/>
                <layer rank="1" name="PT"/>
                <layer rank="1" name="Sent"/>
                <layer rank="1" name="Other"/>
                <layer rank="1" name="Target">
                    <label cBy="BoC" end="99" start="91" name="Target"/>
                </layer>
                <layer rank="1" name="Noun">
                    <label end="80" start="75" name="Gov"/>
                    <label end="99" start="82" name="X"/>
                </layer>
            </annotationSet>
        </sentence>
        <sentence sentNo="0" aPos="75336157" ID="1178846">
            <text>` Can we play camping in the Canadian backwoods ? &quot; </text>
            <annotationSet cDate="01/08/2003 05:39:11 PST Wed" status="UNANN" ID="1807840">
                <layer rank="1" name="BNC">
                    <label end="0" start="0" name="PUQ"/>
                    <label end="4" start="2" name="VM0"/>
                    <label end="7" start="6" name="PNP"/>
                    <label end="12" start="9" name="VVI"/>
                    <label end="20" start="14" name="VVG"/>
                    <label end="23" start="22" name="PRP"/>
                    <label end="27" start="25" name="AT0"/>
                    <label end="36" start="29" name="AJ0"/>
                    <label end="46" start="38" name="NN2"/>
                    <label end="48" start="48" name="PUN"/>
                    <label end="50" start="50" name="PUQ"/>
                </layer>
                <layer rank="1" name="NER"/>
                <layer rank="1" name="WSL"/>
            </annotationSet>
            <annotationSet cDate="01/08/2003 05:39:11 PST Wed" status="MANUAL" ID="1807841">
                <layer rank="1" name="FE">
                    <label cBy="RLG" feID="3871" end="46" start="38" name="Place"/>
                    <label cBy="RLG" feID="3872" end="36" start="29" name="Relative_location"/>
                </layer>
                <layer rank="1" name="GF">
                    <label end="36" start="29" name="Dep"/>
                </layer>
                <layer rank="1" name="PT">
                    <label end="36" start="29" name="A"/>
                </layer>
                <layer rank="1" name="Sent"/>
                <layer rank="1" name="Other"/>
                <layer rank="1" name="Target">
                    <label cBy="BoC" end="46" start="38" name="Target"/>
                </layer>
                <layer rank="1" name="Noun"/>
            </annotationSet>
        </sentence>
        <sentence sentNo="0" aPos="104638203" ID="1178850">
            <text>Arbuckle directed a few comedy shorts as William Goodrich , was booed when he toured the backwoods in second-rate farces , and began to drink heavily . </text>
            <annotationSet cDate="01/08/2003 05:39:11 PST Wed" status="UNANN" ID="1807848">
                <layer rank="1" name="BNC">
                    <label end="7" start="0" name="NN1-NP0"/>
                    <label end="16" start="9" name="VVD"/>
                    <label end="18" start="18" name="DT0"/>
                    <label end="22" start="20" name="DT0"/>
                    <label end="29" start="24" name="NN1"/>
                    <label end="36" start="31" name="NN2-VVZ"/>
                    <label end="39" start="38" name="CJS-PRP"/>
                    <label end="47" start="41" name="NP0"/>
                    <label end="56" start="49" name="NP0"/>
                    <label end="58" start="58" name="PUN"/>
                    <label end="62" start="60" name="VBD"/>
                    <label end="68" start="64" name="VVN"/>
                    <label end="73" start="70" name="AVQ-CJS"/>
                    <label end="76" start="75" name="PNP"/>
                    <label end="83" start="78" name="VVD"/>
                    <label end="87" start="85" name="AT0"/>
                    <label end="97" start="89" name="NN2"/>
                    <label end="100" start="99" name="PRP"/>
                    <label end="112" start="102" name="AJ0-NN1"/>
                    <label end="119" start="114" name="NN2"/>
                    <label end="121" start="121" name="PUN"/>
                    <label end="125" start="123" name="CJC"/>
                    <label end="131" start="127" name="VVD"/>
                    <label end="134" start="133" name="TO0"/>
                    <label end="140" start="136" name="VVI"/>
                    <label end="148" start="142" name="AV0"/>
                    <label end="150" start="150" name="PUN"/>
                </layer>
                <layer rank="1" name="NER"/>
                <layer rank="1" name="WSL"/>
            </annotationSet>
            <annotationSet cDate="01/08/2003 05:39:11 PST Wed" status="MANUAL" ID="1807849">
                <layer rank="1" name="FE">
                    <label cBy="RLG" feID="3871" end="97" start="89" name="Place"/>
                </layer>
                <layer rank="1" name="GF"/>
                <layer rank="1" name="PT"/>
                <layer rank="1" name="Sent"/>
                <layer rank="1" name="Other"/>
                <layer rank="1" name="Target">
                    <label cBy="BoC" end="97" start="89" name="Target"/>
                </layer>
                <layer rank="1" name="Noun">
                    <label end="97" start="85" name="X"/>
                    <label end="83" start="78" name="Gov"/>
                </layer>
            </annotationSet>
        </sentence>
    </subCorpus>
    <subCorpus name="manually-added">
        <sentence corpID="175" docID="25343" sentNo="1" paragNo="48" aPos="0" ID="4148617">
            <text>The man was a primitive savage from the backwoods of San Pedro , and this was his fetish .</text>
            <annotationSet cDate="04/30/2013 05:24:51 PDT Tue" status="UNANN" ID="6646759">
                <layer rank="1" name="PENN">
                    <label end="2" start="0" name="dt"/>
                    <label end="6" start="4" name="nn"/>
                    <label end="10" start="8" name="VBD"/>
                    <label end="12" start="12" name="dt"/>
                    <label end="22" start="14" name="jj"/>
                    <label end="29" start="24" name="nn"/>
                    <label end="34" start="31" name="in"/>
                    <label end="38" start="36" name="dt"/>
                    <label end="48" start="40" name="nn"/>
                    <label end="51" start="50" name="in"/>
                    <label end="55" start="53" name="NNP"/>
                    <label end="61" start="57" name="NNP"/>
                    <label end="67" start="65" name="cc"/>
                    <label end="72" start="69" name="dt"/>
                    <label end="76" start="74" name="VBD"/>
                    <label end="80" start="78" name="PRP$"/>
                    <label end="87" start="82" name="nn"/>
                </layer>
                <layer rank="1" name="NER"/>
                <layer rank="1" name="WSL"/>
            </annotationSet>
            <annotationSet cDate="04/30/2013 05:24:51 PDT Tue" status="MANUAL" ID="6646760">
                <layer rank="1" name="Target">
                    <label cBy="EGp" end="48" start="40" name="Target"/>
                </layer>
                <layer rank="1" name="FE">
                    <label cBy="EGp" feID="3872" end="63" start="50" name="Relative_location"/>
                    <label cBy="EGp" feID="3871" end="48" start="40" name="Place"/>
                </layer>
                <layer rank="1" name="GF">
                    <label end="63" start="50" name="Dep"/>
                </layer>
                <layer rank="1" name="PT">
                    <label end="63" start="50" name="PP"/>
                </layer>
                <layer rank="1" name="Other"/>
                <layer rank="1" name="Sent"/>
                <layer rank="1" name="Noun"/>
            </annotationSet>
        </sentence>
    </subCorpus>
</lexUnit>