<?xml version="1.0" encoding="UTF-8" standalone="yes"?>
<?xml-stylesheet type="text/xsl" href="lexUnit.xsl"?>
<lexUnit status="Created" POS="N" name="cirque.n" ID="7657" frame="Natural_features" frameID="191" totalAnnotated="0" xsi:schemaLocation="../schema/lexUnit.xsd" xmlns="http://framenet.icsi.berkeley.edu" xmlns:xsi="http://www.w3.org/2001/XMLSchema-instance">
    <header>
        <frame>
            <FE fgColor="FFFFFF" bgColor="9400D3" type="Peripheral" abbrev="Cnst" name="Constituent_parts"/>
            <FE fgColor="FFFFFF" bgColor="FF69B4" type="Extra-Thematic" abbrev="ContP" name="Container_possessor"/>
            <FE fgColor="FFFFFF" bgColor="FFA500" type="Extra-Thematic" abbrev="des" name="Descriptor"/>
            <FE fgColor="FFFFFF" bgColor="008000" type="Extra-Thematic" abbrev="FormC" name="Formational_cause"/>
            <FE fgColor="FFFFFF" bgColor="FF0000" type="Core" abbrev="Lcl" name="Locale"/>
            <FE fgColor="FFFFFF" bgColor="A52A2A" type="Extra-Thematic" abbrev="Name" name="Name"/>
            <FE fgColor="FFFFFF" bgColor="0000FF" type="Peripheral" abbrev="RelLoc" name="Relative_location"/>
            <FE fgColor="FFFFFF" bgColor="9F79EE" type="Extra-Thematic" abbrev="Type" name="Type"/>
        </frame>
    </header>
    <definition>COD: a steep-sided hollow at the head of a valley or on a mountainside.</definition>
    <lexeme POS="N" name="cirque"/>
    <semType name="Landform" ID="7"/>
    <valences/>
</lexUnit>