<?xml version="1.0" encoding="UTF-8" standalone="yes"?>
<?xml-stylesheet type="text/xsl" href="lexUnit.xsl"?>
<lexUnit status="Created" POS="N" name="glue.n" ID="7678" frame="Connectors" frameID="419" totalAnnotated="0" xsi:schemaLocation="../schema/lexUnit.xsd" xmlns="http://framenet.icsi.berkeley.edu" xmlns:xsi="http://www.w3.org/2001/XMLSchema-instance">
    <header>
        <frame>
            <FE fgColor="FFFFFF" bgColor="0000FF" type="Peripheral" abbrev="Item" name="Connected_item"/>
            <FE fgColor="FFFFFF" bgColor="FF00FF" type="Core" abbrev="Conn" name="Connector"/>
            <FE fgColor="FFFFFF" bgColor="FF0000" type="Peripheral" abbrev="cre" name="Creator"/>
            <FE fgColor="FFFFFF" bgColor="FFA500" type="Extra-Thematic" abbrev="" name="Descriptor"/>
            <FE fgColor="FFFFFF" bgColor="008000" type="Peripheral" abbrev="Loc" name="Fixed_location"/>
            <FE fgColor="FFFFFF" bgColor="808080" type="Peripheral" abbrev="Mat" name="Material"/>
            <FE fgColor="FFFFFF" bgColor="00BFFF" type="Peripheral" abbrev="nam" name="Name"/>
            <FE fgColor="FFFFFF" bgColor="9F79EE" type="Peripheral" abbrev="tim" name="Time_of_creation"/>
            <FE fgColor="FFFFFF" bgColor="800080" type="Peripheral" abbrev="Type" name="Type"/>
            <FE fgColor="FFFFFF" bgColor="9400D3" type="Peripheral" abbrev="Use" name="Use"/>
        </frame>
    </header>
    <definition>COD: an adhesive substance used for sticking objects or materials together.</definition>
    <lexeme POS="N" name="glue"/>
    <valences/>
</lexUnit>