<?xml version="1.0" encoding="UTF-8" standalone="yes"?>
<?xml-stylesheet type="text/xsl" href="lexUnit.xsl"?>
<lexUnit status="Created" POS="A" name="amazing.a" ID="7652" frame="Desirability" frameID="354" totalAnnotated="0" xsi:schemaLocation="../schema/lexUnit.xsd" xmlns="http://framenet.icsi.berkeley.edu" xmlns:xsi="http://www.w3.org/2001/XMLSchema-instance">
    <header>
        <frame>
            <FE fgColor="FFFFFF" bgColor="00008B" type="Extra-Thematic" abbrev="Affected_p" name="Affected_party"/>
            <FE fgColor="FFFFFF" bgColor="FF0000" type="Extra-Thematic" abbrev="Circumstances" name="Circumstances"/>
            <FE fgColor="FFFFFF" bgColor="FF00FF" type="Extra-Thematic" abbrev="" name="Comparison_set"/>
            <FE fgColor="FFFFFF" bgColor="FF69B4" type="Peripheral" abbrev="Degree" name="Degree"/>
            <FE fgColor="FFFFFF" bgColor="9400D3" type="Extra-Thematic" abbrev="Depictive" name="Depictive"/>
            <FE fgColor="FFFFFF" bgColor="9F79EE" type="Core" abbrev="Evaluee" name="Evaluee"/>
            <FE fgColor="FFFFFF" bgColor="1E90FF" type="Core-Unexpressed" abbrev="Parameter" name="Parameter"/>
        </frame>
    </header>
    <definition>FN:</definition>
    <lexeme POS="A" name="amazing"/>
    <semType name="End_of_scale" ID="98"/>
    <valences/>
</lexUnit>