<?xml version="1.0" encoding="UTF-8" standalone="yes"?>
<?xml-stylesheet type="text/xsl" href="lexUnit.xsl"?>
<lexUnit status="Created" incorporatedFE="Attribute" POS="A" name="yellow.a" ID="7732" frame="Color" frameID="423" totalAnnotated="3" xsi:schemaLocation="../schema/lexUnit.xsd" xmlns="http://framenet.icsi.berkeley.edu" xmlns:xsi="http://www.w3.org/2001/XMLSchema-instance">
    <header>
        <corpus description="Miscellaneous" name="Miscellaneous" ID="175">
            <document description="TigerOfSanPedro" name="Tiger_Of_San_Pedro" ID="25343"/>
        </corpus>
        <corpus description="American National Corpus Texts" name="ANC" ID="195">
            <document description="Berlitz Where to Go in Hong Kong" name="WhereToHongKong" ID="23771"/>
        </corpus>
        <frame>
            <FE fgColor="FFFFFF" bgColor="00008B" type="Peripheral" abbrev="att" name="Attribute"/>
            <FE fgColor="FFFFFF" bgColor="FF69B4" type="Peripheral" abbrev="Cause" name="Cause"/>
            <FE fgColor="FFFFFF" bgColor="808080" type="Core" abbrev="Col" name="Color"/>
            <FE fgColor="FFFFFF" bgColor="008000" type="Peripheral" abbrev="Qual" name="Color_qualifier"/>
            <FE fgColor="FFFFFF" bgColor="0000FF" type="Peripheral" abbrev="Comp" name="Comparand"/>
            <FE fgColor="FFFFFF" bgColor="00BFFF" type="Peripheral" abbrev="Degr" name="Degree"/>
            <FE fgColor="FFFFFF" bgColor="9400D3" type="Peripheral" abbrev="Desc" name="Descriptor"/>
            <FE fgColor="FFFFFF" bgColor="FF0000" type="Core" abbrev="Entity" name="Entity"/>
            <FE fgColor="FFFFFF" bgColor="A52A2A" type="Extra-Thematic" abbrev="" name="Subregion"/>
            <FE fgColor="FFFFFF" bgColor="9F79EE" type="Peripheral" abbrev="Typ" name="Type"/>
        </frame>
    </header>
    <definition>COD: of the colour between green and orange in the spectrum, a primary subtractive colour complementary to blue; coloured like ripe lemons or egg yolks. </definition>
    <lexeme POS="A" name="yellow"/>
    <valences>
        <FERealization total="3">
            <FE name="Color"/>
            <pattern total="1">
                <valenceUnit GF="" PT="--" FE="Color"/>
                <annoSet ID="6561110"/>
            </pattern>
            <pattern total="2">
                <valenceUnit GF="" PT="DEN" FE="Color"/>
                <annoSet ID="6645857"/>
                <annoSet ID="6646210"/>
            </pattern>
        </FERealization>
        <FERealization total="3">
            <FE name="Entity"/>
            <pattern total="1">
                <valenceUnit GF="" PT="DNI" FE="Entity"/>
                <annoSet ID="6561110"/>
            </pattern>
            <pattern total="1">
                <valenceUnit GF="Head" PT="N" FE="Entity"/>
                <annoSet ID="6646210"/>
            </pattern>
            <pattern total="1">
                <valenceUnit GF="Ext" PT="NP" FE="Entity"/>
                <annoSet ID="6645857"/>
            </pattern>
        </FERealization>
        <FEGroupRealization total="3">
            <FE name="Color"/>
            <FE name="Entity"/>
            <pattern total="1">
                <valenceUnit GF="" PT="--" FE="Color"/>
                <valenceUnit GF="" PT="DNI" FE="Entity"/>
                <annoSet ID="6561110"/>
            </pattern>
            <pattern total="1">
                <valenceUnit GF="" PT="DEN" FE="Color"/>
                <valenceUnit GF="Head" PT="N" FE="Entity"/>
                <annoSet ID="6646210"/>
            </pattern>
            <pattern total="1">
                <valenceUnit GF="" PT="DEN" FE="Color"/>
                <valenceUnit GF="Ext" PT="NP" FE="Entity"/>
                <annoSet ID="6645857"/>
            </pattern>
        </FEGroupRealization>
    </valences>
    <subCorpus name="manually-added">
        <sentence corpID="195" docID="23771" sentNo="1" paragNo="123" aPos="0" ID="4106218">
            <text>The quaint Taipa Village , with its narrow lanes and colonial buildings painted yellow , blue , and green , has almost been completely swallowed up by the development of nearby housing projects .</text>
            <annotationSet cDate="07/25/2008 01:20:49 PDT Fri" status="UNANN" ID="6555308">
                <layer rank="1" name="PENN">
                    <label end="2" start="0" name="dt"/>
                    <label end="9" start="4" name="jj"/>
                    <label end="15" start="11" name="NP"/>
                    <label end="23" start="17" name="NP"/>
                    <label end="25" start="25" name=","/>
                    <label end="30" start="27" name="in"/>
                    <label end="34" start="32" name="PP$"/>
                    <label end="41" start="36" name="jj"/>
                    <label end="47" start="43" name="nns"/>
                    <label end="51" start="49" name="cc"/>
                    <label end="60" start="53" name="jj"/>
                    <label end="70" start="62" name="nns"/>
                    <label end="78" start="72" name="VVD"/>
                    <label end="85" start="80" name="jj"/>
                    <label end="87" start="87" name=","/>
                    <label end="92" start="89" name="jj"/>
                    <label end="94" start="94" name=","/>
                    <label end="98" start="96" name="cc"/>
                    <label end="104" start="100" name="jj"/>
                    <label end="106" start="106" name=","/>
                    <label end="110" start="108" name="VHZ"/>
                    <label end="117" start="112" name="rb"/>
                    <label end="122" start="119" name="VBN"/>
                    <label end="133" start="124" name="rb"/>
                    <label end="143" start="135" name="VVN"/>
                    <label end="146" start="145" name="rp"/>
                    <label end="149" start="148" name="in"/>
                    <label end="153" start="151" name="dt"/>
                    <label end="165" start="155" name="nn"/>
                    <label end="168" start="167" name="in"/>
                    <label end="175" start="170" name="jj"/>
                    <label end="183" start="177" name="nn"/>
                    <label end="192" start="185" name="nns"/>
                    <label end="194" start="194" name="sent"/>
                </layer>
                <layer rank="1" name="NER">
                    <label end="23" start="11" name="location"/>
                </layer>
                <layer rank="1" name="WSL">
                    <label end="2" start="0" name="NT"/>
                    <label end="15" start="11" name="NT"/>
                    <label end="25" start="25" name="NT"/>
                    <label end="30" start="27" name="NT"/>
                    <label end="34" start="32" name="NT"/>
                    <label end="51" start="49" name="NT"/>
                    <label end="87" start="87" name="NT"/>
                    <label end="94" start="94" name="NT"/>
                    <label end="98" start="96" name="NT"/>
                    <label end="106" start="106" name="NT"/>
                    <label end="110" start="108" name="NT"/>
                    <label end="117" start="112" name="NT"/>
                    <label end="122" start="119" name="NT"/>
                    <label end="133" start="124" name="NT"/>
                    <label end="146" start="145" name="NT"/>
                    <label end="149" start="148" name="NT"/>
                    <label end="153" start="151" name="NT"/>
                    <label end="168" start="167" name="NT"/>
                    <label end="194" start="194" name="NT"/>
                </layer>
            </annotationSet>
            <annotationSet cDate="01/26/2011 05:57:04 PST Wed" status="MANUAL" ID="6561110">
                <layer rank="1" name="Target">
                    <label cBy="MLC" end="85" start="80" name="Target"/>
                </layer>
                <layer rank="1" name="FE">
                    <label cBy="MLC" feID="3900" end="85" start="80" name="Color"/>
                    <label cBy="MLC" feID="3899" itype="DNI" name="Entity"/>
                </layer>
                <layer rank="1" name="GF"/>
                <layer rank="1" name="PT"/>
                <layer rank="1" name="Other"/>
                <layer rank="1" name="Sent"/>
                <layer rank="1" name="Adj"/>
            </annotationSet>
        </sentence>
        <sentence corpID="175" docID="25343" sentNo="2" paragNo="24" aPos="0" ID="4148402">
            <text>He is either a foreigner or has lived long in the tropics , for he is yellow and sapless , but tough as whipcord .</text>
            <annotationSet cDate="04/30/2013 05:19:28 PDT Tue" status="UNANN" ID="6645852">
                <layer rank="1" name="PENN">
                    <label end="1" start="0" name="PRP"/>
                    <label end="4" start="3" name="VBZ"/>
                    <label end="11" start="6" name="rb"/>
                    <label end="13" start="13" name="dt"/>
                    <label end="23" start="15" name="nn"/>
                    <label end="26" start="25" name="cc"/>
                    <label end="30" start="28" name="VBZ"/>
                    <label end="36" start="32" name="VBN"/>
                    <label end="41" start="38" name="rb"/>
                    <label end="44" start="43" name="in"/>
                    <label end="48" start="46" name="dt"/>
                    <label end="56" start="50" name="nns"/>
                    <label end="62" start="60" name="in"/>
                    <label end="65" start="64" name="PRP"/>
                    <label end="68" start="67" name="VBZ"/>
                    <label end="75" start="70" name="jj"/>
                    <label end="79" start="77" name="cc"/>
                    <label end="87" start="81" name="jj"/>
                    <label end="93" start="91" name="cc"/>
                    <label end="99" start="95" name="jj"/>
                    <label end="102" start="101" name="in"/>
                    <label end="111" start="104" name="nn"/>
                </layer>
                <layer rank="1" name="NER"/>
                <layer rank="1" name="WSL"/>
            </annotationSet>
            <annotationSet cDate="04/30/2013 05:19:30 PDT Tue" status="MANUAL" ID="6645857">
                <layer rank="1" name="Target">
                    <label cBy="EGp" end="75" start="70" name="Target"/>
                </layer>
                <layer rank="1" name="FE">
                    <label cBy="EGp" feID="3899" end="65" start="64" name="Entity"/>
                    <label cBy="EGp" feID="3900" end="75" start="70" name="Color"/>
                </layer>
                <layer rank="1" name="GF">
                    <label end="65" start="64" name="Ext"/>
                </layer>
                <layer rank="1" name="PT">
                    <label end="65" start="64" name="NP"/>
                </layer>
                <layer rank="1" name="Other"/>
                <layer rank="1" name="Sent"/>
                <layer rank="1" name="Noun"/>
            </annotationSet>
        </sentence>
        <sentence corpID="175" docID="25343" sentNo="8" paragNo="33" aPos="0" ID="4148489">
            <text>I 'd have a short life if he had his way - the black-eyed , scowling , yellow devil . &quot;</text>
            <annotationSet cDate="04/30/2013 05:21:14 PDT Tue" status="UNANN" ID="6646207">
                <layer rank="1" name="PENN">
                    <label end="0" start="0" name="PRP"/>
                    <label end="3" start="2" name="md"/>
                    <label end="8" start="5" name="vb"/>
                    <label end="10" start="10" name="dt"/>
                    <label end="16" start="12" name="jj"/>
                    <label end="21" start="18" name="nn"/>
                    <label end="24" start="23" name="in"/>
                    <label end="27" start="26" name="PRP"/>
                    <label end="31" start="29" name="VBD"/>
                    <label end="35" start="33" name="PRP$"/>
                    <label end="39" start="37" name="nn"/>
                    <label end="45" start="43" name="dt"/>
                    <label end="56" start="47" name="jj"/>
                    <label end="67" start="60" name="VBG"/>
                    <label end="76" start="71" name="jj"/>
                    <label end="82" start="78" name="nn"/>
                </layer>
                <layer rank="1" name="NER"/>
                <layer rank="1" name="WSL"/>
            </annotationSet>
            <annotationSet cDate="04/30/2013 05:21:14 PDT Tue" status="MANUAL" ID="6646210">
                <layer rank="1" name="Target">
                    <label cBy="EGp" end="76" start="71" name="Target"/>
                </layer>
                <layer rank="1" name="FE">
                    <label cBy="EGp" feID="3899" end="82" start="78" name="Entity"/>
                    <label cBy="EGp" feID="3900" end="76" start="71" name="Color"/>
                </layer>
                <layer rank="1" name="GF">
                    <label end="82" start="78" name="Head"/>
                </layer>
                <layer rank="1" name="PT">
                    <label end="82" start="78" name="N"/>
                </layer>
                <layer rank="1" name="Other"/>
                <layer rank="1" name="Sent"/>
                <layer rank="1" name="Noun"/>
            </annotationSet>
        </sentence>
    </subCorpus>
</lexUnit>