<?xml version="1.0" encoding="UTF-8" standalone="yes"?>
<?xml-stylesheet type="text/xsl" href="lexUnit.xsl"?>
<lexUnit status="Finished_Initial" POS="N" name="AK-47.n" ID="7787" frame="Weapon" frameID="426" totalAnnotated="6" xsi:schemaLocation="../schema/lexUnit.xsd" xmlns="http://framenet.icsi.berkeley.edu" xmlns:xsi="http://www.w3.org/2001/XMLSchema-instance">
    <header>
        <corpus description="BNC2" name="BNC2" ID="111">
            <document description="bncp" name="bncp" ID="421"/>
        </corpus>
        <frame>
            <FE fgColor="FFFFFF" bgColor="006400" type="Peripheral" abbrev="cre" name="Creator"/>
            <FE fgColor="FFFFFF" bgColor="FFA500" type="Peripheral" abbrev="dep" name="Descriptor"/>
            <FE fgColor="000000" bgColor="A9A9A9" type="Peripheral" abbrev="Mat" name="Material"/>
            <FE fgColor="FFFFFF" bgColor="1E90FF" type="Peripheral" abbrev="nam" name="Name"/>
            <FE fgColor="FFFFFF" bgColor="00008B" type="Peripheral" abbrev="Part" name="Part"/>
            <FE fgColor="FFFFFF" bgColor="FF69B4" type="Peripheral" abbrev="tim" name="Time_of_creation"/>
            <FE fgColor="FFFFFF" bgColor="9F79EE" type="Peripheral" abbrev="Typ" name="Type"/>
            <FE fgColor="FFFFFF" bgColor="9400D3" type="Peripheral" abbrev="Use" name="Use"/>
            <FE fgColor="FFFFFF" bgColor="A52A2A" type="Core" abbrev="Wep" name="Weapon"/>
            <FE fgColor="FFFFFF" bgColor="FF0000" type="Peripheral" abbrev="Wld" name="Wielder"/>
        </frame>
    </header>
    <definition>FN: a Soviet-designed rifle capable of semiautomatic and automatic fire.</definition>
    <lexeme POS="N" name="AK-47"/>
    <valences>
        <governor type="Gov" lemma="arm">
            <annoSet ID="1908779"/>
        </governor>
        <governor type="Gov" lemma="buy">
            <annoSet ID="1908783"/>
        </governor>
        <governor type="Gov" lemma="discover">
            <annoSet ID="1908771"/>
        </governor>
        <governor type="Gov" lemma="tote">
            <annoSet ID="1908785"/>
        </governor>
        <FERealization total="4">
            <FE name="Type"/>
            <pattern total="3">
                <valenceUnit GF="" PT="DEN" FE="Type"/>
                <annoSet ID="1908771"/>
                <annoSet ID="1908779"/>
                <annoSet ID="1908783"/>
            </pattern>
            <pattern total="1">
                <valenceUnit GF="Dep" PT="NP" FE="Type"/>
                <annoSet ID="1908771"/>
            </pattern>
            <pattern total="1">
                <valenceUnit GF="Dep" PT="N" FE="Type"/>
                <annoSet ID="1908769"/>
            </pattern>
        </FERealization>
        <FERealization total="2">
            <FE name="Use"/>
            <pattern total="2">
                <valenceUnit GF="Dep" PT="NP" FE="Use"/>
                <annoSet ID="1908771"/>
                <annoSet ID="1908783"/>
            </pattern>
        </FERealization>
        <FERealization total="6">
            <FE name="Weapon"/>
            <pattern total="3">
                <valenceUnit GF="Dep" PT="NP" FE="Weapon"/>
                <annoSet ID="1908771"/>
                <annoSet ID="1908779"/>
                <annoSet ID="1908783"/>
            </pattern>
            <pattern total="3">
                <valenceUnit GF="" PT="DEN" FE="Weapon"/>
                <annoSet ID="1908769"/>
                <annoSet ID="1908781"/>
                <annoSet ID="1908785"/>
            </pattern>
        </FERealization>
        <FEGroupRealization total="1">
            <FE name="Type"/>
            <FE name="Type"/>
            <FE name="Use"/>
            <FE name="Weapon"/>
            <pattern total="1">
                <valenceUnit GF="" PT="DEN" FE="Type"/>
                <valenceUnit GF="Dep" PT="NP" FE="Type"/>
                <valenceUnit GF="Dep" PT="NP" FE="Use"/>
                <valenceUnit GF="Dep" PT="NP" FE="Weapon"/>
                <annoSet ID="1908771"/>
            </pattern>
        </FEGroupRealization>
        <FEGroupRealization total="1">
            <FE name="Type"/>
            <FE name="Use"/>
            <FE name="Weapon"/>
            <pattern total="1">
                <valenceUnit GF="" PT="DEN" FE="Type"/>
                <valenceUnit GF="Dep" PT="NP" FE="Use"/>
                <valenceUnit GF="Dep" PT="NP" FE="Weapon"/>
                <annoSet ID="1908783"/>
            </pattern>
        </FEGroupRealization>
        <FEGroupRealization total="2">
            <FE name="Type"/>
            <FE name="Weapon"/>
            <pattern total="1">
                <valenceUnit GF="" PT="DEN" FE="Type"/>
                <valenceUnit GF="Dep" PT="NP" FE="Weapon"/>
                <annoSet ID="1908779"/>
            </pattern>
            <pattern total="1">
                <valenceUnit GF="Dep" PT="N" FE="Type"/>
                <valenceUnit GF="" PT="DEN" FE="Weapon"/>
                <annoSet ID="1908769"/>
            </pattern>
        </FEGroupRealization>
        <FEGroupRealization total="2">
            <FE name="Weapon"/>
            <pattern total="2">
                <valenceUnit GF="" PT="DEN" FE="Weapon"/>
                <annoSet ID="1908781"/>
                <annoSet ID="1908785"/>
            </pattern>
        </FEGroupRealization>
    </valences>
    <subCorpus name="01-T-(1)">
        <sentence corpID="111" docID="421" sentNo="3" paragNo="88" aPos="0" ID="1230864">
            <text>A kalashnikov AK-47 was slung over his shoulder .</text>
            <annotationSet cDate="06/19/2003 04:30:21 PDT Thu" status="UNANN" ID="1908768">
                <layer rank="1" name="PENN">
                    <label end="0" start="0" name="dt"/>
                    <label end="12" start="2" name="NP"/>
                    <label end="18" start="14" name="cd"/>
                    <label end="22" start="20" name="VBD"/>
                    <label end="28" start="24" name="VVN"/>
                    <label end="33" start="30" name="in"/>
                    <label end="37" start="35" name="PP$"/>
                    <label end="46" start="39" name="nn"/>
                    <label end="48" start="48" name="sent"/>
                </layer>
                <layer rank="1" name="NER"/>
                <layer rank="1" name="WSL"/>
            </annotationSet>
            <annotationSet cDate="06/19/2003 04:30:21 PDT Thu" status="MANUAL" ID="1908769">
                <layer rank="1" name="Target">
                    <label cBy="RLG" end="18" start="14" name="Target"/>
                </layer>
                <layer rank="1" name="FE">
                    <label cBy="RLG" feID="3921" end="12" start="2" name="Type"/>
                    <label cBy="RLG" feID="3919" end="18" start="14" name="Weapon"/>
                </layer>
                <layer rank="1" name="GF">
                    <label end="12" start="2" name="Dep"/>
                </layer>
                <layer rank="1" name="PT">
                    <label end="12" start="2" name="N"/>
                </layer>
                <layer rank="1" name="Other"/>
                <layer rank="1" name="Sent"/>
                <layer rank="1" name="Noun"/>
            </annotationSet>
        </sentence>
        <sentence corpID="111" docID="421" sentNo="2" paragNo="658" aPos="0" ID="1230865">
            <text>They had been arrested on April 13 after members of the Anti-Terrorist Squad discovered 45 kg of the high explosive Semtex and six AK-47 Kalashnikov assault rifles during a raid on their home in west London .</text>
            <annotationSet cDate="06/19/2003 04:30:22 PDT Thu" status="UNANN" ID="1908770">
                <layer rank="1" name="PENN">
                    <label end="3" start="0" name="PP"/>
                    <label end="7" start="5" name="VHD"/>
                    <label end="12" start="9" name="VBN"/>
                    <label end="21" start="14" name="VVN"/>
                    <label end="24" start="23" name="in"/>
                    <label end="30" start="26" name="NP"/>
                    <label end="33" start="32" name="cd"/>
                    <label end="39" start="35" name="in"/>
                    <label end="47" start="41" name="nns"/>
                    <label end="50" start="49" name="in"/>
                    <label end="54" start="52" name="dt"/>
                    <label end="69" start="56" name="jj"/>
                    <label end="75" start="71" name="nn"/>
                    <label end="86" start="77" name="VVD"/>
                    <label end="89" start="88" name="cd"/>
                    <label end="92" start="91" name="nn"/>
                    <label end="95" start="94" name="in"/>
                    <label end="99" start="97" name="dt"/>
                    <label end="104" start="101" name="jj"/>
                    <label end="114" start="106" name="jj"/>
                    <label end="121" start="116" name="nn"/>
                    <label end="125" start="123" name="cc"/>
                    <label end="129" start="127" name="cd"/>
                    <label end="135" start="131" name="cd"/>
                    <label end="147" start="137" name="NP"/>
                    <label end="155" start="149" name="nn"/>
                    <label end="162" start="157" name="nns"/>
                    <label end="169" start="164" name="in"/>
                    <label end="171" start="171" name="dt"/>
                    <label end="176" start="173" name="nn"/>
                    <label end="179" start="178" name="in"/>
                    <label end="185" start="181" name="PP$"/>
                    <label end="190" start="187" name="nn"/>
                    <label end="193" start="192" name="in"/>
                    <label end="198" start="195" name="jj"/>
                    <label end="205" start="200" name="NP"/>
                    <label end="207" start="207" name="sent"/>
                </layer>
                <layer rank="1" name="NER"/>
                <layer rank="1" name="WSL"/>
            </annotationSet>
            <annotationSet cDate="06/19/2003 04:30:23 PDT Thu" status="MANUAL" ID="1908771">
                <layer rank="1" name="Target">
                    <label cBy="RLG" end="135" start="131" name="Target"/>
                </layer>
                <layer rank="1" name="FE">
                    <label cBy="Pam" feID="3921" end="135" start="131" name="Type"/>
                    <label cBy="Pam" feID="3921" end="147" start="137" name="Type"/>
                    <label cBy="Pam" feID="3920" end="155" start="149" name="Use"/>
                    <label cBy="Pam" feID="3919" end="162" start="157" name="Weapon"/>
                </layer>
                <layer rank="1" name="GF">
                    <label end="147" start="137" name="Dep"/>
                    <label end="155" start="149" name="Dep"/>
                    <label end="162" start="157" name="Dep"/>
                </layer>
                <layer rank="1" name="PT">
                    <label end="147" start="137" name="NP"/>
                    <label end="155" start="149" name="NP"/>
                    <label end="162" start="157" name="NP"/>
                </layer>
                <layer rank="1" name="Other"/>
                <layer rank="1" name="Sent"/>
                <layer rank="1" name="Noun">
                    <label end="86" start="77" name="Gov"/>
                    <label end="162" start="88" name="X"/>
                </layer>
            </annotationSet>
        </sentence>
        <sentence corpID="111" docID="421" sentNo="1" paragNo="103" aPos="0" ID="1230869">
            <text>Police said about 10 men armed with AK-47 rifles carried out the ` well-planned &quot; massacre in Wadeville .</text>
            <annotationSet cDate="06/19/2003 04:30:26 PDT Thu" status="UNANN" ID="1908778">
                <layer rank="1" name="PENN">
                    <label end="5" start="0" name="nns"/>
                    <label end="10" start="7" name="VVD"/>
                    <label end="16" start="12" name="rb"/>
                    <label end="19" start="18" name="cd"/>
                    <label end="23" start="21" name="nns"/>
                    <label end="29" start="25" name="VVN"/>
                    <label end="34" start="31" name="in"/>
                    <label end="40" start="36" name="cd"/>
                    <label end="47" start="42" name="nns"/>
                    <label end="55" start="49" name="VVN"/>
                    <label end="59" start="57" name="in"/>
                    <label end="63" start="61" name="dt"/>
                    <label end="78" start="67" name="VVN"/>
                    <label end="89" start="82" name="nn"/>
                    <label end="92" start="91" name="in"/>
                    <label end="102" start="94" name="NP"/>
                    <label end="104" start="104" name="sent"/>
                </layer>
                <layer rank="1" name="NER"/>
                <layer rank="1" name="WSL"/>
            </annotationSet>
            <annotationSet cDate="06/19/2003 04:30:27 PDT Thu" status="MANUAL" ID="1908779">
                <layer rank="1" name="Target">
                    <label cBy="RLG" end="40" start="36" name="Target"/>
                </layer>
                <layer rank="1" name="FE">
                    <label cBy="Pam" feID="3921" end="40" start="36" name="Type"/>
                    <label cBy="Pam" feID="3919" end="47" start="42" name="Weapon"/>
                </layer>
                <layer rank="1" name="GF">
                    <label end="47" start="42" name="Dep"/>
                </layer>
                <layer rank="1" name="PT">
                    <label end="47" start="42" name="NP"/>
                </layer>
                <layer rank="1" name="Other"/>
                <layer rank="1" name="Sent"/>
                <layer rank="1" name="Noun">
                    <label end="29" start="25" name="Gov"/>
                    <label end="47" start="31" name="X"/>
                </layer>
            </annotationSet>
        </sentence>
        <sentence corpID="111" docID="421" sentNo="3" paragNo="139" aPos="0" ID="1230870">
            <text>Far from mimicking the Statue of Liberty , the new statue holds a gun -- not just any gun but an AK-47 , the weapon used by the army to blast its way into Peking .</text>
            <annotationSet cDate="06/19/2003 04:30:27 PDT Thu" status="UNANN" ID="1908780">
                <layer rank="1" name="PENN">
                    <label end="2" start="0" name="rb"/>
                    <label end="7" start="4" name="in"/>
                    <label end="17" start="9" name="VVG"/>
                    <label end="21" start="19" name="dt"/>
                    <label end="28" start="23" name="nn"/>
                    <label end="31" start="30" name="in"/>
                    <label end="39" start="33" name="NP"/>
                    <label end="41" start="41" name=","/>
                    <label end="45" start="43" name="dt"/>
                    <label end="49" start="47" name="jj"/>
                    <label end="56" start="51" name="nn"/>
                    <label end="62" start="58" name="VVZ"/>
                    <label end="64" start="64" name="dt"/>
                    <label end="68" start="66" name="nn"/>
                    <label end="71" start="70" name=":"/>
                    <label end="75" start="73" name="rb"/>
                    <label end="80" start="77" name="rb"/>
                    <label end="84" start="82" name="dt"/>
                    <label end="88" start="86" name="nn"/>
                    <label end="92" start="90" name="cc"/>
                    <label end="95" start="94" name="dt"/>
                    <label end="101" start="97" name="cd"/>
                    <label end="103" start="103" name=","/>
                    <label end="107" start="105" name="dt"/>
                    <label end="114" start="109" name="nn"/>
                    <label end="119" start="116" name="VVN"/>
                    <label end="122" start="121" name="in"/>
                    <label end="126" start="124" name="dt"/>
                    <label end="131" start="128" name="nn"/>
                    <label end="134" start="133" name="to"/>
                    <label end="140" start="136" name="VV"/>
                    <label end="144" start="142" name="PP$"/>
                    <label end="148" start="146" name="nn"/>
                    <label end="153" start="150" name="in"/>
                    <label end="160" start="155" name="NP"/>
                    <label end="162" start="162" name="sent"/>
                </layer>
                <layer rank="1" name="NER"/>
                <layer rank="1" name="WSL"/>
            </annotationSet>
            <annotationSet cDate="06/19/2003 04:30:27 PDT Thu" status="MANUAL" ID="1908781">
                <layer rank="1" name="Target">
                    <label cBy="RLG" end="101" start="97" name="Target"/>
                </layer>
                <layer rank="1" name="FE">
                    <label cBy="Pam" feID="3919" end="101" start="97" name="Weapon"/>
                </layer>
                <layer rank="1" name="GF"/>
                <layer rank="1" name="PT"/>
                <layer rank="1" name="Other"/>
                <layer rank="1" name="Sent"/>
                <layer rank="1" name="Noun"/>
            </annotationSet>
        </sentence>
        <sentence corpID="111" docID="421" sentNo="2" paragNo="166" aPos="0" ID="1230871">
            <text>She probably expected him to nip off to his gunsmith , buy an AK-47 assault rifle , and bomb down to Southend to take reprisals .</text>
            <annotationSet cDate="06/19/2003 04:30:27 PDT Thu" status="UNANN" ID="1908782">
                <layer rank="1" name="PENN">
                    <label end="2" start="0" name="PP"/>
                    <label end="11" start="4" name="rb"/>
                    <label end="20" start="13" name="VVD"/>
                    <label end="24" start="22" name="PP"/>
                    <label end="27" start="26" name="to"/>
                    <label end="31" start="29" name="VV"/>
                    <label end="35" start="33" name="rp"/>
                    <label end="38" start="37" name="to"/>
                    <label end="42" start="40" name="PP$"/>
                    <label end="51" start="44" name="nn"/>
                    <label end="53" start="53" name=","/>
                    <label end="57" start="55" name="VV"/>
                    <label end="60" start="59" name="dt"/>
                    <label end="66" start="62" name="cd"/>
                    <label end="74" start="68" name="nn"/>
                    <label end="80" start="76" name="nn"/>
                    <label end="82" start="82" name=","/>
                    <label end="86" start="84" name="cc"/>
                    <label end="91" start="88" name="VV"/>
                    <label end="96" start="93" name="rp"/>
                    <label end="99" start="98" name="to"/>
                    <label end="108" start="101" name="NP"/>
                    <label end="111" start="110" name="to"/>
                    <label end="116" start="113" name="VV"/>
                    <label end="126" start="118" name="nns"/>
                    <label end="128" start="128" name="sent"/>
                </layer>
                <layer rank="1" name="NER"/>
                <layer rank="1" name="WSL"/>
            </annotationSet>
            <annotationSet cDate="06/19/2003 04:30:28 PDT Thu" status="MANUAL" ID="1908783">
                <layer rank="1" name="Target">
                    <label cBy="RLG" end="66" start="62" name="Target"/>
                </layer>
                <layer rank="1" name="FE">
                    <label cBy="Pam" feID="3921" end="66" start="62" name="Type"/>
                    <label cBy="Pam" feID="3920" end="74" start="68" name="Use"/>
                    <label cBy="Pam" feID="3919" end="80" start="76" name="Weapon"/>
                </layer>
                <layer rank="1" name="GF">
                    <label end="74" start="68" name="Dep"/>
                    <label end="80" start="76" name="Dep"/>
                </layer>
                <layer rank="1" name="PT">
                    <label end="74" start="68" name="NP"/>
                    <label end="80" start="76" name="NP"/>
                </layer>
                <layer rank="1" name="Other"/>
                <layer rank="1" name="Sent"/>
                <layer rank="1" name="Noun">
                    <label end="57" start="55" name="Gov"/>
                    <label end="80" start="59" name="X"/>
                </layer>
            </annotationSet>
        </sentence>
        <sentence corpID="111" docID="421" sentNo="11" paragNo="587" aPos="0" ID="1230872">
            <text>I 've seen a guy toting an AK-47 .</text>
            <annotationSet cDate="06/19/2003 04:30:28 PDT Thu" status="UNANN" ID="1908784">
                <layer rank="1" name="PENN">
                    <label end="0" start="0" name="PP"/>
                    <label end="4" start="2" name="VHP"/>
                    <label end="9" start="6" name="VVN"/>
                    <label end="11" start="11" name="dt"/>
                    <label end="15" start="13" name="nn"/>
                    <label end="22" start="17" name="VVG"/>
                    <label end="25" start="24" name="dt"/>
                    <label end="31" start="27" name="cd"/>
                    <label end="33" start="33" name="sent"/>
                </layer>
                <layer rank="1" name="NER"/>
                <layer rank="1" name="WSL"/>
            </annotationSet>
            <annotationSet cDate="06/19/2003 04:30:28 PDT Thu" status="MANUAL" ID="1908785">
                <layer rank="1" name="Target">
                    <label cBy="RLG" end="31" start="27" name="Target"/>
                </layer>
                <layer rank="1" name="FE">
                    <label cBy="RLG" feID="3919" end="31" start="27" name="Weapon"/>
                </layer>
                <layer rank="1" name="GF"/>
                <layer rank="1" name="PT"/>
                <layer rank="1" name="Other"/>
                <layer rank="1" name="Sent"/>
                <layer rank="1" name="Noun">
                    <label end="22" start="17" name="Gov"/>
                    <label end="31" start="24" name="X"/>
                </layer>
            </annotationSet>
        </sentence>
    </subCorpus>
    <subCorpus name="other-matched-(1)"/>
    <subCorpus name="other-unmatched-(1)"/>
    <subCorpus name="manually-added"/>
</lexUnit>