<?xml version="1.0" encoding="UTF-8" standalone="yes"?>
<?xml-stylesheet type="text/xsl" href="lexUnit.xsl"?>
<lexUnit status="Created" POS="N" name="scion.n" ID="7798" frame="Kinship" frameID="104" totalAnnotated="1" xsi:schemaLocation="../schema/lexUnit.xsd" xmlns="http://framenet.icsi.berkeley.edu" xmlns:xsi="http://www.w3.org/2001/XMLSchema-instance">
    <header>
        <corpus description="American National Corpus Texts" name="ANC" ID="195">
            <document description="Berlitz History of Jerusalem" name="HistoryOfJerusalem" ID="23647"/>
        </corpus>
        <frame>
            <FE fgColor="FFFFFF" bgColor="FF0000" type="Core" abbrev="" name="Alter"/>
            <FE fgColor="FFFFFF" bgColor="FF69B4" type="Peripheral" abbrev="Degr" name="Degree"/>
            <FE fgColor="FFFFFF" bgColor="0000FF" type="Extra-Thematic" abbrev="des" name="Descriptor"/>
            <FE fgColor="FFFFFF" bgColor="008000" type="Core" abbrev="" name="Ego"/>
            <FE fgColor="FFFFFF" bgColor="A52A2A" type="Core" abbrev="" name="Relatives"/>
        </frame>
    </header>
    <definition>COD: a descendant of a notable family or one with a long lineage</definition>
    <lexeme POS="N" name="scion"/>
    <valences>
        <FERealization total="1">
            <FE name="Alter"/>
            <pattern total="1">
                <valenceUnit GF="" PT="DEN" FE="Alter"/>
                <annoSet ID="6538956"/>
            </pattern>
        </FERealization>
        <FERealization total="1">
            <FE name="Ego"/>
            <pattern total="1">
                <valenceUnit GF="Dep" PT="PP[of]" FE="Ego"/>
                <annoSet ID="6538956"/>
            </pattern>
        </FERealization>
        <FEGroupRealization total="1">
            <FE name="Alter"/>
            <FE name="Ego"/>
            <pattern total="1">
                <valenceUnit GF="" PT="DEN" FE="Alter"/>
                <valenceUnit GF="Dep" PT="PP[of]" FE="Ego"/>
                <annoSet ID="6538956"/>
            </pattern>
        </FEGroupRealization>
    </valences>
    <subCorpus name="manually-added">
        <sentence corpID="195" docID="23647" sentNo="1" paragNo="12" aPos="0" ID="4100351">
            <text>After the initial years of Roman administration and political infighting , Rome installed Herod ( scion of a family from Idumea , a Jewish kingdom in the desert ) as King of Judea .</text>
            <annotationSet cDate="09/29/2006 11:00:40 PDT Fri" status="UNANN" ID="6538431">
                <layer rank="1" name="PENN">
                    <label end="4" start="0" name="in"/>
                    <label end="8" start="6" name="dt"/>
                    <label end="16" start="10" name="jj"/>
                    <label end="22" start="18" name="nns"/>
                    <label end="25" start="24" name="in"/>
                    <label end="31" start="27" name="NP"/>
                    <label end="46" start="33" name="nn"/>
                    <label end="50" start="48" name="cc"/>
                    <label end="60" start="52" name="jj"/>
                    <label end="71" start="62" name="nn"/>
                    <label end="73" start="73" name=","/>
                    <label end="78" start="75" name="NP"/>
                    <label end="88" start="80" name="VVN"/>
                    <label end="94" start="90" name="NP"/>
                    <label end="96" start="96" name="("/>
                    <label end="102" start="98" name="nn"/>
                    <label end="105" start="104" name="in"/>
                    <label end="107" start="107" name="dt"/>
                    <label end="114" start="109" name="nn"/>
                    <label end="119" start="116" name="in"/>
                    <label end="126" start="121" name="NP"/>
                    <label end="128" start="128" name=","/>
                    <label end="130" start="130" name="dt"/>
                    <label end="137" start="132" name="jj"/>
                    <label end="145" start="139" name="nn"/>
                    <label end="148" start="147" name="in"/>
                    <label end="152" start="150" name="dt"/>
                    <label end="159" start="154" name="nn"/>
                    <label end="161" start="161" name=")"/>
                    <label end="164" start="163" name="in"/>
                    <label end="169" start="166" name="NP"/>
                    <label end="172" start="171" name="in"/>
                    <label end="178" start="174" name="NP"/>
                    <label end="180" start="180" name="sent"/>
                </layer>
                <layer rank="1" name="NER">
                    <label end="78" start="75" name="location"/>
                    <label end="94" start="90" name="person"/>
                    <label end="126" start="121" name="location"/>
                    <label end="178" start="174" name="location"/>
                </layer>
                <layer rank="1" name="WSL">
                    <label end="4" start="0" name="NT"/>
                    <label end="8" start="6" name="NT"/>
                    <label end="25" start="24" name="NT"/>
                    <label end="50" start="48" name="NT"/>
                    <label end="73" start="73" name="NT"/>
                    <label end="78" start="75" name="NT"/>
                    <label end="94" start="90" name="NT"/>
                    <label end="96" start="96" name="NT"/>
                    <label end="105" start="104" name="NT"/>
                    <label end="107" start="107" name="NT"/>
                    <label end="119" start="116" name="NT"/>
                    <label end="126" start="121" name="NT"/>
                    <label end="128" start="128" name="NT"/>
                    <label end="130" start="130" name="NT"/>
                    <label end="148" start="147" name="NT"/>
                    <label end="152" start="150" name="NT"/>
                    <label end="161" start="161" name="NT"/>
                    <label end="164" start="163" name="NT"/>
                    <label end="172" start="171" name="NT"/>
                    <label end="178" start="174" name="NT"/>
                    <label end="180" start="180" name="NT"/>
                </layer>
            </annotationSet>
            <annotationSet cDate="10/20/2006 04:13:06 PDT Fri" status="MANUAL" ID="6538956">
                <layer rank="1" name="Target">
                    <label cBy="KmG" end="102" start="98" name="Target"/>
                </layer>
                <layer rank="1" name="FE">
                    <label cBy="KmG" feID="516" end="102" start="98" name="Alter"/>
                    <label cBy="KmG" feID="517" end="126" start="104" name="Ego"/>
                </layer>
                <layer rank="1" name="GF">
                    <label end="126" start="104" name="Dep"/>
                </layer>
                <layer rank="1" name="PT">
                    <label end="126" start="104" name="PP"/>
                </layer>
                <layer rank="1" name="Other"/>
                <layer rank="1" name="Sent"/>
                <layer rank="1" name="Noun"/>
            </annotationSet>
        </sentence>
    </subCorpus>
</lexUnit>