<?xml version="1.0" encoding="UTF-8" standalone="yes"?>
<?xml-stylesheet type="text/xsl" href="lexUnit.xsl"?>
<lexUnit status="Finished_Initial" POS="N" name="machine-gun.n" ID="7790" frame="Weapon" frameID="426" totalAnnotated="4" xsi:schemaLocation="../schema/lexUnit.xsd" xmlns="http://framenet.icsi.berkeley.edu" xmlns:xsi="http://www.w3.org/2001/XMLSchema-instance">
    <header>
        <frame>
            <FE fgColor="FFFFFF" bgColor="006400" type="Peripheral" abbrev="cre" name="Creator"/>
            <FE fgColor="FFFFFF" bgColor="FFA500" type="Peripheral" abbrev="dep" name="Descriptor"/>
            <FE fgColor="000000" bgColor="A9A9A9" type="Peripheral" abbrev="Mat" name="Material"/>
            <FE fgColor="FFFFFF" bgColor="1E90FF" type="Peripheral" abbrev="nam" name="Name"/>
            <FE fgColor="FFFFFF" bgColor="00008B" type="Peripheral" abbrev="Part" name="Part"/>
            <FE fgColor="FFFFFF" bgColor="FF69B4" type="Peripheral" abbrev="tim" name="Time_of_creation"/>
            <FE fgColor="FFFFFF" bgColor="9F79EE" type="Peripheral" abbrev="Typ" name="Type"/>
            <FE fgColor="FFFFFF" bgColor="9400D3" type="Peripheral" abbrev="Use" name="Use"/>
            <FE fgColor="FFFFFF" bgColor="A52A2A" type="Core" abbrev="Wep" name="Weapon"/>
            <FE fgColor="FFFFFF" bgColor="FF0000" type="Peripheral" abbrev="Wld" name="Wielder"/>
        </frame>
    </header>
    <definition>FN: a gun designed to fire a series of bullets rapidly and automatically</definition>
    <lexeme POS="N" name="machine-gun"/>
    <valences>
        <governor type="Gov" lemma="clean">
            <annoSet ID="1827554"/>
        </governor>
        <FERealization total="2">
            <FE name="Type"/>
            <pattern total="2">
                <valenceUnit GF="Dep" PT="AJP" FE="Type"/>
                <annoSet ID="1827554"/>
                <annoSet ID="1827570"/>
            </pattern>
            <pattern total="1">
                <valenceUnit GF="Dep" PT="N" FE="Type"/>
                <annoSet ID="1827554"/>
            </pattern>
        </FERealization>
        <FERealization total="4">
            <FE name="Weapon"/>
            <pattern total="4">
                <valenceUnit GF="" PT="DEN" FE="Weapon"/>
                <annoSet ID="1827554"/>
                <annoSet ID="1827558"/>
                <annoSet ID="1827570"/>
                <annoSet ID="1827586"/>
            </pattern>
        </FERealization>
        <FERealization total="3">
            <FE name="Wielder"/>
            <pattern total="3">
                <valenceUnit GF="Gen" PT="Poss" FE="Wielder"/>
                <annoSet ID="1827554"/>
                <annoSet ID="1827558"/>
                <annoSet ID="1827586"/>
            </pattern>
        </FERealization>
        <FEGroupRealization total="1">
            <FE name="Type"/>
            <FE name="Type"/>
            <FE name="Type"/>
            <FE name="Weapon"/>
            <FE name="Wielder"/>
            <pattern total="1">
                <valenceUnit GF="Dep" PT="AJP" FE="Type"/>
                <valenceUnit GF="Dep" PT="N" FE="Type"/>
                <valenceUnit GF="Dep" PT="N" FE="Type"/>
                <valenceUnit GF="" PT="DEN" FE="Weapon"/>
                <valenceUnit GF="Gen" PT="Poss" FE="Wielder"/>
                <annoSet ID="1827554"/>
            </pattern>
        </FEGroupRealization>
        <FEGroupRealization total="1">
            <FE name="Type"/>
            <FE name="Weapon"/>
            <pattern total="1">
                <valenceUnit GF="Dep" PT="AJP" FE="Type"/>
                <valenceUnit GF="" PT="DEN" FE="Weapon"/>
                <annoSet ID="1827570"/>
            </pattern>
        </FEGroupRealization>
        <FEGroupRealization total="2">
            <FE name="Weapon"/>
            <FE name="Wielder"/>
            <pattern total="2">
                <valenceUnit GF="" PT="DEN" FE="Weapon"/>
                <valenceUnit GF="Gen" PT="Poss" FE="Wielder"/>
                <annoSet ID="1827558"/>
                <annoSet ID="1827586"/>
            </pattern>
        </FEGroupRealization>
    </valences>
    <subCorpus name="gun-N-001-all">
        <sentence sentNo="0" aPos="23037012" ID="1190175">
            <text>Silk was cleaning his Uzi folding stock 9 mm machine-gun -- the group 's favourite close quarter weapon , other than the knife . </text>
            <annotationSet cDate="01/08/2003 06:03:40 PST Wed" status="UNANN" ID="1827553">
                <layer rank="1" name="BNC">
                    <label end="3" start="0" name="NN1-NP0"/>
                    <label end="7" start="5" name="VBD"/>
                    <label end="16" start="9" name="VVG"/>
                    <label end="20" start="18" name="DPS"/>
                    <label end="24" start="22" name="AJ0-NN1"/>
                    <label end="32" start="26" name="AJ0-VVG"/>
                    <label end="38" start="34" name="NN1"/>
                    <label end="40" start="40" name="CRD"/>
                    <label end="43" start="42" name="NN0"/>
                    <label end="55" start="45" name="NN1"/>
                    <label end="58" start="57" name="PUN"/>
                    <label end="62" start="60" name="AT0"/>
                    <label end="68" start="64" name="NN0"/>
                    <label end="71" start="70" name="POS"/>
                    <label end="81" start="73" name="AJ0-NN1"/>
                    <label end="87" start="83" name="AJ0"/>
                    <label end="95" start="89" name="NN1"/>
                    <label end="102" start="97" name="NN1"/>
                    <label end="104" start="104" name="PUN"/>
                    <label end="110" start="106" name="PRP"/>
                    <label end="115" start="112" name="PRP"/>
                    <label end="119" start="117" name="AT0"/>
                    <label end="125" start="121" name="NN1"/>
                    <label end="127" start="127" name="PUN"/>
                </layer>
                <layer rank="1" name="NER"/>
                <layer rank="1" name="WSL"/>
            </annotationSet>
            <annotationSet cDate="01/08/2003 06:03:40 PST Wed" status="MANUAL" ID="1827554">
                <layer rank="1" name="FE">
                    <label cBy="RLG" feID="3963" end="20" start="18" name="Wielder"/>
                    <label cBy="RLG" feID="3921" end="24" start="22" name="Type"/>
                    <label cBy="RLG" feID="3921" end="38" start="26" name="Type"/>
                    <label cBy="RLG" feID="3921" end="43" start="40" name="Type"/>
                    <label cBy="RLG" feID="3919" end="55" start="45" name="Weapon"/>
                </layer>
                <layer rank="1" name="GF">
                    <label end="20" start="18" name="Gen"/>
                    <label end="24" start="22" name="Dep"/>
                    <label end="38" start="26" name="Dep"/>
                    <label end="43" start="40" name="Dep"/>
                </layer>
                <layer rank="1" name="PT">
                    <label end="20" start="18" name="Poss"/>
                    <label end="24" start="22" name="AJP"/>
                    <label end="38" start="26" name="N"/>
                    <label end="43" start="40" name="N"/>
                </layer>
                <layer rank="1" name="Sent">
                    <label end="0" start="0" name="Canonical"/>
                </layer>
                <layer rank="1" name="Other"/>
                <layer rank="1" name="Target">
                    <label cBy="BoC" end="55" start="45" name="Target"/>
                </layer>
                <layer rank="1" name="Noun">
                    <label end="16" start="9" name="Gov"/>
                    <label end="55" start="18" name="X"/>
                </layer>
            </annotationSet>
        </sentence>
        <sentence sentNo="0" aPos="34483100" ID="1190177">
            <text>One trooper told the inquest his machine-gun jammed twice -- then started firing by itself . </text>
            <annotationSet cDate="01/08/2003 06:03:41 PST Wed" status="UNANN" ID="1827557">
                <layer rank="1" name="BNC">
                    <label end="2" start="0" name="CRD"/>
                    <label end="10" start="4" name="NN1"/>
                    <label end="15" start="12" name="VVD-VVN"/>
                    <label end="19" start="17" name="AT0"/>
                    <label end="27" start="21" name="NN1"/>
                    <label end="31" start="29" name="DPS"/>
                    <label end="43" start="33" name="NN1"/>
                    <label end="50" start="45" name="VVD"/>
                    <label end="56" start="52" name="AV0"/>
                    <label end="59" start="58" name="PUN"/>
                    <label end="64" start="61" name="AV0"/>
                    <label end="72" start="66" name="VVD-VVN"/>
                    <label end="79" start="74" name="VVG"/>
                    <label end="82" start="81" name="PRP"/>
                    <label end="89" start="84" name="PNX"/>
                    <label end="91" start="91" name="PUN"/>
                </layer>
                <layer rank="1" name="NER"/>
                <layer rank="1" name="WSL"/>
            </annotationSet>
            <annotationSet cDate="01/08/2003 06:03:41 PST Wed" status="MANUAL" ID="1827558">
                <layer rank="1" name="FE">
                    <label cBy="RLG" feID="3963" end="31" start="29" name="Wielder"/>
                    <label cBy="RLG" feID="3919" end="43" start="33" name="Weapon"/>
                </layer>
                <layer rank="1" name="GF">
                    <label end="31" start="29" name="Gen"/>
                </layer>
                <layer rank="1" name="PT">
                    <label end="31" start="29" name="Poss"/>
                </layer>
                <layer rank="1" name="Sent">
                    <label end="0" start="0" name="Canonical"/>
                </layer>
                <layer rank="1" name="Other"/>
                <layer rank="1" name="Target">
                    <label cBy="BoC" end="43" start="33" name="Target"/>
                </layer>
                <layer rank="1" name="Noun"/>
            </annotationSet>
        </sentence>
        <sentence sentNo="0" aPos="38868476" ID="1190183">
            <text>The Schwarzlose could also be fired from a monopod , turning it into a light machine-gun . </text>
            <annotationSet cDate="01/08/2003 06:03:41 PST Wed" status="UNANN" ID="1827569">
                <layer rank="1" name="BNC">
                    <label end="2" start="0" name="AT0"/>
                    <label end="14" start="4" name="NN1"/>
                    <label end="20" start="16" name="VM0"/>
                    <label end="25" start="22" name="AV0"/>
                    <label end="28" start="27" name="VBI"/>
                    <label end="34" start="30" name="VVN"/>
                    <label end="39" start="36" name="PRP"/>
                    <label end="41" start="41" name="AT0"/>
                    <label end="49" start="43" name="NN1"/>
                    <label end="51" start="51" name="PUN"/>
                    <label end="59" start="53" name="VVG"/>
                    <label end="62" start="61" name="PNP"/>
                    <label end="67" start="64" name="PRP"/>
                    <label end="69" start="69" name="AT0"/>
                    <label end="75" start="71" name="AJ0"/>
                    <label end="87" start="77" name="NN1"/>
                    <label end="89" start="89" name="PUN"/>
                </layer>
                <layer rank="1" name="NER"/>
                <layer rank="1" name="WSL"/>
            </annotationSet>
            <annotationSet cDate="01/08/2003 06:03:41 PST Wed" status="MANUAL" ID="1827570">
                <layer rank="1" name="FE">
                    <label cBy="RLG" feID="3919" end="87" start="77" name="Weapon"/>
                    <label cBy="RLG" feID="3921" end="75" start="71" name="Type"/>
                </layer>
                <layer rank="1" name="GF">
                    <label end="75" start="71" name="Dep"/>
                </layer>
                <layer rank="1" name="PT">
                    <label end="75" start="71" name="AJP"/>
                </layer>
                <layer rank="1" name="Sent"/>
                <layer rank="1" name="Other"/>
                <layer rank="1" name="Target">
                    <label cBy="BoC" end="87" start="77" name="Target"/>
                </layer>
                <layer rank="1" name="Noun"/>
            </annotationSet>
        </sentence>
        <sentence sentNo="0" aPos="88763277" ID="1190191">
            <text>The first burst from his machine-gun hammered through Dangerfield 's weary back and smashed his instrument panel . </text>
            <annotationSet cDate="01/08/2003 06:03:42 PST Wed" status="UNANN" ID="1827585">
                <layer rank="1" name="BNC">
                    <label end="2" start="0" name="AT0"/>
                    <label end="8" start="4" name="ORD"/>
                    <label end="14" start="10" name="NN1"/>
                    <label end="19" start="16" name="PRP"/>
                    <label end="23" start="21" name="DPS"/>
                    <label end="35" start="25" name="NN1"/>
                    <label end="44" start="37" name="VVD-VVN"/>
                    <label end="52" start="46" name="PRP"/>
                    <label end="64" start="54" name="NP0"/>
                    <label end="67" start="66" name="POS"/>
                    <label end="73" start="69" name="AJ0"/>
                    <label end="78" start="75" name="NN1"/>
                    <label end="82" start="80" name="CJC"/>
                    <label end="90" start="84" name="VVD"/>
                    <label end="94" start="92" name="DPS"/>
                    <label end="105" start="96" name="NN1"/>
                    <label end="111" start="107" name="NN1"/>
                    <label end="113" start="113" name="PUN"/>
                </layer>
                <layer rank="1" name="NER"/>
                <layer rank="1" name="WSL"/>
            </annotationSet>
            <annotationSet cDate="01/08/2003 06:03:42 PST Wed" status="MANUAL" ID="1827586">
                <layer rank="1" name="FE">
                    <label cBy="RLG" feID="3919" end="35" start="25" name="Weapon"/>
                    <label cBy="RLG" feID="3963" end="23" start="21" name="Wielder"/>
                </layer>
                <layer rank="1" name="GF">
                    <label end="23" start="21" name="Gen"/>
                </layer>
                <layer rank="1" name="PT">
                    <label end="23" start="21" name="Poss"/>
                </layer>
                <layer rank="1" name="Sent"/>
                <layer rank="1" name="Other"/>
                <layer rank="1" name="Target">
                    <label cBy="BoC" end="35" start="25" name="Target"/>
                </layer>
                <layer rank="1" name="Noun"/>
            </annotationSet>
        </sentence>
    </subCorpus>
</lexUnit>