<?xml version="1.0" encoding="UTF-8" standalone="yes"?>
<?xml-stylesheet type="text/xsl" href="lexUnit.xsl"?>
<lexUnit status="Created" POS="N" name="warhead.n" ID="7782" frame="Weapon" frameID="426" totalAnnotated="20" xsi:schemaLocation="../schema/lexUnit.xsd" xmlns="http://framenet.icsi.berkeley.edu" xmlns:xsi="http://www.w3.org/2001/XMLSchema-instance">
    <header>
        <corpus description="Texts from Nuclear Threat Initiative website, created by Center for Non-Proliferation Studies" name="NTI" ID="135">
            <document description="Libya Country 1" name="LibyaCountry1" ID="23477"/>
            <document description="Kazakhstan" name="Kazakhstan" ID="23501"/>
            <document description="Iran Missile" name="Iran_Missile" ID="23512"/>
            <document description="Iran Biological" name="Iran_Biological" ID="23513"/>
            <document description="Iran Chemical" name="Iran_Chemical" ID="23514"/>
            <document description="Russia Introduction" name="Russia_Introduction" ID="23563"/>
            <document description="North Korea Chemical Overview" name="NorthKorea_ChemicalOverview" ID="23611"/>
            <document description="China Overview" name="ChinaOverview" ID="23671"/>
        </corpus>
        <corpus description="Miscellaneous" name="Miscellaneous" ID="175">
            <document description="Iran-related Questions" name="IranRelatedQuestions" ID="23541"/>
        </corpus>
        <frame>
            <FE fgColor="FFFFFF" bgColor="006400" type="Peripheral" abbrev="cre" name="Creator"/>
            <FE fgColor="FFFFFF" bgColor="FFA500" type="Peripheral" abbrev="dep" name="Descriptor"/>
            <FE fgColor="000000" bgColor="A9A9A9" type="Peripheral" abbrev="Mat" name="Material"/>
            <FE fgColor="FFFFFF" bgColor="1E90FF" type="Peripheral" abbrev="nam" name="Name"/>
            <FE fgColor="FFFFFF" bgColor="00008B" type="Peripheral" abbrev="Part" name="Part"/>
            <FE fgColor="FFFFFF" bgColor="FF69B4" type="Peripheral" abbrev="tim" name="Time_of_creation"/>
            <FE fgColor="FFFFFF" bgColor="9F79EE" type="Peripheral" abbrev="Typ" name="Type"/>
            <FE fgColor="FFFFFF" bgColor="9400D3" type="Peripheral" abbrev="Use" name="Use"/>
            <FE fgColor="FFFFFF" bgColor="A52A2A" type="Core" abbrev="Wep" name="Weapon"/>
            <FE fgColor="FFFFFF" bgColor="FF0000" type="Peripheral" abbrev="Wld" name="Wielder"/>
        </frame>
    </header>
    <definition>FN: explosives, noxious chemicals, etc. mounted on a missile or artillery shell, usually with some triggering mechanism</definition>
    <lexeme POS="N" name="warhead"/>
    <valences>
        <FERealization total="1">
            <FE name="Descriptor"/>
            <pattern total="1">
                <valenceUnit GF="Quant" PT="Num" FE="Descriptor"/>
                <annoSet ID="6540709"/>
            </pattern>
        </FERealization>
        <FERealization total="3">
            <FE name="Material"/>
            <pattern total="2">
                <valenceUnit GF="Dep" PT="A" FE="Material"/>
                <annoSet ID="6521983"/>
                <annoSet ID="6521988"/>
            </pattern>
            <pattern total="1">
                <valenceUnit GF="Dep" PT="N" FE="Material"/>
                <annoSet ID="6523431"/>
            </pattern>
        </FERealization>
        <FERealization total="13">
            <FE name="Type"/>
            <pattern total="7">
                <valenceUnit GF="Dep" PT="A" FE="Type"/>
                <annoSet ID="6521406"/>
                <annoSet ID="6523844"/>
                <annoSet ID="6526919"/>
                <annoSet ID="6526967"/>
                <annoSet ID="6530305"/>
                <annoSet ID="6536278"/>
                <annoSet ID="6536668"/>
            </pattern>
            <pattern total="4">
                <valenceUnit GF="Dep" PT="AJP" FE="Type"/>
                <annoSet ID="6524309"/>
                <annoSet ID="6529044"/>
                <annoSet ID="6529048"/>
                <annoSet ID="6530305"/>
            </pattern>
            <pattern total="4">
                <valenceUnit GF="Dep" PT="N" FE="Type"/>
                <annoSet ID="6524227"/>
                <annoSet ID="6524309"/>
                <annoSet ID="6526392"/>
                <annoSet ID="6536406"/>
            </pattern>
        </FERealization>
        <FERealization total="1">
            <FE name="Use"/>
            <pattern total="1">
                <valenceUnit GF="Dep" PT="N" FE="Use"/>
                <annoSet ID="6529080"/>
            </pattern>
        </FERealization>
        <FERealization total="20">
            <FE name="Weapon"/>
            <pattern total="20">
                <valenceUnit GF="" PT="DEN" FE="Weapon"/>
                <annoSet ID="6521406"/>
                <annoSet ID="6521983"/>
                <annoSet ID="6521988"/>
                <annoSet ID="6523431"/>
                <annoSet ID="6523844"/>
                <annoSet ID="6524227"/>
                <annoSet ID="6524229"/>
                <annoSet ID="6524309"/>
                <annoSet ID="6526392"/>
                <annoSet ID="6526919"/>
                <annoSet ID="6526967"/>
                <annoSet ID="6529044"/>
                <annoSet ID="6529048"/>
                <annoSet ID="6529080"/>
                <annoSet ID="6530305"/>
                <annoSet ID="6536278"/>
                <annoSet ID="6536406"/>
                <annoSet ID="6536668"/>
                <annoSet ID="6540664"/>
                <annoSet ID="6540709"/>
            </pattern>
        </FERealization>
        <FERealization total="1">
            <FE name="Wielder"/>
            <pattern total="1">
                <valenceUnit GF="Gen" PT="Poss" FE="Wielder"/>
                <annoSet ID="6521406"/>
            </pattern>
        </FERealization>
        <FEGroupRealization total="1">
            <FE name="Descriptor"/>
            <FE name="Weapon"/>
            <pattern total="1">
                <valenceUnit GF="Quant" PT="Num" FE="Descriptor"/>
                <valenceUnit GF="" PT="DEN" FE="Weapon"/>
                <annoSet ID="6540709"/>
            </pattern>
        </FEGroupRealization>
        <FEGroupRealization total="3">
            <FE name="Material"/>
            <FE name="Weapon"/>
            <pattern total="2">
                <valenceUnit GF="Dep" PT="A" FE="Material"/>
                <valenceUnit GF="" PT="DEN" FE="Weapon"/>
                <annoSet ID="6521983"/>
                <annoSet ID="6521988"/>
            </pattern>
            <pattern total="1">
                <valenceUnit GF="Dep" PT="N" FE="Material"/>
                <valenceUnit GF="" PT="DEN" FE="Weapon"/>
                <annoSet ID="6523431"/>
            </pattern>
        </FEGroupRealization>
        <FEGroupRealization total="2">
            <FE name="Type"/>
            <FE name="Type"/>
            <FE name="Weapon"/>
            <pattern total="1">
                <valenceUnit GF="Dep" PT="A" FE="Type"/>
                <valenceUnit GF="Dep" PT="AJP" FE="Type"/>
                <valenceUnit GF="" PT="DEN" FE="Weapon"/>
                <annoSet ID="6530305"/>
            </pattern>
            <pattern total="1">
                <valenceUnit GF="Dep" PT="AJP" FE="Type"/>
                <valenceUnit GF="Dep" PT="N" FE="Type"/>
                <valenceUnit GF="" PT="DEN" FE="Weapon"/>
                <annoSet ID="6524309"/>
            </pattern>
        </FEGroupRealization>
        <FEGroupRealization total="10">
            <FE name="Type"/>
            <FE name="Weapon"/>
            <pattern total="5">
                <valenceUnit GF="Dep" PT="A" FE="Type"/>
                <valenceUnit GF="" PT="DEN" FE="Weapon"/>
                <annoSet ID="6523844"/>
                <annoSet ID="6526919"/>
                <annoSet ID="6526967"/>
                <annoSet ID="6536278"/>
                <annoSet ID="6536668"/>
            </pattern>
            <pattern total="2">
                <valenceUnit GF="Dep" PT="AJP" FE="Type"/>
                <valenceUnit GF="" PT="DEN" FE="Weapon"/>
                <annoSet ID="6529044"/>
                <annoSet ID="6529048"/>
            </pattern>
            <pattern total="3">
                <valenceUnit GF="Dep" PT="N" FE="Type"/>
                <valenceUnit GF="" PT="DEN" FE="Weapon"/>
                <annoSet ID="6524227"/>
                <annoSet ID="6526392"/>
                <annoSet ID="6536406"/>
            </pattern>
        </FEGroupRealization>
        <FEGroupRealization total="1">
            <FE name="Type"/>
            <FE name="Weapon"/>
            <FE name="Wielder"/>
            <pattern total="1">
                <valenceUnit GF="Dep" PT="A" FE="Type"/>
                <valenceUnit GF="" PT="DEN" FE="Weapon"/>
                <valenceUnit GF="Gen" PT="Poss" FE="Wielder"/>
                <annoSet ID="6521406"/>
            </pattern>
        </FEGroupRealization>
        <FEGroupRealization total="1">
            <FE name="Use"/>
            <FE name="Weapon"/>
            <pattern total="1">
                <valenceUnit GF="Dep" PT="N" FE="Use"/>
                <valenceUnit GF="" PT="DEN" FE="Weapon"/>
                <annoSet ID="6529080"/>
            </pattern>
        </FEGroupRealization>
        <FEGroupRealization total="2">
            <FE name="Weapon"/>
            <pattern total="2">
                <valenceUnit GF="" PT="DEN" FE="Weapon"/>
                <annoSet ID="6524229"/>
                <annoSet ID="6540664"/>
            </pattern>
        </FEGroupRealization>
    </valences>
    <subCorpus name="manually-added">
        <sentence corpID="135" docID="23477" sentNo="4" paragNo="5" aPos="0" ID="4096434">
            <text>It has been revealed that Abdul Qadeer Khan of Pakistan is responsible for providing Libya with its nuclear warhead plans , raw uranium and enrichment centrifuges through his black market network . </text>
            <annotationSet cDate="06/29/2004 04:50:20 PDT Tue" status="UNANN" ID="6521171">
                <layer rank="1" name="PENN">
                    <label end="1" start="0" name="PP"/>
                    <label end="5" start="3" name="VHZ"/>
                    <label end="10" start="7" name="VBN"/>
                    <label end="19" start="12" name="VVN"/>
                    <label end="24" start="21" name="in"/>
                    <label end="30" start="26" name="jj"/>
                    <label end="37" start="32" name="NP"/>
                    <label end="42" start="39" name="NP"/>
                    <label end="45" start="44" name="in"/>
                    <label end="54" start="47" name="NP"/>
                    <label end="57" start="56" name="VBZ"/>
                    <label end="69" start="59" name="jj"/>
                    <label end="73" start="71" name="in"/>
                    <label end="83" start="75" name="VVG"/>
                    <label end="89" start="85" name="NP"/>
                    <label end="94" start="91" name="in"/>
                    <label end="98" start="96" name="PP$"/>
                    <label end="106" start="100" name="jj"/>
                    <label end="114" start="108" name="nn"/>
                    <label end="120" start="116" name="nns"/>
                    <label end="122" start="122" name=","/>
                    <label end="126" start="124" name="jj"/>
                    <label end="134" start="128" name="nn"/>
                    <label end="138" start="136" name="cc"/>
                    <label end="149" start="140" name="nn"/>
                    <label end="161" start="151" name="nns"/>
                    <label end="169" start="163" name="in"/>
                    <label end="173" start="171" name="PP$"/>
                    <label end="179" start="175" name="jj"/>
                    <label end="186" start="181" name="nn"/>
                    <label end="194" start="188" name="nn"/>
                    <label end="196" start="196" name="sent"/>
                </layer>
                <layer rank="1" name="NER">
                    <label end="42" start="26" name="person"/>
                    <label end="54" start="47" name="location"/>
                    <label end="89" start="85" name="GPE"/>
                    <label end="114" start="100" name="WEA"/>
                    <label end="134" start="124" name="WEA"/>
                    <label end="161" start="140" name="WEA"/>
                </layer>
                <layer rank="1" name="WSL">
                    <label end="1" start="0" name="NT"/>
                    <label end="24" start="21" name="NT"/>
                    <label end="37" start="32" name="NT"/>
                    <label end="42" start="39" name="NT"/>
                    <label end="54" start="47" name="NT"/>
                    <label end="73" start="71" name="NT"/>
                    <label end="89" start="85" name="NT"/>
                    <label end="94" start="91" name="NT"/>
                    <label end="98" start="96" name="NT"/>
                    <label end="122" start="122" name="NT"/>
                    <label end="138" start="136" name="NT"/>
                    <label end="169" start="163" name="NT"/>
                    <label end="173" start="171" name="NT"/>
                    <label end="196" start="196" name="NT"/>
                    <label end="5" start="3" name="NT"/>
                    <label end="10" start="7" name="NT"/>
                    <label end="57" start="56" name="NT"/>
                </layer>
            </annotationSet>
            <annotationSet cDate="06/30/2004 11:35:31 PDT Wed" status="MANUAL" ID="6521406">
                <layer rank="1" name="Target">
                    <label cBy="KlB" end="114" start="108" name="Target"/>
                </layer>
                <layer rank="1" name="FE">
                    <label cBy="KlB" feID="3919" end="114" start="108" name="Weapon"/>
                    <label cBy="KlB" feID="3963" end="98" start="96" name="Wielder"/>
                    <label cBy="RLG" feID="3921" end="106" start="100" name="Type"/>
                </layer>
                <layer rank="1" name="GF">
                    <label end="106" start="100" name="Dep"/>
                    <label end="98" start="96" name="Gen"/>
                </layer>
                <layer rank="1" name="PT">
                    <label end="106" start="100" name="A"/>
                    <label end="98" start="96" name="Poss"/>
                </layer>
                <layer rank="1" name="Other"/>
                <layer rank="1" name="Sent"/>
                <layer rank="1" name="Noun"/>
                <layer rank="2" name="FE"/>
            </annotationSet>
        </sentence>
        <sentence corpID="135" docID="23501" sentNo="1" paragNo="4" aPos="0" ID="4096542">
            <text>When the Soviet Union collapsed in December 1991 , Kazakhstan inherited 1,410 nuclear warheads and the Semipalatinsk nuclear weapon test site .</text>
            <annotationSet cDate="02/03/2005 12:35:42 PST Thu" status="UNANN" ID="6521926">
                <layer rank="1" name="PENN">
                    <label end="3" start="0" name="in"/>
                    <label end="7" start="5" name="dt"/>
                    <label end="14" start="9" name="NP"/>
                    <label end="20" start="16" name="NP"/>
                    <label end="30" start="22" name="VVD"/>
                    <label end="33" start="32" name="in"/>
                    <label end="42" start="35" name="NP"/>
                    <label end="47" start="44" name="cd"/>
                    <label end="49" start="49" name=","/>
                    <label end="60" start="51" name="NP"/>
                    <label end="70" start="62" name="VVD"/>
                    <label end="76" start="72" name="cd"/>
                    <label end="84" start="78" name="jj"/>
                    <label end="93" start="86" name="nns"/>
                    <label end="97" start="95" name="cc"/>
                    <label end="101" start="99" name="dt"/>
                    <label end="115" start="103" name="NP"/>
                    <label end="123" start="117" name="jj"/>
                    <label end="130" start="125" name="nn"/>
                    <label end="135" start="132" name="nn"/>
                    <label end="140" start="137" name="nn"/>
                    <label end="142" start="142" name="sent"/>
                </layer>
                <layer rank="1" name="NER">
                    <label end="20" start="9" name="GPE"/>
                    <label end="47" start="35" name="date"/>
                    <label end="60" start="51" name="GPE"/>
                    <label end="93" start="78" name="WEA"/>
                    <label end="115" start="103" name="location"/>
                </layer>
                <layer rank="1" name="WSL">
                    <label end="3" start="0" name="NT"/>
                    <label end="7" start="5" name="NT"/>
                    <label end="14" start="9" name="NT"/>
                    <label end="20" start="16" name="NT"/>
                    <label end="33" start="32" name="NT"/>
                    <label end="42" start="35" name="NT"/>
                    <label end="47" start="44" name="NT"/>
                    <label end="49" start="49" name="NT"/>
                    <label end="60" start="51" name="NT"/>
                    <label end="76" start="72" name="NT"/>
                    <label end="97" start="95" name="NT"/>
                    <label end="101" start="99" name="NT"/>
                    <label end="115" start="103" name="NT"/>
                    <label end="142" start="142" name="NT"/>
                </layer>
            </annotationSet>
            <annotationSet cDate="02/07/2005 04:13:15 PST Mon" status="MANUAL" ID="6521983">
                <layer rank="1" name="Target">
                    <label cBy="MiL" end="93" start="86" name="Target"/>
                </layer>
                <layer rank="1" name="FE">
                    <label cBy="MiL" feID="3919" end="93" start="86" name="Weapon"/>
                    <label cBy="MiL" feID="3956" end="84" start="78" name="Material"/>
                </layer>
                <layer rank="1" name="GF">
                    <label end="84" start="78" name="Dep"/>
                </layer>
                <layer rank="1" name="PT">
                    <label end="84" start="78" name="A"/>
                </layer>
                <layer rank="1" name="Other"/>
                <layer rank="1" name="Sent"/>
                <layer rank="1" name="Noun"/>
            </annotationSet>
        </sentence>
        <sentence corpID="135" docID="23501" sentNo="2" paragNo="4" aPos="0" ID="4096543">
            <text>Kazakhstan transferred all of these nuclear warheads to Russia by April 1995 and destroyed the nuclear testing infrastructure at Semipalatinsk by July 2000 .</text>
            <annotationSet cDate="02/03/2005 12:35:42 PST Thu" status="UNANN" ID="6521927">
                <layer rank="1" name="PENN">
                    <label end="9" start="0" name="NP"/>
                    <label end="21" start="11" name="VVD"/>
                    <label end="25" start="23" name="dt"/>
                    <label end="28" start="27" name="in"/>
                    <label end="34" start="30" name="dt"/>
                    <label end="42" start="36" name="jj"/>
                    <label end="51" start="44" name="nns"/>
                    <label end="54" start="53" name="to"/>
                    <label end="61" start="56" name="NP"/>
                    <label end="64" start="63" name="in"/>
                    <label end="70" start="66" name="NP"/>
                    <label end="75" start="72" name="cd"/>
                    <label end="79" start="77" name="cc"/>
                    <label end="89" start="81" name="VVD"/>
                    <label end="93" start="91" name="dt"/>
                    <label end="101" start="95" name="jj"/>
                    <label end="109" start="103" name="nn"/>
                    <label end="124" start="111" name="nn"/>
                    <label end="127" start="126" name="in"/>
                    <label end="141" start="129" name="NP"/>
                    <label end="144" start="143" name="in"/>
                    <label end="149" start="146" name="NP"/>
                    <label end="154" start="151" name="cd"/>
                    <label end="156" start="156" name="sent"/>
                </layer>
                <layer rank="1" name="NER">
                    <label end="9" start="0" name="GPE"/>
                    <label end="61" start="56" name="GPE"/>
                    <label end="75" start="66" name="date"/>
                    <label end="154" start="146" name="date"/>
                    <label end="51" start="36" name="WEA"/>
                    <label end="141" start="129" name="FAC"/>
                </layer>
                <layer rank="1" name="WSL">
                    <label end="9" start="0" name="NT"/>
                    <label end="25" start="23" name="NT"/>
                    <label end="28" start="27" name="NT"/>
                    <label end="34" start="30" name="NT"/>
                    <label end="54" start="53" name="NT"/>
                    <label end="61" start="56" name="NT"/>
                    <label end="64" start="63" name="NT"/>
                    <label end="70" start="66" name="NT"/>
                    <label end="75" start="72" name="NT"/>
                    <label end="79" start="77" name="NT"/>
                    <label end="93" start="91" name="NT"/>
                    <label end="127" start="126" name="NT"/>
                    <label end="141" start="129" name="NT"/>
                    <label end="144" start="143" name="NT"/>
                    <label end="149" start="146" name="NT"/>
                    <label end="154" start="151" name="NT"/>
                    <label end="156" start="156" name="NT"/>
                </layer>
            </annotationSet>
            <annotationSet cDate="02/07/2005 04:27:16 PST Mon" status="MANUAL" ID="6521988">
                <layer rank="1" name="Target">
                    <label cBy="MiL" end="51" start="44" name="Target"/>
                </layer>
                <layer rank="1" name="FE">
                    <label cBy="MiL" feID="3956" end="42" start="36" name="Material"/>
                    <label cBy="MiL" feID="3919" end="51" start="44" name="Weapon"/>
                </layer>
                <layer rank="1" name="GF">
                    <label end="42" start="36" name="Dep"/>
                </layer>
                <layer rank="1" name="PT">
                    <label end="42" start="36" name="A"/>
                </layer>
                <layer rank="1" name="Other"/>
                <layer rank="1" name="Sent"/>
                <layer rank="1" name="Noun"/>
            </annotationSet>
        </sentence>
        <sentence corpID="135" docID="23514" sentNo="2" paragNo="3" aPos="0" ID="4096991">
            <text>Officials also claim that Iran has produced bombs and artillery rounds filled with these agents , and that it can probably deploy chemical warheads on its long - range missiles .</text>
            <annotationSet cDate="02/25/2005 12:42:52 PST Fri" status="UNANN" ID="6522656">
                <layer rank="1" name="PENN">
                    <label end="8" start="0" name="nns"/>
                    <label end="13" start="10" name="rb"/>
                    <label end="19" start="15" name="VVP"/>
                    <label end="24" start="21" name="in"/>
                    <label end="29" start="26" name="NP"/>
                    <label end="33" start="31" name="VHZ"/>
                    <label end="42" start="35" name="VVN"/>
                    <label end="48" start="44" name="nns"/>
                    <label end="52" start="50" name="cc"/>
                    <label end="62" start="54" name="nn"/>
                    <label end="69" start="64" name="nns"/>
                    <label end="76" start="71" name="VVN"/>
                    <label end="81" start="78" name="in"/>
                    <label end="87" start="83" name="dt"/>
                    <label end="94" start="89" name="nns"/>
                    <label end="96" start="96" name=","/>
                    <label end="100" start="98" name="cc"/>
                    <label end="105" start="102" name="in"/>
                    <label end="108" start="107" name="PP"/>
                    <label end="112" start="110" name="md"/>
                    <label end="121" start="114" name="rb"/>
                    <label end="128" start="123" name="VV"/>
                    <label end="137" start="130" name="jj"/>
                    <label end="146" start="139" name="nns"/>
                    <label end="149" start="148" name="in"/>
                    <label end="153" start="151" name="PP$"/>
                    <label end="158" start="155" name="jj"/>
                    <label end="160" start="160" name=":"/>
                    <label end="166" start="162" name="nn"/>
                    <label end="175" start="168" name="nns"/>
                    <label end="177" start="177" name="sent"/>
                </layer>
                <layer rank="1" name="NER">
                    <label end="29" start="26" name="location"/>
                    <label end="48" start="44" name="WEA"/>
                    <label end="69" start="54" name="WEA"/>
                    <label end="94" start="89" name="WEA"/>
                    <label end="146" start="130" name="WEA"/>
                    <label end="175" start="155" name="WEA"/>
                </layer>
                <layer rank="1" name="WSL">
                    <label end="24" start="21" name="NT"/>
                    <label end="29" start="26" name="NT"/>
                    <label end="52" start="50" name="NT"/>
                    <label end="81" start="78" name="NT"/>
                    <label end="87" start="83" name="NT"/>
                    <label end="96" start="96" name="NT"/>
                    <label end="100" start="98" name="NT"/>
                    <label end="105" start="102" name="NT"/>
                    <label end="108" start="107" name="NT"/>
                    <label end="149" start="148" name="NT"/>
                    <label end="153" start="151" name="NT"/>
                    <label end="160" start="160" name="NT"/>
                    <label end="177" start="177" name="NT"/>
                    <label end="13" start="10" name="NT"/>
                    <label end="33" start="31" name="NT"/>
                </layer>
            </annotationSet>
            <annotationSet cDate="03/03/2005 12:03:48 PST Thu" status="MANUAL" ID="6523431">
                <layer rank="1" name="Target">
                    <label cBy="MJE" end="146" start="139" name="Target"/>
                </layer>
                <layer rank="1" name="FE">
                    <label cBy="MJE" feID="3919" end="146" start="139" name="Weapon"/>
                    <label cBy="MJE" feID="3956" end="137" start="130" name="Material"/>
                </layer>
                <layer rank="1" name="GF">
                    <label end="137" start="130" name="Dep"/>
                </layer>
                <layer rank="1" name="PT">
                    <label end="137" start="130" name="N"/>
                </layer>
                <layer rank="1" name="Other"/>
                <layer rank="1" name="Sent"/>
                <layer rank="1" name="Noun"/>
            </annotationSet>
        </sentence>
        <sentence corpID="135" docID="23513" sentNo="4" paragNo="12" aPos="0" ID="4096920">
            <text>The Iranian Shahab missile is reportedly capable of carrying biological warheads .</text>
            <annotationSet cDate="02/25/2005 12:37:31 PST Fri" status="UNANN" ID="6522585">
                <layer rank="1" name="PENN">
                    <label end="2" start="0" name="dt"/>
                    <label end="10" start="4" name="jj"/>
                    <label end="17" start="12" name="NP"/>
                    <label end="25" start="19" name="nn"/>
                    <label end="28" start="27" name="VBZ"/>
                    <label end="39" start="30" name="rb"/>
                    <label end="47" start="41" name="jj"/>
                    <label end="50" start="49" name="in"/>
                    <label end="59" start="52" name="VVG"/>
                    <label end="70" start="61" name="jj"/>
                    <label end="79" start="72" name="nns"/>
                    <label end="81" start="81" name="sent"/>
                </layer>
                <layer rank="1" name="NER">
                    <label end="25" start="4" name="WEA"/>
                    <label end="79" start="61" name="WEA"/>
                </layer>
                <layer rank="1" name="WSL">
                    <label end="2" start="0" name="NT"/>
                    <label end="17" start="12" name="NT"/>
                    <label end="50" start="49" name="NT"/>
                    <label end="81" start="81" name="NT"/>
                    <label end="28" start="27" name="NT"/>
                </layer>
            </annotationSet>
            <annotationSet cDate="03/03/2005 09:54:35 PST Thu" status="MANUAL" ID="6523844">
                <layer rank="1" name="Target">
                    <label cBy="JKR" end="79" start="72" name="Target"/>
                </layer>
                <layer rank="1" name="FE">
                    <label cBy="JKR" feID="3921" end="70" start="61" name="Type"/>
                    <label cBy="JKR" feID="3919" end="79" start="72" name="Weapon"/>
                </layer>
                <layer rank="1" name="GF">
                    <label end="70" start="61" name="Dep"/>
                </layer>
                <layer rank="1" name="PT">
                    <label end="70" start="61" name="A"/>
                </layer>
                <layer rank="1" name="Other"/>
                <layer rank="1" name="Sent"/>
                <layer rank="1" name="Noun"/>
            </annotationSet>
        </sentence>
        <sentence corpID="135" docID="23514" sentNo="1" paragNo="13" aPos="0" ID="4097035">
            <text>Iran 's well - known Shahab missile is also believed to be capable of carrying chemical warheads , although it is uncertain warheads have been developed or tested .</text>
            <annotationSet cDate="02/25/2005 12:43:03 PST Fri" status="UNANN" ID="6522700">
                <layer rank="1" name="PENN">
                    <label end="3" start="0" name="NP"/>
                    <label end="6" start="5" name="POS"/>
                    <label end="11" start="8" name="nn"/>
                    <label end="13" start="13" name=":"/>
                    <label end="19" start="15" name="VVN"/>
                    <label end="26" start="21" name="NP"/>
                    <label end="34" start="28" name="nn"/>
                    <label end="37" start="36" name="VBZ"/>
                    <label end="42" start="39" name="rb"/>
                    <label end="51" start="44" name="VVN"/>
                    <label end="54" start="53" name="to"/>
                    <label end="57" start="56" name="vb"/>
                    <label end="65" start="59" name="jj"/>
                    <label end="68" start="67" name="in"/>
                    <label end="77" start="70" name="VVG"/>
                    <label end="86" start="79" name="nn"/>
                    <label end="95" start="88" name="nns"/>
                    <label end="97" start="97" name=","/>
                    <label end="106" start="99" name="in"/>
                    <label end="109" start="108" name="PP"/>
                    <label end="112" start="111" name="VBZ"/>
                    <label end="122" start="114" name="jj"/>
                    <label end="131" start="124" name="nns"/>
                    <label end="136" start="133" name="VHP"/>
                    <label end="141" start="138" name="VBN"/>
                    <label end="151" start="143" name="VVN"/>
                    <label end="154" start="153" name="cc"/>
                    <label end="161" start="156" name="VVN"/>
                    <label end="163" start="163" name="sent"/>
                </layer>
                <layer rank="1" name="NER">
                    <label end="3" start="0" name="location"/>
                    <label end="34" start="21" name="WEA"/>
                    <label end="95" start="79" name="WEA"/>
                    <label end="131" start="124" name="WEA"/>
                </layer>
                <layer rank="1" name="WSL">
                    <label end="3" start="0" name="NT"/>
                    <label end="6" start="5" name="NT"/>
                    <label end="13" start="13" name="NT"/>
                    <label end="26" start="21" name="NT"/>
                    <label end="54" start="53" name="NT"/>
                    <label end="68" start="67" name="NT"/>
                    <label end="97" start="97" name="NT"/>
                    <label end="106" start="99" name="NT"/>
                    <label end="109" start="108" name="NT"/>
                    <label end="154" start="153" name="NT"/>
                    <label end="163" start="163" name="NT"/>
                    <label end="37" start="36" name="NT"/>
                    <label end="42" start="39" name="NT"/>
                    <label end="57" start="56" name="NT"/>
                    <label end="112" start="111" name="NT"/>
                    <label end="136" start="133" name="NT"/>
                    <label end="141" start="138" name="NT"/>
                    <label end="11" start="8" name="NT"/>
                </layer>
            </annotationSet>
            <annotationSet cDate="03/09/2005 11:48:37 PST Wed" status="MANUAL" ID="6524227">
                <layer rank="1" name="Target">
                    <label cBy="Pam" end="95" start="88" name="Target"/>
                </layer>
                <layer rank="1" name="FE">
                    <label cBy="Pam" feID="3919" end="95" start="88" name="Weapon"/>
                    <label cBy="Pam" feID="3921" end="86" start="79" name="Type"/>
                </layer>
                <layer rank="1" name="GF">
                    <label end="86" start="79" name="Dep"/>
                </layer>
                <layer rank="1" name="PT">
                    <label end="86" start="79" name="N"/>
                </layer>
                <layer rank="1" name="Other"/>
                <layer rank="1" name="Sent"/>
                <layer rank="1" name="Noun"/>
            </annotationSet>
            <annotationSet cDate="03/09/2005 11:49:03 PST Wed" status="MANUAL" ID="6524229">
                <layer rank="1" name="Target">
                    <label cBy="Pam" end="131" start="124" name="Target"/>
                </layer>
                <layer rank="1" name="FE">
                    <label cBy="Pam" feID="3919" end="131" start="124" name="Weapon"/>
                </layer>
                <layer rank="1" name="GF"/>
                <layer rank="1" name="PT"/>
                <layer rank="1" name="Other"/>
                <layer rank="1" name="Sent"/>
                <layer rank="1" name="Noun"/>
            </annotationSet>
        </sentence>
        <sentence corpID="135" docID="23512" sentNo="1" paragNo="5" aPos="0" ID="4096713">
            <text>A large number of Iran 's ballistic missiles and / or long - range artillery rocket systems currently possess the capability to deliver conventional high explosive , submunition , chemical , biological and radiological dispersion warheads .</text>
            <annotationSet cDate="02/25/2005 12:23:02 PST Fri" status="UNANN" ID="6522378">
                <layer rank="1" name="PENN">
                    <label end="0" start="0" name="dt"/>
                    <label end="6" start="2" name="jj"/>
                    <label end="13" start="8" name="nn"/>
                    <label end="16" start="15" name="in"/>
                    <label end="21" start="18" name="NP"/>
                    <label end="24" start="23" name="POS"/>
                    <label end="34" start="26" name="jj"/>
                    <label end="43" start="36" name="nns"/>
                    <label end="47" start="45" name="cc"/>
                    <label end="49" start="49" name="sym"/>
                    <label end="52" start="51" name="cc"/>
                    <label end="57" start="54" name="jj"/>
                    <label end="59" start="59" name=":"/>
                    <label end="65" start="61" name="nn"/>
                    <label end="75" start="67" name="nn"/>
                    <label end="82" start="77" name="nn"/>
                    <label end="90" start="84" name="nns"/>
                    <label end="100" start="92" name="rb"/>
                    <label end="108" start="102" name="VVP"/>
                    <label end="112" start="110" name="dt"/>
                    <label end="123" start="114" name="nn"/>
                    <label end="126" start="125" name="to"/>
                    <label end="134" start="128" name="VV"/>
                    <label end="147" start="136" name="jj"/>
                    <label end="152" start="149" name="jj"/>
                    <label end="162" start="154" name="jj"/>
                    <label end="164" start="164" name=","/>
                    <label end="176" start="166" name="nn"/>
                    <label end="178" start="178" name=","/>
                    <label end="187" start="180" name="nn"/>
                    <label end="189" start="189" name=","/>
                    <label end="200" start="191" name="jj"/>
                    <label end="204" start="202" name="cc"/>
                    <label end="217" start="206" name="jj"/>
                    <label end="228" start="219" name="nn"/>
                    <label end="237" start="230" name="nns"/>
                    <label end="239" start="239" name="sent"/>
                </layer>
                <layer rank="1" name="NER">
                    <label end="21" start="18" name="GPE"/>
                    <label end="43" start="26" name="WEA"/>
                    <label end="82" start="54" name="WEA"/>
                    <label end="162" start="149" name="WEA"/>
                    <label end="176" start="166" name="WEA"/>
                    <label end="237" start="180" name="WEA"/>
                </layer>
                <layer rank="1" name="WSL">
                    <label end="0" start="0" name="NT"/>
                    <label end="16" start="15" name="NT"/>
                    <label end="21" start="18" name="NT"/>
                    <label end="24" start="23" name="NT"/>
                    <label end="47" start="45" name="NT"/>
                    <label end="49" start="49" name="NT"/>
                    <label end="52" start="51" name="NT"/>
                    <label end="59" start="59" name="NT"/>
                    <label end="112" start="110" name="NT"/>
                    <label end="126" start="125" name="NT"/>
                    <label end="164" start="164" name="NT"/>
                    <label end="178" start="178" name="NT"/>
                    <label end="189" start="189" name="NT"/>
                    <label end="204" start="202" name="NT"/>
                    <label end="239" start="239" name="NT"/>
                    <label end="100" start="92" name="NT"/>
                </layer>
            </annotationSet>
            <annotationSet cDate="03/09/2005 06:27:30 PST Wed" status="MANUAL" ID="6524309">
                <layer rank="1" name="Target">
                    <label cBy="MiL" end="237" start="230" name="Target"/>
                </layer>
                <layer rank="1" name="FE">
                    <label cBy="MiL" feID="3919" end="237" start="230" name="Weapon"/>
                    <label cBy="MiL" feID="3921" end="147" start="136" name="Type"/>
                    <label cBy="KmG" feID="3921" end="162" start="149" name="Type"/>
                </layer>
                <layer rank="1" name="GF">
                    <label end="147" start="136" name="Dep"/>
                    <label end="162" start="149" name="Dep"/>
                </layer>
                <layer rank="1" name="PT">
                    <label end="147" start="136" name="AJP"/>
                    <label end="162" start="149" name="N"/>
                </layer>
                <layer rank="1" name="Other"/>
                <layer rank="1" name="Sent"/>
                <layer rank="1" name="Noun"/>
            </annotationSet>
        </sentence>
        <sentence corpID="175" docID="23541" sentNo="1" paragNo="6" aPos="0" ID="4097239">
            <text>Land - , sea , and air - launched anti - ship cruise missiles ; air - launched tactical missiles ; none have NBC warheads .</text>
            <annotationSet cDate="05/27/2005 08:07:38 PDT Fri" status="UNANN" ID="6525933">
                <layer rank="1" name="PENN">
                    <label end="3" start="0" name="nn"/>
                    <label end="5" start="5" name=":"/>
                    <label end="7" start="7" name=","/>
                    <label end="11" start="9" name="nn"/>
                    <label end="13" start="13" name=","/>
                    <label end="17" start="15" name="cc"/>
                    <label end="21" start="19" name="nn"/>
                    <label end="23" start="23" name=":"/>
                    <label end="32" start="25" name="VVN"/>
                    <label end="37" start="34" name="nn"/>
                    <label end="39" start="39" name=":"/>
                    <label end="44" start="41" name="VV"/>
                    <label end="51" start="46" name="nn"/>
                    <label end="60" start="53" name="nns"/>
                    <label end="62" start="62" name=":"/>
                    <label end="66" start="64" name="nn"/>
                    <label end="68" start="68" name=":"/>
                    <label end="77" start="70" name="VVD"/>
                    <label end="86" start="79" name="jj"/>
                    <label end="95" start="88" name="nns"/>
                    <label end="97" start="97" name=":"/>
                    <label end="102" start="99" name="nn"/>
                    <label end="107" start="104" name="VHP"/>
                    <label end="111" start="109" name="NP"/>
                    <label end="120" start="113" name="nns"/>
                    <label end="122" start="122" name="sent"/>
                </layer>
                <layer rank="1" name="NER">
                    <label end="111" start="109" name="organization"/>
                </layer>
                <layer rank="1" name="WSL">
                    <label end="5" start="5" name="NT"/>
                    <label end="7" start="7" name="NT"/>
                    <label end="13" start="13" name="NT"/>
                    <label end="17" start="15" name="NT"/>
                    <label end="23" start="23" name="NT"/>
                    <label end="39" start="39" name="NT"/>
                    <label end="62" start="62" name="NT"/>
                    <label end="68" start="68" name="NT"/>
                    <label end="97" start="97" name="NT"/>
                    <label end="111" start="109" name="NT"/>
                    <label end="122" start="122" name="NT"/>
                </layer>
            </annotationSet>
            <annotationSet cDate="06/01/2005 12:54:24 PDT Wed" status="MANUAL" ID="6526392">
                <layer rank="1" name="Target">
                    <label cBy="RLG" end="120" start="113" name="Target"/>
                </layer>
                <layer rank="1" name="FE">
                    <label cBy="RLG" feID="3919" end="120" start="113" name="Weapon"/>
                    <label cBy="RLG" feID="3921" end="111" start="109" name="Type"/>
                </layer>
                <layer rank="1" name="GF">
                    <label end="111" start="109" name="Dep"/>
                </layer>
                <layer rank="1" name="PT">
                    <label end="111" start="109" name="N"/>
                </layer>
                <layer rank="1" name="Other"/>
                <layer rank="1" name="Sent"/>
                <layer rank="1" name="Noun"/>
            </annotationSet>
        </sentence>
        <sentence corpID="175" docID="23541" sentNo="1" paragNo="119" aPos="0" ID="4097449">
            <text>Iran 's Mojahedin opposition group reports that Iran requested nuclear warheads and uranium enrichment technology from the Chinese in a recent meeting with Chinese officials ( 7096 ) .</text>
            <annotationSet cDate="05/27/2005 08:08:48 PDT Fri" status="UNANN" ID="6526143">
                <layer rank="1" name="PENN">
                    <label end="3" start="0" name="NP"/>
                    <label end="6" start="5" name="POS"/>
                    <label end="16" start="8" name="NP"/>
                    <label end="27" start="18" name="nn"/>
                    <label end="33" start="29" name="nn"/>
                    <label end="41" start="35" name="nns"/>
                    <label end="46" start="43" name="in"/>
                    <label end="51" start="48" name="NP"/>
                    <label end="61" start="53" name="VVD"/>
                    <label end="69" start="63" name="jj"/>
                    <label end="78" start="71" name="nns"/>
                    <label end="82" start="80" name="cc"/>
                    <label end="90" start="84" name="nn"/>
                    <label end="101" start="92" name="nn"/>
                    <label end="112" start="103" name="nn"/>
                    <label end="117" start="114" name="in"/>
                    <label end="121" start="119" name="dt"/>
                    <label end="129" start="123" name="jj"/>
                    <label end="132" start="131" name="in"/>
                    <label end="134" start="134" name="dt"/>
                    <label end="141" start="136" name="jj"/>
                    <label end="149" start="143" name="nn"/>
                    <label end="154" start="151" name="in"/>
                    <label end="162" start="156" name="jj"/>
                    <label end="172" start="164" name="nns"/>
                    <label end="174" start="174" name="("/>
                    <label end="179" start="176" name="cd"/>
                    <label end="181" start="181" name=")"/>
                    <label end="183" start="183" name="sent"/>
                </layer>
                <layer rank="1" name="NER">
                    <label end="3" start="0" name="location"/>
                    <label end="51" start="48" name="location"/>
                </layer>
                <layer rank="1" name="WSL">
                    <label end="3" start="0" name="NT"/>
                    <label end="6" start="5" name="NT"/>
                    <label end="16" start="8" name="NT"/>
                    <label end="46" start="43" name="NT"/>
                    <label end="51" start="48" name="NT"/>
                    <label end="82" start="80" name="NT"/>
                    <label end="117" start="114" name="NT"/>
                    <label end="121" start="119" name="NT"/>
                    <label end="132" start="131" name="NT"/>
                    <label end="134" start="134" name="NT"/>
                    <label end="154" start="151" name="NT"/>
                    <label end="174" start="174" name="NT"/>
                    <label end="179" start="176" name="NT"/>
                    <label end="181" start="181" name="NT"/>
                    <label end="183" start="183" name="NT"/>
                </layer>
            </annotationSet>
            <annotationSet cDate="06/01/2005 07:44:00 PDT Wed" status="MANUAL" ID="6526919">
                <layer rank="1" name="Target">
                    <label cBy="JKR" end="78" start="71" name="Target"/>
                </layer>
                <layer rank="1" name="FE">
                    <label cBy="JKR" feID="3919" end="78" start="71" name="Weapon"/>
                    <label cBy="JKR" feID="3921" end="69" start="63" name="Type"/>
                </layer>
                <layer rank="1" name="GF">
                    <label end="69" start="63" name="Dep"/>
                </layer>
                <layer rank="1" name="PT">
                    <label end="69" start="63" name="A"/>
                </layer>
                <layer rank="1" name="Other"/>
                <layer rank="1" name="Sent"/>
                <layer rank="1" name="Noun"/>
            </annotationSet>
        </sentence>
        <sentence corpID="175" docID="23541" sentNo="1" paragNo="105" aPos="0" ID="4097432">
            <text>Nuclear warheads from Kazakhstan are transferred via Turkmenistan to Iran . ( Timmerman , 52 ) .</text>
            <annotationSet cDate="05/27/2005 08:08:41 PDT Fri" status="UNANN" ID="6526126">
                <layer rank="1" name="PENN">
                    <label end="6" start="0" name="jj"/>
                    <label end="15" start="8" name="nns"/>
                    <label end="20" start="17" name="in"/>
                    <label end="31" start="22" name="NP"/>
                    <label end="35" start="33" name="vbp"/>
                    <label end="47" start="37" name="VVN"/>
                    <label end="51" start="49" name="in"/>
                    <label end="64" start="53" name="NP"/>
                    <label end="67" start="66" name="to"/>
                    <label end="72" start="69" name="NP"/>
                    <label end="74" start="74" name="sent"/>
                    <label end="76" start="76" name="("/>
                    <label end="86" start="78" name="NP"/>
                    <label end="88" start="88" name=","/>
                    <label end="91" start="90" name="cd"/>
                    <label end="93" start="93" name=")"/>
                    <label end="95" start="95" name="sent"/>
                </layer>
                <layer rank="1" name="NER">
                    <label end="31" start="22" name="location"/>
                    <label end="64" start="53" name="location"/>
                    <label end="72" start="69" name="location"/>
                </layer>
                <layer rank="1" name="WSL">
                    <label end="20" start="17" name="NT"/>
                    <label end="31" start="22" name="NT"/>
                    <label end="35" start="33" name="NT"/>
                    <label end="51" start="49" name="NT"/>
                    <label end="64" start="53" name="NT"/>
                    <label end="67" start="66" name="NT"/>
                    <label end="72" start="69" name="NT"/>
                    <label end="74" start="74" name="NT"/>
                    <label end="76" start="76" name="NT"/>
                    <label end="86" start="78" name="NT"/>
                    <label end="88" start="88" name="NT"/>
                    <label end="91" start="90" name="NT"/>
                    <label end="93" start="93" name="NT"/>
                    <label end="95" start="95" name="NT"/>
                </layer>
            </annotationSet>
            <annotationSet cDate="06/01/2005 08:54:56 PDT Wed" status="MANUAL" ID="6526967">
                <layer rank="1" name="Target">
                    <label cBy="JKR" end="15" start="8" name="Target"/>
                </layer>
                <layer rank="1" name="FE">
                    <label cBy="JKR" feID="3919" end="15" start="8" name="Weapon"/>
                    <label cBy="JKR" feID="3921" end="6" start="0" name="Type"/>
                </layer>
                <layer rank="1" name="GF">
                    <label end="6" start="0" name="Dep"/>
                </layer>
                <layer rank="1" name="PT">
                    <label end="6" start="0" name="A"/>
                </layer>
                <layer rank="1" name="Other"/>
                <layer rank="1" name="Sent"/>
                <layer rank="1" name="Noun"/>
            </annotationSet>
        </sentence>
        <sentence corpID="135" docID="23563" sentNo="6" paragNo="4" aPos="0" ID="4097769">
            <text>Under the START I Treaty , the Russian nuclear arsenal has been reduced to approximately 7,000 strategic warheads .</text>
            <annotationSet cDate="08/01/2005 12:27:41 PDT Mon" status="UNANN" ID="6528744">
                <layer rank="1" name="PENN">
                    <label end="4" start="0" name="in"/>
                    <label end="8" start="6" name="dt"/>
                    <label end="14" start="10" name="nn"/>
                    <label end="16" start="16" name="NP"/>
                    <label end="23" start="18" name="NP"/>
                    <label end="25" start="25" name=","/>
                    <label end="29" start="27" name="dt"/>
                    <label end="37" start="31" name="jj"/>
                    <label end="45" start="39" name="jj"/>
                    <label end="53" start="47" name="nn"/>
                    <label end="57" start="55" name="VHZ"/>
                    <label end="62" start="59" name="VBN"/>
                    <label end="70" start="64" name="VVN"/>
                    <label end="73" start="72" name="to"/>
                    <label end="87" start="75" name="rb"/>
                    <label end="93" start="89" name="cd"/>
                    <label end="103" start="95" name="jj"/>
                    <label end="112" start="105" name="nns"/>
                    <label end="114" start="114" name="sent"/>
                </layer>
                <layer rank="1" name="NER"/>
                <layer rank="1" name="WSL">
                    <label end="4" start="0" name="NT"/>
                    <label end="8" start="6" name="NT"/>
                    <label end="16" start="16" name="NT"/>
                    <label end="23" start="18" name="NT"/>
                    <label end="25" start="25" name="NT"/>
                    <label end="29" start="27" name="NT"/>
                    <label end="57" start="55" name="NT"/>
                    <label end="62" start="59" name="NT"/>
                    <label end="73" start="72" name="NT"/>
                    <label end="87" start="75" name="NT"/>
                    <label end="93" start="89" name="NT"/>
                    <label end="114" start="114" name="NT"/>
                    <label end="14" start="10" name="NT"/>
                    <label end="37" start="31" name="Nonrelational"/>
                </layer>
            </annotationSet>
            <annotationSet cDate="08/03/2005 02:40:19 PDT Wed" status="MANUAL" ID="6529044">
                <layer rank="1" name="Target">
                    <label cBy="RLG" end="112" start="105" name="Target"/>
                </layer>
                <layer rank="1" name="FE">
                    <label cBy="RLG" feID="3919" end="112" start="105" name="Weapon"/>
                    <label cBy="RLG" feID="3921" end="103" start="95" name="Type"/>
                </layer>
                <layer rank="1" name="GF">
                    <label end="103" start="95" name="Dep"/>
                </layer>
                <layer rank="1" name="PT">
                    <label end="103" start="95" name="AJP"/>
                </layer>
                <layer rank="1" name="Other"/>
                <layer rank="1" name="Sent"/>
                <layer rank="1" name="Noun"/>
            </annotationSet>
        </sentence>
        <sentence corpID="135" docID="23563" sentNo="8" paragNo="4" aPos="0" ID="4097771">
            <text>The Strategic Offensive Reductions Treaty ( Treaty of Moscow ) requires Russia to reduce the number of deployed strategic warheads to between 1,700 and 2,200 by the end of 2012 .</text>
            <annotationSet cDate="08/01/2005 12:27:42 PDT Mon" status="UNANN" ID="6528746">
                <layer rank="1" name="PENN">
                    <label end="2" start="0" name="dt"/>
                    <label end="12" start="4" name="NP"/>
                    <label end="22" start="14" name="nn"/>
                    <label end="33" start="24" name="nns"/>
                    <label end="40" start="35" name="NP"/>
                    <label end="42" start="42" name="("/>
                    <label end="49" start="44" name="NP"/>
                    <label end="52" start="51" name="in"/>
                    <label end="59" start="54" name="NP"/>
                    <label end="61" start="61" name=")"/>
                    <label end="70" start="63" name="VVZ"/>
                    <label end="77" start="72" name="NP"/>
                    <label end="80" start="79" name="to"/>
                    <label end="87" start="82" name="VV"/>
                    <label end="91" start="89" name="dt"/>
                    <label end="98" start="93" name="nn"/>
                    <label end="101" start="100" name="in"/>
                    <label end="110" start="103" name="VVN"/>
                    <label end="120" start="112" name="jj"/>
                    <label end="129" start="122" name="nns"/>
                    <label end="132" start="131" name="to"/>
                    <label end="140" start="134" name="in"/>
                    <label end="146" start="142" name="cd"/>
                    <label end="150" start="148" name="cc"/>
                    <label end="156" start="152" name="cd"/>
                    <label end="159" start="158" name="in"/>
                    <label end="163" start="161" name="dt"/>
                    <label end="167" start="165" name="nn"/>
                    <label end="170" start="169" name="in"/>
                    <label end="175" start="172" name="cd"/>
                    <label end="177" start="177" name="sent"/>
                </layer>
                <layer rank="1" name="NER">
                    <label end="40" start="4" name="organization"/>
                    <label end="59" start="54" name="location"/>
                    <label end="77" start="72" name="location"/>
                </layer>
                <layer rank="1" name="WSL">
                    <label end="2" start="0" name="NT"/>
                    <label end="12" start="4" name="NT"/>
                    <label end="40" start="35" name="NT"/>
                    <label end="42" start="42" name="NT"/>
                    <label end="49" start="44" name="NT"/>
                    <label end="52" start="51" name="NT"/>
                    <label end="59" start="54" name="NT"/>
                    <label end="61" start="61" name="NT"/>
                    <label end="77" start="72" name="NT"/>
                    <label end="80" start="79" name="NT"/>
                    <label end="91" start="89" name="NT"/>
                    <label end="101" start="100" name="NT"/>
                    <label end="132" start="131" name="NT"/>
                    <label end="140" start="134" name="NT"/>
                    <label end="146" start="142" name="NT"/>
                    <label end="150" start="148" name="NT"/>
                    <label end="156" start="152" name="NT"/>
                    <label end="159" start="158" name="NT"/>
                    <label end="163" start="161" name="NT"/>
                    <label end="170" start="169" name="NT"/>
                    <label end="175" start="172" name="NT"/>
                    <label end="177" start="177" name="NT"/>
                    <label end="22" start="14" name="NT"/>
                    <label end="33" start="24" name="NT"/>
                </layer>
            </annotationSet>
            <annotationSet cDate="08/03/2005 03:17:02 PDT Wed" status="MANUAL" ID="6529048">
                <layer rank="1" name="Target">
                    <label cBy="RLG" end="129" start="122" name="Target"/>
                </layer>
                <layer rank="1" name="FE">
                    <label cBy="RLG" feID="3921" end="120" start="112" name="Type"/>
                    <label cBy="RLG" feID="3919" end="129" start="122" name="Weapon"/>
                </layer>
                <layer rank="1" name="GF">
                    <label end="120" start="112" name="Dep"/>
                </layer>
                <layer rank="1" name="PT">
                    <label end="120" start="112" name="AJP"/>
                </layer>
                <layer rank="1" name="Other"/>
                <layer rank="1" name="Sent"/>
                <layer rank="1" name="Noun"/>
            </annotationSet>
        </sentence>
        <sentence corpID="135" docID="23563" sentNo="4" paragNo="6" aPos="0" ID="4097778">
            <text>In wartime , formulated agents would have been loaded into a variety of delivery systems , including aerial bombs and ballistic missile warheads .</text>
            <annotationSet cDate="08/01/2005 12:27:44 PDT Mon" status="UNANN" ID="6528753">
                <layer rank="1" name="PENN">
                    <label end="1" start="0" name="in"/>
                    <label end="9" start="3" name="nn"/>
                    <label end="11" start="11" name=","/>
                    <label end="22" start="13" name="VVN"/>
                    <label end="29" start="24" name="nns"/>
                    <label end="35" start="31" name="md"/>
                    <label end="40" start="37" name="VH"/>
                    <label end="45" start="42" name="VBN"/>
                    <label end="52" start="47" name="VVN"/>
                    <label end="57" start="54" name="in"/>
                    <label end="59" start="59" name="dt"/>
                    <label end="67" start="61" name="nn"/>
                    <label end="70" start="69" name="in"/>
                    <label end="79" start="72" name="nn"/>
                    <label end="87" start="81" name="nns"/>
                    <label end="89" start="89" name=","/>
                    <label end="99" start="91" name="VVG"/>
                    <label end="106" start="101" name="jj"/>
                    <label end="112" start="108" name="nns"/>
                    <label end="116" start="114" name="cc"/>
                    <label end="126" start="118" name="jj"/>
                    <label end="134" start="128" name="nn"/>
                    <label end="143" start="136" name="nns"/>
                    <label end="145" start="145" name="sent"/>
                </layer>
                <layer rank="1" name="NER"/>
                <layer rank="1" name="WSL">
                    <label end="1" start="0" name="NT"/>
                    <label end="11" start="11" name="NT"/>
                    <label end="35" start="31" name="NT"/>
                    <label end="40" start="37" name="NT"/>
                    <label end="45" start="42" name="NT"/>
                    <label end="57" start="54" name="NT"/>
                    <label end="59" start="59" name="NT"/>
                    <label end="70" start="69" name="NT"/>
                    <label end="89" start="89" name="NT"/>
                    <label end="116" start="114" name="NT"/>
                    <label end="145" start="145" name="NT"/>
                </layer>
            </annotationSet>
            <annotationSet cDate="08/03/2005 04:27:31 PDT Wed" status="MANUAL" ID="6529080">
                <layer rank="1" name="Target">
                    <label cBy="RLG" end="143" start="136" name="Target"/>
                </layer>
                <layer rank="1" name="FE">
                    <label cBy="RLG" feID="3920" end="134" start="118" name="Use"/>
                    <label cBy="RLG" feID="3919" end="143" start="136" name="Weapon"/>
                </layer>
                <layer rank="1" name="GF">
                    <label end="134" start="118" name="Dep"/>
                </layer>
                <layer rank="1" name="PT">
                    <label end="134" start="118" name="N"/>
                </layer>
                <layer rank="1" name="Other"/>
                <layer rank="1" name="Sent"/>
                <layer rank="1" name="Noun"/>
            </annotationSet>
        </sentence>
        <sentence corpID="135" docID="23563" sentNo="7" paragNo="4" aPos="0" ID="4097770">
            <text>The START II Treaty , which was declared non - binding in June 2002 , would have reduced this number to between 3,000 and 3,500 strategic nuclear warheads .</text>
            <annotationSet cDate="08/01/2005 12:27:42 PDT Mon" status="UNANN" ID="6528745">
                <layer rank="1" name="PENN">
                    <label end="2" start="0" name="dt"/>
                    <label end="8" start="4" name="nn"/>
                    <label end="11" start="10" name="NP"/>
                    <label end="18" start="13" name="NP"/>
                    <label end="20" start="20" name=","/>
                    <label end="26" start="22" name="wdt"/>
                    <label end="30" start="28" name="VBD"/>
                    <label end="39" start="32" name="VVN"/>
                    <label end="43" start="41" name="jj"/>
                    <label end="45" start="45" name=":"/>
                    <label end="53" start="47" name="VVG"/>
                    <label end="56" start="55" name="in"/>
                    <label end="61" start="58" name="NP"/>
                    <label end="66" start="63" name="cd"/>
                    <label end="68" start="68" name=","/>
                    <label end="74" start="70" name="md"/>
                    <label end="79" start="76" name="VH"/>
                    <label end="87" start="81" name="VVN"/>
                    <label end="92" start="89" name="dt"/>
                    <label end="99" start="94" name="nn"/>
                    <label end="102" start="101" name="to"/>
                    <label end="110" start="104" name="in"/>
                    <label end="116" start="112" name="cd"/>
                    <label end="120" start="118" name="cc"/>
                    <label end="126" start="122" name="cd"/>
                    <label end="136" start="128" name="jj"/>
                    <label end="144" start="138" name="jj"/>
                    <label end="153" start="146" name="nns"/>
                    <label end="155" start="155" name="sent"/>
                </layer>
                <layer rank="1" name="NER">
                    <label end="66" start="58" name="date"/>
                </layer>
                <layer rank="1" name="WSL">
                    <label end="2" start="0" name="NT"/>
                    <label end="11" start="10" name="NT"/>
                    <label end="18" start="13" name="NT"/>
                    <label end="20" start="20" name="NT"/>
                    <label end="26" start="22" name="NT"/>
                    <label end="30" start="28" name="NT"/>
                    <label end="45" start="45" name="NT"/>
                    <label end="56" start="55" name="NT"/>
                    <label end="61" start="58" name="NT"/>
                    <label end="66" start="63" name="NT"/>
                    <label end="68" start="68" name="NT"/>
                    <label end="74" start="70" name="NT"/>
                    <label end="79" start="76" name="NT"/>
                    <label end="92" start="89" name="NT"/>
                    <label end="102" start="101" name="NT"/>
                    <label end="110" start="104" name="NT"/>
                    <label end="116" start="112" name="NT"/>
                    <label end="120" start="118" name="NT"/>
                    <label end="126" start="122" name="NT"/>
                    <label end="155" start="155" name="NT"/>
                    <label end="144" start="138" name="Nonrelational"/>
                    <label end="8" start="4" name="Nonrelational"/>
                </layer>
            </annotationSet>
            <annotationSet cDate="08/15/2005 10:12:28 PDT Mon" status="MANUAL" ID="6530305">
                <layer rank="1" name="Target">
                    <label cBy="RLG" end="153" start="146" name="Target"/>
                </layer>
                <layer rank="1" name="FE">
                    <label cBy="RLG" feID="3921" end="136" start="128" name="Type"/>
                    <label cBy="RLG" feID="3921" end="144" start="138" name="Type"/>
                    <label cBy="RLG" feID="3919" end="153" start="146" name="Weapon"/>
                </layer>
                <layer rank="1" name="GF">
                    <label end="136" start="128" name="Dep"/>
                    <label end="144" start="138" name="Dep"/>
                </layer>
                <layer rank="1" name="PT">
                    <label end="136" start="128" name="AJP"/>
                    <label end="144" start="138" name="A"/>
                </layer>
                <layer rank="1" name="Other"/>
                <layer rank="1" name="Sent"/>
                <layer rank="1" name="Noun"/>
            </annotationSet>
        </sentence>
        <sentence corpID="135" docID="23611" sentNo="5" paragNo="13" aPos="0" ID="4099705">
            <text>In addition to thousands of artillery rounds , hundreds of forward deployed Scud-B , Frog-5 and Frog-7 missiles , plus about 30 Scud-C missiles could be armed with chemical warheads .</text>
            <annotationSet cDate="06/27/2006 04:45:14 PDT Tue" status="UNANN" ID="6535913">
                <layer rank="1" name="PENN">
                    <label end="1" start="0" name="in"/>
                    <label end="10" start="3" name="nn"/>
                    <label end="13" start="12" name="to"/>
                    <label end="23" start="15" name="nns"/>
                    <label end="26" start="25" name="in"/>
                    <label end="36" start="28" name="nn"/>
                    <label end="43" start="38" name="nns"/>
                    <label end="45" start="45" name=","/>
                    <label end="54" start="47" name="nns"/>
                    <label end="57" start="56" name="in"/>
                    <label end="65" start="59" name="rb"/>
                    <label end="74" start="67" name="VVN"/>
                    <label end="81" start="76" name="nn"/>
                    <label end="83" start="83" name=","/>
                    <label end="90" start="85" name="cd"/>
                    <label end="94" start="92" name="cc"/>
                    <label end="101" start="96" name="cd"/>
                    <label end="110" start="103" name="nns"/>
                    <label end="112" start="112" name=","/>
                    <label end="117" start="114" name="cc"/>
                    <label end="123" start="119" name="in"/>
                    <label end="126" start="125" name="cd"/>
                    <label end="133" start="128" name="NP"/>
                    <label end="142" start="135" name="nns"/>
                    <label end="148" start="144" name="md"/>
                    <label end="151" start="150" name="vb"/>
                    <label end="157" start="153" name="VVN"/>
                    <label end="162" start="159" name="in"/>
                    <label end="171" start="164" name="jj"/>
                    <label end="180" start="173" name="nns"/>
                    <label end="182" start="182" name="sent"/>
                </layer>
                <layer rank="1" name="NER"/>
                <layer rank="1" name="WSL">
                    <label end="1" start="0" name="NT"/>
                    <label end="13" start="12" name="NT"/>
                    <label end="26" start="25" name="NT"/>
                    <label end="45" start="45" name="NT"/>
                    <label end="57" start="56" name="NT"/>
                    <label end="65" start="59" name="NT"/>
                    <label end="83" start="83" name="NT"/>
                    <label end="90" start="85" name="NT"/>
                    <label end="94" start="92" name="NT"/>
                    <label end="101" start="96" name="NT"/>
                    <label end="112" start="112" name="NT"/>
                    <label end="117" start="114" name="NT"/>
                    <label end="123" start="119" name="NT"/>
                    <label end="126" start="125" name="NT"/>
                    <label end="148" start="144" name="NT"/>
                    <label end="151" start="150" name="NT"/>
                    <label end="162" start="159" name="NT"/>
                    <label end="182" start="182" name="NT"/>
                </layer>
            </annotationSet>
            <annotationSet cDate="07/03/2006 02:39:16 PDT Mon" status="MANUAL" ID="6536278">
                <layer rank="1" name="Target">
                    <label cBy="RLG" end="180" start="173" name="Target"/>
                </layer>
                <layer rank="1" name="FE">
                    <label cBy="RLG" feID="3919" end="180" start="173" name="Weapon"/>
                    <label cBy="RLG" feID="3921" end="171" start="164" name="Type"/>
                </layer>
                <layer rank="1" name="GF">
                    <label end="171" start="164" name="Dep"/>
                </layer>
                <layer rank="1" name="PT">
                    <label end="171" start="164" name="A"/>
                </layer>
                <layer rank="1" name="Other"/>
                <layer rank="1" name="Sent"/>
                <layer rank="1" name="Noun"/>
            </annotationSet>
        </sentence>
        <sentence corpID="135" docID="23611" sentNo="2" paragNo="7" aPos="0" ID="4099684">
            <text>An unknown portion of CW agents are stored in bulk , but a significant portion is reported to be filled into artillery shells and rocket warheads .</text>
            <annotationSet cDate="06/27/2006 04:45:05 PDT Tue" status="UNANN" ID="6535892">
                <layer rank="1" name="PENN">
                    <label end="1" start="0" name="dt"/>
                    <label end="9" start="3" name="jj"/>
                    <label end="17" start="11" name="nn"/>
                    <label end="20" start="19" name="in"/>
                    <label end="23" start="22" name="jj"/>
                    <label end="30" start="25" name="nns"/>
                    <label end="34" start="32" name="vbp"/>
                    <label end="41" start="36" name="VVN"/>
                    <label end="44" start="43" name="in"/>
                    <label end="49" start="46" name="nn"/>
                    <label end="51" start="51" name=","/>
                    <label end="55" start="53" name="cc"/>
                    <label end="57" start="57" name="dt"/>
                    <label end="69" start="59" name="jj"/>
                    <label end="77" start="71" name="nn"/>
                    <label end="80" start="79" name="VBZ"/>
                    <label end="89" start="82" name="VVN"/>
                    <label end="92" start="91" name="to"/>
                    <label end="95" start="94" name="vb"/>
                    <label end="102" start="97" name="VVN"/>
                    <label end="107" start="104" name="in"/>
                    <label end="117" start="109" name="nn"/>
                    <label end="124" start="119" name="nns"/>
                    <label end="128" start="126" name="cc"/>
                    <label end="135" start="130" name="nn"/>
                    <label end="144" start="137" name="nns"/>
                    <label end="146" start="146" name="sent"/>
                </layer>
                <layer rank="1" name="NER">
                    <label end="23" start="22" name="organization"/>
                </layer>
                <layer rank="1" name="WSL">
                    <label end="1" start="0" name="NT"/>
                    <label end="20" start="19" name="NT"/>
                    <label end="34" start="32" name="NT"/>
                    <label end="44" start="43" name="NT"/>
                    <label end="51" start="51" name="NT"/>
                    <label end="55" start="53" name="NT"/>
                    <label end="57" start="57" name="NT"/>
                    <label end="80" start="79" name="NT"/>
                    <label end="92" start="91" name="NT"/>
                    <label end="95" start="94" name="NT"/>
                    <label end="107" start="104" name="NT"/>
                    <label end="128" start="126" name="NT"/>
                    <label end="146" start="146" name="NT"/>
                </layer>
            </annotationSet>
            <annotationSet cDate="07/05/2006 01:49:02 PDT Wed" status="MANUAL" ID="6536406">
                <layer rank="1" name="Target">
                    <label cBy="KmG" end="144" start="137" name="Target"/>
                </layer>
                <layer rank="1" name="FE">
                    <label cBy="KmG" feID="3921" end="135" start="130" name="Type"/>
                    <label cBy="KmG" feID="3919" end="144" start="137" name="Weapon"/>
                </layer>
                <layer rank="1" name="GF">
                    <label end="135" start="130" name="Dep"/>
                </layer>
                <layer rank="1" name="PT">
                    <label end="135" start="130" name="N"/>
                </layer>
                <layer rank="1" name="Other"/>
                <layer rank="1" name="Sent"/>
                <layer rank="1" name="Noun"/>
            </annotationSet>
        </sentence>
        <sentence corpID="135" docID="23513" sentNo="5" paragNo="12" aPos="0" ID="4096921">
            <text>Iran has also conducted chemical and biological defense military exercises with helicopter sprayers and worked with cruise and ballistic missiles , although there is no concrete evidence that it has developed a biological warhead to be fit on such missiles .</text>
            <annotationSet cDate="02/25/2005 12:37:31 PST Fri" status="UNANN" ID="6522586">
                <layer rank="1" name="PENN">
                    <label end="3" start="0" name="NP"/>
                    <label end="7" start="5" name="VHZ"/>
                    <label end="12" start="9" name="rb"/>
                    <label end="22" start="14" name="VVN"/>
                    <label end="31" start="24" name="nn"/>
                    <label end="35" start="33" name="cc"/>
                    <label end="46" start="37" name="jj"/>
                    <label end="54" start="48" name="nn"/>
                    <label end="63" start="56" name="nn"/>
                    <label end="73" start="65" name="VVZ"/>
                    <label end="78" start="75" name="in"/>
                    <label end="89" start="80" name="nn"/>
                    <label end="98" start="91" name="nns"/>
                    <label end="102" start="100" name="cc"/>
                    <label end="109" start="104" name="VVD"/>
                    <label end="114" start="111" name="in"/>
                    <label end="121" start="116" name="nn"/>
                    <label end="125" start="123" name="cc"/>
                    <label end="135" start="127" name="jj"/>
                    <label end="144" start="137" name="nns"/>
                    <label end="146" start="146" name=","/>
                    <label end="155" start="148" name="in"/>
                    <label end="161" start="157" name="ex"/>
                    <label end="164" start="163" name="VBZ"/>
                    <label end="167" start="166" name="dt"/>
                    <label end="176" start="169" name="jj"/>
                    <label end="185" start="178" name="nn"/>
                    <label end="190" start="187" name="in"/>
                    <label end="193" start="192" name="PP"/>
                    <label end="197" start="195" name="VHZ"/>
                    <label end="207" start="199" name="VVN"/>
                    <label end="209" start="209" name="dt"/>
                    <label end="220" start="211" name="jj"/>
                    <label end="228" start="222" name="nn"/>
                    <label end="231" start="230" name="to"/>
                    <label end="234" start="233" name="vb"/>
                    <label end="238" start="236" name="VVN"/>
                    <label end="241" start="240" name="in"/>
                    <label end="246" start="243" name="jj"/>
                    <label end="255" start="248" name="nns"/>
                    <label end="257" start="257" name="sent"/>
                </layer>
                <layer rank="1" name="NER">
                    <label end="3" start="0" name="location"/>
                    <label end="144" start="116" name="WEA"/>
                    <label end="98" start="80" name="WEA"/>
                    <label end="228" start="211" name="WEA"/>
                    <label end="255" start="248" name="WEA"/>
                </layer>
                <layer rank="1" name="WSL">
                    <label end="3" start="0" name="NT"/>
                    <label end="35" start="33" name="NT"/>
                    <label end="78" start="75" name="NT"/>
                    <label end="102" start="100" name="NT"/>
                    <label end="114" start="111" name="NT"/>
                    <label end="125" start="123" name="NT"/>
                    <label end="146" start="146" name="NT"/>
                    <label end="155" start="148" name="NT"/>
                    <label end="161" start="157" name="NT"/>
                    <label end="167" start="166" name="NT"/>
                    <label end="190" start="187" name="NT"/>
                    <label end="193" start="192" name="NT"/>
                    <label end="209" start="209" name="NT"/>
                    <label end="231" start="230" name="NT"/>
                    <label end="241" start="240" name="NT"/>
                    <label end="257" start="257" name="NT"/>
                    <label end="7" start="5" name="NT"/>
                    <label end="12" start="9" name="NT"/>
                    <label end="164" start="163" name="NT"/>
                    <label end="197" start="195" name="NT"/>
                    <label end="234" start="233" name="NT"/>
                    <label end="246" start="243" name="NT"/>
                </layer>
            </annotationSet>
            <annotationSet cDate="07/12/2006 05:11:34 PDT Wed" status="MANUAL" ID="6536668">
                <layer rank="1" name="Target">
                    <label cBy="RLG" end="228" start="222" name="Target"/>
                </layer>
                <layer rank="1" name="FE">
                    <label cBy="RLG" feID="3921" end="220" start="211" name="Type"/>
                    <label cBy="RLG" feID="3919" end="228" start="222" name="Weapon"/>
                </layer>
                <layer rank="1" name="GF">
                    <label end="220" start="211" name="Dep"/>
                </layer>
                <layer rank="1" name="PT">
                    <label end="220" start="211" name="A"/>
                </layer>
                <layer rank="1" name="Other"/>
                <layer rank="1" name="Sent"/>
                <layer rank="1" name="Noun"/>
            </annotationSet>
        </sentence>
        <sentence corpID="135" docID="23671" sentNo="3" paragNo="4" aPos="0" ID="4100806">
            <text>The series of nuclear tests in 1995 - 96 prior to China 's signature of the Comprehensive Test Ban Treaty ( CTBT ) may have resulted in a smaller and lighter warhead design for the new generation of intercontinental ballistic missiles ( ICBMs ) now under development .</text>
            <annotationSet cDate="02/07/2007 06:04:07 PST Wed" status="UNANN" ID="6540243">
                <layer rank="1" name="PENN">
                    <label end="2" start="0" name="dt"/>
                    <label end="9" start="4" name="nn"/>
                    <label end="12" start="11" name="in"/>
                    <label end="20" start="14" name="jj"/>
                    <label end="26" start="22" name="nns"/>
                    <label end="29" start="28" name="in"/>
                    <label end="34" start="31" name="cd"/>
                    <label end="36" start="36" name=":"/>
                    <label end="39" start="38" name="cd"/>
                    <label end="45" start="41" name="jj"/>
                    <label end="48" start="47" name="to"/>
                    <label end="54" start="50" name="NP"/>
                    <label end="57" start="56" name="POS"/>
                    <label end="67" start="59" name="nn"/>
                    <label end="70" start="69" name="in"/>
                    <label end="74" start="72" name="dt"/>
                    <label end="88" start="76" name="NP"/>
                    <label end="93" start="90" name="NP"/>
                    <label end="97" start="95" name="NP"/>
                    <label end="104" start="99" name="NP"/>
                    <label end="106" start="106" name="("/>
                    <label end="111" start="108" name="NP"/>
                    <label end="113" start="113" name=")"/>
                    <label end="117" start="115" name="md"/>
                    <label end="122" start="119" name="VH"/>
                    <label end="131" start="124" name="VVN"/>
                    <label end="134" start="133" name="in"/>
                    <label end="136" start="136" name="dt"/>
                    <label end="144" start="138" name="jjr"/>
                    <label end="148" start="146" name="cc"/>
                    <label end="156" start="150" name="jjr"/>
                    <label end="164" start="158" name="nn"/>
                    <label end="171" start="166" name="nn"/>
                    <label end="175" start="173" name="in"/>
                    <label end="179" start="177" name="dt"/>
                    <label end="183" start="181" name="jj"/>
                    <label end="194" start="185" name="nn"/>
                    <label end="197" start="196" name="in"/>
                    <label end="214" start="199" name="jj"/>
                    <label end="224" start="216" name="jj"/>
                    <label end="233" start="226" name="nns"/>
                    <label end="235" start="235" name="("/>
                    <label end="241" start="237" name="NP"/>
                    <label end="243" start="243" name=")"/>
                    <label end="247" start="245" name="rb"/>
                    <label end="253" start="249" name="in"/>
                    <label end="265" start="255" name="nn"/>
                    <label end="267" start="267" name="sent"/>
                </layer>
                <layer rank="1" name="NER">
                    <label end="54" start="50" name="GPE"/>
                    <label end="39" start="31" name="date"/>
                </layer>
                <layer rank="1" name="WSL">
                    <label end="2" start="0" name="NT"/>
                    <label end="12" start="11" name="NT"/>
                    <label end="34" start="31" name="NT"/>
                    <label end="36" start="36" name="NT"/>
                    <label end="39" start="38" name="NT"/>
                    <label end="48" start="47" name="NT"/>
                    <label end="54" start="50" name="NT"/>
                    <label end="57" start="56" name="NT"/>
                    <label end="70" start="69" name="NT"/>
                    <label end="74" start="72" name="NT"/>
                    <label end="88" start="76" name="NT"/>
                    <label end="106" start="106" name="NT"/>
                    <label end="111" start="108" name="NT"/>
                    <label end="113" start="113" name="NT"/>
                    <label end="122" start="119" name="NT"/>
                    <label end="134" start="133" name="NT"/>
                    <label end="136" start="136" name="NT"/>
                    <label end="148" start="146" name="NT"/>
                    <label end="175" start="173" name="NT"/>
                    <label end="179" start="177" name="NT"/>
                    <label end="197" start="196" name="NT"/>
                    <label end="235" start="235" name="NT"/>
                    <label end="241" start="237" name="NT"/>
                    <label end="243" start="243" name="NT"/>
                    <label end="247" start="245" name="NT"/>
                    <label end="253" start="249" name="NT"/>
                    <label end="267" start="267" name="NT"/>
                </layer>
            </annotationSet>
            <annotationSet cDate="02/19/2007 05:31:08 PST Mon" status="MANUAL" ID="6540664">
                <layer rank="1" name="Target">
                    <label cBy="MJE" end="164" start="158" name="Target"/>
                </layer>
                <layer rank="1" name="FE">
                    <label cBy="MJE" feID="3919" end="164" start="158" name="Weapon"/>
                </layer>
                <layer rank="1" name="GF"/>
                <layer rank="1" name="PT"/>
                <layer rank="1" name="Other"/>
                <layer rank="1" name="Sent"/>
                <layer rank="1" name="Noun"/>
            </annotationSet>
        </sentence>
        <sentence corpID="135" docID="23671" sentNo="4" paragNo="11" aPos="0" ID="4100826">
            <text>China is replacing its older DF-5 missiles with new DF -5A variants , which may eventually be equipped with multiple warheads .</text>
            <annotationSet cDate="02/07/2007 06:04:19 PST Wed" status="UNANN" ID="6540263">
                <layer rank="1" name="PENN">
                    <label end="4" start="0" name="NP"/>
                    <label end="7" start="6" name="VBZ"/>
                    <label end="17" start="9" name="VVG"/>
                    <label end="21" start="19" name="PP$"/>
                    <label end="27" start="23" name="jjr"/>
                    <label end="32" start="29" name="cd"/>
                    <label end="41" start="34" name="nns"/>
                    <label end="46" start="43" name="in"/>
                    <label end="50" start="48" name="jj"/>
                    <label end="53" start="52" name="NP"/>
                    <label end="57" start="55" name="nn"/>
                    <label end="66" start="59" name="nns"/>
                    <label end="68" start="68" name=","/>
                    <label end="74" start="70" name="wdt"/>
                    <label end="78" start="76" name="md"/>
                    <label end="89" start="80" name="rb"/>
                    <label end="92" start="91" name="vb"/>
                    <label end="101" start="94" name="VVN"/>
                    <label end="106" start="103" name="in"/>
                    <label end="115" start="108" name="jj"/>
                    <label end="124" start="117" name="nns"/>
                    <label end="126" start="126" name="sent"/>
                </layer>
                <layer rank="1" name="NER">
                    <label end="4" start="0" name="GPE"/>
                </layer>
                <layer rank="1" name="WSL">
                    <label end="4" start="0" name="NT"/>
                    <label end="7" start="6" name="NT"/>
                    <label end="21" start="19" name="NT"/>
                    <label end="32" start="29" name="NT"/>
                    <label end="53" start="52" name="NT"/>
                    <label end="68" start="68" name="NT"/>
                    <label end="74" start="70" name="NT"/>
                    <label end="92" start="91" name="NT"/>
                    <label end="106" start="103" name="NT"/>
                    <label end="126" start="126" name="NT"/>
                    <label end="46" start="43" name="NT"/>
                    <label end="57" start="55" name="NT"/>
                </layer>
            </annotationSet>
            <annotationSet cDate="02/20/2007 12:08:27 PST Tue" status="MANUAL" ID="6540709">
                <layer rank="1" name="Target">
                    <label cBy="RLG" end="124" start="117" name="Target"/>
                </layer>
                <layer rank="1" name="FE">
                    <label cBy="RLG" feID="3919" end="124" start="117" name="Weapon"/>
                    <label cBy="RLG" feID="9880" end="115" start="108" name="Descriptor"/>
                </layer>
                <layer rank="1" name="GF">
                    <label end="115" start="108" name="Quant"/>
                </layer>
                <layer rank="1" name="PT">
                    <label end="115" start="108" name="Num"/>
                </layer>
                <layer rank="1" name="Other"/>
                <layer rank="1" name="Sent"/>
                <layer rank="1" name="Noun"/>
            </annotationSet>
        </sentence>
    </subCorpus>
</lexUnit>