<?xml version="1.0" encoding="UTF-8" standalone="yes"?>
<?xml-stylesheet type="text/xsl" href="lexUnit.xsl"?>
<lexUnit status="Finished_Initial" POS="N" name="flame-thrower.n" ID="7793" frame="Weapon" frameID="426" totalAnnotated="5" xsi:schemaLocation="../schema/lexUnit.xsd" xmlns="http://framenet.icsi.berkeley.edu" xmlns:xsi="http://www.w3.org/2001/XMLSchema-instance">
    <header>
        <frame>
            <FE fgColor="FFFFFF" bgColor="006400" type="Peripheral" abbrev="cre" name="Creator"/>
            <FE fgColor="FFFFFF" bgColor="FFA500" type="Peripheral" abbrev="dep" name="Descriptor"/>
            <FE fgColor="000000" bgColor="A9A9A9" type="Peripheral" abbrev="Mat" name="Material"/>
            <FE fgColor="FFFFFF" bgColor="1E90FF" type="Peripheral" abbrev="nam" name="Name"/>
            <FE fgColor="FFFFFF" bgColor="00008B" type="Peripheral" abbrev="Part" name="Part"/>
            <FE fgColor="FFFFFF" bgColor="FF69B4" type="Peripheral" abbrev="tim" name="Time_of_creation"/>
            <FE fgColor="FFFFFF" bgColor="9F79EE" type="Peripheral" abbrev="Typ" name="Type"/>
            <FE fgColor="FFFFFF" bgColor="9400D3" type="Peripheral" abbrev="Use" name="Use"/>
            <FE fgColor="FFFFFF" bgColor="A52A2A" type="Core" abbrev="Wep" name="Weapon"/>
            <FE fgColor="FFFFFF" bgColor="FF0000" type="Peripheral" abbrev="Wld" name="Wielder"/>
        </frame>
    </header>
    <definition>FN: a weapon which shoots out a stream of burning liquid</definition>
    <lexeme POS="N" name="flame-thrower"/>
    <valences>
        <governor type="Gov" lemma="attack">
            <annoSet ID="1817277"/>
        </governor>
        <governor type="Gov" lemma="use">
            <annoSet ID="1817267"/>
            <annoSet ID="1817269"/>
        </governor>
        <FERealization total="5">
            <FE name="Weapon"/>
            <pattern total="5">
                <valenceUnit GF="" PT="DEN" FE="Weapon"/>
                <annoSet ID="1817267"/>
                <annoSet ID="1817269"/>
                <annoSet ID="1817277"/>
                <annoSet ID="1817279"/>
                <annoSet ID="1817287"/>
            </pattern>
        </FERealization>
        <FEGroupRealization total="5">
            <FE name="Weapon"/>
            <pattern total="5">
                <valenceUnit GF="" PT="DEN" FE="Weapon"/>
                <annoSet ID="1817267"/>
                <annoSet ID="1817269"/>
                <annoSet ID="1817277"/>
                <annoSet ID="1817279"/>
                <annoSet ID="1817287"/>
            </pattern>
        </FEGroupRealization>
    </valences>
    <subCorpus name="thrower-N-001-all">
        <sentence sentNo="0" aPos="14331667" ID="1185029">
            <text>A report from the Panamanian National Human Rights Commission states that in Cocle province ` hundreds of bodies were cremated &quot; by troops using flame-throwers . </text>
            <annotationSet cDate="01/08/2003 05:50:45 PST Wed" status="UNANN" ID="1817266">
                <layer rank="1" name="BNC">
                    <label end="0" start="0" name="AT0"/>
                    <label end="7" start="2" name="NN1"/>
                    <label end="12" start="9" name="PRP"/>
                    <label end="16" start="14" name="AT0"/>
                    <label end="27" start="18" name="AJ0"/>
                    <label end="36" start="29" name="AJ0"/>
                    <label end="42" start="38" name="AJ0-NN1"/>
                    <label end="49" start="44" name="NN2"/>
                    <label end="60" start="51" name="NN0"/>
                    <label end="67" start="62" name="VVZ"/>
                    <label end="72" start="69" name="CJT"/>
                    <label end="75" start="74" name="PRP"/>
                    <label end="81" start="77" name="NN1-NP0"/>
                    <label end="90" start="83" name="NN1"/>
                    <label end="92" start="92" name="PUQ"/>
                    <label end="101" start="94" name="NN2"/>
                    <label end="104" start="103" name="PRF"/>
                    <label end="111" start="106" name="NN2"/>
                    <label end="116" start="113" name="VBD"/>
                    <label end="125" start="118" name="VVN"/>
                    <label end="127" start="127" name="PUQ"/>
                    <label end="130" start="129" name="PRP"/>
                    <label end="137" start="132" name="NN2"/>
                    <label end="143" start="139" name="VVG"/>
                    <label end="158" start="145" name="NN2"/>
                    <label end="160" start="160" name="PUN"/>
                </layer>
                <layer rank="1" name="NER"/>
                <layer rank="1" name="WSL"/>
            </annotationSet>
            <annotationSet cDate="01/08/2003 05:50:45 PST Wed" status="MANUAL" ID="1817267">
                <layer rank="1" name="FE">
                    <label cBy="RLG" feID="3919" end="158" start="145" name="Weapon"/>
                </layer>
                <layer rank="1" name="GF"/>
                <layer rank="1" name="PT"/>
                <layer rank="1" name="Sent">
                    <label end="0" start="0" name="Canonical"/>
                </layer>
                <layer rank="1" name="Other"/>
                <layer rank="1" name="Target">
                    <label cBy="BoC" end="158" start="145" name="Target"/>
                </layer>
                <layer rank="1" name="Noun">
                    <label end="143" start="139" name="Gov"/>
                    <label end="158" start="145" name="X"/>
                </layer>
            </annotationSet>
        </sentence>
        <sentence sentNo="0" aPos="14331679" ID="1185030">
            <text>The ICI also has many eyewitness accounts of troops using flame-throwers to incinerate corpses . </text>
            <annotationSet cDate="01/08/2003 05:50:45 PST Wed" status="UNANN" ID="1817268">
                <layer rank="1" name="BNC">
                    <label end="2" start="0" name="AT0"/>
                    <label end="6" start="4" name="NN1"/>
                    <label end="11" start="8" name="AV0"/>
                    <label end="15" start="13" name="VHZ"/>
                    <label end="20" start="17" name="DT0"/>
                    <label end="31" start="22" name="NN1"/>
                    <label end="40" start="33" name="NN2"/>
                    <label end="43" start="42" name="PRF"/>
                    <label end="50" start="45" name="NN2"/>
                    <label end="56" start="52" name="VVG"/>
                    <label end="71" start="58" name="NN2"/>
                    <label end="74" start="73" name="TO0"/>
                    <label end="85" start="76" name="VVI"/>
                    <label end="93" start="87" name="NN2"/>
                    <label end="95" start="95" name="PUN"/>
                </layer>
                <layer rank="1" name="NER"/>
                <layer rank="1" name="WSL"/>
            </annotationSet>
            <annotationSet cDate="01/08/2003 05:50:46 PST Wed" status="MANUAL" ID="1817269">
                <layer rank="1" name="FE">
                    <label cBy="RLG" feID="3919" end="71" start="58" name="Weapon"/>
                </layer>
                <layer rank="1" name="GF"/>
                <layer rank="1" name="PT"/>
                <layer rank="1" name="Sent">
                    <label end="0" start="0" name="Canonical"/>
                </layer>
                <layer rank="1" name="Other"/>
                <layer rank="1" name="Target">
                    <label cBy="BoC" end="71" start="58" name="Target"/>
                </layer>
                <layer rank="1" name="Noun">
                    <label end="56" start="52" name="Gov"/>
                    <label end="71" start="58" name="X"/>
                </layer>
            </annotationSet>
        </sentence>
        <sentence sentNo="0" aPos="49077077" ID="1185034">
            <text>He attacks them with flame-throwers . </text>
            <annotationSet cDate="01/08/2003 05:50:46 PST Wed" status="UNANN" ID="1817276">
                <layer rank="1" name="BNC">
                    <label end="1" start="0" name="PNP"/>
                    <label end="9" start="3" name="VVZ"/>
                    <label end="14" start="11" name="PNP"/>
                    <label end="19" start="16" name="PRP"/>
                    <label end="34" start="21" name="NN2"/>
                    <label end="36" start="36" name="PUN"/>
                </layer>
                <layer rank="1" name="NER"/>
                <layer rank="1" name="WSL"/>
            </annotationSet>
            <annotationSet cDate="01/08/2003 05:50:46 PST Wed" status="MANUAL" ID="1817277">
                <layer rank="1" name="FE">
                    <label cBy="RLG" feID="3919" end="34" start="21" name="Weapon"/>
                </layer>
                <layer rank="1" name="GF"/>
                <layer rank="1" name="PT"/>
                <layer rank="1" name="Sent">
                    <label end="0" start="0" name="Canonical"/>
                </layer>
                <layer rank="1" name="Other"/>
                <layer rank="1" name="Target">
                    <label cBy="BoC" end="34" start="21" name="Target"/>
                </layer>
                <layer rank="1" name="Noun">
                    <label end="9" start="3" name="Gov"/>
                    <label end="34" start="16" name="X"/>
                </layer>
            </annotationSet>
        </sentence>
        <sentence sentNo="0" aPos="92195431" ID="1185035">
            <text>I was sitting on the top of the bank , above the holes , the lighter of the Flame-thrower burning weakly in the sunlight , when , just over the minute , the first tunnel blew . </text>
            <annotationSet cDate="01/08/2003 05:50:46 PST Wed" status="UNANN" ID="1817278">
                <layer rank="1" name="BNC">
                    <label end="0" start="0" name="PNP"/>
                    <label end="4" start="2" name="VBD"/>
                    <label end="12" start="6" name="VVG"/>
                    <label end="15" start="14" name="PRP"/>
                    <label end="19" start="17" name="AT0"/>
                    <label end="23" start="21" name="NN1"/>
                    <label end="26" start="25" name="PRF"/>
                    <label end="30" start="28" name="AT0"/>
                    <label end="35" start="32" name="NN1"/>
                    <label end="37" start="37" name="PUN"/>
                    <label end="43" start="39" name="PRP"/>
                    <label end="47" start="45" name="AT0"/>
                    <label end="53" start="49" name="NN2"/>
                    <label end="55" start="55" name="PUN"/>
                    <label end="59" start="57" name="AT0"/>
                    <label end="67" start="61" name="NN1"/>
                    <label end="70" start="69" name="PRF"/>
                    <label end="74" start="72" name="AT0"/>
                    <label end="88" start="76" name="NN1"/>
                    <label end="96" start="90" name="VVG"/>
                    <label end="103" start="98" name="AV0"/>
                    <label end="106" start="105" name="PRP"/>
                    <label end="110" start="108" name="AT0"/>
                    <label end="119" start="112" name="NN1"/>
                    <label end="121" start="121" name="PUN"/>
                    <label end="126" start="123" name="AVQ-CJS"/>
                    <label end="128" start="128" name="PUN"/>
                    <label end="133" start="130" name="AV0"/>
                    <label end="138" start="135" name="PRP"/>
                    <label end="142" start="140" name="AT0"/>
                    <label end="149" start="144" name="NN1"/>
                    <label end="151" start="151" name="PUN"/>
                    <label end="155" start="153" name="AT0"/>
                    <label end="161" start="157" name="ORD"/>
                    <label end="168" start="163" name="NN1"/>
                    <label end="173" start="170" name="VVD"/>
                    <label end="175" start="175" name="PUN"/>
                </layer>
                <layer rank="1" name="NER"/>
                <layer rank="1" name="WSL"/>
            </annotationSet>
            <annotationSet cDate="01/08/2003 05:50:46 PST Wed" status="MANUAL" ID="1817279">
                <layer rank="1" name="FE">
                    <label cBy="RLG" feID="3919" end="88" start="76" name="Weapon"/>
                </layer>
                <layer rank="1" name="GF"/>
                <layer rank="1" name="PT"/>
                <layer rank="1" name="Sent"/>
                <layer rank="1" name="Other"/>
                <layer rank="1" name="Target">
                    <label cBy="BoC" end="88" start="76" name="Target"/>
                </layer>
                <layer rank="1" name="Noun"/>
            </annotationSet>
        </sentence>
        <sentence sentNo="0" aPos="107984960" ID="1185039">
            <text>The terrifying flame-throwers had now largely become suicide weapons , an immediate target the moment they appeared in the open . </text>
            <annotationSet cDate="01/08/2003 05:50:47 PST Wed" status="UNANN" ID="1817286">
                <layer rank="1" name="BNC">
                    <label end="2" start="0" name="AT0"/>
                    <label end="13" start="4" name="AJ0"/>
                    <label end="28" start="15" name="NN2"/>
                    <label end="32" start="30" name="VHD"/>
                    <label end="36" start="34" name="AV0"/>
                    <label end="44" start="38" name="AV0"/>
                    <label end="51" start="46" name="VVB"/>
                    <label end="59" start="53" name="NN1"/>
                    <label end="67" start="61" name="NN2"/>
                    <label end="69" start="69" name="PUN"/>
                    <label end="72" start="71" name="AT0"/>
                    <label end="82" start="74" name="AJ0"/>
                    <label end="89" start="84" name="NN1"/>
                    <label end="93" start="91" name="AT0"/>
                    <label end="100" start="95" name="NN1"/>
                    <label end="105" start="102" name="PNP"/>
                    <label end="114" start="107" name="VVD"/>
                    <label end="117" start="116" name="PRP"/>
                    <label end="121" start="119" name="AT0"/>
                    <label end="126" start="123" name="AJ0"/>
                    <label end="128" start="128" name="PUN"/>
                </layer>
                <layer rank="1" name="NER"/>
                <layer rank="1" name="WSL"/>
            </annotationSet>
            <annotationSet cDate="01/08/2003 05:50:47 PST Wed" status="MANUAL" ID="1817287">
                <layer rank="1" name="FE">
                    <label cBy="RLG" feID="3919" end="28" start="15" name="Weapon"/>
                </layer>
                <layer rank="1" name="GF"/>
                <layer rank="1" name="PT"/>
                <layer rank="1" name="Sent"/>
                <layer rank="1" name="Other"/>
                <layer rank="1" name="Target">
                    <label cBy="BoC" end="28" start="15" name="Target"/>
                </layer>
                <layer rank="1" name="Noun"/>
            </annotationSet>
        </sentence>
    </subCorpus>
</lexUnit>