<?xml version="1.0" encoding="UTF-8" standalone="yes"?>
<?xml-stylesheet type="text/xsl" href="lexUnit.xsl"?>
<lexUnit status="Insufficient_Attestations" POS="V" name="vaticinate.v" ID="7748" frame="Predicting" frameID="425" totalAnnotated="0" xsi:schemaLocation="../schema/lexUnit.xsd" xmlns="http://framenet.icsi.berkeley.edu" xmlns:xsi="http://www.w3.org/2001/XMLSchema-instance">
    <header>
        <frame>
            <FE fgColor="FFFFFF" bgColor="808080" type="Peripheral" abbrev="Acc" name="Accuracy"/>
            <FE fgColor="FFFFFF" bgColor="800080" type="Extra-Thematic" abbrev="" name="Descriptor"/>
            <FE fgColor="FFFFFF" bgColor="00BFFF" type="Core" abbrev="Eventuality" name="Eventuality"/>
            <FE fgColor="FFFFFF" bgColor="0000FF" type="Peripheral" abbrev="Evidence" name="Evidence"/>
            <FE fgColor="FFFFFF" bgColor="FF00FF" type="Peripheral" abbrev="Mnr" name="Manner"/>
            <FE fgColor="FFFFFF" bgColor="FF69B4" type="Peripheral" abbrev="mea" name="Means"/>
            <FE fgColor="FFFFFF" bgColor="A52A2A" type="Core" abbrev="med" name="Medium"/>
            <FE fgColor="000000" bgColor="008000" type="Peripheral" abbrev="Place" name="Place"/>
            <FE fgColor="FFFFFF" bgColor="FF0000" type="Core" abbrev="Speaker" name="Speaker"/>
            <FE fgColor="FFFFFF" bgColor="FFA500" type="Peripheral" abbrev="Time" name="Time"/>
            <FE fgColor="FFFFFF" bgColor="00008B" type="Peripheral" abbrev="ToE" name="Time_of_eventuality"/>
            <FE fgColor="FFFFFF" bgColor="006400" type="Core" abbrev="top" name="Topic"/>
        </frame>
    </header>
    <definition>COD: foretell the future</definition>
    <lexeme POS="V" name="vaticinate"/>
    <valences/>
</lexUnit>