<?xml version="1.0" encoding="UTF-8" standalone="yes"?>
<?xml-stylesheet type="text/xsl" href="lexUnit.xsl"?>
<lexUnit status="Created" POS="V" name="signify.v" ID="7807" frame="Sign" frameID="428" totalAnnotated="0" xsi:schemaLocation="../schema/lexUnit.xsd" xmlns="http://framenet.icsi.berkeley.edu" xmlns:xsi="http://www.w3.org/2001/XMLSchema-instance">
    <header>
        <frame>
            <FE fgColor="000000" bgColor="FFD700" type="Peripheral" abbrev="D" name="Descriptor"/>
            <FE fgColor="FFFFFF" bgColor="1E90FF" type="Extra-Thematic" abbrev="F" name="Frequency"/>
            <FE fgColor="FFFFFF" bgColor="008000" type="Core" abbrev="Indicated" name="Indicated"/>
            <FE fgColor="FFFFFF" bgColor="800080" type="Core" abbrev="Indicator" name="Indicator"/>
            <FE fgColor="FFFFFF" bgColor="FF69B4" type="Peripheral" abbrev="Rel" name="Reliability"/>
        </frame>
    </header>
    <definition>COD: be an indication of</definition>
    <lexeme POS="V" name="signify"/>
    <valences/>
</lexUnit>