<?xml version="1.0" encoding="UTF-8" standalone="yes"?>
<?xml-stylesheet type="text/xsl" href="lexUnit.xsl"?>
<lexUnit status="Created" POS="N" name="shade.n" ID="7820" frame="Type" frameID="128" totalAnnotated="0" xsi:schemaLocation="../schema/lexUnit.xsd" xmlns="http://framenet.icsi.berkeley.edu" xmlns:xsi="http://www.w3.org/2001/XMLSchema-instance">
    <header>
        <frame>
            <FE fgColor="FFFFFF" bgColor="800080" type="Core" abbrev="Cat" name="Category"/>
            <FE fgColor="FFFFFF" bgColor="9F79EE" type="Peripheral" abbrev="Item-Prop" name="Item_property"/>
            <FE fgColor="FFFFFF" bgColor="FF0000" type="Core" abbrev="sub" name="Subtype"/>
            <FE fgColor="FFFFFF" bgColor="FFA500" type="Peripheral" abbrev="Type-Prop" name="Type_property"/>
        </frame>
    </header>
    <definition>FN: a subtype or specific value (of a color).</definition>
    <lexeme POS="N" name="shade"/>
    <valences/>
</lexUnit>