<?xml version="1.0" encoding="UTF-8" standalone="yes"?>
<?xml-stylesheet type="text/xsl" href="lexUnit.xsl"?>
<lexUnit status="Insufficient_Attestations" POS="N" name="twenty-two.n" ID="7823" frame="Weapon" frameID="426" totalAnnotated="1" xsi:schemaLocation="../schema/lexUnit.xsd" xmlns="http://framenet.icsi.berkeley.edu" xmlns:xsi="http://www.w3.org/2001/XMLSchema-instance">
    <header>
        <corpus description="BNC2" name="BNC2" ID="111">
            <document description="bncp" name="bncp" ID="421"/>
        </corpus>
        <frame>
            <FE fgColor="FFFFFF" bgColor="006400" type="Peripheral" abbrev="cre" name="Creator"/>
            <FE fgColor="FFFFFF" bgColor="FFA500" type="Peripheral" abbrev="dep" name="Descriptor"/>
            <FE fgColor="000000" bgColor="A9A9A9" type="Peripheral" abbrev="Mat" name="Material"/>
            <FE fgColor="FFFFFF" bgColor="1E90FF" type="Peripheral" abbrev="nam" name="Name"/>
            <FE fgColor="FFFFFF" bgColor="00008B" type="Peripheral" abbrev="Part" name="Part"/>
            <FE fgColor="FFFFFF" bgColor="FF69B4" type="Peripheral" abbrev="tim" name="Time_of_creation"/>
            <FE fgColor="FFFFFF" bgColor="9F79EE" type="Peripheral" abbrev="Typ" name="Type"/>
            <FE fgColor="FFFFFF" bgColor="9400D3" type="Peripheral" abbrev="Use" name="Use"/>
            <FE fgColor="FFFFFF" bgColor="A52A2A" type="Core" abbrev="Wep" name="Weapon"/>
            <FE fgColor="FFFFFF" bgColor="FF0000" type="Peripheral" abbrev="Wld" name="Wielder"/>
        </frame>
    </header>
    <definition>FN: a twenty-two caliber rifle</definition>
    <lexeme POS="N" name="twenty-two"/>
    <valences>
        <governor type="Gov" lemma="buy">
            <annoSet ID="1908589"/>
        </governor>
        <FERealization total="1">
            <FE name="Weapon"/>
            <pattern total="1">
                <valenceUnit GF="" PT="DEN" FE="Weapon"/>
                <annoSet ID="1908589"/>
            </pattern>
        </FERealization>
        <FERealization total="1">
            <FE name="Wielder"/>
            <pattern total="1">
                <valenceUnit GF="Gen" PT="Poss" FE="Wielder"/>
                <annoSet ID="1908589"/>
            </pattern>
        </FERealization>
        <FEGroupRealization total="1">
            <FE name="Weapon"/>
            <FE name="Wielder"/>
            <pattern total="1">
                <valenceUnit GF="" PT="DEN" FE="Weapon"/>
                <valenceUnit GF="Gen" PT="Poss" FE="Wielder"/>
                <annoSet ID="1908589"/>
            </pattern>
        </FEGroupRealization>
    </valences>
    <subCorpus name="01-Wbuy,sell,use-T-(1)">
        <sentence corpID="111" docID="421" sentNo="5" paragNo="589" aPos="0" ID="1230774">
            <text>You 've bought your own twenty-two , or hired a Parabellum , and you 're using only imported rounds .</text>
            <annotationSet cDate="06/19/2003 04:29:11 PDT Thu" status="UNANN" ID="1908588">
                <layer rank="1" name="PENN">
                    <label end="2" start="0" name="PP"/>
                    <label end="6" start="4" name="VHP"/>
                    <label end="13" start="8" name="VVN"/>
                    <label end="18" start="15" name="PP$"/>
                    <label end="22" start="20" name="jj"/>
                    <label end="33" start="24" name="cd"/>
                    <label end="35" start="35" name=","/>
                    <label end="38" start="37" name="cc"/>
                    <label end="44" start="40" name="VVD"/>
                    <label end="46" start="46" name="dt"/>
                    <label end="57" start="48" name="nn"/>
                    <label end="59" start="59" name=","/>
                    <label end="63" start="61" name="cc"/>
                    <label end="67" start="65" name="PP"/>
                    <label end="71" start="69" name="vbp"/>
                    <label end="77" start="73" name="VVG"/>
                    <label end="82" start="79" name="rb"/>
                    <label end="91" start="84" name="VVN"/>
                    <label end="98" start="93" name="nns"/>
                    <label end="100" start="100" name="sent"/>
                </layer>
                <layer rank="1" name="NER"/>
                <layer rank="1" name="WSL"/>
            </annotationSet>
            <annotationSet cDate="06/19/2003 04:29:11 PDT Thu" status="MANUAL" ID="1908589">
                <layer rank="1" name="Target">
                    <label cBy="RLG" end="33" start="24" name="Target"/>
                </layer>
                <layer rank="1" name="FE">
                    <label cBy="RLG" feID="3963" end="22" start="15" name="Wielder"/>
                    <label cBy="RLG" feID="3919" end="33" start="24" name="Weapon"/>
                </layer>
                <layer rank="1" name="GF">
                    <label end="22" start="15" name="Gen"/>
                </layer>
                <layer rank="1" name="PT">
                    <label end="22" start="15" name="Poss"/>
                </layer>
                <layer rank="1" name="Other"/>
                <layer rank="1" name="Sent"/>
                <layer rank="1" name="Noun">
                    <label end="33" start="15" name="X"/>
                    <label end="13" start="8" name="Gov"/>
                </layer>
            </annotationSet>
        </sentence>
    </subCorpus>
    <subCorpus name="02-NP-T-(1)"/>
    <subCorpus name="other-matched-(1)"/>
    <subCorpus name="other-unmatched-(1)"/>
</lexUnit>