<?xml version="1.0" encoding="UTF-8" standalone="yes"?>
<?xml-stylesheet type="text/xsl" href="lexUnit.xsl"?>
<lexUnit status="Created" POS="IDIO" name="in terms.idio" ID="7819" frame="Domain" frameID="430" totalAnnotated="2" xsi:schemaLocation="../schema/lexUnit.xsd" xmlns="http://framenet.icsi.berkeley.edu" xmlns:xsi="http://www.w3.org/2001/XMLSchema-instance">
    <header>
        <corpus description="Wall Street Journal Texts from the PropBank Project" name="PropBank" ID="115">
            <document description="Ticket Splitting" name="TicketSplitting" ID="23012"/>
        </corpus>
        <corpus description="Texts from Nuclear Threat Initiative website, created by Center for Non-Proliferation Studies" name="NTI" ID="135">
            <document description="North Korea Chemical Overview" name="NorthKorea_ChemicalOverview" ID="23611"/>
        </corpus>
        <frame>
            <FE fgColor="FFFFFF" bgColor="FF0000" type="Core" abbrev="Domain" name="Domain"/>
            <FE fgColor="FFFFFF" bgColor="800080" type="Peripheral" abbrev="Exp" name="Explanation"/>
            <FE fgColor="FFFFFF" bgColor="008000" type="Core" abbrev="Predicate" name="Predicate"/>
        </frame>
    </header>
    <definition>COD: with regard to the aspect or subject specified</definition>
    <lexeme order="1" headword="true" breakBefore="false" POS="PREP" name="in"/>
    <lexeme order="2" headword="false" breakBefore="true" POS="N" name="terms"/>
    <valences>
        <FERealization total="2">
            <FE name="Domain"/>
            <pattern total="1">
                <valenceUnit GF="Dep" PT="PP[of]" FE="Domain"/>
                <annoSet ID="4529550"/>
            </pattern>
            <pattern total="1">
                <valenceUnit GF="Obj" PT="PP[of]" FE="Domain"/>
                <annoSet ID="6536121"/>
            </pattern>
        </FERealization>
        <FERealization total="2">
            <FE name="Predicate"/>
            <pattern total="1">
                <valenceUnit GF="Ext" PT="NP" FE="Predicate"/>
                <annoSet ID="4529550"/>
            </pattern>
            <pattern total="1">
                <valenceUnit GF="Ext" PT="Sfin" FE="Predicate"/>
                <annoSet ID="6536121"/>
            </pattern>
        </FERealization>
        <FEGroupRealization total="2">
            <FE name="Domain"/>
            <FE name="Predicate"/>
            <pattern total="1">
                <valenceUnit GF="Dep" PT="PP[of]" FE="Domain"/>
                <valenceUnit GF="Ext" PT="NP" FE="Predicate"/>
                <annoSet ID="4529550"/>
            </pattern>
            <pattern total="1">
                <valenceUnit GF="Obj" PT="PP[of]" FE="Domain"/>
                <valenceUnit GF="Ext" PT="Sfin" FE="Predicate"/>
                <annoSet ID="6536121"/>
            </pattern>
        </FEGroupRealization>
    </valences>
    <subCorpus name="manually-added">
        <sentence corpID="115" docID="23012" sentNo="2" paragNo="7" aPos="0" ID="2824388">
            <text>If they put a Republican into office , not only will they acquire less in terms of local benefits but their selected legislator will be relatively powerless to prevent other legislators from `` bringing home the bacon '' to their respective constituencies .</text>
            <annotationSet cDate="02/05/2004 08:30:21 PST Thu" status="UNANN" ID="4528383">
                <layer rank="1" name="PENN">
                    <label end="1" start="0" name="in"/>
                    <label end="6" start="3" name="PP"/>
                    <label end="10" start="8" name="VVD"/>
                    <label end="12" start="12" name="dt"/>
                    <label end="23" start="14" name="jj"/>
                    <label end="28" start="25" name="in"/>
                    <label end="35" start="30" name="nn"/>
                    <label end="37" start="37" name=","/>
                    <label end="41" start="39" name="rb"/>
                    <label end="46" start="43" name="rb"/>
                    <label end="51" start="48" name="md"/>
                    <label end="56" start="53" name="PP"/>
                    <label end="64" start="58" name="VV"/>
                    <label end="69" start="66" name="rbr"/>
                    <label end="72" start="71" name="in"/>
                    <label end="78" start="74" name="nns"/>
                    <label end="81" start="80" name="in"/>
                    <label end="87" start="83" name="jj"/>
                    <label end="96" start="89" name="nns"/>
                    <label end="100" start="98" name="cc"/>
                    <label end="106" start="102" name="PP$"/>
                    <label end="115" start="108" name="VVN"/>
                    <label end="126" start="117" name="nn"/>
                    <label end="131" start="128" name="md"/>
                    <label end="134" start="133" name="vb"/>
                    <label end="145" start="136" name="rb"/>
                    <label end="155" start="147" name="jj"/>
                    <label end="158" start="157" name="to"/>
                    <label end="166" start="160" name="VV"/>
                    <label end="172" start="168" name="jj"/>
                    <label end="184" start="174" name="nns"/>
                    <label end="189" start="186" name="in"/>
                    <label end="192" start="191" name="``"/>
                    <label end="201" start="194" name="VVG"/>
                    <label end="206" start="203" name="nn"/>
                    <label end="210" start="208" name="dt"/>
                    <label end="216" start="212" name="nn"/>
                    <label end="219" start="218" name="''"/>
                    <label end="222" start="221" name="to"/>
                    <label end="228" start="224" name="PP$"/>
                    <label end="239" start="230" name="jj"/>
                    <label end="254" start="241" name="nns"/>
                    <label end="256" start="256" name="sent"/>
                </layer>
                <layer rank="1" name="NER">
                    <label end="23" start="14" name="person"/>
                </layer>
                <layer rank="1" name="WSL">
                    <label end="37" start="37" name="NT"/>
                    <label end="41" start="39" name="NT"/>
                    <label end="46" start="43" name="NT"/>
                    <label end="69" start="66" name="NT"/>
                    <label end="134" start="133" name="NT"/>
                    <label end="145" start="136" name="NT"/>
                    <label end="158" start="157" name="NT"/>
                    <label end="192" start="191" name="NT"/>
                    <label end="219" start="218" name="NT"/>
                    <label end="256" start="256" name="NT"/>
                    <label end="1" start="0" name="NT"/>
                    <label end="6" start="3" name="NT"/>
                    <label end="12" start="12" name="NT"/>
                    <label end="51" start="48" name="NT"/>
                    <label end="56" start="53" name="NT"/>
                    <label end="100" start="98" name="NT"/>
                    <label end="106" start="102" name="NT"/>
                    <label end="131" start="128" name="NT"/>
                    <label end="189" start="186" name="NT"/>
                    <label end="210" start="208" name="NT"/>
                    <label end="228" start="224" name="NT"/>
                </layer>
            </annotationSet>
            <annotationSet cDate="07/28/2004 10:38:05 PDT Wed" status="MANUAL" ID="4529550">
                <layer rank="1" name="Target">
                    <label cBy="EGp" end="72" start="71" name="Target"/>
                    <label cBy="EGp" end="78" start="74" name="Target"/>
                </layer>
                <layer rank="1" name="FE">
                    <label cBy="CHg" feID="3962" end="96" start="80" name="Domain"/>
                    <label cBy="CHg" feID="3961" end="69" start="66" name="Predicate"/>
                </layer>
                <layer rank="1" name="GF">
                    <label end="96" start="80" name="Dep"/>
                    <label end="69" start="66" name="Ext"/>
                </layer>
                <layer rank="1" name="PT">
                    <label end="96" start="80" name="PP"/>
                    <label end="69" start="66" name="NP"/>
                </layer>
                <layer rank="1" name="Other"/>
                <layer rank="1" name="Sent"/>
                <layer rank="1" name="Prep"/>
            </annotationSet>
        </sentence>
        <sentence corpID="135" docID="23611" sentNo="5" paragNo="16" aPos="0" ID="4099719">
            <text>The relatively small amount ( 50kg ) of this chemical had little consequence in terms of producing militarily significant amounts of nerve agent .</text>
            <annotationSet cDate="06/27/2006 04:45:20 PDT Tue" status="UNANN" ID="6535927">
                <layer rank="1" name="PENN">
                    <label end="2" start="0" name="dt"/>
                    <label end="13" start="4" name="rb"/>
                    <label end="19" start="15" name="jj"/>
                    <label end="26" start="21" name="nn"/>
                    <label end="28" start="28" name="("/>
                    <label end="33" start="30" name="NP"/>
                    <label end="35" start="35" name=")"/>
                    <label end="38" start="37" name="in"/>
                    <label end="43" start="40" name="dt"/>
                    <label end="52" start="45" name="nn"/>
                    <label end="56" start="54" name="VHD"/>
                    <label end="63" start="58" name="jj"/>
                    <label end="75" start="65" name="nn"/>
                    <label end="78" start="77" name="in"/>
                    <label end="84" start="80" name="nns"/>
                    <label end="87" start="86" name="in"/>
                    <label end="97" start="89" name="VVG"/>
                    <label end="108" start="99" name="rb"/>
                    <label end="120" start="110" name="jj"/>
                    <label end="128" start="122" name="nns"/>
                    <label end="131" start="130" name="in"/>
                    <label end="137" start="133" name="nn"/>
                    <label end="143" start="139" name="nn"/>
                    <label end="145" start="145" name="sent"/>
                </layer>
                <layer rank="1" name="NER"/>
                <layer rank="1" name="WSL">
                    <label end="2" start="0" name="NT"/>
                    <label end="13" start="4" name="NT"/>
                    <label end="28" start="28" name="NT"/>
                    <label end="33" start="30" name="NT"/>
                    <label end="35" start="35" name="NT"/>
                    <label end="38" start="37" name="NT"/>
                    <label end="43" start="40" name="NT"/>
                    <label end="108" start="99" name="NT"/>
                    <label end="131" start="130" name="NT"/>
                    <label end="145" start="145" name="NT"/>
                </layer>
            </annotationSet>
            <annotationSet cDate="06/29/2006 06:05:58 PDT Thu" status="MANUAL" ID="6536121">
                <layer rank="1" name="Target">
                    <label cBy="RLG" end="84" start="80" name="Target"/>
                    <label cBy="RLG" end="78" start="77" name="Target"/>
                </layer>
                <layer rank="1" name="FE">
                    <label cBy="RLG" feID="3961" end="75" start="0" name="Predicate"/>
                    <label cBy="PKe" feID="3962" end="143" start="86" name="Domain"/>
                </layer>
                <layer rank="1" name="GF">
                    <label end="75" start="0" name="Ext"/>
                    <label end="143" start="86" name="Obj"/>
                </layer>
                <layer rank="1" name="PT">
                    <label end="75" start="0" name="Sfin"/>
                    <label end="143" start="86" name="PP"/>
                </layer>
                <layer rank="1" name="Other"/>
                <layer rank="1" name="Sent"/>
                <layer rank="1" name="Prep"/>
            </annotationSet>
        </sentence>
    </subCorpus>
</lexUnit>