<?xml version="1.0" encoding="UTF-8" standalone="yes"?>
<?xml-stylesheet type="text/xsl" href="lexUnit.xsl"?>
<lexUnit status="Created" POS="ADV" name="socially.adv" ID="7816" frame="Domain" frameID="430" totalAnnotated="0" xsi:schemaLocation="../schema/lexUnit.xsd" xmlns="http://framenet.icsi.berkeley.edu" xmlns:xsi="http://www.w3.org/2001/XMLSchema-instance">
    <header>
        <frame>
            <FE fgColor="FFFFFF" bgColor="FF0000" type="Core" abbrev="Domain" name="Domain"/>
            <FE fgColor="FFFFFF" bgColor="800080" type="Peripheral" abbrev="Exp" name="Explanation"/>
            <FE fgColor="FFFFFF" bgColor="008000" type="Core" abbrev="Predicate" name="Predicate"/>
        </frame>
    </header>
    <definition>FN: of or relating to society</definition>
    <lexeme POS="ADV" name="socially"/>
    <valences/>
</lexUnit>