<?xml version="1.0" encoding="UTF-8" standalone="yes"?>
<?xml-stylesheet type="text/xsl" href="lexUnit.xsl"?>
<lexUnit status="Created" POS="N" name="forty-four.n" ID="7826" frame="Weapon" frameID="426" totalAnnotated="0" xsi:schemaLocation="../schema/lexUnit.xsd" xmlns="http://framenet.icsi.berkeley.edu" xmlns:xsi="http://www.w3.org/2001/XMLSchema-instance">
    <header>
        <frame>
            <FE fgColor="FFFFFF" bgColor="006400" type="Peripheral" abbrev="cre" name="Creator"/>
            <FE fgColor="FFFFFF" bgColor="FFA500" type="Peripheral" abbrev="dep" name="Descriptor"/>
            <FE fgColor="000000" bgColor="A9A9A9" type="Peripheral" abbrev="Mat" name="Material"/>
            <FE fgColor="FFFFFF" bgColor="1E90FF" type="Peripheral" abbrev="nam" name="Name"/>
            <FE fgColor="FFFFFF" bgColor="00008B" type="Peripheral" abbrev="Part" name="Part"/>
            <FE fgColor="FFFFFF" bgColor="FF69B4" type="Peripheral" abbrev="tim" name="Time_of_creation"/>
            <FE fgColor="FFFFFF" bgColor="9F79EE" type="Peripheral" abbrev="Typ" name="Type"/>
            <FE fgColor="FFFFFF" bgColor="9400D3" type="Peripheral" abbrev="Use" name="Use"/>
            <FE fgColor="FFFFFF" bgColor="A52A2A" type="Core" abbrev="Wep" name="Weapon"/>
            <FE fgColor="FFFFFF" bgColor="FF0000" type="Peripheral" abbrev="Wld" name="Wielder"/>
        </frame>
    </header>
    <definition>FN: a gun firing bullets whose diameter is 0.44 inches.</definition>
    <lexeme POS="N" name="forty-four"/>
    <valences/>
</lexUnit>