<?xml version="1.0" encoding="UTF-8" standalone="yes"?>
<?xml-stylesheet type="text/xsl" href="lexUnit.xsl"?>
<lexUnit status="Finished_Initial" incorporatedFE="Offense" POS="N" name="hijacking.n" ID="7845" frame="Offenses" frameID="432" totalAnnotated="7" xsi:schemaLocation="../schema/lexUnit.xsd" xmlns="http://framenet.icsi.berkeley.edu" xmlns:xsi="http://www.w3.org/2001/XMLSchema-instance">
    <header>
        <corpus description="BNC2" name="BNC2" ID="111">
            <document description="bncp" name="bncp" ID="421"/>
        </corpus>
        <frame>
            <FE fgColor="FFFFFF" bgColor="FF69B4" type="Peripheral" abbrev="Deg" name="Degree"/>
            <FE fgColor="FFFFFF" bgColor="FF0000" type="Core" abbrev="Off" name="Offense"/>
            <FE fgColor="FFFFFF" bgColor="800080" type="Core" abbrev="" name="Perpetrator"/>
            <FE fgColor="FFFFFF" bgColor="1E90FF" type="Extra-Thematic" abbrev="Pun" name="Punishment"/>
            <FE fgColor="000000" bgColor="FFFF00" type="Extra-Thematic" abbrev="Spec" name="Specification"/>
            <FE fgColor="FFFFFF" bgColor="2E8B57" type="Core" abbrev="Vic" name="Victim"/>
        </frame>
    </header>
    <definition>FN: the unlawful act of seizing control of a vehicle while in transit.</definition>
    <lexeme POS="N" name="hijacking"/>
    <valences>
        <governor type="Gov" lemma="do">
            <annoSet ID="1854329"/>
        </governor>
        <FERealization total="1">
            <FE name="Degree"/>
            <pattern total="1">
                <valenceUnit GF="Dep" PT="VPing" FE="Degree"/>
                <annoSet ID="1854321"/>
            </pattern>
        </FERealization>
        <FERealization total="7">
            <FE name="Offense"/>
            <pattern total="7">
                <valenceUnit GF="" PT="DEN" FE="Offense"/>
                <annoSet ID="1854317"/>
                <annoSet ID="1854321"/>
                <annoSet ID="1854325"/>
                <annoSet ID="1854327"/>
                <annoSet ID="1854329"/>
                <annoSet ID="1854333"/>
                <annoSet ID="1854335"/>
            </pattern>
        </FERealization>
        <FERealization total="3">
            <FE name="Specification"/>
            <pattern total="1">
                <valenceUnit GF="Dep" PT="PP[by]" FE="Specification"/>
                <annoSet ID="1854325"/>
            </pattern>
            <pattern total="1">
                <valenceUnit GF="Dep" PT="PP[of]" FE="Specification"/>
                <annoSet ID="1854317"/>
            </pattern>
            <pattern total="1">
                <valenceUnit GF="Dep" PT="PP[over]" FE="Specification"/>
                <annoSet ID="1854329"/>
            </pattern>
        </FERealization>
        <FEGroupRealization total="1">
            <FE name="Degree"/>
            <FE name="Offense"/>
            <pattern total="1">
                <valenceUnit GF="Dep" PT="VPing" FE="Degree"/>
                <valenceUnit GF="" PT="DEN" FE="Offense"/>
                <annoSet ID="1854321"/>
            </pattern>
        </FEGroupRealization>
        <FEGroupRealization total="3">
            <FE name="Offense"/>
            <pattern total="3">
                <valenceUnit GF="" PT="DEN" FE="Offense"/>
                <annoSet ID="1854327"/>
                <annoSet ID="1854333"/>
                <annoSet ID="1854335"/>
            </pattern>
        </FEGroupRealization>
        <FEGroupRealization total="3">
            <FE name="Offense"/>
            <FE name="Specification"/>
            <pattern total="1">
                <valenceUnit GF="" PT="DEN" FE="Offense"/>
                <valenceUnit GF="Dep" PT="PP[by]" FE="Specification"/>
                <annoSet ID="1854325"/>
            </pattern>
            <pattern total="1">
                <valenceUnit GF="" PT="DEN" FE="Offense"/>
                <valenceUnit GF="Dep" PT="PP[of]" FE="Specification"/>
                <annoSet ID="1854317"/>
            </pattern>
            <pattern total="1">
                <valenceUnit GF="" PT="DEN" FE="Offense"/>
                <valenceUnit GF="Dep" PT="PP[over]" FE="Specification"/>
                <annoSet ID="1854329"/>
            </pattern>
        </FEGroupRealization>
    </valences>
    <subCorpus name="01-T-(1)">
        <sentence corpID="111" docID="421" sentNo="1" paragNo="676" aPos="0" ID="1203588">
            <text>Between June 9 and Aug. 31 there were five other hijackings of Soviet domestic flights ( three to Stockholm and two to Helsinki ) and nine unsuccessful hijack attempts .</text>
            <annotationSet cDate="04/15/2003 08:16:57 PDT Tue" status="UNANN" ID="1854316">
                <layer rank="1" name="PENN">
                    <label end="6" start="0" name="in"/>
                    <label end="11" start="8" name="NP"/>
                    <label end="13" start="13" name="cd"/>
                    <label end="17" start="15" name="cc"/>
                    <label end="22" start="19" name="NP"/>
                    <label end="25" start="24" name="cd"/>
                    <label end="31" start="27" name="ex"/>
                    <label end="36" start="33" name="VBD"/>
                    <label end="41" start="38" name="cd"/>
                    <label end="47" start="43" name="jj"/>
                    <label end="58" start="49" name="nns"/>
                    <label end="61" start="60" name="in"/>
                    <label end="68" start="63" name="jj"/>
                    <label end="77" start="70" name="jj"/>
                    <label end="85" start="79" name="nns"/>
                    <label end="87" start="87" name="("/>
                    <label end="93" start="89" name="cd"/>
                    <label end="96" start="95" name="to"/>
                    <label end="106" start="98" name="NP"/>
                    <label end="110" start="108" name="cc"/>
                    <label end="114" start="112" name="cd"/>
                    <label end="117" start="116" name="to"/>
                    <label end="126" start="119" name="NP"/>
                    <label end="128" start="128" name=")"/>
                    <label end="132" start="130" name="cc"/>
                    <label end="137" start="134" name="cd"/>
                    <label end="150" start="139" name="jj"/>
                    <label end="157" start="152" name="VV"/>
                    <label end="166" start="159" name="nns"/>
                    <label end="168" start="168" name="sent"/>
                </layer>
                <layer rank="1" name="NER"/>
                <layer rank="1" name="WSL"/>
            </annotationSet>
            <annotationSet cDate="04/15/2003 08:16:57 PDT Tue" status="MANUAL" ID="1854317">
                <layer rank="1" name="Target">
                    <label cBy="CFB" end="58" start="49" name="Target"/>
                </layer>
                <layer rank="1" name="FE">
                    <label cBy="Pam" feID="3971" end="58" start="49" name="Offense"/>
                    <label cBy="Pam" feID="3969" end="126" start="60" name="Specification"/>
                </layer>
                <layer rank="1" name="GF">
                    <label end="126" start="60" name="Dep"/>
                </layer>
                <layer rank="1" name="PT">
                    <label end="126" start="60" name="PP"/>
                </layer>
                <layer rank="1" name="Other"/>
                <layer rank="1" name="Sent"/>
                <layer rank="1" name="Noun"/>
            </annotationSet>
        </sentence>
        <sentence corpID="111" docID="421" sentNo="2" paragNo="186" aPos="0" ID="1203590">
            <text>For similar reasons , hijackings involving aircraft , ships and cars are not uncommon .</text>
            <annotationSet cDate="04/15/2003 08:16:58 PDT Tue" status="UNANN" ID="1854320">
                <layer rank="1" name="PENN">
                    <label end="2" start="0" name="in"/>
                    <label end="10" start="4" name="jj"/>
                    <label end="18" start="12" name="nns"/>
                    <label end="20" start="20" name=","/>
                    <label end="31" start="22" name="nns"/>
                    <label end="41" start="33" name="VVG"/>
                    <label end="50" start="43" name="nn"/>
                    <label end="52" start="52" name=","/>
                    <label end="58" start="54" name="nns"/>
                    <label end="62" start="60" name="cc"/>
                    <label end="67" start="64" name="nns"/>
                    <label end="71" start="69" name="vbp"/>
                    <label end="75" start="73" name="rb"/>
                    <label end="84" start="77" name="jj"/>
                    <label end="86" start="86" name="sent"/>
                </layer>
                <layer rank="1" name="NER"/>
                <layer rank="1" name="WSL"/>
            </annotationSet>
            <annotationSet cDate="04/15/2003 08:16:58 PDT Tue" status="MANUAL" ID="1854321">
                <layer rank="1" name="Target">
                    <label cBy="CFB" end="31" start="22" name="Target"/>
                </layer>
                <layer rank="1" name="FE">
                    <label cBy="GlY" feID="3968" end="67" start="33" name="Degree"/>
                    <label cBy="GlY" feID="3971" end="31" start="22" name="Offense"/>
                </layer>
                <layer rank="1" name="GF">
                    <label end="67" start="33" name="Dep"/>
                </layer>
                <layer rank="1" name="PT">
                    <label end="67" start="33" name="VPing"/>
                </layer>
                <layer rank="1" name="Other"/>
                <layer rank="1" name="Sent"/>
                <layer rank="1" name="Noun"/>
            </annotationSet>
        </sentence>
        <sentence corpID="111" docID="421" sentNo="5" paragNo="120" aPos="0" ID="1203592">
            <text>Sending it by sea , on the other hand , would run the risk of hijackings by terrorists or even governments .</text>
            <annotationSet cDate="04/15/2003 08:16:59 PDT Tue" status="UNANN" ID="1854324">
                <layer rank="1" name="PENN">
                    <label end="6" start="0" name="VVG"/>
                    <label end="9" start="8" name="PP"/>
                    <label end="12" start="11" name="in"/>
                    <label end="16" start="14" name="nn"/>
                    <label end="18" start="18" name=","/>
                    <label end="21" start="20" name="in"/>
                    <label end="25" start="23" name="dt"/>
                    <label end="31" start="27" name="jj"/>
                    <label end="36" start="33" name="nn"/>
                    <label end="38" start="38" name=","/>
                    <label end="44" start="40" name="md"/>
                    <label end="48" start="46" name="VV"/>
                    <label end="52" start="50" name="dt"/>
                    <label end="57" start="54" name="nn"/>
                    <label end="60" start="59" name="in"/>
                    <label end="71" start="62" name="nns"/>
                    <label end="74" start="73" name="in"/>
                    <label end="85" start="76" name="nns"/>
                    <label end="88" start="87" name="cc"/>
                    <label end="93" start="90" name="jj"/>
                    <label end="105" start="95" name="nns"/>
                    <label end="107" start="107" name="sent"/>
                </layer>
                <layer rank="1" name="NER"/>
                <layer rank="1" name="WSL"/>
            </annotationSet>
            <annotationSet cDate="04/15/2003 08:16:59 PDT Tue" status="MANUAL" ID="1854325">
                <layer rank="1" name="Target">
                    <label cBy="CFB" end="71" start="62" name="Target"/>
                </layer>
                <layer rank="1" name="FE">
                    <label cBy="Pam" feID="3971" end="71" start="62" name="Offense"/>
                    <label cBy="Pam" feID="3969" end="105" start="73" name="Specification"/>
                </layer>
                <layer rank="1" name="GF">
                    <label end="105" start="73" name="Dep"/>
                </layer>
                <layer rank="1" name="PT">
                    <label end="105" start="73" name="PP"/>
                </layer>
                <layer rank="1" name="Other"/>
                <layer rank="1" name="Sent"/>
                <layer rank="1" name="Noun">
                    <label end="57" start="46" name="Gov"/>
                    <label end="105" start="59" name="X"/>
                </layer>
            </annotationSet>
        </sentence>
        <sentence corpID="111" docID="421" sentNo="1" paragNo="47" aPos="0" ID="1203593">
            <text>A series of hijackings and bomb hoaxes in the west of the city was apparently designed to act as a diversion as a mass escape was made .</text>
            <annotationSet cDate="04/15/2003 08:16:59 PDT Tue" status="UNANN" ID="1854326">
                <layer rank="1" name="PENN">
                    <label end="0" start="0" name="dt"/>
                    <label end="7" start="2" name="nn"/>
                    <label end="10" start="9" name="in"/>
                    <label end="21" start="12" name="nns"/>
                    <label end="25" start="23" name="cc"/>
                    <label end="30" start="27" name="nn"/>
                    <label end="37" start="32" name="nns"/>
                    <label end="40" start="39" name="in"/>
                    <label end="44" start="42" name="dt"/>
                    <label end="49" start="46" name="nn"/>
                    <label end="52" start="51" name="in"/>
                    <label end="56" start="54" name="dt"/>
                    <label end="61" start="58" name="nn"/>
                    <label end="65" start="63" name="VBD"/>
                    <label end="76" start="67" name="rb"/>
                    <label end="85" start="78" name="VVN"/>
                    <label end="88" start="87" name="to"/>
                    <label end="92" start="90" name="VV"/>
                    <label end="95" start="94" name="in"/>
                    <label end="97" start="97" name="dt"/>
                    <label end="107" start="99" name="nn"/>
                    <label end="110" start="109" name="in"/>
                    <label end="112" start="112" name="dt"/>
                    <label end="117" start="114" name="jj"/>
                    <label end="124" start="119" name="nn"/>
                    <label end="128" start="126" name="VBD"/>
                    <label end="133" start="130" name="VVN"/>
                    <label end="135" start="135" name="sent"/>
                </layer>
                <layer rank="1" name="NER"/>
                <layer rank="1" name="WSL"/>
            </annotationSet>
            <annotationSet cDate="04/15/2003 08:16:59 PDT Tue" status="MANUAL" ID="1854327">
                <layer rank="1" name="Target">
                    <label cBy="CFB" end="21" start="12" name="Target"/>
                </layer>
                <layer rank="1" name="FE">
                    <label cBy="Pam" feID="3971" end="21" start="12" name="Offense"/>
                </layer>
                <layer rank="1" name="GF"/>
                <layer rank="1" name="PT"/>
                <layer rank="1" name="Other"/>
                <layer rank="1" name="Sent"/>
                <layer rank="1" name="Noun"/>
            </annotationSet>
        </sentence>
        <sentence corpID="111" docID="421" sentNo="6" paragNo="900" aPos="0" ID="1203594">
            <text>I also did one or two of those hijackings over Nevada -- but that would n't have interested you .</text>
            <annotationSet cDate="04/15/2003 08:17:00 PDT Tue" status="UNANN" ID="1854328">
                <layer rank="1" name="PENN">
                    <label end="0" start="0" name="PP"/>
                    <label end="5" start="2" name="rb"/>
                    <label end="9" start="7" name="VVD"/>
                    <label end="13" start="11" name="cd"/>
                    <label end="16" start="15" name="cc"/>
                    <label end="20" start="18" name="cd"/>
                    <label end="23" start="22" name="in"/>
                    <label end="29" start="25" name="dt"/>
                    <label end="40" start="31" name="nns"/>
                    <label end="45" start="42" name="in"/>
                    <label end="52" start="47" name="NP"/>
                    <label end="55" start="54" name=":"/>
                    <label end="59" start="57" name="cc"/>
                    <label end="64" start="61" name="dt"/>
                    <label end="70" start="66" name="md"/>
                    <label end="74" start="72" name="rb"/>
                    <label end="79" start="76" name="VH"/>
                    <label end="90" start="81" name="VVN"/>
                    <label end="94" start="92" name="PP"/>
                    <label end="96" start="96" name="sent"/>
                </layer>
                <layer rank="1" name="NER"/>
                <layer rank="1" name="WSL"/>
            </annotationSet>
            <annotationSet cDate="04/15/2003 08:17:00 PDT Tue" status="MANUAL" ID="1854329">
                <layer rank="1" name="Target">
                    <label cBy="CFB" end="40" start="31" name="Target"/>
                </layer>
                <layer rank="1" name="FE">
                    <label cBy="Pam" feID="3971" end="40" start="31" name="Offense"/>
                    <label cBy="Pam" feID="3969" end="52" start="42" name="Specification"/>
                </layer>
                <layer rank="1" name="GF">
                    <label end="52" start="42" name="Dep"/>
                </layer>
                <layer rank="1" name="PT">
                    <label end="52" start="42" name="PP"/>
                </layer>
                <layer rank="1" name="Other"/>
                <layer rank="1" name="Sent"/>
                <layer rank="1" name="Noun">
                    <label end="9" start="7" name="Gov"/>
                    <label end="52" start="11" name="X"/>
                </layer>
            </annotationSet>
        </sentence>
        <sentence corpID="111" docID="421" sentNo="3" paragNo="676" aPos="0" ID="1203596">
            <text>The perpetrators of four of the hijackings were refused asylum and extradited to the Soviet Union ( despite the lack of a formal Swedish-Soviet extradition agreement ) .</text>
            <annotationSet cDate="04/15/2003 08:17:00 PDT Tue" status="UNANN" ID="1854332">
                <layer rank="1" name="PENN">
                    <label end="2" start="0" name="dt"/>
                    <label end="15" start="4" name="nns"/>
                    <label end="18" start="17" name="in"/>
                    <label end="23" start="20" name="cd"/>
                    <label end="26" start="25" name="in"/>
                    <label end="30" start="28" name="dt"/>
                    <label end="41" start="32" name="nns"/>
                    <label end="46" start="43" name="VBD"/>
                    <label end="54" start="48" name="VVN"/>
                    <label end="61" start="56" name="nn"/>
                    <label end="65" start="63" name="cc"/>
                    <label end="76" start="67" name="VVN"/>
                    <label end="79" start="78" name="to"/>
                    <label end="83" start="81" name="dt"/>
                    <label end="90" start="85" name="NP"/>
                    <label end="96" start="92" name="NP"/>
                    <label end="98" start="98" name="("/>
                    <label end="106" start="100" name="in"/>
                    <label end="110" start="108" name="dt"/>
                    <label end="115" start="112" name="nn"/>
                    <label end="118" start="117" name="in"/>
                    <label end="120" start="120" name="dt"/>
                    <label end="127" start="122" name="jj"/>
                    <label end="142" start="129" name="jj"/>
                    <label end="154" start="144" name="nn"/>
                    <label end="164" start="156" name="nn"/>
                    <label end="166" start="166" name=")"/>
                    <label end="168" start="168" name="sent"/>
                </layer>
                <layer rank="1" name="NER"/>
                <layer rank="1" name="WSL"/>
            </annotationSet>
            <annotationSet cDate="04/15/2003 08:17:01 PDT Tue" status="MANUAL" ID="1854333">
                <layer rank="1" name="Target">
                    <label cBy="CFB" end="41" start="32" name="Target"/>
                </layer>
                <layer rank="1" name="FE">
                    <label cBy="GlY" feID="3971" end="41" start="32" name="Offense"/>
                </layer>
                <layer rank="1" name="GF"/>
                <layer rank="1" name="PT"/>
                <layer rank="1" name="Other"/>
                <layer rank="1" name="Sent"/>
                <layer rank="1" name="Noun"/>
            </annotationSet>
        </sentence>
        <sentence corpID="111" docID="421" sentNo="1" paragNo="891" aPos="0" ID="1203597">
            <text>Habash was placed briefly in custody while in a Paris hospital to be questioned by an investigating magistrate about an arms and explosive cache found near Paris in 1986 and about several bombings and hijackings .</text>
            <annotationSet cDate="04/15/2003 08:17:01 PDT Tue" status="UNANN" ID="1854334">
                <layer rank="1" name="PENN">
                    <label end="5" start="0" name="NP"/>
                    <label end="9" start="7" name="VBD"/>
                    <label end="16" start="11" name="VVN"/>
                    <label end="24" start="18" name="rb"/>
                    <label end="27" start="26" name="in"/>
                    <label end="35" start="29" name="nn"/>
                    <label end="41" start="37" name="in"/>
                    <label end="44" start="43" name="in"/>
                    <label end="46" start="46" name="dt"/>
                    <label end="52" start="48" name="NP"/>
                    <label end="61" start="54" name="nn"/>
                    <label end="64" start="63" name="to"/>
                    <label end="67" start="66" name="vb"/>
                    <label end="78" start="69" name="VVN"/>
                    <label end="81" start="80" name="in"/>
                    <label end="84" start="83" name="dt"/>
                    <label end="98" start="86" name="VVG"/>
                    <label end="109" start="100" name="nn"/>
                    <label end="115" start="111" name="in"/>
                    <label end="118" start="117" name="dt"/>
                    <label end="123" start="120" name="nns"/>
                    <label end="127" start="125" name="cc"/>
                    <label end="137" start="129" name="jj"/>
                    <label end="143" start="139" name="nn"/>
                    <label end="149" start="145" name="VVN"/>
                    <label end="154" start="151" name="in"/>
                    <label end="160" start="156" name="NP"/>
                    <label end="163" start="162" name="in"/>
                    <label end="168" start="165" name="cd"/>
                    <label end="172" start="170" name="cc"/>
                    <label end="178" start="174" name="in"/>
                    <label end="186" start="180" name="jj"/>
                    <label end="195" start="188" name="nns"/>
                    <label end="199" start="197" name="cc"/>
                    <label end="210" start="201" name="nns"/>
                    <label end="212" start="212" name="sent"/>
                </layer>
                <layer rank="1" name="NER"/>
                <layer rank="1" name="WSL"/>
            </annotationSet>
            <annotationSet cDate="04/15/2003 08:17:01 PDT Tue" status="MANUAL" ID="1854335">
                <layer rank="1" name="Target">
                    <label cBy="CFB" end="210" start="201" name="Target"/>
                </layer>
                <layer rank="1" name="FE">
                    <label cBy="GlY" feID="3971" end="210" start="201" name="Offense"/>
                </layer>
                <layer rank="1" name="GF"/>
                <layer rank="1" name="PT"/>
                <layer rank="1" name="Other"/>
                <layer rank="1" name="Sent"/>
                <layer rank="1" name="Noun"/>
            </annotationSet>
        </sentence>
    </subCorpus>
    <subCorpus name="other-matched-(1)"/>
    <subCorpus name="other-unmatched-(1)"/>
</lexUnit>