<?xml version="1.0" encoding="UTF-8" standalone="yes"?>
<?xml-stylesheet type="text/xsl" href="lexUnit.xsl"?>
<lexUnit status="Finished_Initial" POS="A" name="alike.a" ID="7973" frame="Similarity" frameID="481" totalAnnotated="20" xsi:schemaLocation="../schema/lexUnit.xsd" xmlns="http://framenet.icsi.berkeley.edu" xmlns:xsi="http://www.w3.org/2001/XMLSchema-instance">
    <header>
        <corpus description="BNC2" name="BNC2" ID="111">
            <document description="bncp" name="bncp" ID="421"/>
        </corpus>
        <frame>
            <FE fgColor="FFFFFF" bgColor="2E8B57" type="Extra-Thematic" abbrev="cir" name="Circumstances"/>
            <FE fgColor="FFFFFF" bgColor="FF69B4" type="Peripheral" abbrev="" name="Degree"/>
            <FE fgColor="000000" bgColor="FFA500" type="Extra-Thematic" abbrev="" name="Depictive"/>
            <FE fgColor="FFFFFF" bgColor="00BFFF" type="Core" abbrev="" name="Differentiating_fact"/>
            <FE fgColor="FFFFFF" bgColor="9400D3" type="Core" abbrev="" name="Dimension"/>
            <FE fgColor="FFFFFF" bgColor="FF0000" type="Core" abbrev="" name="Entities"/>
            <FE fgColor="FFFFFF" bgColor="0000FF" type="Core" abbrev="ent1" name="Entity_1"/>
            <FE fgColor="FFFFFF" bgColor="008000" type="Core" abbrev="ent2" name="Entity_2"/>
            <FE fgColor="000000" bgColor="EEE8AA" type="Extra-Thematic" abbrev="Exp" name="Explanation"/>
            <FE fgColor="000000" bgColor="FF00FF" type="Peripheral" abbrev="" name="Manner"/>
            <FE fgColor="000000" bgColor="FFFF00" type="Peripheral" abbrev="" name="Place"/>
            <FE fgColor="FFFFFF" bgColor="90876C" type="Peripheral" abbrev="" name="Time"/>
        </frame>
    </header>
    <definition>COD: similar.</definition>
    <lexeme POS="A" name="alike"/>
    <valences>
        <governor type="Sup" lemma="smell">
            <annoSet ID="1873501"/>
        </governor>
        <governor type="Ctrlr" lemma="look">
            <annoSet ID="1873483"/>
            <annoSet ID="1873613"/>
        </governor>
        <governor type="Ctrlr" lemma="sound">
            <annoSet ID="1873493"/>
        </governor>
        <FERealization total="16">
            <FE name="Degree"/>
            <pattern total="6">
                <valenceUnit GF="Dep" PT="A" FE="Degree"/>
                <annoSet ID="1873495"/>
                <annoSet ID="1873501"/>
                <annoSet ID="1873511"/>
                <annoSet ID="1873529"/>
                <annoSet ID="1873543"/>
                <annoSet ID="1873599"/>
            </pattern>
            <pattern total="5">
                <valenceUnit GF="Dep" PT="AJP" FE="Degree"/>
                <annoSet ID="1873483"/>
                <annoSet ID="1873487"/>
                <annoSet ID="1873489"/>
                <annoSet ID="1873493"/>
                <annoSet ID="1873517"/>
            </pattern>
            <pattern total="5">
                <valenceUnit GF="Dep" PT="AVP" FE="Degree"/>
                <annoSet ID="1873505"/>
                <annoSet ID="1873521"/>
                <annoSet ID="1873525"/>
                <annoSet ID="1873537"/>
                <annoSet ID="1873615"/>
            </pattern>
        </FERealization>
        <FERealization total="3">
            <FE name="Differentiating_fact"/>
            <pattern total="3">
                <valenceUnit GF="Dep" PT="PPing[in]" FE="Differentiating_fact"/>
                <annoSet ID="1873525"/>
                <annoSet ID="1873531"/>
                <annoSet ID="1873639"/>
            </pattern>
        </FERealization>
        <FERealization total="8">
            <FE name="Dimension"/>
            <pattern total="8">
                <valenceUnit GF="Dep" PT="PP[in]" FE="Dimension"/>
                <annoSet ID="1873521"/>
                <annoSet ID="1873529"/>
                <annoSet ID="1873537"/>
                <annoSet ID="1873543"/>
                <annoSet ID="1873587"/>
                <annoSet ID="1873599"/>
                <annoSet ID="1873613"/>
                <annoSet ID="1873615"/>
            </pattern>
        </FERealization>
        <FERealization total="20">
            <FE name="Entities"/>
            <pattern total="20">
                <valenceUnit GF="Ext" PT="NP" FE="Entities"/>
                <annoSet ID="1873483"/>
                <annoSet ID="1873487"/>
                <annoSet ID="1873489"/>
                <annoSet ID="1873493"/>
                <annoSet ID="1873495"/>
                <annoSet ID="1873501"/>
                <annoSet ID="1873505"/>
                <annoSet ID="1873511"/>
                <annoSet ID="1873517"/>
                <annoSet ID="1873521"/>
                <annoSet ID="1873525"/>
                <annoSet ID="1873529"/>
                <annoSet ID="1873531"/>
                <annoSet ID="1873537"/>
                <annoSet ID="1873543"/>
                <annoSet ID="1873587"/>
                <annoSet ID="1873599"/>
                <annoSet ID="1873613"/>
                <annoSet ID="1873615"/>
                <annoSet ID="1873639"/>
            </pattern>
        </FERealization>
        <FEGroupRealization total="1">
            <FE name="Degree"/>
            <FE name="Degree"/>
            <FE name="Dimension"/>
            <FE name="Entities"/>
            <pattern total="1">
                <valenceUnit GF="Dep" PT="AVP" FE="Degree"/>
                <valenceUnit GF="Dep" PT="AVP" FE="Degree"/>
                <valenceUnit GF="Dep" PT="PP[in]" FE="Dimension"/>
                <valenceUnit GF="Ext" PT="NP" FE="Entities"/>
                <annoSet ID="1873615"/>
            </pattern>
        </FEGroupRealization>
        <FEGroupRealization total="1">
            <FE name="Degree"/>
            <FE name="Degree"/>
            <FE name="Entities"/>
            <pattern total="1">
                <valenceUnit GF="Dep" PT="AJP" FE="Degree"/>
                <valenceUnit GF="Dep" PT="AJP" FE="Degree"/>
                <valenceUnit GF="Ext" PT="NP" FE="Entities"/>
                <annoSet ID="1873489"/>
            </pattern>
        </FEGroupRealization>
        <FEGroupRealization total="1">
            <FE name="Degree"/>
            <FE name="Differentiating_fact"/>
            <FE name="Entities"/>
            <pattern total="1">
                <valenceUnit GF="Dep" PT="AVP" FE="Degree"/>
                <valenceUnit GF="Dep" PT="PPing[in]" FE="Differentiating_fact"/>
                <valenceUnit GF="Ext" PT="NP" FE="Entities"/>
                <annoSet ID="1873525"/>
            </pattern>
        </FEGroupRealization>
        <FEGroupRealization total="5">
            <FE name="Degree"/>
            <FE name="Dimension"/>
            <FE name="Entities"/>
            <pattern total="3">
                <valenceUnit GF="Dep" PT="A" FE="Degree"/>
                <valenceUnit GF="Dep" PT="PP[in]" FE="Dimension"/>
                <valenceUnit GF="Ext" PT="NP" FE="Entities"/>
                <annoSet ID="1873529"/>
                <annoSet ID="1873543"/>
                <annoSet ID="1873599"/>
            </pattern>
            <pattern total="2">
                <valenceUnit GF="Dep" PT="AVP" FE="Degree"/>
                <valenceUnit GF="Dep" PT="PP[in]" FE="Dimension"/>
                <valenceUnit GF="Ext" PT="NP" FE="Entities"/>
                <annoSet ID="1873521"/>
                <annoSet ID="1873537"/>
            </pattern>
        </FEGroupRealization>
        <FEGroupRealization total="8">
            <FE name="Degree"/>
            <FE name="Entities"/>
            <pattern total="3">
                <valenceUnit GF="Dep" PT="A" FE="Degree"/>
                <valenceUnit GF="Ext" PT="NP" FE="Entities"/>
                <annoSet ID="1873495"/>
                <annoSet ID="1873501"/>
                <annoSet ID="1873511"/>
            </pattern>
            <pattern total="4">
                <valenceUnit GF="Dep" PT="AJP" FE="Degree"/>
                <valenceUnit GF="Ext" PT="NP" FE="Entities"/>
                <annoSet ID="1873483"/>
                <annoSet ID="1873487"/>
                <annoSet ID="1873493"/>
                <annoSet ID="1873517"/>
            </pattern>
            <pattern total="1">
                <valenceUnit GF="Dep" PT="AVP" FE="Degree"/>
                <valenceUnit GF="Ext" PT="NP" FE="Entities"/>
                <annoSet ID="1873505"/>
            </pattern>
        </FEGroupRealization>
        <FEGroupRealization total="2">
            <FE name="Differentiating_fact"/>
            <FE name="Entities"/>
            <pattern total="2">
                <valenceUnit GF="Dep" PT="PPing[in]" FE="Differentiating_fact"/>
                <valenceUnit GF="Ext" PT="NP" FE="Entities"/>
                <annoSet ID="1873531"/>
                <annoSet ID="1873639"/>
            </pattern>
        </FEGroupRealization>
        <FEGroupRealization total="2">
            <FE name="Dimension"/>
            <FE name="Entities"/>
            <pattern total="2">
                <valenceUnit GF="Dep" PT="PP[in]" FE="Dimension"/>
                <valenceUnit GF="Ext" PT="NP" FE="Entities"/>
                <annoSet ID="1873587"/>
                <annoSet ID="1873613"/>
            </pattern>
        </FEGroupRealization>
    </valences>
    <subCorpus name="01-Wmuch-T-(2)">
        <sentence corpID="111" docID="421" sentNo="4" paragNo="46" aPos="0" ID="1213191">
            <text>But to many occasional and less enthusiastic walkers all mountain tops look very much alike , the characteristics are not ingrained in memory and are soon forgotten .</text>
            <annotationSet cDate="04/30/2003 05:49:35 PDT Wed" status="UNANN" ID="1873482">
                <layer rank="1" name="PENN">
                    <label end="2" start="0" name="cc"/>
                    <label end="5" start="4" name="to"/>
                    <label end="10" start="7" name="jj"/>
                    <label end="21" start="12" name="jj"/>
                    <label end="25" start="23" name="cc"/>
                    <label end="30" start="27" name="rbr"/>
                    <label end="43" start="32" name="jj"/>
                    <label end="51" start="45" name="nns"/>
                    <label end="55" start="53" name="dt"/>
                    <label end="64" start="57" name="nn"/>
                    <label end="69" start="66" name="nns"/>
                    <label end="74" start="71" name="VVP"/>
                    <label end="79" start="76" name="rb"/>
                    <label end="84" start="81" name="rb"/>
                    <label end="90" start="86" name="rb"/>
                    <label end="92" start="92" name=","/>
                    <label end="96" start="94" name="dt"/>
                    <label end="112" start="98" name="nns"/>
                    <label end="116" start="114" name="vbp"/>
                    <label end="120" start="118" name="rb"/>
                    <label end="130" start="122" name="jj"/>
                    <label end="133" start="132" name="in"/>
                    <label end="140" start="135" name="nn"/>
                    <label end="144" start="142" name="cc"/>
                    <label end="148" start="146" name="vbp"/>
                    <label end="153" start="150" name="rb"/>
                    <label end="163" start="155" name="VVN"/>
                    <label end="165" start="165" name="sent"/>
                </layer>
                <layer rank="1" name="NER"/>
                <layer rank="1" name="WSL"/>
            </annotationSet>
            <annotationSet cDate="04/30/2003 05:49:36 PDT Wed" status="MANUAL" ID="1873483">
                <layer rank="1" name="Target">
                    <label cBy="JKR" end="90" start="86" name="Target"/>
                </layer>
                <layer rank="1" name="FE">
                    <label cBy="hmC" feID="4019" end="69" start="53" name="Entities"/>
                    <label cBy="hmC" feID="4230" end="84" start="76" name="Degree"/>
                </layer>
                <layer rank="1" name="GF">
                    <label end="69" start="53" name="Ext"/>
                    <label end="84" start="76" name="Dep"/>
                </layer>
                <layer rank="1" name="PT">
                    <label end="69" start="53" name="NP"/>
                    <label end="84" start="76" name="AJP"/>
                </layer>
                <layer rank="1" name="Other"/>
                <layer rank="1" name="Sent"/>
                <layer rank="1" name="Adj">
                    <label end="74" start="71" name="Ctrlr"/>
                </layer>
            </annotationSet>
        </sentence>
        <sentence corpID="111" docID="421" sentNo="1" paragNo="617" aPos="0" ID="1213193">
            <text>` Sean and I are very much alike , &quot; he said .</text>
            <annotationSet cDate="04/30/2003 05:49:37 PDT Wed" status="UNANN" ID="1873486">
                <layer rank="1" name="PENN">
                    <label end="5" start="2" name="NP"/>
                    <label end="9" start="7" name="cc"/>
                    <label end="11" start="11" name="PP"/>
                    <label end="15" start="13" name="vbp"/>
                    <label end="20" start="17" name="rb"/>
                    <label end="25" start="22" name="rb"/>
                    <label end="31" start="27" name="rb"/>
                    <label end="33" start="33" name=","/>
                    <label end="38" start="37" name="PP"/>
                    <label end="43" start="40" name="VVD"/>
                    <label end="45" start="45" name="sent"/>
                </layer>
                <layer rank="1" name="NER"/>
                <layer rank="1" name="WSL"/>
            </annotationSet>
            <annotationSet cDate="04/30/2003 05:49:38 PDT Wed" status="MANUAL" ID="1873487">
                <layer rank="1" name="Target">
                    <label cBy="JKR" end="31" start="27" name="Target"/>
                </layer>
                <layer rank="1" name="FE">
                    <label cBy="hmC" feID="4019" end="11" start="2" name="Entities"/>
                    <label cBy="hmC" feID="4230" end="25" start="17" name="Degree"/>
                </layer>
                <layer rank="1" name="GF">
                    <label end="25" start="17" name="Dep"/>
                    <label end="11" start="2" name="Ext"/>
                </layer>
                <layer rank="1" name="PT">
                    <label end="25" start="17" name="AJP"/>
                    <label end="11" start="2" name="NP"/>
                </layer>
                <layer rank="1" name="Other"/>
                <layer rank="1" name="Sent"/>
                <layer rank="1" name="Adj">
                    <label end="15" start="13" name="Cop"/>
                </layer>
            </annotationSet>
        </sentence>
        <sentence corpID="111" docID="421" sentNo="5" paragNo="204" aPos="0" ID="1213194">
            <text>The size of the mare too seems to be of little importance , and mules are much more alike than their parents might seem to suggest .</text>
            <annotationSet cDate="04/30/2003 05:49:38 PDT Wed" status="UNANN" ID="1873488">
                <layer rank="1" name="PENN">
                    <label end="2" start="0" name="dt"/>
                    <label end="7" start="4" name="nn"/>
                    <label end="10" start="9" name="in"/>
                    <label end="14" start="12" name="dt"/>
                    <label end="19" start="16" name="nn"/>
                    <label end="23" start="21" name="rb"/>
                    <label end="29" start="25" name="VVZ"/>
                    <label end="32" start="31" name="to"/>
                    <label end="35" start="34" name="vb"/>
                    <label end="38" start="37" name="in"/>
                    <label end="45" start="40" name="jj"/>
                    <label end="56" start="47" name="nn"/>
                    <label end="58" start="58" name=","/>
                    <label end="62" start="60" name="cc"/>
                    <label end="68" start="64" name="nns"/>
                    <label end="72" start="70" name="vbp"/>
                    <label end="77" start="74" name="rb"/>
                    <label end="82" start="79" name="rbr"/>
                    <label end="88" start="84" name="rb"/>
                    <label end="93" start="90" name="in"/>
                    <label end="99" start="95" name="PP$"/>
                    <label end="107" start="101" name="nns"/>
                    <label end="113" start="109" name="md"/>
                    <label end="118" start="115" name="VV"/>
                    <label end="121" start="120" name="to"/>
                    <label end="129" start="123" name="VV"/>
                    <label end="131" start="131" name="sent"/>
                </layer>
                <layer rank="1" name="NER"/>
                <layer rank="1" name="WSL"/>
            </annotationSet>
            <annotationSet cDate="04/30/2003 05:49:38 PDT Wed" status="MANUAL" ID="1873489">
                <layer rank="1" name="Target">
                    <label cBy="JKR" end="88" start="84" name="Target"/>
                </layer>
                <layer rank="1" name="FE">
                    <label cBy="hmC" feID="4019" end="68" start="64" name="Entities"/>
                    <label cBy="hmC" feID="4230" end="82" start="74" name="Degree"/>
                    <label cBy="hmC" feID="4230" end="129" start="90" name="Degree"/>
                </layer>
                <layer rank="1" name="GF">
                    <label end="68" start="64" name="Ext"/>
                    <label end="82" start="74" name="Dep"/>
                    <label end="129" start="90" name="Dep"/>
                </layer>
                <layer rank="1" name="PT">
                    <label end="68" start="64" name="NP"/>
                    <label end="82" start="74" name="AJP"/>
                    <label end="129" start="90" name="AJP"/>
                </layer>
                <layer rank="1" name="Other"/>
                <layer rank="1" name="Sent"/>
                <layer rank="1" name="Adj">
                    <label end="72" start="70" name="Cop"/>
                </layer>
            </annotationSet>
        </sentence>
        <sentence corpID="111" docID="421" sentNo="2" paragNo="91" aPos="0" ID="1213196">
            <text>Donleavy kept in touch by telephone , sometimes talking to Coleman 's father by mistake as they both sounded very much alike .</text>
            <annotationSet cDate="04/30/2003 05:49:39 PDT Wed" status="UNANN" ID="1873492">
                <layer rank="1" name="PENN">
                    <label end="7" start="0" name="NP"/>
                    <label end="12" start="9" name="VVD"/>
                    <label end="15" start="14" name="in"/>
                    <label end="21" start="17" name="nn"/>
                    <label end="24" start="23" name="in"/>
                    <label end="34" start="26" name="nn"/>
                    <label end="36" start="36" name=","/>
                    <label end="46" start="38" name="rb"/>
                    <label end="54" start="48" name="VVG"/>
                    <label end="57" start="56" name="to"/>
                    <label end="65" start="59" name="NP"/>
                    <label end="68" start="67" name="POS"/>
                    <label end="75" start="70" name="nn"/>
                    <label end="78" start="77" name="in"/>
                    <label end="86" start="80" name="nn"/>
                    <label end="89" start="88" name="in"/>
                    <label end="94" start="91" name="PP"/>
                    <label end="99" start="96" name="dt"/>
                    <label end="107" start="101" name="VVD"/>
                    <label end="112" start="109" name="rb"/>
                    <label end="117" start="114" name="rb"/>
                    <label end="123" start="119" name="rb"/>
                    <label end="125" start="125" name="sent"/>
                </layer>
                <layer rank="1" name="NER"/>
                <layer rank="1" name="WSL"/>
            </annotationSet>
            <annotationSet cDate="04/30/2003 05:49:39 PDT Wed" status="MANUAL" ID="1873493">
                <layer rank="1" name="Target">
                    <label cBy="JKR" end="123" start="119" name="Target"/>
                </layer>
                <layer rank="1" name="FE">
                    <label cBy="hmC" feID="4019" end="99" start="91" name="Entities"/>
                    <label cBy="hmC" feID="4230" end="117" start="109" name="Degree"/>
                </layer>
                <layer rank="1" name="GF">
                    <label end="99" start="91" name="Ext"/>
                    <label end="117" start="109" name="Dep"/>
                </layer>
                <layer rank="1" name="PT">
                    <label end="99" start="91" name="NP"/>
                    <label end="117" start="109" name="AJP"/>
                </layer>
                <layer rank="1" name="Other"/>
                <layer rank="1" name="Sent"/>
                <layer rank="1" name="Adj">
                    <label end="107" start="101" name="Ctrlr"/>
                </layer>
            </annotationSet>
        </sentence>
    </subCorpus>
    <subCorpus name="02-Wexactly-T-(2)">
        <sentence corpID="111" docID="421" sentNo="3" paragNo="1058" aPos="0" ID="1213197">
            <text>Both sides of the line of symmetry are exactly alike .</text>
            <annotationSet cDate="04/30/2003 05:49:40 PDT Wed" status="UNANN" ID="1873494">
                <layer rank="1" name="PENN">
                    <label end="3" start="0" name="dt"/>
                    <label end="9" start="5" name="nns"/>
                    <label end="12" start="11" name="in"/>
                    <label end="16" start="14" name="dt"/>
                    <label end="21" start="18" name="nn"/>
                    <label end="24" start="23" name="in"/>
                    <label end="33" start="26" name="nn"/>
                    <label end="37" start="35" name="vbp"/>
                    <label end="45" start="39" name="rb"/>
                    <label end="51" start="47" name="rb"/>
                    <label end="53" start="53" name="sent"/>
                </layer>
                <layer rank="1" name="NER"/>
                <layer rank="1" name="WSL"/>
            </annotationSet>
            <annotationSet cDate="04/30/2003 05:49:40 PDT Wed" status="MANUAL" ID="1873495">
                <layer rank="1" name="Target">
                    <label cBy="JKR" end="51" start="47" name="Target"/>
                </layer>
                <layer rank="1" name="FE">
                    <label cBy="hmC" feID="4019" end="33" start="0" name="Entities"/>
                    <label cBy="hmC" feID="4230" end="45" start="39" name="Degree"/>
                </layer>
                <layer rank="1" name="GF">
                    <label end="33" start="0" name="Ext"/>
                    <label end="45" start="39" name="Dep"/>
                </layer>
                <layer rank="1" name="PT">
                    <label end="33" start="0" name="NP"/>
                    <label end="45" start="39" name="A"/>
                </layer>
                <layer rank="1" name="Other"/>
                <layer rank="1" name="Sent"/>
                <layer rank="1" name="Adj">
                    <label end="37" start="35" name="Cop"/>
                </layer>
            </annotationSet>
        </sentence>
        <sentence corpID="111" docID="421" sentNo="2" paragNo="195" aPos="0" ID="1213200">
            <text>No two people smell exactly alike -- though there are similarities between races .</text>
            <annotationSet cDate="04/30/2003 05:49:41 PDT Wed" status="UNANN" ID="1873500">
                <layer rank="1" name="PENN">
                    <label end="1" start="0" name="dt"/>
                    <label end="5" start="3" name="cd"/>
                    <label end="12" start="7" name="nns"/>
                    <label end="18" start="14" name="VVP"/>
                    <label end="26" start="20" name="rb"/>
                    <label end="32" start="28" name="rb"/>
                    <label end="35" start="34" name=":"/>
                    <label end="42" start="37" name="in"/>
                    <label end="48" start="44" name="ex"/>
                    <label end="52" start="50" name="vbp"/>
                    <label end="65" start="54" name="nns"/>
                    <label end="73" start="67" name="in"/>
                    <label end="79" start="75" name="nns"/>
                    <label end="81" start="81" name="sent"/>
                </layer>
                <layer rank="1" name="NER"/>
                <layer rank="1" name="WSL"/>
            </annotationSet>
            <annotationSet cDate="04/30/2003 05:49:41 PDT Wed" status="MANUAL" ID="1873501">
                <layer rank="1" name="Target">
                    <label cBy="JKR" end="32" start="28" name="Target"/>
                </layer>
                <layer rank="1" name="FE">
                    <label cBy="hmC" feID="4019" end="12" start="0" name="Entities"/>
                    <label cBy="hmC" feID="4230" end="26" start="20" name="Degree"/>
                </layer>
                <layer rank="1" name="GF">
                    <label end="12" start="0" name="Ext"/>
                    <label end="26" start="20" name="Dep"/>
                </layer>
                <layer rank="1" name="PT">
                    <label end="12" start="0" name="NP"/>
                    <label end="26" start="20" name="A"/>
                </layer>
                <layer rank="1" name="Other"/>
                <layer rank="1" name="Sent"/>
                <layer rank="1" name="Adj">
                    <label end="18" start="14" name="Supp"/>
                </layer>
            </annotationSet>
        </sentence>
        <sentence corpID="111" docID="421" sentNo="5" paragNo="14" aPos="0" ID="1213202">
            <text>Obviously , no two phenomena are exactly alike , and communicators expect their audiences to identify the respects in which the resemblance holds .</text>
            <annotationSet cDate="04/30/2003 05:49:41 PDT Wed" status="UNANN" ID="1873504">
                <layer rank="1" name="PENN">
                    <label end="8" start="0" name="rb"/>
                    <label end="10" start="10" name=","/>
                    <label end="13" start="12" name="dt"/>
                    <label end="17" start="15" name="cd"/>
                    <label end="27" start="19" name="nns"/>
                    <label end="31" start="29" name="vbp"/>
                    <label end="39" start="33" name="rb"/>
                    <label end="45" start="41" name="rb"/>
                    <label end="47" start="47" name=","/>
                    <label end="51" start="49" name="cc"/>
                    <label end="65" start="53" name="nns"/>
                    <label end="72" start="67" name="VVP"/>
                    <label end="78" start="74" name="PP$"/>
                    <label end="88" start="80" name="nns"/>
                    <label end="91" start="90" name="to"/>
                    <label end="100" start="93" name="VV"/>
                    <label end="104" start="102" name="dt"/>
                    <label end="113" start="106" name="nns"/>
                    <label end="116" start="115" name="in"/>
                    <label end="122" start="118" name="wdt"/>
                    <label end="126" start="124" name="dt"/>
                    <label end="138" start="128" name="nn"/>
                    <label end="144" start="140" name="VVZ"/>
                    <label end="146" start="146" name="sent"/>
                </layer>
                <layer rank="1" name="NER"/>
                <layer rank="1" name="WSL"/>
            </annotationSet>
            <annotationSet cDate="04/30/2003 05:49:42 PDT Wed" status="MANUAL" ID="1873505">
                <layer rank="1" name="Target">
                    <label cBy="JKR" end="45" start="41" name="Target"/>
                </layer>
                <layer rank="1" name="FE">
                    <label cBy="JKR" feID="4019" end="27" start="12" name="Entities"/>
                    <label cBy="JKR" feID="4230" end="39" start="33" name="Degree"/>
                </layer>
                <layer rank="1" name="GF">
                    <label end="27" start="12" name="Ext"/>
                    <label end="39" start="33" name="Dep"/>
                </layer>
                <layer rank="1" name="PT">
                    <label end="27" start="12" name="NP"/>
                    <label end="39" start="33" name="AVP"/>
                </layer>
                <layer rank="1" name="Other"/>
                <layer rank="1" name="Sent"/>
                <layer rank="1" name="Adj">
                    <label end="31" start="29" name="Cop"/>
                </layer>
            </annotationSet>
        </sentence>
    </subCorpus>
    <subCorpus name="03-Wso-T-(2)">
        <sentence corpID="111" docID="421" sentNo="2" paragNo="763" aPos="0" ID="1213205">
            <text>The two faces , so alike , gazed at each other .</text>
            <annotationSet cDate="04/30/2003 05:49:43 PDT Wed" status="UNANN" ID="1873510">
                <layer rank="1" name="PENN">
                    <label end="2" start="0" name="dt"/>
                    <label end="6" start="4" name="cd"/>
                    <label end="12" start="8" name="nns"/>
                    <label end="14" start="14" name=","/>
                    <label end="17" start="16" name="rb"/>
                    <label end="23" start="19" name="rb"/>
                    <label end="25" start="25" name=","/>
                    <label end="31" start="27" name="VVN"/>
                    <label end="34" start="33" name="in"/>
                    <label end="39" start="36" name="dt"/>
                    <label end="45" start="41" name="jj"/>
                    <label end="47" start="47" name="sent"/>
                </layer>
                <layer rank="1" name="NER"/>
                <layer rank="1" name="WSL"/>
            </annotationSet>
            <annotationSet cDate="04/30/2003 05:49:43 PDT Wed" status="MANUAL" ID="1873511">
                <layer rank="1" name="Target">
                    <label cBy="JKR" end="23" start="19" name="Target"/>
                </layer>
                <layer rank="1" name="FE">
                    <label cBy="hmC" feID="4019" end="12" start="0" name="Entities"/>
                    <label cBy="hmC" feID="4230" end="17" start="16" name="Degree"/>
                </layer>
                <layer rank="1" name="GF">
                    <label end="12" start="0" name="Ext"/>
                    <label end="17" start="16" name="Dep"/>
                </layer>
                <layer rank="1" name="PT">
                    <label end="12" start="0" name="NP"/>
                    <label end="17" start="16" name="A"/>
                </layer>
                <layer rank="1" name="Other"/>
                <layer rank="1" name="Sent"/>
                <layer rank="1" name="Adj"/>
            </annotationSet>
        </sentence>
        <sentence corpID="111" docID="421" sentNo="2" paragNo="365" aPos="0" ID="1213208">
            <text>Anyone could tell they were brother and sister they were so much alike , except that he had a little goatee beard on his chin .</text>
            <annotationSet cDate="04/30/2003 05:49:44 PDT Wed" status="UNANN" ID="1873516">
                <layer rank="1" name="PENN">
                    <label end="5" start="0" name="nn"/>
                    <label end="11" start="7" name="md"/>
                    <label end="16" start="13" name="VV"/>
                    <label end="21" start="18" name="PP"/>
                    <label end="26" start="23" name="VBD"/>
                    <label end="34" start="28" name="nn"/>
                    <label end="38" start="36" name="cc"/>
                    <label end="45" start="40" name="nn"/>
                    <label end="50" start="47" name="PP"/>
                    <label end="55" start="52" name="VBD"/>
                    <label end="58" start="57" name="rb"/>
                    <label end="63" start="60" name="rb"/>
                    <label end="69" start="65" name="rb"/>
                    <label end="71" start="71" name=","/>
                    <label end="78" start="73" name="in"/>
                    <label end="83" start="80" name="wdt"/>
                    <label end="86" start="85" name="PP"/>
                    <label end="90" start="88" name="VHD"/>
                    <label end="92" start="92" name="dt"/>
                    <label end="99" start="94" name="jj"/>
                    <label end="106" start="101" name="nn"/>
                    <label end="112" start="108" name="nn"/>
                    <label end="115" start="114" name="in"/>
                    <label end="119" start="117" name="PP$"/>
                    <label end="124" start="121" name="nn"/>
                    <label end="126" start="126" name="sent"/>
                </layer>
                <layer rank="1" name="NER"/>
                <layer rank="1" name="WSL"/>
            </annotationSet>
            <annotationSet cDate="04/30/2003 05:49:44 PDT Wed" status="MANUAL" ID="1873517">
                <layer rank="1" name="Target">
                    <label cBy="JKR" end="69" start="65" name="Target"/>
                </layer>
                <layer rank="1" name="FE">
                    <label cBy="hmC" feID="4019" end="50" start="47" name="Entities"/>
                    <label cBy="hmC" feID="4230" end="63" start="57" name="Degree"/>
                </layer>
                <layer rank="1" name="GF">
                    <label end="50" start="47" name="Ext"/>
                    <label end="63" start="57" name="Dep"/>
                </layer>
                <layer rank="1" name="PT">
                    <label end="50" start="47" name="NP"/>
                    <label end="63" start="57" name="AJP"/>
                </layer>
                <layer rank="1" name="Other"/>
                <layer rank="1" name="Sent"/>
                <layer rank="1" name="Adj">
                    <label end="55" start="52" name="Cop"/>
                </layer>
            </annotationSet>
        </sentence>
        <sentence corpID="111" docID="421" sentNo="2" paragNo="176" aPos="0" ID="1213210">
            <text>In many ways they had both been so much alike : the nervous , magpie-like intelligence , the pedagogical aspirations , the Yankee toughness combined with the shuddering sensitivity .</text>
            <annotationSet cDate="04/30/2003 05:49:44 PDT Wed" status="UNANN" ID="1873520">
                <layer rank="1" name="PENN">
                    <label end="1" start="0" name="in"/>
                    <label end="6" start="3" name="jj"/>
                    <label end="11" start="8" name="nns"/>
                    <label end="16" start="13" name="PP"/>
                    <label end="20" start="18" name="VHD"/>
                    <label end="25" start="22" name="dt"/>
                    <label end="30" start="27" name="VBN"/>
                    <label end="33" start="32" name="rb"/>
                    <label end="38" start="35" name="jj"/>
                    <label end="44" start="40" name="rb"/>
                    <label end="46" start="46" name=":"/>
                    <label end="50" start="48" name="dt"/>
                    <label end="58" start="52" name="jj"/>
                    <label end="60" start="60" name=","/>
                    <label end="72" start="62" name="in"/>
                    <label end="85" start="74" name="nn"/>
                    <label end="87" start="87" name=","/>
                    <label end="91" start="89" name="dt"/>
                    <label end="103" start="93" name="jj"/>
                    <label end="115" start="105" name="nns"/>
                    <label end="117" start="117" name=","/>
                    <label end="121" start="119" name="dt"/>
                    <label end="128" start="123" name="NP"/>
                    <label end="138" start="130" name="nn"/>
                    <label end="147" start="140" name="VVN"/>
                    <label end="152" start="149" name="in"/>
                    <label end="156" start="154" name="dt"/>
                    <label end="167" start="158" name="VVG"/>
                    <label end="179" start="169" name="nn"/>
                    <label end="181" start="181" name="sent"/>
                </layer>
                <layer rank="1" name="NER"/>
                <layer rank="1" name="WSL"/>
            </annotationSet>
            <annotationSet cDate="04/30/2003 05:49:45 PDT Wed" status="MANUAL" ID="1873521">
                <layer rank="1" name="Target">
                    <label cBy="JKR" end="44" start="40" name="Target"/>
                </layer>
                <layer rank="1" name="FE">
                    <label cBy="JKR" feID="4029" end="11" start="0" name="Dimension"/>
                    <label cBy="JKR" feID="4019" end="16" start="13" name="Entities"/>
                    <label cBy="JKR" feID="4230" end="38" start="32" name="Degree"/>
                </layer>
                <layer rank="1" name="GF">
                    <label end="11" start="0" name="Dep"/>
                    <label end="16" start="13" name="Ext"/>
                    <label end="38" start="32" name="Dep"/>
                </layer>
                <layer rank="1" name="PT">
                    <label end="11" start="0" name="PP"/>
                    <label end="16" start="13" name="NP"/>
                    <label end="38" start="32" name="AVP"/>
                </layer>
                <layer rank="1" name="Other"/>
                <layer rank="1" name="Sent"/>
                <layer rank="1" name="Adj">
                    <label end="30" start="27" name="Cop"/>
                </layer>
            </annotationSet>
        </sentence>
    </subCorpus>
    <subCorpus name="05-T-Win-(2)">
        <sentence corpID="111" docID="421" sentNo="3" paragNo="86" aPos="0" ID="1213212">
            <text>Local pleasures and pains may be very much alike in both intensifying awareness and contracting it to themselves ; but the difference remains that pain forces itself on awareness against our spontaneous resistance .</text>
            <annotationSet cDate="04/30/2003 05:49:45 PDT Wed" status="UNANN" ID="1873524">
                <layer rank="1" name="PENN">
                    <label end="4" start="0" name="jj"/>
                    <label end="14" start="6" name="nns"/>
                    <label end="18" start="16" name="cc"/>
                    <label end="24" start="20" name="nns"/>
                    <label end="28" start="26" name="md"/>
                    <label end="31" start="30" name="vb"/>
                    <label end="36" start="33" name="rb"/>
                    <label end="41" start="38" name="jj"/>
                    <label end="47" start="43" name="rb"/>
                    <label end="50" start="49" name="in"/>
                    <label end="55" start="52" name="dt"/>
                    <label end="68" start="57" name="jj"/>
                    <label end="78" start="70" name="nn"/>
                    <label end="82" start="80" name="cc"/>
                    <label end="94" start="84" name="VVG"/>
                    <label end="97" start="96" name="PP"/>
                    <label end="100" start="99" name="to"/>
                    <label end="111" start="102" name="PP"/>
                    <label end="113" start="113" name=":"/>
                    <label end="117" start="115" name="cc"/>
                    <label end="121" start="119" name="dt"/>
                    <label end="132" start="123" name="nn"/>
                    <label end="140" start="134" name="VVZ"/>
                    <label end="145" start="142" name="dt"/>
                    <label end="150" start="147" name="nn"/>
                    <label end="157" start="152" name="VVZ"/>
                    <label end="164" start="159" name="PP"/>
                    <label end="167" start="166" name="in"/>
                    <label end="177" start="169" name="nn"/>
                    <label end="185" start="179" name="in"/>
                    <label end="189" start="187" name="PP$"/>
                    <label end="201" start="191" name="jj"/>
                    <label end="212" start="203" name="nn"/>
                    <label end="214" start="214" name="sent"/>
                </layer>
                <layer rank="1" name="NER"/>
                <layer rank="1" name="WSL"/>
            </annotationSet>
            <annotationSet cDate="04/30/2003 05:49:46 PDT Wed" status="MANUAL" ID="1873525">
                <layer rank="1" name="Target">
                    <label cBy="JKR" end="47" start="43" name="Target"/>
                </layer>
                <layer rank="1" name="FE">
                    <label cBy="hmC" feID="4019" end="24" start="0" name="Entities"/>
                    <label cBy="hmC" feID="4230" end="41" start="33" name="Degree"/>
                    <label cBy="hmC" feID="11930" end="111" start="49" name="Differentiating_fact"/>
                </layer>
                <layer rank="1" name="GF">
                    <label end="24" start="0" name="Ext"/>
                    <label end="41" start="33" name="Dep"/>
                    <label end="111" start="49" name="Dep"/>
                </layer>
                <layer rank="1" name="PT">
                    <label end="24" start="0" name="NP"/>
                    <label end="41" start="33" name="AVP"/>
                    <label end="111" start="49" name="PPing"/>
                </layer>
                <layer rank="1" name="Other"/>
                <layer rank="1" name="Sent"/>
                <layer rank="1" name="Adj">
                    <label end="31" start="30" name="Cop"/>
                </layer>
            </annotationSet>
        </sentence>
        <sentence corpID="111" docID="421" sentNo="2" paragNo="31" aPos="0" ID="1213214">
            <text>It is certainly true that no two zebras are exactly alike in the details of their black and white lines .</text>
            <annotationSet cDate="04/30/2003 05:49:46 PDT Wed" status="UNANN" ID="1873528">
                <layer rank="1" name="PENN">
                    <label end="1" start="0" name="PP"/>
                    <label end="4" start="3" name="VBZ"/>
                    <label end="14" start="6" name="rb"/>
                    <label end="19" start="16" name="jj"/>
                    <label end="24" start="21" name="in"/>
                    <label end="27" start="26" name="dt"/>
                    <label end="31" start="29" name="cd"/>
                    <label end="38" start="33" name="nns"/>
                    <label end="42" start="40" name="vbp"/>
                    <label end="50" start="44" name="rb"/>
                    <label end="56" start="52" name="rb"/>
                    <label end="59" start="58" name="in"/>
                    <label end="63" start="61" name="dt"/>
                    <label end="71" start="65" name="nns"/>
                    <label end="74" start="73" name="in"/>
                    <label end="80" start="76" name="PP$"/>
                    <label end="86" start="82" name="jj"/>
                    <label end="90" start="88" name="cc"/>
                    <label end="96" start="92" name="jj"/>
                    <label end="102" start="98" name="nns"/>
                    <label end="104" start="104" name="sent"/>
                </layer>
                <layer rank="1" name="NER"/>
                <layer rank="1" name="WSL"/>
            </annotationSet>
            <annotationSet cDate="04/30/2003 05:49:46 PDT Wed" status="MANUAL" ID="1873529">
                <layer rank="1" name="Target">
                    <label cBy="JKR" end="56" start="52" name="Target"/>
                </layer>
                <layer rank="1" name="FE">
                    <label cBy="hmC" feID="4019" end="38" start="26" name="Entities"/>
                    <label cBy="hmC" feID="4230" end="50" start="44" name="Degree"/>
                    <label cBy="hmC" feID="4029" end="102" start="58" name="Dimension"/>
                </layer>
                <layer rank="1" name="GF">
                    <label end="38" start="26" name="Ext"/>
                    <label end="50" start="44" name="Dep"/>
                    <label end="102" start="58" name="Dep"/>
                </layer>
                <layer rank="1" name="PT">
                    <label end="38" start="26" name="NP"/>
                    <label end="50" start="44" name="A"/>
                    <label end="102" start="58" name="PP"/>
                </layer>
                <layer rank="1" name="Other"/>
                <layer rank="1" name="Sent"/>
                <layer rank="1" name="Adj">
                    <label end="42" start="40" name="Cop"/>
                </layer>
            </annotationSet>
        </sentence>
        <sentence corpID="111" docID="421" sentNo="9" paragNo="165" aPos="0" ID="1213215">
            <text>But as well as the instinct to get right away , the two painters were alike in being unable to draw acceptably .</text>
            <annotationSet cDate="04/30/2003 05:49:47 PDT Wed" status="UNANN" ID="1873530">
                <layer rank="1" name="PENN">
                    <label end="2" start="0" name="cc"/>
                    <label end="5" start="4" name="rb"/>
                    <label end="10" start="7" name="rb"/>
                    <label end="13" start="12" name="in"/>
                    <label end="17" start="15" name="dt"/>
                    <label end="26" start="19" name="nn"/>
                    <label end="29" start="28" name="to"/>
                    <label end="33" start="31" name="VV"/>
                    <label end="39" start="35" name="rb"/>
                    <label end="44" start="41" name="rb"/>
                    <label end="46" start="46" name=","/>
                    <label end="50" start="48" name="dt"/>
                    <label end="54" start="52" name="cd"/>
                    <label end="63" start="56" name="nns"/>
                    <label end="68" start="65" name="VBD"/>
                    <label end="74" start="70" name="rb"/>
                    <label end="77" start="76" name="in"/>
                    <label end="83" start="79" name="nn"/>
                    <label end="90" start="85" name="jj"/>
                    <label end="93" start="92" name="to"/>
                    <label end="98" start="95" name="VV"/>
                    <label end="109" start="100" name="rb"/>
                    <label end="111" start="111" name="sent"/>
                </layer>
                <layer rank="1" name="NER"/>
                <layer rank="1" name="WSL"/>
            </annotationSet>
            <annotationSet cDate="04/30/2003 05:49:47 PDT Wed" status="MANUAL" ID="1873531">
                <layer rank="1" name="Target">
                    <label cBy="JKR" end="74" start="70" name="Target"/>
                </layer>
                <layer rank="1" name="FE">
                    <label cBy="hmC" feID="4019" end="63" start="48" name="Entities"/>
                    <label cBy="hmC" feID="11930" end="109" start="76" name="Differentiating_fact"/>
                </layer>
                <layer rank="1" name="GF">
                    <label end="63" start="48" name="Ext"/>
                    <label end="109" start="76" name="Dep"/>
                </layer>
                <layer rank="1" name="PT">
                    <label end="63" start="48" name="NP"/>
                    <label end="109" start="76" name="PPing"/>
                </layer>
                <layer rank="1" name="Other"/>
                <layer rank="1" name="Sent"/>
                <layer rank="1" name="Adj">
                    <label end="68" start="65" name="Cop"/>
                </layer>
            </annotationSet>
        </sentence>
        <sentence corpID="111" docID="421" sentNo="3" paragNo="26" aPos="0" ID="1213218">
            <text>Albert and Dad were very much alike , in some ways &quot; .</text>
            <annotationSet cDate="04/30/2003 05:49:48 PDT Wed" status="UNANN" ID="1873536">
                <layer rank="1" name="PENN">
                    <label end="5" start="0" name="NP"/>
                    <label end="9" start="7" name="cc"/>
                    <label end="13" start="11" name="NP"/>
                    <label end="18" start="15" name="VBD"/>
                    <label end="23" start="20" name="rb"/>
                    <label end="28" start="25" name="rb"/>
                    <label end="34" start="30" name="rb"/>
                    <label end="36" start="36" name=","/>
                    <label end="39" start="38" name="in"/>
                    <label end="44" start="41" name="dt"/>
                    <label end="49" start="46" name="nns"/>
                    <label end="53" start="53" name="sent"/>
                </layer>
                <layer rank="1" name="NER"/>
                <layer rank="1" name="WSL"/>
            </annotationSet>
            <annotationSet cDate="04/30/2003 05:49:48 PDT Wed" status="MANUAL" ID="1873537">
                <layer rank="1" name="Target">
                    <label cBy="JKR" end="34" start="30" name="Target"/>
                </layer>
                <layer rank="1" name="FE">
                    <label cBy="JKR" feID="4019" end="13" start="0" name="Entities"/>
                    <label cBy="JKR" feID="4230" end="28" start="20" name="Degree"/>
                    <label cBy="JKR" feID="4029" end="49" start="38" name="Dimension"/>
                </layer>
                <layer rank="1" name="GF">
                    <label end="13" start="0" name="Ext"/>
                    <label end="28" start="20" name="Dep"/>
                    <label end="49" start="38" name="Dep"/>
                </layer>
                <layer rank="1" name="PT">
                    <label end="13" start="0" name="NP"/>
                    <label end="28" start="20" name="AVP"/>
                    <label end="49" start="38" name="PP"/>
                </layer>
                <layer rank="1" name="Other"/>
                <layer rank="1" name="Sent"/>
                <layer rank="1" name="Adj">
                    <label end="18" start="15" name="Cop"/>
                </layer>
            </annotationSet>
        </sentence>
        <sentence corpID="111" docID="421" sentNo="4" paragNo="304" aPos="0" ID="1213221">
            <text>In the French Jura , for example , they are often remarkably alike in facies and fauna .</text>
            <annotationSet cDate="04/30/2003 05:49:48 PDT Wed" status="UNANN" ID="1873542">
                <layer rank="1" name="PENN">
                    <label end="1" start="0" name="in"/>
                    <label end="5" start="3" name="dt"/>
                    <label end="12" start="7" name="jj"/>
                    <label end="17" start="14" name="nns"/>
                    <label end="19" start="19" name=","/>
                    <label end="23" start="21" name="in"/>
                    <label end="31" start="25" name="nn"/>
                    <label end="33" start="33" name=","/>
                    <label end="38" start="35" name="PP"/>
                    <label end="42" start="40" name="vbp"/>
                    <label end="48" start="44" name="rb"/>
                    <label end="59" start="50" name="rb"/>
                    <label end="65" start="61" name="rb"/>
                    <label end="68" start="67" name="in"/>
                    <label end="75" start="70" name="nn"/>
                    <label end="79" start="77" name="cc"/>
                    <label end="85" start="81" name="nns"/>
                    <label end="87" start="87" name="sent"/>
                </layer>
                <layer rank="1" name="NER"/>
                <layer rank="1" name="WSL"/>
            </annotationSet>
            <annotationSet cDate="04/30/2003 05:49:49 PDT Wed" status="MANUAL" ID="1873543">
                <layer rank="1" name="Target">
                    <label cBy="JKR" end="65" start="61" name="Target"/>
                </layer>
                <layer rank="1" name="FE">
                    <label cBy="hmC" feID="4019" end="38" start="35" name="Entities"/>
                    <label cBy="hmC" feID="4230" end="59" start="50" name="Degree"/>
                    <label cBy="hmC" feID="4029" end="85" start="67" name="Dimension"/>
                </layer>
                <layer rank="1" name="GF">
                    <label end="38" start="35" name="Ext"/>
                    <label end="59" start="50" name="Dep"/>
                    <label end="85" start="67" name="Dep"/>
                </layer>
                <layer rank="1" name="PT">
                    <label end="38" start="35" name="NP"/>
                    <label end="59" start="50" name="A"/>
                    <label end="85" start="67" name="PP"/>
                </layer>
                <layer rank="1" name="Other"/>
                <layer rank="1" name="Sent"/>
                <layer rank="1" name="Adj">
                    <label end="42" start="40" name="Cop"/>
                </layer>
            </annotationSet>
        </sentence>
    </subCorpus>
    <subCorpus name="other-matched-(2)">
        <sentence corpID="111" docID="421" sentNo="2" paragNo="523" aPos="0" ID="1213243">
            <text>I said just now that we were alike in interests and tastes .</text>
            <annotationSet cDate="04/30/2003 05:49:57 PDT Wed" status="UNANN" ID="1873586">
                <layer rank="1" name="PENN">
                    <label end="0" start="0" name="PP"/>
                    <label end="5" start="2" name="VVD"/>
                    <label end="10" start="7" name="rb"/>
                    <label end="14" start="12" name="rb"/>
                    <label end="19" start="16" name="in"/>
                    <label end="22" start="21" name="PP"/>
                    <label end="27" start="24" name="VBD"/>
                    <label end="33" start="29" name="rb"/>
                    <label end="36" start="35" name="in"/>
                    <label end="46" start="38" name="nns"/>
                    <label end="50" start="48" name="cc"/>
                    <label end="57" start="52" name="nns"/>
                    <label end="59" start="59" name="sent"/>
                </layer>
                <layer rank="1" name="NER"/>
                <layer rank="1" name="WSL"/>
            </annotationSet>
            <annotationSet cDate="04/30/2003 05:49:57 PDT Wed" status="MANUAL" ID="1873587">
                <layer rank="1" name="Target">
                    <label cBy="JKR" end="33" start="29" name="Target"/>
                </layer>
                <layer rank="1" name="FE">
                    <label cBy="hmC" feID="4019" end="22" start="21" name="Entities"/>
                    <label cBy="hmC" feID="4029" end="57" start="35" name="Dimension"/>
                </layer>
                <layer rank="1" name="GF">
                    <label end="22" start="21" name="Ext"/>
                    <label end="57" start="35" name="Dep"/>
                </layer>
                <layer rank="1" name="PT">
                    <label end="22" start="21" name="NP"/>
                    <label end="57" start="35" name="PP"/>
                </layer>
                <layer rank="1" name="Other"/>
                <layer rank="1" name="Sent"/>
                <layer rank="1" name="Adj">
                    <label end="27" start="24" name="Cop"/>
                </layer>
            </annotationSet>
        </sentence>
        <sentence corpID="111" docID="421" sentNo="2" paragNo="375" aPos="0" ID="1213249">
            <text>Their characters are very alike in mannerisms and quirks as well as in their shyness and innocence .</text>
            <annotationSet cDate="04/30/2003 05:50:00 PDT Wed" status="UNANN" ID="1873598">
                <layer rank="1" name="PENN">
                    <label end="4" start="0" name="PP$"/>
                    <label end="15" start="6" name="nns"/>
                    <label end="19" start="17" name="vbp"/>
                    <label end="24" start="21" name="rb"/>
                    <label end="30" start="26" name="rb"/>
                    <label end="33" start="32" name="in"/>
                    <label end="44" start="35" name="nns"/>
                    <label end="48" start="46" name="cc"/>
                    <label end="55" start="50" name="nns"/>
                    <label end="58" start="57" name="in"/>
                    <label end="63" start="60" name="rb"/>
                    <label end="66" start="65" name="rb"/>
                    <label end="69" start="68" name="in"/>
                    <label end="75" start="71" name="PP$"/>
                    <label end="83" start="77" name="nn"/>
                    <label end="87" start="85" name="cc"/>
                    <label end="97" start="89" name="nn"/>
                    <label end="99" start="99" name="sent"/>
                </layer>
                <layer rank="1" name="NER"/>
                <layer rank="1" name="WSL"/>
            </annotationSet>
            <annotationSet cDate="04/30/2003 05:50:00 PDT Wed" status="MANUAL" ID="1873599">
                <layer rank="1" name="Target">
                    <label cBy="JKR" end="30" start="26" name="Target"/>
                </layer>
                <layer rank="1" name="FE">
                    <label cBy="hmC" feID="4019" end="15" start="0" name="Entities"/>
                    <label cBy="hmC" feID="4230" end="24" start="21" name="Degree"/>
                    <label cBy="hmC" feID="4029" end="97" start="32" name="Dimension"/>
                </layer>
                <layer rank="1" name="GF">
                    <label end="15" start="0" name="Ext"/>
                    <label end="24" start="21" name="Dep"/>
                    <label end="97" start="32" name="Dep"/>
                </layer>
                <layer rank="1" name="PT">
                    <label end="15" start="0" name="NP"/>
                    <label end="24" start="21" name="A"/>
                    <label end="97" start="32" name="PP"/>
                </layer>
                <layer rank="1" name="Other"/>
                <layer rank="1" name="Sent"/>
                <layer rank="1" name="Adj">
                    <label end="19" start="17" name="Cop"/>
                </layer>
            </annotationSet>
        </sentence>
        <sentence corpID="111" docID="421" sentNo="2" paragNo="19" aPos="0" ID="1213256">
            <text>They may look alike in shape and have some forms of behaviour in common , but they come from different parts of the world .</text>
            <annotationSet cDate="04/30/2003 05:50:02 PDT Wed" status="UNANN" ID="1873612">
                <layer rank="1" name="PENN">
                    <label end="3" start="0" name="PP"/>
                    <label end="7" start="5" name="md"/>
                    <label end="12" start="9" name="VV"/>
                    <label end="18" start="14" name="rb"/>
                    <label end="21" start="20" name="in"/>
                    <label end="27" start="23" name="nn"/>
                    <label end="31" start="29" name="cc"/>
                    <label end="36" start="33" name="VH"/>
                    <label end="41" start="38" name="dt"/>
                    <label end="47" start="43" name="nns"/>
                    <label end="50" start="49" name="in"/>
                    <label end="60" start="52" name="nn"/>
                    <label end="63" start="62" name="in"/>
                    <label end="70" start="65" name="jj"/>
                    <label end="72" start="72" name=","/>
                    <label end="76" start="74" name="cc"/>
                    <label end="81" start="78" name="PP"/>
                    <label end="86" start="83" name="VVP"/>
                    <label end="91" start="88" name="in"/>
                    <label end="101" start="93" name="jj"/>
                    <label end="107" start="103" name="nns"/>
                    <label end="110" start="109" name="in"/>
                    <label end="114" start="112" name="dt"/>
                    <label end="120" start="116" name="nn"/>
                    <label end="122" start="122" name="sent"/>
                </layer>
                <layer rank="1" name="NER"/>
                <layer rank="1" name="WSL"/>
            </annotationSet>
            <annotationSet cDate="04/30/2003 05:50:03 PDT Wed" status="MANUAL" ID="1873613">
                <layer rank="1" name="Target">
                    <label cBy="JKR" end="18" start="14" name="Target"/>
                </layer>
                <layer rank="1" name="FE">
                    <label cBy="hmC" feID="4019" end="3" start="0" name="Entities"/>
                    <label cBy="hmC" feID="4029" end="27" start="20" name="Dimension"/>
                </layer>
                <layer rank="1" name="GF">
                    <label end="3" start="0" name="Ext"/>
                    <label end="27" start="20" name="Dep"/>
                </layer>
                <layer rank="1" name="PT">
                    <label end="3" start="0" name="NP"/>
                    <label end="27" start="20" name="PP"/>
                </layer>
                <layer rank="1" name="Other"/>
                <layer rank="1" name="Sent"/>
                <layer rank="1" name="Adj">
                    <label end="12" start="9" name="Ctrlr"/>
                </layer>
            </annotationSet>
        </sentence>
        <sentence corpID="111" docID="421" sentNo="4" paragNo="205" aPos="0" ID="1213257">
            <text>In this respect , and prior to the experimental treatment , the two groups are as alike , in all relevant respects , as they can be .</text>
            <annotationSet cDate="04/30/2003 05:50:03 PDT Wed" status="UNANN" ID="1873614">
                <layer rank="1" name="PENN">
                    <label end="1" start="0" name="in"/>
                    <label end="6" start="3" name="dt"/>
                    <label end="14" start="8" name="nn"/>
                    <label end="16" start="16" name=","/>
                    <label end="20" start="18" name="cc"/>
                    <label end="26" start="22" name="rb"/>
                    <label end="29" start="28" name="to"/>
                    <label end="33" start="31" name="dt"/>
                    <label end="46" start="35" name="jj"/>
                    <label end="56" start="48" name="nn"/>
                    <label end="58" start="58" name=","/>
                    <label end="62" start="60" name="dt"/>
                    <label end="66" start="64" name="cd"/>
                    <label end="73" start="68" name="nns"/>
                    <label end="77" start="75" name="vbp"/>
                    <label end="80" start="79" name="rb"/>
                    <label end="86" start="82" name="rb"/>
                    <label end="88" start="88" name=","/>
                    <label end="91" start="90" name="in"/>
                    <label end="95" start="93" name="dt"/>
                    <label end="104" start="97" name="jj"/>
                    <label end="113" start="106" name="nns"/>
                    <label end="115" start="115" name=","/>
                    <label end="118" start="117" name="in"/>
                    <label end="123" start="120" name="PP"/>
                    <label end="127" start="125" name="md"/>
                    <label end="130" start="129" name="vb"/>
                    <label end="132" start="132" name="sent"/>
                </layer>
                <layer rank="1" name="NER"/>
                <layer rank="1" name="WSL"/>
            </annotationSet>
            <annotationSet cDate="04/30/2003 05:50:03 PDT Wed" status="MANUAL" ID="1873615">
                <layer rank="1" name="Target">
                    <label cBy="JKR" end="86" start="82" name="Target"/>
                </layer>
                <layer rank="1" name="FE">
                    <label cBy="hmC" feID="4019" end="73" start="60" name="Entities"/>
                    <label cBy="hmC" feID="4230" end="80" start="79" name="Degree"/>
                    <label cBy="hmC" feID="4029" end="113" start="90" name="Dimension"/>
                    <label cBy="hmC" feID="4230" end="130" start="117" name="Degree"/>
                </layer>
                <layer rank="1" name="GF">
                    <label end="73" start="60" name="Ext"/>
                    <label end="80" start="79" name="Dep"/>
                    <label end="113" start="90" name="Dep"/>
                    <label end="130" start="117" name="Dep"/>
                </layer>
                <layer rank="1" name="PT">
                    <label end="73" start="60" name="NP"/>
                    <label end="80" start="79" name="AVP"/>
                    <label end="113" start="90" name="PP"/>
                    <label end="130" start="117" name="AVP"/>
                </layer>
                <layer rank="1" name="Other"/>
                <layer rank="1" name="Sent"/>
                <layer rank="1" name="Adj">
                    <label end="77" start="75" name="Cop"/>
                </layer>
            </annotationSet>
        </sentence>
        <sentence corpID="111" docID="421" sentNo="13" paragNo="221" aPos="0" ID="1213269">
            <text>This sequence of interpretations is highlighted by a series of opposed associations : an uninitiated girl , a menstruating woman , and an uncircumcised boy are all alike in lacking whiteness .</text>
            <annotationSet cDate="04/30/2003 05:50:08 PDT Wed" status="UNANN" ID="1873638">
                <layer rank="1" name="PENN">
                    <label end="3" start="0" name="dt"/>
                    <label end="12" start="5" name="nn"/>
                    <label end="15" start="14" name="in"/>
                    <label end="31" start="17" name="nns"/>
                    <label end="34" start="33" name="VBZ"/>
                    <label end="46" start="36" name="VVN"/>
                    <label end="49" start="48" name="in"/>
                    <label end="51" start="51" name="dt"/>
                    <label end="58" start="53" name="nn"/>
                    <label end="61" start="60" name="in"/>
                    <label end="69" start="63" name="jj"/>
                    <label end="82" start="71" name="nns"/>
                    <label end="84" start="84" name=":"/>
                    <label end="87" start="86" name="dt"/>
                    <label end="99" start="89" name="jj"/>
                    <label end="104" start="101" name="nn"/>
                    <label end="106" start="106" name=","/>
                    <label end="108" start="108" name="dt"/>
                    <label end="121" start="110" name="jj"/>
                    <label end="127" start="123" name="nn"/>
                    <label end="129" start="129" name=","/>
                    <label end="133" start="131" name="cc"/>
                    <label end="136" start="135" name="dt"/>
                    <label end="150" start="138" name="jj"/>
                    <label end="154" start="152" name="nn"/>
                    <label end="158" start="156" name="vbp"/>
                    <label end="162" start="160" name="rb"/>
                    <label end="168" start="164" name="rb"/>
                    <label end="171" start="170" name="in"/>
                    <label end="179" start="173" name="VVG"/>
                    <label end="189" start="181" name="nn"/>
                    <label end="191" start="191" name="sent"/>
                </layer>
                <layer rank="1" name="NER"/>
                <layer rank="1" name="WSL"/>
            </annotationSet>
            <annotationSet cDate="04/30/2003 05:50:08 PDT Wed" status="MANUAL" ID="1873639">
                <layer rank="1" name="Target">
                    <label cBy="JKR" end="168" start="164" name="Target"/>
                </layer>
                <layer rank="1" name="FE">
                    <label cBy="hmC" feID="4019" end="154" start="86" name="Entities"/>
                    <label cBy="hmC" feID="11930" end="189" start="170" name="Differentiating_fact"/>
                </layer>
                <layer rank="1" name="GF">
                    <label end="154" start="86" name="Ext"/>
                    <label end="189" start="170" name="Dep"/>
                </layer>
                <layer rank="1" name="PT">
                    <label end="154" start="86" name="NP"/>
                    <label end="189" start="170" name="PPing"/>
                </layer>
                <layer rank="1" name="Other"/>
                <layer rank="1" name="Sent"/>
                <layer rank="1" name="Adj">
                    <label end="158" start="156" name="Cop"/>
                </layer>
            </annotationSet>
        </sentence>
    </subCorpus>
    <subCorpus name="other-unmatched-(2)"/>
</lexUnit>