<?xml version="1.0" encoding="UTF-8" standalone="yes"?>
<?xml-stylesheet type="text/xsl" href="lexUnit.xsl"?>
<lexUnit status="Created" POS="A" name="appellate.a" ID="7981" frame="Appeal" frameID="504" totalAnnotated="0" xsi:schemaLocation="../schema/lexUnit.xsd" xmlns="http://framenet.icsi.berkeley.edu" xmlns:xsi="http://www.w3.org/2001/XMLSchema-instance">
    <header>
        <frame>
            <FE fgColor="FFFFFF" bgColor="FF0000" type="Core" abbrev="Con" name="Convict"/>
            <FE fgColor="FFFFFF" bgColor="00BFFF" type="Extra-Thematic" abbrev="Court" name="Court"/>
            <FE fgColor="FFFFFF" bgColor="9400D3" type="Core" abbrev="Dec" name="Decision"/>
            <FE fgColor="FFFFFF" bgColor="90876C" type="Extra-Thematic" abbrev="" name="Explanation"/>
            <FE fgColor="FFFFFF" bgColor="006400" type="Extra-Thematic" abbrev="Gro" name="Grounds"/>
            <FE fgColor="000000" bgColor="A9A9A9" type="Extra-Thematic" abbrev="re-e" name="Re-encoding"/>
            <FE fgColor="FFFFFF" bgColor="00008B" type="Core" abbrev="Rep" name="Representative"/>
            <FE fgColor="FFFFFF" bgColor="FFA500" type="Peripheral" abbrev="" name="Time"/>
        </frame>
    </header>
    <definition>COD: (of a court) dealing with appeals. </definition>
    <lexeme POS="A" name="appellate"/>
    <valences/>
    <subCorpus name="01-T-Wcourt-(1)"/>
    <subCorpus name="01-T-Wjustice-(1)"/>
    <subCorpus name="01-T-Wjudge-(1)"/>
    <subCorpus name="01-T-Wjurisdiction-(1)"/>
    <subCorpus name="01-T-Wbranch-(1)"/>
    <subCorpus name="other-matched-(1)"/>
    <subCorpus name="other-unmatched-(1)"/>
</lexUnit>