<?xml version="1.0" encoding="UTF-8" standalone="yes"?>
<?xml-stylesheet type="text/xsl" href="lexUnit.xsl"?>
<lexUnit status="Pre-Marked" POS="V" name="handicap.v" ID="7926" frame="Hindering" frameID="480" totalAnnotated="0" xsi:schemaLocation="../schema/lexUnit.xsd" xmlns="http://framenet.icsi.berkeley.edu" xmlns:xsi="http://www.w3.org/2001/XMLSchema-instance">
    <header>
        <frame>
            <FE fgColor="FFFFFF" bgColor="800080" type="Core" abbrev="Act" name="Action"/>
            <FE fgColor="000000" bgColor="FFA500" type="Extra-Thematic" abbrev="" name="Circumstances"/>
            <FE fgColor="000000" bgColor="EEE8AA" type="Extra-Thematic" abbrev="" name="Concessive"/>
            <FE fgColor="FFFFFF" bgColor="FF00FF" type="Extra-Thematic" abbrev="Deg" name="Degree"/>
            <FE fgColor="FFFFFF" bgColor="A52A2A" type="Extra-Thematic" abbrev="dur" name="Duration"/>
            <FE fgColor="FFFFFF" bgColor="90876C" type="Extra-Thematic" abbrev="Exp" name="Explanation"/>
            <FE fgColor="FFFFFF" bgColor="2E8B57" type="Extra-Thematic" abbrev="" name="Frequency"/>
            <FE fgColor="FFFFFF" bgColor="FF0000" type="Core" abbrev="Hin" name="Hindrance"/>
            <FE fgColor="000000" bgColor="FFFF00" type="Peripheral" abbrev="Man" name="Manner"/>
            <FE fgColor="FFFFFF" bgColor="FF69B4" type="Peripheral" abbrev="" name="Means"/>
            <FE fgColor="FFFFFF" bgColor="00BFFF" type="Peripheral" abbrev="Place" name="Place"/>
            <FE fgColor="FFFFFF" bgColor="0000FF" type="Core" abbrev="Pro" name="Protagonist"/>
            <FE fgColor="FFFFFF" bgColor="008000" type="Peripheral" abbrev="Time" name="Time"/>
        </frame>
    </header>
    <definition>COD: to place at a disadvantage</definition>
    <lexeme POS="V" name="handicap"/>
    <valences/>
    <subCorpus name="01-subject_of-(1)"/>
    <subCorpus name="02-other-matched-(1)"/>
    <subCorpus name="03-other-unmatched-(1)"/>
</lexUnit>