<?xml version="1.0" encoding="UTF-8" standalone="yes"?>
<?xml-stylesheet type="text/xsl" href="lexUnit.xsl"?>
<lexUnit status="FN1_Sent" POS="V" name="confuse.v" ID="797" frame="Experiencer_obj" frameID="47" totalAnnotated="20" xsi:schemaLocation="../schema/lexUnit.xsd" xmlns="http://framenet.icsi.berkeley.edu" xmlns:xsi="http://www.w3.org/2001/XMLSchema-instance">
    <header>
        <corpus description="American National Corpus Texts" name="ANC" ID="195">
            <document description="Berlitz History of Greece" name="HistoryOfGreece" ID="23692"/>
        </corpus>
        <frame>
            <FE fgColor="FFFFFF" bgColor="A52A2A" type="Extra-Thematic" abbrev="Circ" name="Circumstances"/>
            <FE fgColor="FFFFFF" bgColor="FF69B4" type="Peripheral" abbrev="Degr" name="Degree"/>
            <FE fgColor="FFFFFF" bgColor="9400D3" type="Extra-Thematic" abbrev="Dep" name="Depictive"/>
            <FE fgColor="FFFFFF" bgColor="800080" type="Core" abbrev="Exp" name="Experiencer"/>
            <FE fgColor="FFFFFF" bgColor="00008B" type="Extra-Thematic" abbrev="Exp" name="Explanation"/>
            <FE fgColor="FFFFFF" bgColor="FF00FF" type="Peripheral" abbrev="Manr" name="Manner"/>
            <FE fgColor="FFFFFF" bgColor="0000FF" type="Peripheral" abbrev="Mns" name="Means"/>
            <FE fgColor="FFFFFF" bgColor="808080" type="Extra-Thematic" abbrev="Result" name="Result"/>
            <FE fgColor="FFFFFF" bgColor="FF0000" type="Core" abbrev="Stimulus" name="Stimulus"/>
            <FE fgColor="FFFFFF" bgColor="FFA500" type="Peripheral" abbrev="Tim" name="Time"/>
        </frame>
    </header>
    <definition>COD: cause to become bewildered or perplexed.</definition>
    <lexeme POS="V" name="confuse"/>
    <valences>
        <FERealization total="3">
            <FE name="Degree"/>
            <pattern total="3">
                <valenceUnit GF="Dep" PT="AVP" FE="Degree"/>
                <annoSet ID="909580"/>
                <annoSet ID="909604"/>
                <annoSet ID="909612"/>
            </pattern>
        </FERealization>
        <FERealization total="20">
            <FE name="Experiencer"/>
            <pattern total="7">
                <valenceUnit GF="Ext" PT="NP" FE="Experiencer"/>
                <annoSet ID="909592"/>
                <annoSet ID="909596"/>
                <annoSet ID="909598"/>
                <annoSet ID="909602"/>
                <annoSet ID="909604"/>
                <annoSet ID="909612"/>
                <annoSet ID="909780"/>
            </pattern>
            <pattern total="12">
                <valenceUnit GF="Obj" PT="NP" FE="Experiencer"/>
                <annoSet ID="909492"/>
                <annoSet ID="909500"/>
                <annoSet ID="909512"/>
                <annoSet ID="909546"/>
                <annoSet ID="909560"/>
                <annoSet ID="909574"/>
                <annoSet ID="909580"/>
                <annoSet ID="909584"/>
                <annoSet ID="909588"/>
                <annoSet ID="909670"/>
                <annoSet ID="909706"/>
                <annoSet ID="6542818"/>
            </pattern>
            <pattern total="1">
                <valenceUnit GF="" PT="DNI" FE="Experiencer"/>
                <annoSet ID="909750"/>
            </pattern>
        </FERealization>
        <FERealization total="2">
            <FE name="Means"/>
            <pattern total="2">
                <valenceUnit GF="Dep" PT="PP[with]" FE="Means"/>
                <annoSet ID="909492"/>
                <annoSet ID="909580"/>
            </pattern>
        </FERealization>
        <FERealization total="20">
            <FE name="Stimulus"/>
            <pattern total="6">
                <valenceUnit GF="Dep" PT="PP[by]" FE="Stimulus"/>
                <annoSet ID="909596"/>
                <annoSet ID="909598"/>
                <annoSet ID="909602"/>
                <annoSet ID="909604"/>
                <annoSet ID="909612"/>
                <annoSet ID="909780"/>
            </pattern>
            <pattern total="10">
                <valenceUnit GF="Ext" PT="NP" FE="Stimulus"/>
                <annoSet ID="909492"/>
                <annoSet ID="909512"/>
                <annoSet ID="909560"/>
                <annoSet ID="909574"/>
                <annoSet ID="909580"/>
                <annoSet ID="909584"/>
                <annoSet ID="909670"/>
                <annoSet ID="909706"/>
                <annoSet ID="909750"/>
                <annoSet ID="6542818"/>
            </pattern>
            <pattern total="1">
                <valenceUnit GF="Dep" PT="PPing[by]" FE="Stimulus"/>
                <annoSet ID="909592"/>
            </pattern>
            <pattern total="1">
                <valenceUnit GF="" PT="CNI" FE="Stimulus"/>
                <annoSet ID="909588"/>
            </pattern>
            <pattern total="1">
                <valenceUnit GF="Dep" PT="Sfin" FE="Stimulus"/>
                <annoSet ID="909500"/>
            </pattern>
            <pattern total="1">
                <valenceUnit GF="Dep" PT="VPto" FE="Stimulus"/>
                <annoSet ID="909546"/>
            </pattern>
        </FERealization>
        <FEGroupRealization total="1">
            <FE name="Degree"/>
            <FE name="Experiencer"/>
            <FE name="Means"/>
            <FE name="Stimulus"/>
            <pattern total="1">
                <valenceUnit GF="Dep" PT="AVP" FE="Degree"/>
                <valenceUnit GF="Obj" PT="NP" FE="Experiencer"/>
                <valenceUnit GF="Dep" PT="PP[with]" FE="Means"/>
                <valenceUnit GF="Ext" PT="NP" FE="Stimulus"/>
                <annoSet ID="909580"/>
            </pattern>
        </FEGroupRealization>
        <FEGroupRealization total="2">
            <FE name="Degree"/>
            <FE name="Experiencer"/>
            <FE name="Stimulus"/>
            <pattern total="2">
                <valenceUnit GF="Dep" PT="AVP" FE="Degree"/>
                <valenceUnit GF="Ext" PT="NP" FE="Experiencer"/>
                <valenceUnit GF="Dep" PT="PP[by]" FE="Stimulus"/>
                <annoSet ID="909604"/>
                <annoSet ID="909612"/>
            </pattern>
        </FEGroupRealization>
        <FEGroupRealization total="1">
            <FE name="Experiencer"/>
            <FE name="Means"/>
            <FE name="Stimulus"/>
            <pattern total="1">
                <valenceUnit GF="Obj" PT="NP" FE="Experiencer"/>
                <valenceUnit GF="Dep" PT="PP[with]" FE="Means"/>
                <valenceUnit GF="Ext" PT="NP" FE="Stimulus"/>
                <annoSet ID="909492"/>
            </pattern>
        </FEGroupRealization>
        <FEGroupRealization total="15">
            <FE name="Experiencer"/>
            <FE name="Stimulus"/>
            <pattern total="1">
                <valenceUnit GF="" PT="DNI" FE="Experiencer"/>
                <valenceUnit GF="Ext" PT="NP" FE="Stimulus"/>
                <annoSet ID="909750"/>
            </pattern>
            <pattern total="4">
                <valenceUnit GF="Ext" PT="NP" FE="Experiencer"/>
                <valenceUnit GF="Dep" PT="PP[by]" FE="Stimulus"/>
                <annoSet ID="909596"/>
                <annoSet ID="909598"/>
                <annoSet ID="909602"/>
                <annoSet ID="909780"/>
            </pattern>
            <pattern total="1">
                <valenceUnit GF="Ext" PT="NP" FE="Experiencer"/>
                <valenceUnit GF="Dep" PT="PPing[by]" FE="Stimulus"/>
                <annoSet ID="909592"/>
            </pattern>
            <pattern total="1">
                <valenceUnit GF="Obj" PT="NP" FE="Experiencer"/>
                <valenceUnit GF="" PT="CNI" FE="Stimulus"/>
                <annoSet ID="909588"/>
            </pattern>
            <pattern total="6">
                <valenceUnit GF="Obj" PT="NP" FE="Experiencer"/>
                <valenceUnit GF="Ext" PT="NP" FE="Stimulus"/>
                <annoSet ID="909512"/>
                <annoSet ID="909560"/>
                <annoSet ID="909574"/>
                <annoSet ID="909584"/>
                <annoSet ID="909670"/>
                <annoSet ID="909706"/>
            </pattern>
            <pattern total="1">
                <valenceUnit GF="Obj" PT="NP" FE="Experiencer"/>
                <valenceUnit GF="Dep" PT="Sfin" FE="Stimulus"/>
                <annoSet ID="909500"/>
            </pattern>
            <pattern total="1">
                <valenceUnit GF="Obj" PT="NP" FE="Experiencer"/>
                <valenceUnit GF="Dep" PT="VPto" FE="Stimulus"/>
                <annoSet ID="909546"/>
            </pattern>
        </FEGroupRealization>
        <FEGroupRealization total="1">
            <FE name="Experiencer"/>
            <FE name="Stimulus"/>
            <FE name="Stimulus"/>
            <pattern total="1">
                <valenceUnit GF="Obj" PT="NP" FE="Experiencer"/>
                <valenceUnit GF="Ext" PT="NP" FE="Stimulus"/>
                <valenceUnit GF="Ext" PT="NP" FE="Stimulus"/>
                <annoSet ID="6542818"/>
            </pattern>
        </FEGroupRealization>
    </valences>
    <subCorpus name="V-420-that-sfin"/>
    <subCorpus name="V-430-sfin"/>
    <subCorpus name="V-460-np-sthat">
        <sentence sentNo="0" aPos="65305046" ID="723825">
            <text>Boswell measured the water journey from Glenelg as twelve miles ; the boatman called it six miles , confusing old logical Johnson with the assertion that a mile on the land equated to two on the sea . </text>
            <annotationSet cDate="01/07/2003 12:00:07 PST Tue" status="UNANN" ID="909491">
                <layer rank="1" name="BNC">
                    <label end="6" start="0" name="NN1-NP0"/>
                    <label end="15" start="8" name="VVD"/>
                    <label end="19" start="17" name="AT0"/>
                    <label end="25" start="21" name="NN1"/>
                    <label end="33" start="27" name="NN1"/>
                    <label end="38" start="35" name="PRP"/>
                    <label end="46" start="40" name="NP0"/>
                    <label end="49" start="48" name="AV0"/>
                    <label end="56" start="51" name="CRD"/>
                    <label end="62" start="58" name="NN2"/>
                    <label end="64" start="64" name="PUN"/>
                    <label end="68" start="66" name="AT0"/>
                    <label end="76" start="70" name="NN1"/>
                    <label end="83" start="78" name="VVD-VVN"/>
                    <label end="86" start="85" name="PNP"/>
                    <label end="90" start="88" name="CRD"/>
                    <label end="96" start="92" name="NN2"/>
                    <label end="98" start="98" name="PUN"/>
                    <label end="108" start="100" name="VVG"/>
                    <label end="112" start="110" name="AJ0"/>
                    <label end="120" start="114" name="AJ0"/>
                    <label end="128" start="122" name="NP0"/>
                    <label end="133" start="130" name="PRP"/>
                    <label end="137" start="135" name="AT0"/>
                    <label end="147" start="139" name="NN1"/>
                    <label end="152" start="149" name="CJT"/>
                    <label end="154" start="154" name="AT0"/>
                    <label end="159" start="156" name="NN1"/>
                    <label end="162" start="161" name="PRP"/>
                    <label end="166" start="164" name="AT0"/>
                    <label end="171" start="168" name="NN1"/>
                    <label end="179" start="173" name="VVD-VVN"/>
                    <label end="182" start="181" name="PRP"/>
                    <label end="186" start="184" name="CRD"/>
                    <label end="189" start="188" name="PRP"/>
                    <label end="193" start="191" name="AT0"/>
                    <label end="197" start="195" name="NN1"/>
                    <label end="199" start="199" name="PUN"/>
                </layer>
                <layer rank="1" name="NER"/>
                <layer rank="1" name="WSL"/>
            </annotationSet>
            <annotationSet cDate="01/07/2003 12:00:07 PST Tue" status="MANUAL" ID="909492">
                <layer rank="1" name="FE">
                    <label cBy="BoC" feID="199" end="76" start="66" name="Stimulus"/>
                    <label cBy="BoC" feID="198" end="128" start="110" name="Experiencer"/>
                    <label cBy="BoC" feID="2070" end="197" start="130" name="Means"/>
                </layer>
                <layer rank="1" name="GF">
                    <label end="76" start="66" name="Ext"/>
                    <label end="128" start="110" name="Obj"/>
                    <label end="197" start="130" name="Dep"/>
                </layer>
                <layer rank="1" name="PT">
                    <label end="76" start="66" name="NP"/>
                    <label end="128" start="110" name="NP"/>
                    <label end="197" start="130" name="PP"/>
                </layer>
                <layer rank="1" name="Sent">
                    <label end="0" start="0" name="sense1"/>
                </layer>
                <layer rank="1" name="Other"/>
                <layer rank="1" name="Target">
                    <label cBy="BoC" end="108" start="100" name="Target"/>
                </layer>
                <layer rank="1" name="Verb"/>
            </annotationSet>
        </sentence>
        <sentence sentNo="0" aPos="107610047" ID="723829">
            <text>Does it confuse you that I should do the talking and you the listening ? </text>
            <annotationSet cDate="01/07/2003 12:00:08 PST Tue" status="UNANN" ID="909499">
                <layer rank="1" name="BNC">
                    <label end="3" start="0" name="VDZ"/>
                    <label end="6" start="5" name="PNP"/>
                    <label end="14" start="8" name="VVI"/>
                    <label end="18" start="16" name="PNP"/>
                    <label end="23" start="20" name="CJT"/>
                    <label end="25" start="25" name="PNP"/>
                    <label end="32" start="27" name="VM0"/>
                    <label end="35" start="34" name="VDI"/>
                    <label end="39" start="37" name="AT0"/>
                    <label end="47" start="41" name="AJ0-NN1"/>
                    <label end="51" start="49" name="CJC"/>
                    <label end="55" start="53" name="PNP"/>
                    <label end="59" start="57" name="AT0"/>
                    <label end="69" start="61" name="AJ0-NN1"/>
                    <label end="71" start="71" name="PUN"/>
                </layer>
                <layer rank="1" name="NER"/>
                <layer rank="1" name="WSL"/>
            </annotationSet>
            <annotationSet cDate="01/07/2003 12:00:08 PST Tue" status="MANUAL" ID="909500">
                <layer rank="1" name="FE">
                    <label cBy="BoC" feID="198" end="18" start="16" name="Experiencer"/>
                    <label cBy="BoC" feID="199" end="69" start="20" name="Stimulus"/>
                </layer>
                <layer rank="1" name="GF">
                    <label end="18" start="16" name="Obj"/>
                    <label end="69" start="20" name="Dep"/>
                </layer>
                <layer rank="1" name="PT">
                    <label end="18" start="16" name="NP"/>
                    <label end="69" start="20" name="Sfin"/>
                </layer>
                <layer rank="1" name="Sent">
                    <label end="0" start="0" name="sense1"/>
                </layer>
                <layer rank="1" name="Other">
                    <label end="6" start="5" name="Null"/>
                </layer>
                <layer rank="1" name="Target">
                    <label cBy="BoC" end="14" start="8" name="Target"/>
                </layer>
                <layer rank="1" name="Verb"/>
            </annotationSet>
        </sentence>
    </subCorpus>
    <subCorpus name="V-470-np-wh">
        <sentence sentNo="0" aPos="41005238" ID="723835">
            <text>Or was he merely seeking to confuse people in the West who have been calling for military intervention ? </text>
            <annotationSet cDate="01/07/2003 12:00:08 PST Tue" status="UNANN" ID="909511">
                <layer rank="1" name="BNC">
                    <label end="1" start="0" name="CJC"/>
                    <label end="5" start="3" name="VBD"/>
                    <label end="8" start="7" name="PNP"/>
                    <label end="15" start="10" name="AV0"/>
                    <label end="23" start="17" name="VVG"/>
                    <label end="26" start="25" name="TO0"/>
                    <label end="34" start="28" name="VVI"/>
                    <label end="41" start="36" name="NN0"/>
                    <label end="44" start="43" name="PRP"/>
                    <label end="48" start="46" name="AT0"/>
                    <label end="53" start="50" name="NN1-NP0"/>
                    <label end="57" start="55" name="PNQ"/>
                    <label end="62" start="59" name="VHB"/>
                    <label end="67" start="64" name="VBN"/>
                    <label end="75" start="69" name="VVG"/>
                    <label end="79" start="77" name="PRP"/>
                    <label end="88" start="81" name="AJ0"/>
                    <label end="101" start="90" name="NN1"/>
                    <label end="103" start="103" name="PUN"/>
                </layer>
                <layer rank="1" name="NER"/>
                <layer rank="1" name="WSL"/>
            </annotationSet>
            <annotationSet cDate="01/07/2003 12:00:08 PST Tue" status="MANUAL" ID="909512">
                <layer rank="1" name="FE">
                    <label cBy="BoC" feID="199" end="8" start="7" name="Stimulus"/>
                    <label cBy="BoC" feID="198" end="101" start="36" name="Experiencer"/>
                </layer>
                <layer rank="1" name="GF">
                    <label end="8" start="7" name="Ext"/>
                    <label end="101" start="36" name="Obj"/>
                </layer>
                <layer rank="1" name="PT">
                    <label end="8" start="7" name="NP"/>
                    <label end="101" start="36" name="NP"/>
                </layer>
                <layer rank="1" name="Sent">
                    <label end="0" start="0" name="sense1"/>
                </layer>
                <layer rank="1" name="Other"/>
                <layer rank="1" name="Target">
                    <label cBy="BoC" end="34" start="28" name="Target"/>
                </layer>
                <layer rank="1" name="Verb"/>
            </annotationSet>
        </sentence>
    </subCorpus>
    <subCorpus name="V-480-swh"/>
    <subCorpus name="V-530-np-vpto">
        <sentence sentNo="0" aPos="63998864" ID="723852">
            <text>It would only confuse him to tell him the truth . </text>
            <annotationSet cDate="01/07/2003 12:00:11 PST Tue" status="UNANN" ID="909545">
                <layer rank="1" name="BNC">
                    <label end="1" start="0" name="PNP"/>
                    <label end="7" start="3" name="VM0"/>
                    <label end="12" start="9" name="AV0"/>
                    <label end="20" start="14" name="VVI"/>
                    <label end="24" start="22" name="PNP"/>
                    <label end="27" start="26" name="TO0"/>
                    <label end="32" start="29" name="VVI"/>
                    <label end="36" start="34" name="PNP"/>
                    <label end="40" start="38" name="AT0"/>
                    <label end="46" start="42" name="NN1"/>
                    <label end="48" start="48" name="PUN"/>
                </layer>
                <layer rank="1" name="NER"/>
                <layer rank="1" name="WSL"/>
            </annotationSet>
            <annotationSet cDate="01/07/2003 12:00:11 PST Tue" status="MANUAL" ID="909546">
                <layer rank="1" name="FE">
                    <label cBy="BoC" feID="198" end="24" start="22" name="Experiencer"/>
                    <label cBy="BoC" feID="199" end="46" start="26" name="Stimulus"/>
                </layer>
                <layer rank="1" name="GF">
                    <label end="24" start="22" name="Obj"/>
                    <label end="46" start="26" name="Dep"/>
                </layer>
                <layer rank="1" name="PT">
                    <label end="24" start="22" name="NP"/>
                    <label end="46" start="26" name="VPto"/>
                </layer>
                <layer rank="1" name="Sent"/>
                <layer rank="1" name="Other">
                    <label end="1" start="0" name="Null"/>
                </layer>
                <layer rank="1" name="Target">
                    <label cBy="BoC" end="20" start="14" name="Target"/>
                </layer>
                <layer rank="1" name="Verb"/>
            </annotationSet>
        </sentence>
    </subCorpus>
    <subCorpus name="V-660-trans-simple">
        <sentence sentNo="0" aPos="74788163" ID="723859">
            <text>He was confusing her , sabotaging the lines of communication between them and making her sound even more guilty than she had to start with . </text>
            <annotationSet cDate="01/07/2003 12:00:11 PST Tue" status="UNANN" ID="909559">
                <layer rank="1" name="BNC">
                    <label end="1" start="0" name="PNP"/>
                    <label end="5" start="3" name="VBD"/>
                    <label end="15" start="7" name="VVG"/>
                    <label end="19" start="17" name="PNP"/>
                    <label end="21" start="21" name="PUN"/>
                    <label end="32" start="23" name="VVG"/>
                    <label end="36" start="34" name="AT0"/>
                    <label end="42" start="38" name="NN2"/>
                    <label end="45" start="44" name="PRF"/>
                    <label end="59" start="47" name="NN1"/>
                    <label end="67" start="61" name="PRP"/>
                    <label end="72" start="69" name="PNP"/>
                    <label end="76" start="74" name="CJC"/>
                    <label end="83" start="78" name="VVG"/>
                    <label end="87" start="85" name="DPS"/>
                    <label end="93" start="89" name="NN1"/>
                    <label end="98" start="95" name="AV0"/>
                    <label end="103" start="100" name="AV0"/>
                    <label end="110" start="105" name="AJ0"/>
                    <label end="115" start="112" name="CJS"/>
                    <label end="119" start="117" name="PNP"/>
                    <label end="123" start="121" name="VHD"/>
                    <label end="126" start="125" name="TO0"/>
                    <label end="132" start="128" name="VVI"/>
                    <label end="137" start="134" name="PRP"/>
                    <label end="139" start="139" name="PUN"/>
                </layer>
                <layer rank="1" name="NER"/>
                <layer rank="1" name="WSL"/>
            </annotationSet>
            <annotationSet cDate="01/07/2003 12:00:12 PST Tue" status="MANUAL" ID="909560">
                <layer rank="1" name="FE">
                    <label cBy="BoC" feID="199" end="1" start="0" name="Stimulus"/>
                    <label cBy="BoC" feID="198" end="19" start="17" name="Experiencer"/>
                </layer>
                <layer rank="1" name="GF">
                    <label end="1" start="0" name="Ext"/>
                    <label end="19" start="17" name="Obj"/>
                </layer>
                <layer rank="1" name="PT">
                    <label end="1" start="0" name="NP"/>
                    <label end="19" start="17" name="NP"/>
                </layer>
                <layer rank="1" name="Sent">
                    <label end="0" start="0" name="sense1"/>
                </layer>
                <layer rank="1" name="Other"/>
                <layer rank="1" name="Target">
                    <label cBy="BoC" end="15" start="7" name="Target"/>
                </layer>
                <layer rank="1" name="Verb"/>
            </annotationSet>
        </sentence>
        <sentence sentNo="0" aPos="57288606" ID="723866">
            <text>The comment about the cost confused me ; I was used to thinking of us as being well-off . </text>
            <annotationSet cDate="01/07/2003 12:00:12 PST Tue" status="UNANN" ID="909573">
                <layer rank="1" name="BNC">
                    <label end="2" start="0" name="AT0"/>
                    <label end="10" start="4" name="NN1"/>
                    <label end="16" start="12" name="PRP"/>
                    <label end="20" start="18" name="AT0"/>
                    <label end="25" start="22" name="NN1"/>
                    <label end="34" start="27" name="VVD"/>
                    <label end="37" start="36" name="PNP"/>
                    <label end="39" start="39" name="PUN"/>
                    <label end="41" start="41" name="PNP"/>
                    <label end="45" start="43" name="VBD"/>
                    <label end="50" start="47" name="AJ0"/>
                    <label end="53" start="52" name="PRP"/>
                    <label end="62" start="55" name="NN1-VVG"/>
                    <label end="65" start="64" name="PRF"/>
                    <label end="68" start="67" name="PNP"/>
                    <label end="71" start="70" name="CJS"/>
                    <label end="77" start="73" name="VBG"/>
                    <label end="86" start="79" name="AJ0"/>
                    <label end="88" start="88" name="PUN"/>
                </layer>
                <layer rank="1" name="NER"/>
                <layer rank="1" name="WSL"/>
            </annotationSet>
            <annotationSet cDate="01/07/2003 12:00:12 PST Tue" status="MANUAL" ID="909574">
                <layer rank="1" name="FE">
                    <label cBy="BoC" feID="199" end="25" start="0" name="Stimulus"/>
                    <label cBy="BoC" feID="198" end="37" start="36" name="Experiencer"/>
                </layer>
                <layer rank="1" name="GF">
                    <label end="25" start="0" name="Ext"/>
                    <label end="37" start="36" name="Obj"/>
                </layer>
                <layer rank="1" name="PT">
                    <label end="25" start="0" name="NP"/>
                    <label end="37" start="36" name="NP"/>
                </layer>
                <layer rank="1" name="Sent">
                    <label end="0" start="0" name="sense1"/>
                </layer>
                <layer rank="1" name="Other"/>
                <layer rank="1" name="Target">
                    <label cBy="BoC" end="34" start="27" name="Target"/>
                </layer>
                <layer rank="1" name="Verb"/>
            </annotationSet>
        </sentence>
        <sentence sentNo="0" aPos="9348232" ID="723869">
            <text>You can confuse people even more thoroughly with windows . </text>
            <annotationSet cDate="01/07/2003 12:00:13 PST Tue" status="UNANN" ID="909579">
                <layer rank="1" name="BNC">
                    <label end="2" start="0" name="PNP"/>
                    <label end="6" start="4" name="VM0"/>
                    <label end="14" start="8" name="VVI"/>
                    <label end="21" start="16" name="NN0"/>
                    <label end="26" start="23" name="AV0"/>
                    <label end="31" start="28" name="AV0"/>
                    <label end="42" start="33" name="AV0"/>
                    <label end="47" start="44" name="PRP"/>
                    <label end="55" start="49" name="NN2"/>
                    <label end="57" start="57" name="PUN"/>
                </layer>
                <layer rank="1" name="NER"/>
                <layer rank="1" name="WSL"/>
            </annotationSet>
            <annotationSet cDate="01/07/2003 12:00:13 PST Tue" status="MANUAL" ID="909580">
                <layer rank="1" name="FE">
                    <label cBy="BoC" feID="199" end="2" start="0" name="Stimulus"/>
                    <label cBy="BoC" feID="198" end="21" start="16" name="Experiencer"/>
                    <label cBy="BoC" feID="2066" end="42" start="23" name="Degree"/>
                    <label cBy="BoC" feID="2070" end="55" start="44" name="Means"/>
                </layer>
                <layer rank="1" name="GF">
                    <label end="2" start="0" name="Ext"/>
                    <label end="21" start="16" name="Obj"/>
                    <label end="42" start="23" name="Dep"/>
                    <label end="55" start="44" name="Dep"/>
                </layer>
                <layer rank="1" name="PT">
                    <label end="2" start="0" name="NP"/>
                    <label end="21" start="16" name="NP"/>
                    <label end="42" start="23" name="AVP"/>
                    <label end="55" start="44" name="PP"/>
                </layer>
                <layer rank="1" name="Sent">
                    <label end="0" start="0" name="sense1"/>
                </layer>
                <layer rank="1" name="Other"/>
                <layer rank="1" name="Target">
                    <label cBy="BoC" end="14" start="8" name="Target"/>
                </layer>
                <layer rank="1" name="Verb"/>
            </annotationSet>
        </sentence>
        <sentence sentNo="0" aPos="14142292" ID="723871">
            <text>` It will confuse them . </text>
            <annotationSet cDate="01/07/2003 12:00:13 PST Tue" status="UNANN" ID="909583">
                <layer rank="1" name="BNC">
                    <label end="0" start="0" name="PUQ"/>
                    <label end="3" start="2" name="PNP"/>
                    <label end="8" start="5" name="VM0"/>
                    <label end="16" start="10" name="VVI"/>
                    <label end="21" start="18" name="PNP"/>
                    <label end="23" start="23" name="PUN"/>
                </layer>
                <layer rank="1" name="NER"/>
                <layer rank="1" name="WSL"/>
            </annotationSet>
            <annotationSet cDate="01/07/2003 12:00:13 PST Tue" status="MANUAL" ID="909584">
                <layer rank="1" name="FE">
                    <label cBy="BoC" feID="199" end="3" start="2" name="Stimulus"/>
                    <label cBy="BoC" feID="198" end="21" start="18" name="Experiencer"/>
                </layer>
                <layer rank="1" name="GF">
                    <label end="3" start="2" name="Ext"/>
                    <label end="21" start="18" name="Obj"/>
                </layer>
                <layer rank="1" name="PT">
                    <label end="3" start="2" name="NP"/>
                    <label end="21" start="18" name="NP"/>
                </layer>
                <layer rank="1" name="Sent">
                    <label end="0" start="0" name="sense1"/>
                </layer>
                <layer rank="1" name="Other"/>
                <layer rank="1" name="Target">
                    <label cBy="BoC" end="16" start="10" name="Target"/>
                </layer>
                <layer rank="1" name="Verb"/>
            </annotationSet>
        </sentence>
        <sentence sentNo="0" aPos="7801166" ID="723873">
            <text>Do not confuse yourself . </text>
            <annotationSet cDate="01/07/2003 12:00:13 PST Tue" status="UNANN" ID="909587">
                <layer rank="1" name="BNC">
                    <label end="1" start="0" name="VDB"/>
                    <label end="5" start="3" name="XX0"/>
                    <label end="13" start="7" name="VVI"/>
                    <label end="22" start="15" name="PNX"/>
                    <label end="24" start="24" name="PUN"/>
                </layer>
                <layer rank="1" name="NER"/>
                <layer rank="1" name="WSL"/>
            </annotationSet>
            <annotationSet cDate="01/07/2003 12:00:13 PST Tue" status="MANUAL" ID="909588">
                <layer rank="1" name="FE">
                    <label cBy="BoC" feID="198" end="22" start="15" name="Experiencer"/>
                    <label cBy="BoC" feID="199" itype="CNI" name="Stimulus"/>
                </layer>
                <layer rank="1" name="GF">
                    <label end="22" start="15" name="Obj"/>
                </layer>
                <layer rank="1" name="PT">
                    <label end="22" start="15" name="NP"/>
                </layer>
                <layer rank="1" name="Sent">
                    <label end="0" start="0" name="sense1"/>
                </layer>
                <layer rank="1" name="Other"/>
                <layer rank="1" name="Target">
                    <label cBy="BoC" end="13" start="7" name="Target"/>
                </layer>
                <layer rank="1" name="Verb"/>
            </annotationSet>
        </sentence>
    </subCorpus>
    <subCorpus name="V-670-pass-by">
        <sentence sentNo="0" aPos="3909843" ID="723875">
            <text>It was easy , really , getting out of there -- it was just I was confused by it being dark and that . </text>
            <annotationSet cDate="01/07/2003 12:00:13 PST Tue" status="UNANN" ID="909591">
                <layer rank="1" name="BNC">
                    <label end="1" start="0" name="PNP"/>
                    <label end="5" start="3" name="VBD"/>
                    <label end="10" start="7" name="AJ0"/>
                    <label end="12" start="12" name="PUN"/>
                    <label end="19" start="14" name="AV0"/>
                    <label end="21" start="21" name="PUN"/>
                    <label end="29" start="23" name="VVG"/>
                    <label end="33" start="31" name="PRP"/>
                    <label end="36" start="35" name="PRP"/>
                    <label end="42" start="38" name="AV0"/>
                    <label end="45" start="44" name="PUN"/>
                    <label end="48" start="47" name="PNP"/>
                    <label end="52" start="50" name="VBD"/>
                    <label end="57" start="54" name="AV0"/>
                    <label end="59" start="59" name="PNP"/>
                    <label end="63" start="61" name="VBD"/>
                    <label end="72" start="65" name="VVN"/>
                    <label end="75" start="74" name="PRP"/>
                    <label end="78" start="77" name="PNP"/>
                    <label end="84" start="80" name="VBG"/>
                    <label end="89" start="86" name="AJ0"/>
                    <label end="93" start="91" name="CJC"/>
                    <label end="98" start="95" name="DT0"/>
                    <label end="100" start="100" name="PUN"/>
                </layer>
                <layer rank="1" name="NER"/>
                <layer rank="1" name="WSL"/>
            </annotationSet>
            <annotationSet cDate="01/07/2003 12:00:13 PST Tue" status="MANUAL" ID="909592">
                <layer rank="1" name="FE">
                    <label cBy="BoC" feID="198" end="59" start="59" name="Experiencer"/>
                    <label cBy="BoC" feID="199" end="98" start="74" name="Stimulus"/>
                </layer>
                <layer rank="1" name="GF">
                    <label end="59" start="59" name="Ext"/>
                    <label end="98" start="74" name="Dep"/>
                </layer>
                <layer rank="1" name="PT">
                    <label end="59" start="59" name="NP"/>
                    <label end="98" start="74" name="PPing"/>
                </layer>
                <layer rank="1" name="Sent">
                    <label end="0" start="0" name="sense1"/>
                </layer>
                <layer rank="1" name="Other"/>
                <layer rank="1" name="Target">
                    <label cBy="BoC" end="72" start="65" name="Target"/>
                </layer>
                <layer rank="1" name="Verb"/>
            </annotationSet>
        </sentence>
        <sentence sentNo="0" aPos="12404857" ID="723877">
            <text>I 'd asked that he should n't be bottle fed with my expressed milk as it can be more difficult to establish breastfeeding if a baby is confused by a teat . </text>
            <annotationSet cDate="01/07/2003 12:00:14 PST Tue" status="UNANN" ID="909595">
                <layer rank="1" name="BNC">
                    <label end="0" start="0" name="PNP"/>
                    <label end="3" start="2" name="VHD"/>
                    <label end="9" start="5" name="VVN"/>
                    <label end="14" start="11" name="CJT"/>
                    <label end="17" start="16" name="PNP"/>
                    <label end="24" start="19" name="VM0"/>
                    <label end="28" start="26" name="XX0"/>
                    <label end="31" start="30" name="VBI"/>
                    <label end="38" start="33" name="NN1"/>
                    <label end="42" start="40" name="VVD-VVN"/>
                    <label end="47" start="44" name="PRP"/>
                    <label end="50" start="49" name="DPS"/>
                    <label end="60" start="52" name="AJ0"/>
                    <label end="65" start="62" name="NN1"/>
                    <label end="68" start="67" name="CJS"/>
                    <label end="71" start="70" name="PNP"/>
                    <label end="75" start="73" name="VM0"/>
                    <label end="78" start="77" name="VBI"/>
                    <label end="83" start="80" name="AV0"/>
                    <label end="93" start="85" name="AJ0"/>
                    <label end="96" start="95" name="TO0"/>
                    <label end="106" start="98" name="VVI"/>
                    <label end="120" start="108" name="VVG"/>
                    <label end="123" start="122" name="CJS"/>
                    <label end="125" start="125" name="AT0"/>
                    <label end="130" start="127" name="NN1"/>
                    <label end="133" start="132" name="VBZ"/>
                    <label end="142" start="135" name="VVN"/>
                    <label end="145" start="144" name="PRP"/>
                    <label end="147" start="147" name="AT0"/>
                    <label end="152" start="149" name="NN1"/>
                    <label end="154" start="154" name="PUN"/>
                </layer>
                <layer rank="1" name="NER"/>
                <layer rank="1" name="WSL"/>
            </annotationSet>
            <annotationSet cDate="01/07/2003 12:00:14 PST Tue" status="MANUAL" ID="909596">
                <layer rank="1" name="FE">
                    <label cBy="BoC" feID="198" end="130" start="125" name="Experiencer"/>
                    <label cBy="BoC" feID="199" end="152" start="144" name="Stimulus"/>
                </layer>
                <layer rank="1" name="GF">
                    <label end="130" start="125" name="Ext"/>
                    <label end="152" start="144" name="Dep"/>
                </layer>
                <layer rank="1" name="PT">
                    <label end="130" start="125" name="NP"/>
                    <label end="152" start="144" name="PP"/>
                </layer>
                <layer rank="1" name="Sent">
                    <label end="0" start="0" name="sense1"/>
                </layer>
                <layer rank="1" name="Other"/>
                <layer rank="1" name="Target">
                    <label cBy="BoC" end="142" start="135" name="Target"/>
                </layer>
                <layer rank="1" name="Verb"/>
            </annotationSet>
        </sentence>
        <sentence sentNo="0" aPos="13835000" ID="723878">
            <text>My senses were confused by this new experience , having previously associated sightseeing with sights to see , not to mention hear and smell . </text>
            <annotationSet cDate="01/07/2003 12:00:14 PST Tue" status="UNANN" ID="909597">
                <layer rank="1" name="BNC">
                    <label end="1" start="0" name="DPS"/>
                    <label end="8" start="3" name="NN2"/>
                    <label end="13" start="10" name="VBD"/>
                    <label end="22" start="15" name="VVN"/>
                    <label end="25" start="24" name="PRP"/>
                    <label end="30" start="27" name="DT0"/>
                    <label end="34" start="32" name="AJ0"/>
                    <label end="45" start="36" name="NN1"/>
                    <label end="47" start="47" name="PUN"/>
                    <label end="54" start="49" name="VHG"/>
                    <label end="65" start="56" name="AV0"/>
                    <label end="76" start="67" name="VVN"/>
                    <label end="88" start="78" name="VVG"/>
                    <label end="93" start="90" name="PRP"/>
                    <label end="100" start="95" name="NN2"/>
                    <label end="103" start="102" name="TO0"/>
                    <label end="107" start="105" name="VVI"/>
                    <label end="109" start="109" name="PUN"/>
                    <label end="113" start="111" name="XX0"/>
                    <label end="116" start="115" name="TO0"/>
                    <label end="124" start="118" name="VVI"/>
                    <label end="129" start="126" name="VVB"/>
                    <label end="133" start="131" name="CJC"/>
                    <label end="139" start="135" name="NN1-VVB"/>
                    <label end="141" start="141" name="PUN"/>
                </layer>
                <layer rank="1" name="NER"/>
                <layer rank="1" name="WSL"/>
            </annotationSet>
            <annotationSet cDate="01/07/2003 12:00:14 PST Tue" status="MANUAL" ID="909598">
                <layer rank="1" name="FE">
                    <label cBy="BoC" feID="198" end="8" start="0" name="Experiencer"/>
                    <label cBy="BoC" feID="199" end="45" start="24" name="Stimulus"/>
                </layer>
                <layer rank="1" name="GF">
                    <label end="8" start="0" name="Ext"/>
                    <label end="45" start="24" name="Dep"/>
                </layer>
                <layer rank="1" name="PT">
                    <label end="8" start="0" name="NP"/>
                    <label end="45" start="24" name="PP"/>
                </layer>
                <layer rank="1" name="Sent">
                    <label end="0" start="0" name="sense1"/>
                </layer>
                <layer rank="1" name="Other"/>
                <layer rank="1" name="Target">
                    <label cBy="BoC" end="22" start="15" name="Target"/>
                </layer>
                <layer rank="1" name="Verb"/>
            </annotationSet>
        </sentence>
        <sentence sentNo="0" aPos="24284143" ID="723880">
            <text>Also some TV sets are confused by the fudged signal and display pictures which are either too small or unstable . </text>
            <annotationSet cDate="01/07/2003 12:00:14 PST Tue" status="UNANN" ID="909601">
                <layer rank="1" name="BNC">
                    <label end="3" start="0" name="AV0"/>
                    <label end="8" start="5" name="DT0"/>
                    <label end="11" start="10" name="NN1"/>
                    <label end="16" start="13" name="NN2"/>
                    <label end="20" start="18" name="VBB"/>
                    <label end="29" start="22" name="VVN"/>
                    <label end="32" start="31" name="PRP"/>
                    <label end="36" start="34" name="AT0"/>
                    <label end="43" start="38" name="AJ0"/>
                    <label end="50" start="45" name="NN1"/>
                    <label end="54" start="52" name="CJC"/>
                    <label end="62" start="56" name="NN1-VVB"/>
                    <label end="71" start="64" name="NN2"/>
                    <label end="77" start="73" name="DTQ"/>
                    <label end="81" start="79" name="VBB"/>
                    <label end="88" start="83" name="AV0"/>
                    <label end="92" start="90" name="AV0"/>
                    <label end="98" start="94" name="AJ0"/>
                    <label end="101" start="100" name="CJC"/>
                    <label end="110" start="103" name="AJ0"/>
                    <label end="112" start="112" name="PUN"/>
                </layer>
                <layer rank="1" name="NER"/>
                <layer rank="1" name="WSL"/>
            </annotationSet>
            <annotationSet cDate="01/07/2003 12:00:14 PST Tue" status="MANUAL" ID="909602">
                <layer rank="1" name="FE">
                    <label cBy="BoC" feID="198" end="16" start="5" name="Experiencer"/>
                    <label cBy="BoC" feID="199" end="50" start="31" name="Stimulus"/>
                </layer>
                <layer rank="1" name="GF">
                    <label end="16" start="5" name="Ext"/>
                    <label end="50" start="31" name="Dep"/>
                </layer>
                <layer rank="1" name="PT">
                    <label end="16" start="5" name="NP"/>
                    <label end="50" start="31" name="PP"/>
                </layer>
                <layer rank="1" name="Sent">
                    <label end="0" start="0" name="Metaphor"/>
                    <label end="0" start="0" name="sense1"/>
                </layer>
                <layer rank="1" name="Other"/>
                <layer rank="1" name="Target">
                    <label cBy="BoC" end="29" start="22" name="Target"/>
                </layer>
                <layer rank="1" name="Verb"/>
            </annotationSet>
        </sentence>
        <sentence sentNo="0" aPos="29890236" ID="723881">
            <text>The modern reader is likely to be particularly confused by Hilton 's discussion of Meditatio , the third great monastic practice . </text>
            <annotationSet cDate="01/07/2003 12:00:14 PST Tue" status="UNANN" ID="909603">
                <layer rank="1" name="BNC">
                    <label end="2" start="0" name="AT0"/>
                    <label end="9" start="4" name="AJ0"/>
                    <label end="16" start="11" name="NN1"/>
                    <label end="19" start="18" name="VBZ"/>
                    <label end="26" start="21" name="AJ0"/>
                    <label end="29" start="28" name="TO0"/>
                    <label end="32" start="31" name="VBI"/>
                    <label end="45" start="34" name="AV0"/>
                    <label end="54" start="47" name="VVN"/>
                    <label end="57" start="56" name="PRP"/>
                    <label end="64" start="59" name="NP0"/>
                    <label end="67" start="66" name="POS"/>
                    <label end="78" start="69" name="NN1"/>
                    <label end="81" start="80" name="PRF"/>
                    <label end="91" start="83" name="NP0"/>
                    <label end="93" start="93" name="PUN"/>
                    <label end="97" start="95" name="AT0"/>
                    <label end="103" start="99" name="ORD"/>
                    <label end="109" start="105" name="AJ0"/>
                    <label end="118" start="111" name="AJ0"/>
                    <label end="127" start="120" name="NN1"/>
                    <label end="129" start="129" name="PUN"/>
                </layer>
                <layer rank="1" name="NER"/>
                <layer rank="1" name="WSL"/>
            </annotationSet>
            <annotationSet cDate="01/07/2003 12:00:14 PST Tue" status="MANUAL" ID="909604">
                <layer rank="1" name="FE">
                    <label cBy="BoC" feID="198" end="16" start="0" name="Experiencer"/>
                    <label cBy="BoC" feID="2066" end="45" start="34" name="Degree"/>
                    <label cBy="BoC" feID="199" end="127" start="56" name="Stimulus"/>
                </layer>
                <layer rank="1" name="GF">
                    <label end="16" start="0" name="Ext"/>
                    <label end="45" start="34" name="Dep"/>
                    <label end="127" start="56" name="Dep"/>
                </layer>
                <layer rank="1" name="PT">
                    <label end="16" start="0" name="NP"/>
                    <label end="45" start="34" name="AVP"/>
                    <label end="127" start="56" name="PP"/>
                </layer>
                <layer rank="1" name="Sent">
                    <label end="0" start="0" name="sense1"/>
                </layer>
                <layer rank="1" name="Other"/>
                <layer rank="1" name="Target">
                    <label cBy="BoC" end="54" start="47" name="Target"/>
                </layer>
                <layer rank="1" name="Verb"/>
            </annotationSet>
        </sentence>
        <sentence sentNo="0" aPos="71217954" ID="723885">
            <text>You were too confused by how the city and the people looked to you . </text>
            <annotationSet cDate="01/07/2003 12:00:15 PST Tue" status="UNANN" ID="909611">
                <layer rank="1" name="BNC">
                    <label end="2" start="0" name="PNP"/>
                    <label end="7" start="4" name="VBD"/>
                    <label end="11" start="9" name="AV0"/>
                    <label end="20" start="13" name="VVN"/>
                    <label end="23" start="22" name="PRP"/>
                    <label end="27" start="25" name="AVQ"/>
                    <label end="31" start="29" name="AT0"/>
                    <label end="36" start="33" name="NN1"/>
                    <label end="40" start="38" name="CJC"/>
                    <label end="44" start="42" name="AT0"/>
                    <label end="51" start="46" name="NN0"/>
                    <label end="58" start="53" name="VVD-VVN"/>
                    <label end="61" start="60" name="PRP"/>
                    <label end="65" start="63" name="PNP"/>
                    <label end="67" start="67" name="PUN"/>
                </layer>
                <layer rank="1" name="NER"/>
                <layer rank="1" name="WSL"/>
            </annotationSet>
            <annotationSet cDate="01/07/2003 12:00:15 PST Tue" status="MANUAL" ID="909612">
                <layer rank="1" name="FE">
                    <label cBy="BoC" feID="198" end="2" start="0" name="Experiencer"/>
                    <label cBy="BoC" feID="2066" end="11" start="9" name="Degree"/>
                    <label cBy="BoC" feID="199" end="65" start="22" name="Stimulus"/>
                </layer>
                <layer rank="1" name="GF">
                    <label end="2" start="0" name="Ext"/>
                    <label end="11" start="9" name="Dep"/>
                    <label end="65" start="22" name="Dep"/>
                </layer>
                <layer rank="1" name="PT">
                    <label end="2" start="0" name="NP"/>
                    <label end="11" start="9" name="AVP"/>
                    <label end="65" start="22" name="PP"/>
                </layer>
                <layer rank="1" name="Sent">
                    <label end="0" start="0" name="sense1"/>
                </layer>
                <layer rank="1" name="Other"/>
                <layer rank="1" name="Target">
                    <label cBy="BoC" end="20" start="13" name="Target"/>
                </layer>
                <layer rank="1" name="Verb"/>
            </annotationSet>
        </sentence>
    </subCorpus>
    <subCorpus name="V-680-pass"/>
    <subCorpus name="V-690-trans-other">
        <sentence sentNo="0" aPos="71564376" ID="723914">
            <text>It has been claimed that interference has disrupted train signals , and electronic equipment from Nintendo Gameboys to video cameras has confused aircraft flight management computers . </text>
            <annotationSet cDate="01/07/2003 12:00:21 PST Tue" status="UNANN" ID="909669">
                <layer rank="1" name="BNC">
                    <label end="1" start="0" name="PNP"/>
                    <label end="5" start="3" name="VHZ"/>
                    <label end="10" start="7" name="VBN"/>
                    <label end="18" start="12" name="VVN"/>
                    <label end="23" start="20" name="CJT-DT0"/>
                    <label end="36" start="25" name="NN1"/>
                    <label end="40" start="38" name="VHZ"/>
                    <label end="50" start="42" name="VVN"/>
                    <label end="56" start="52" name="NN1-VVB"/>
                    <label end="64" start="58" name="NN2"/>
                    <label end="66" start="66" name="PUN"/>
                    <label end="70" start="68" name="CJC"/>
                    <label end="81" start="72" name="AJ0"/>
                    <label end="91" start="83" name="NN1"/>
                    <label end="96" start="93" name="PRP"/>
                    <label end="105" start="98" name="NN1-NP0"/>
                    <label end="114" start="107" name="NP0"/>
                    <label end="117" start="116" name="PRP"/>
                    <label end="123" start="119" name="NN1"/>
                    <label end="131" start="125" name="NN2"/>
                    <label end="135" start="133" name="VHZ"/>
                    <label end="144" start="137" name="VVN"/>
                    <label end="153" start="146" name="NN0"/>
                    <label end="160" start="155" name="NN1"/>
                    <label end="171" start="162" name="NN0"/>
                    <label end="181" start="173" name="NN2"/>
                    <label end="183" start="183" name="PUN"/>
                </layer>
                <layer rank="1" name="NER"/>
                <layer rank="1" name="WSL"/>
            </annotationSet>
            <annotationSet cDate="01/07/2003 12:00:21 PST Tue" status="MANUAL" ID="909670">
                <layer rank="1" name="FE">
                    <label cBy="BoC" feID="199" end="131" start="72" name="Stimulus"/>
                    <label cBy="BoC" feID="198" end="181" start="146" name="Experiencer"/>
                </layer>
                <layer rank="1" name="GF">
                    <label end="131" start="72" name="Ext"/>
                    <label end="181" start="146" name="Obj"/>
                </layer>
                <layer rank="1" name="PT">
                    <label end="131" start="72" name="NP"/>
                    <label end="181" start="146" name="NP"/>
                </layer>
                <layer rank="1" name="Sent">
                    <label end="0" start="0" name="Metaphor"/>
                    <label end="0" start="0" name="sense1"/>
                </layer>
                <layer rank="1" name="Other"/>
                <layer rank="1" name="Target">
                    <label cBy="BoC" end="144" start="137" name="Target"/>
                </layer>
                <layer rank="1" name="Verb"/>
            </annotationSet>
        </sentence>
        <sentence sentNo="0" aPos="78817162" ID="723932">
            <text>Erm , let me try and confuse you first , and then enlighten you later . </text>
            <annotationSet cDate="01/07/2003 12:00:23 PST Tue" status="UNANN" ID="909705">
                <layer rank="1" name="BNC">
                    <label end="2" start="0" name="UNC"/>
                    <label end="4" start="4" name="PUN"/>
                    <label end="8" start="6" name="VVB"/>
                    <label end="11" start="10" name="PNP"/>
                    <label end="15" start="13" name="VVI"/>
                    <label end="19" start="17" name="CJC"/>
                    <label end="27" start="21" name="VVB"/>
                    <label end="31" start="29" name="PNP"/>
                    <label end="37" start="33" name="ORD"/>
                    <label end="39" start="39" name="PUN"/>
                    <label end="43" start="41" name="CJC"/>
                    <label end="48" start="45" name="AV0"/>
                    <label end="58" start="50" name="VVB"/>
                    <label end="62" start="60" name="PNP"/>
                    <label end="68" start="64" name="AV0"/>
                    <label end="70" start="70" name="PUN"/>
                </layer>
                <layer rank="1" name="NER"/>
                <layer rank="1" name="WSL"/>
            </annotationSet>
            <annotationSet cDate="01/07/2003 12:00:23 PST Tue" status="MANUAL" ID="909706">
                <layer rank="1" name="FE">
                    <label cBy="BoC" feID="199" end="11" start="10" name="Stimulus"/>
                    <label cBy="BoC" feID="198" end="31" start="29" name="Experiencer"/>
                </layer>
                <layer rank="1" name="GF">
                    <label end="11" start="10" name="Ext"/>
                    <label end="31" start="29" name="Obj"/>
                </layer>
                <layer rank="1" name="PT">
                    <label end="11" start="10" name="NP"/>
                    <label end="31" start="29" name="NP"/>
                </layer>
                <layer rank="1" name="Sent">
                    <label end="0" start="0" name="sense2"/>
                </layer>
                <layer rank="1" name="Other"/>
                <layer rank="1" name="Target">
                    <label cBy="BoC" end="27" start="21" name="Target"/>
                </layer>
                <layer rank="1" name="Verb"/>
            </annotationSet>
        </sentence>
    </subCorpus>
    <subCorpus name="V-880-intrans-simple"/>
    <subCorpus name="V-890-intrans-adverb">
        <sentence sentNo="0" aPos="5411951" ID="723954">
            <text>Only interviews with the prime suspects could enlighten us now but , instead , they served to confuse still further . </text>
            <annotationSet cDate="01/07/2003 12:00:25 PST Tue" status="UNANN" ID="909749">
                <layer rank="1" name="BNC">
                    <label end="3" start="0" name="AJ0-AV0"/>
                    <label end="14" start="5" name="NN2-VVZ"/>
                    <label end="19" start="16" name="PRP"/>
                    <label end="23" start="21" name="AT0"/>
                    <label end="29" start="25" name="AJ0"/>
                    <label end="38" start="31" name="NN2"/>
                    <label end="44" start="40" name="VM0"/>
                    <label end="54" start="46" name="VVI"/>
                    <label end="57" start="56" name="PNP"/>
                    <label end="61" start="59" name="AV0"/>
                    <label end="65" start="63" name="CJC"/>
                    <label end="67" start="67" name="PUN"/>
                    <label end="75" start="69" name="AV0"/>
                    <label end="77" start="77" name="PUN"/>
                    <label end="82" start="79" name="PNP"/>
                    <label end="89" start="84" name="VVD"/>
                    <label end="92" start="91" name="TO0"/>
                    <label end="100" start="94" name="VVI"/>
                    <label end="106" start="102" name="AV0"/>
                    <label end="114" start="108" name="AV0"/>
                    <label end="116" start="116" name="PUN"/>
                </layer>
                <layer rank="1" name="NER"/>
                <layer rank="1" name="WSL"/>
            </annotationSet>
            <annotationSet cDate="01/07/2003 12:00:26 PST Tue" status="MANUAL" ID="909750">
                <layer rank="1" name="FE">
                    <label cBy="BoC" feID="199" end="82" start="79" name="Stimulus"/>
                    <label cBy="BoC" feID="198" itype="DNI" name="Experiencer"/>
                </layer>
                <layer rank="1" name="GF">
                    <label end="82" start="79" name="Ext"/>
                </layer>
                <layer rank="1" name="PT">
                    <label end="82" start="79" name="NP"/>
                </layer>
                <layer rank="1" name="Sent">
                    <label end="0" start="0" name="sense1"/>
                </layer>
                <layer rank="1" name="Other"/>
                <layer rank="1" name="Target">
                    <label cBy="BoC" end="100" start="94" name="Target"/>
                </layer>
                <layer rank="1" name="Verb"/>
            </annotationSet>
        </sentence>
    </subCorpus>
    <subCorpus name="V-900-other">
        <sentence sentNo="0" aPos="75739361" ID="723969">
            <text>She felt strangely at odds with herself , confused by her own emotions . </text>
            <annotationSet cDate="01/07/2003 12:00:27 PST Tue" status="UNANN" ID="909779">
                <layer rank="1" name="BNC">
                    <label end="2" start="0" name="PNP"/>
                    <label end="7" start="4" name="VVD"/>
                    <label end="17" start="9" name="AV0"/>
                    <label end="20" start="19" name="PRP"/>
                    <label end="25" start="22" name="NN2"/>
                    <label end="30" start="27" name="PRP"/>
                    <label end="38" start="32" name="PNX"/>
                    <label end="40" start="40" name="PUN"/>
                    <label end="49" start="42" name="VVN"/>
                    <label end="52" start="51" name="PRP"/>
                    <label end="56" start="54" name="DPS"/>
                    <label end="60" start="58" name="DT0"/>
                    <label end="69" start="62" name="NN2"/>
                    <label end="71" start="71" name="PUN"/>
                </layer>
                <layer rank="1" name="NER"/>
                <layer rank="1" name="WSL"/>
            </annotationSet>
            <annotationSet cDate="01/07/2003 12:00:27 PST Tue" status="MANUAL" ID="909780">
                <layer rank="1" name="FE">
                    <label cBy="BoC" feID="198" end="2" start="0" name="Experiencer"/>
                    <label cBy="BoC" feID="199" end="69" start="51" name="Stimulus"/>
                </layer>
                <layer rank="1" name="GF">
                    <label end="2" start="0" name="Ext"/>
                    <label end="69" start="51" name="Dep"/>
                </layer>
                <layer rank="1" name="PT">
                    <label end="2" start="0" name="NP"/>
                    <label end="69" start="51" name="PP"/>
                </layer>
                <layer rank="1" name="Sent">
                    <label end="0" start="0" name="sense1"/>
                </layer>
                <layer rank="1" name="Other"/>
                <layer rank="1" name="Target">
                    <label cBy="BoC" end="49" start="42" name="Target"/>
                </layer>
                <layer rank="1" name="Verb"/>
            </annotationSet>
        </sentence>
    </subCorpus>
    <subCorpus name="manually-added">
        <sentence corpID="195" docID="23692" sentNo="3" paragNo="29" aPos="0" ID="4101251">
            <text>The Venetians fortified their main towns -- Naxos Town and Antiparos Town are wonderful examples of this -- creating labyrinths of narrow alleys and cul-de-sacs that were designed to confuse and to demoralize invaders .</text>
            <annotationSet cDate="03/12/2007 02:51:25 PDT Mon" status="UNANN" ID="6542044">
                <layer rank="1" name="PENN">
                    <label end="2" start="0" name="dt"/>
                    <label end="12" start="4" name="nns"/>
                    <label end="22" start="14" name="VVN"/>
                    <label end="28" start="24" name="PP$"/>
                    <label end="33" start="30" name="jj"/>
                    <label end="39" start="35" name="nns"/>
                    <label end="42" start="41" name=":"/>
                    <label end="48" start="44" name="NP"/>
                    <label end="53" start="50" name="NP"/>
                    <label end="57" start="55" name="cc"/>
                    <label end="67" start="59" name="NP"/>
                    <label end="72" start="69" name="NP"/>
                    <label end="76" start="74" name="vbp"/>
                    <label end="86" start="78" name="jj"/>
                    <label end="95" start="88" name="nns"/>
                    <label end="98" start="97" name="in"/>
                    <label end="103" start="100" name="dt"/>
                    <label end="106" start="105" name=":"/>
                    <label end="115" start="108" name="VVG"/>
                    <label end="126" start="117" name="nns"/>
                    <label end="129" start="128" name="in"/>
                    <label end="136" start="131" name="jj"/>
                    <label end="143" start="138" name="nns"/>
                    <label end="147" start="145" name="cc"/>
                    <label end="159" start="149" name="nns"/>
                    <label end="164" start="161" name="wdt"/>
                    <label end="169" start="166" name="VBD"/>
                    <label end="178" start="171" name="VVN"/>
                    <label end="181" start="180" name="to"/>
                    <label end="189" start="183" name="VV"/>
                    <label end="193" start="191" name="cc"/>
                    <label end="196" start="195" name="to"/>
                    <label end="207" start="198" name="VV"/>
                    <label end="216" start="209" name="nns"/>
                    <label end="218" start="218" name="sent"/>
                </layer>
                <layer rank="1" name="NER">
                    <label end="53" start="44" name="location"/>
                    <label end="72" start="59" name="location"/>
                </layer>
                <layer rank="1" name="WSL">
                    <label end="2" start="0" name="NT"/>
                    <label end="28" start="24" name="NT"/>
                    <label end="42" start="41" name="NT"/>
                    <label end="48" start="44" name="NT"/>
                    <label end="57" start="55" name="NT"/>
                    <label end="67" start="59" name="NT"/>
                    <label end="76" start="74" name="NT"/>
                    <label end="98" start="97" name="NT"/>
                    <label end="103" start="100" name="NT"/>
                    <label end="106" start="105" name="NT"/>
                    <label end="129" start="128" name="NT"/>
                    <label end="147" start="145" name="NT"/>
                    <label end="164" start="161" name="NT"/>
                    <label end="169" start="166" name="NT"/>
                    <label end="181" start="180" name="NT"/>
                    <label end="193" start="191" name="NT"/>
                    <label end="196" start="195" name="NT"/>
                    <label end="218" start="218" name="NT"/>
                    <label end="12" start="4" name="NT"/>
                    <label end="126" start="117" name="Nonrelational"/>
                    <label end="143" start="138" name="Nonrelational"/>
                </layer>
            </annotationSet>
            <annotationSet cDate="03/19/2007 01:54:43 PDT Mon" status="MANUAL" ID="6542818">
                <layer rank="1" name="Target">
                    <label cBy="KmG" end="189" start="183" name="Target"/>
                </layer>
                <layer rank="1" name="FE">
                    <label cBy="KmG" feID="198" end="216" start="209" name="Experiencer"/>
                    <label cBy="KmG" feID="199" end="159" start="131" name="Stimulus"/>
                    <label cBy="KmG" feID="199" end="164" start="161" name="Stimulus"/>
                </layer>
                <layer rank="1" name="GF">
                    <label end="216" start="209" name="Obj"/>
                    <label end="159" start="131" name="Ext"/>
                    <label end="164" start="161" name="Ext"/>
                </layer>
                <layer rank="1" name="PT">
                    <label end="216" start="209" name="NP"/>
                    <label end="159" start="131" name="NP"/>
                    <label end="164" start="161" name="NP"/>
                </layer>
                <layer rank="1" name="Other">
                    <label end="164" start="161" name="Rel"/>
                    <label end="159" start="131" name="Ant"/>
                </layer>
                <layer rank="1" name="Sent"/>
                <layer rank="1" name="Verb"/>
            </annotationSet>
        </sentence>
    </subCorpus>
</lexUnit>