<?xml version="1.0" encoding="UTF-8" standalone="yes"?>
<?xml-stylesheet type="text/xsl" href="lexUnit.xsl"?>
<lexUnit status="Created" POS="V" name="inquire.v" ID="7965" frame="Criminal_investigation" frameID="500" totalAnnotated="0" xsi:schemaLocation="../schema/lexUnit.xsd" xmlns="http://framenet.icsi.berkeley.edu" xmlns:xsi="http://www.w3.org/2001/XMLSchema-instance">
    <header>
        <frame>
            <FE fgColor="FFFFFF" bgColor="FF69B4" type="Extra-Thematic" abbrev="Dur" name="Duration"/>
            <FE fgColor="FFFFFF" bgColor="0000FF" type="Core" abbrev="Inc" name="Incident"/>
            <FE fgColor="FFFFFF" bgColor="FF0000" type="Core" abbrev="Inv" name="Investigator"/>
            <FE fgColor="FFFFFF" bgColor="2E8B57" type="Core" abbrev="Sus" name="Suspect"/>
            <FE fgColor="FFFFFF" bgColor="FFA500" type="Peripheral" abbrev="Time" name="Time"/>
        </frame>
    </header>
    <definition>FN: to ask questions and gather evidence about a possible crime "The police began to inquire into the circumstances of his death."</definition>
    <lexeme POS="V" name="inquire"/>
    <valences/>
</lexUnit>