<?xml version="1.0" encoding="UTF-8" standalone="yes"?>
<?xml-stylesheet type="text/xsl" href="lexUnit.xsl"?>
<lexUnit status="Created" POS="V" name="wound.v" ID="7950" frame="Cause_harm" frameID="112" totalAnnotated="2" xsi:schemaLocation="../schema/lexUnit.xsd" xmlns="http://framenet.icsi.berkeley.edu" xmlns:xsi="http://www.w3.org/2001/XMLSchema-instance">
    <header>
        <corpus description="AQUAINT Knowledge-Based Evaluation Texts" name="KBEval" ID="185">
            <document description="Stanford" name="Stanford" ID="23576"/>
        </corpus>
        <corpus description="LUCorpus-v0.3" name="LUCorpus-v0.3" ID="205">
            <document description="CNN_AARONBROWN_ENG_20051101_215800.partial-NEW" name="CNN_AARONBROWN_ENG_20051101_215800.partial-NEW" ID="23733"/>
        </corpus>
        <frame>
            <FE fgColor="FFFFFF" bgColor="FF0000" type="Core" abbrev="Agt" name="Agent"/>
            <FE fgColor="FFFFFF" bgColor="9F79EE" type="Core" abbrev="BodP" name="Body_part"/>
            <FE fgColor="FFFFFF" bgColor="2E8B57" type="Core" abbrev="Cause" name="Cause"/>
            <FE fgColor="000000" bgColor="EEE8AA" type="Extra-Thematic" abbrev="" name="Circumstances"/>
            <FE fgColor="000000" bgColor="FF69B4" type="Extra-Thematic" abbrev="" name="Concessive"/>
            <FE fgColor="FFFFFF" bgColor="7CCD73" type="Extra-Thematic" abbrev="con" name="Containing_event"/>
            <FE fgColor="FFFFFF" bgColor="FF69B4" type="Peripheral" abbrev="Degr" name="Degree"/>
            <FE fgColor="FFFFFF" bgColor="9400D3" type="Extra-Thematic" abbrev="Depict" name="Depictive"/>
            <FE fgColor="000000" bgColor="FFD700" type="Extra-Thematic" abbrev="" name="Duration"/>
            <FE fgColor="FFFFFF" bgColor="006400" type="Extra-Thematic" abbrev="Exp" name="Explanation"/>
            <FE fgColor="FFFFFF" bgColor="90876C" type="Extra-Thematic" abbrev="" name="Frequency"/>
            <FE fgColor="FFFFFF" bgColor="808080" type="Peripheral" abbrev="Ins" name="Instrument"/>
            <FE fgColor="FFFFFF" bgColor="00008B" type="Extra-Thematic" abbrev="Iter" name="Iterations"/>
            <FE fgColor="FFFFFF" bgColor="FF00FF" type="Peripheral" abbrev="Manr" name="Manner"/>
            <FE fgColor="FFFFFF" bgColor="A52A2A" type="Peripheral" abbrev="Means" name="Means"/>
            <FE fgColor="000000" bgColor="7FFF00" type="Extra-Thematic" abbrev="" name="Particular_iteration"/>
            <FE fgColor="000000" bgColor="FFA500" type="Extra-Thematic" abbrev="" name="Period_of_iterations"/>
            <FE fgColor="FFFFFF" bgColor="008000" type="Peripheral" abbrev="" name="Place"/>
            <FE fgColor="FFFFFF" bgColor="800080" type="Extra-Thematic" abbrev="Purp" name="Purpose"/>
            <FE fgColor="000000" bgColor="7CCD73" type="Extra-Thematic" abbrev="re-e" name="Re-encoding"/>
            <FE fgColor="FFFFFF" bgColor="00BFFF" type="Extra-Thematic" abbrev="Result" name="Result"/>
            <FE fgColor="FFFFFF" bgColor="1E90FF" type="Extra-Thematic" abbrev="" name="Subregion_bodypart"/>
            <FE fgColor="FFFFFF" bgColor="FFA500" type="Peripheral" abbrev="Time" name="Time"/>
            <FE fgColor="FFFFFF" bgColor="0000FF" type="Core" abbrev="Vic" name="Victim"/>
        </frame>
    </header>
    <definition>COD: inflict a wound on. </definition>
    <lexeme POS="V" name="wound"/>
    <valences>
        <FERealization total="1">
            <FE name="Cause"/>
            <pattern total="1">
                <valenceUnit GF="" PT="CNI" FE="Cause"/>
                <annoSet ID="6533273"/>
            </pattern>
        </FERealization>
        <FERealization total="1">
            <FE name="Degree"/>
            <pattern total="1">
                <valenceUnit GF="Dep" PT="AVP" FE="Degree"/>
                <annoSet ID="6548097"/>
            </pattern>
        </FERealization>
        <FERealization total="1">
            <FE name="Time"/>
            <pattern total="1">
                <valenceUnit GF="Dep" PT="Sub" FE="Time"/>
                <annoSet ID="6533273"/>
            </pattern>
        </FERealization>
        <FERealization total="2">
            <FE name="Victim"/>
            <pattern total="2">
                <valenceUnit GF="Ext" PT="NP" FE="Victim"/>
                <annoSet ID="6533273"/>
                <annoSet ID="6548097"/>
            </pattern>
        </FERealization>
        <FEGroupRealization total="1">
            <FE name="Cause"/>
            <FE name="Time"/>
            <FE name="Victim"/>
            <pattern total="1">
                <valenceUnit GF="" PT="CNI" FE="Cause"/>
                <valenceUnit GF="Dep" PT="Sub" FE="Time"/>
                <valenceUnit GF="Ext" PT="NP" FE="Victim"/>
                <annoSet ID="6533273"/>
            </pattern>
        </FEGroupRealization>
        <FEGroupRealization total="1">
            <FE name="Degree"/>
            <FE name="Victim"/>
            <pattern total="1">
                <valenceUnit GF="Dep" PT="AVP" FE="Degree"/>
                <valenceUnit GF="Ext" PT="NP" FE="Victim"/>
                <annoSet ID="6548097"/>
            </pattern>
        </FEGroupRealization>
    </valences>
    <subCorpus name="manually-added">
        <sentence corpID="185" docID="23576" sentNo="2" paragNo="25" aPos="0" ID="4098628">
            <text>Outside the northern Iraqi city of Kirkuk , at least nine police officers were killed and three were wounded when a bomb detonated on an oil pipeline as they were trying to defuse it .</text>
            <annotationSet cDate="10/05/2005 01:32:55 PDT Wed" status="UNANN" ID="6531369">
                <layer rank="1" name="PENN">
                    <label end="6" start="0" name="in"/>
                    <label end="10" start="8" name="dt"/>
                    <label end="19" start="12" name="jj"/>
                    <label end="25" start="21" name="jj"/>
                    <label end="30" start="27" name="nn"/>
                    <label end="33" start="32" name="in"/>
                    <label end="40" start="35" name="NP"/>
                    <label end="42" start="42" name=","/>
                    <label end="45" start="44" name="in"/>
                    <label end="51" start="47" name="jjs"/>
                    <label end="56" start="53" name="cd"/>
                    <label end="63" start="58" name="nn"/>
                    <label end="72" start="65" name="nns"/>
                    <label end="77" start="74" name="VBD"/>
                    <label end="84" start="79" name="VVN"/>
                    <label end="88" start="86" name="cc"/>
                    <label end="94" start="90" name="cd"/>
                    <label end="99" start="96" name="VBD"/>
                    <label end="107" start="101" name="VVN"/>
                    <label end="112" start="109" name="wrb"/>
                    <label end="114" start="114" name="dt"/>
                    <label end="119" start="116" name="nn"/>
                    <label end="129" start="121" name="VVN"/>
                    <label end="132" start="131" name="in"/>
                    <label end="135" start="134" name="dt"/>
                    <label end="139" start="137" name="nn"/>
                    <label end="148" start="141" name="nn"/>
                    <label end="151" start="150" name="in"/>
                    <label end="156" start="153" name="PP"/>
                    <label end="161" start="158" name="VBD"/>
                    <label end="168" start="163" name="VVG"/>
                    <label end="171" start="170" name="to"/>
                    <label end="178" start="173" name="VV"/>
                    <label end="181" start="180" name="PP"/>
                    <label end="183" start="183" name="sent"/>
                </layer>
                <layer rank="1" name="NER">
                    <label end="40" start="35" name="location"/>
                </layer>
                <layer rank="1" name="WSL">
                    <label end="6" start="0" name="NT"/>
                    <label end="10" start="8" name="NT"/>
                    <label end="33" start="32" name="NT"/>
                    <label end="40" start="35" name="NT"/>
                    <label end="42" start="42" name="NT"/>
                    <label end="45" start="44" name="NT"/>
                    <label end="56" start="53" name="NT"/>
                    <label end="77" start="74" name="NT"/>
                    <label end="88" start="86" name="NT"/>
                    <label end="94" start="90" name="NT"/>
                    <label end="99" start="96" name="NT"/>
                    <label end="112" start="109" name="NT"/>
                    <label end="114" start="114" name="NT"/>
                    <label end="132" start="131" name="NT"/>
                    <label end="135" start="134" name="NT"/>
                    <label end="151" start="150" name="NT"/>
                    <label end="156" start="153" name="NT"/>
                    <label end="161" start="158" name="NT"/>
                    <label end="171" start="170" name="NT"/>
                    <label end="181" start="180" name="NT"/>
                    <label end="183" start="183" name="NT"/>
                    <label end="148" start="141" name="Nonrelational"/>
                </layer>
            </annotationSet>
            <annotationSet cDate="10/13/2005 03:04:42 PDT Thu" status="MANUAL" ID="6533273">
                <layer rank="1" name="Target">
                    <label cBy="RLG" end="107" start="101" name="Target"/>
                </layer>
                <layer rank="1" name="FE">
                    <label cBy="RLG" feID="547" end="94" start="90" name="Victim"/>
                    <label cBy="RLG" feID="557" end="181" start="109" name="Time"/>
                    <label cBy="RLG" feID="3331" itype="CNI" name="Cause"/>
                </layer>
                <layer rank="1" name="GF">
                    <label end="94" start="90" name="Ext"/>
                    <label end="181" start="109" name="Dep"/>
                </layer>
                <layer rank="1" name="PT">
                    <label end="94" start="90" name="NP"/>
                    <label end="181" start="109" name="Sub"/>
                </layer>
                <layer rank="1" name="Other"/>
                <layer rank="1" name="Sent"/>
                <layer rank="1" name="Verb"/>
            </annotationSet>
        </sentence>
        <sentence corpID="205" docID="23733" sentNo="2" paragNo="14" aPos="0" ID="4102425">
            <text>Over fifteen thousand have been seriously wounded .</text>
            <annotationSet cDate="08/17/2007 03:24:48 PDT Fri" status="UNANN" ID="6546207">
                <layer rank="1" name="PENN">
                    <label end="3" start="0" name="in"/>
                    <label end="11" start="5" name="cd"/>
                    <label end="20" start="13" name="cd"/>
                    <label end="25" start="22" name="VHP"/>
                    <label end="30" start="27" name="VBN"/>
                    <label end="40" start="32" name="rb"/>
                    <label end="48" start="42" name="VVN"/>
                    <label end="50" start="50" name="sent"/>
                </layer>
                <layer rank="1" name="NER"/>
                <layer rank="1" name="WSL">
                    <label end="25" start="22" name="NT"/>
                    <label end="30" start="27" name="NT"/>
                    <label end="50" start="50" name="NT"/>
                </layer>
            </annotationSet>
            <annotationSet cDate="10/03/2007 01:23:58 PDT Wed" status="MANUAL" ID="6548097">
                <layer rank="1" name="Target">
                    <label cBy="KmG" end="48" start="42" name="Target"/>
                </layer>
                <layer rank="1" name="FE">
                    <label cBy="KmG" feID="547" end="20" start="0" name="Victim"/>
                    <label cBy="KmG" feID="549" end="40" start="32" name="Degree"/>
                </layer>
                <layer rank="1" name="GF">
                    <label end="20" start="0" name="Ext"/>
                    <label end="40" start="32" name="Dep"/>
                </layer>
                <layer rank="1" name="PT">
                    <label end="20" start="0" name="NP"/>
                    <label end="40" start="32" name="AVP"/>
                </layer>
                <layer rank="1" name="Other"/>
                <layer rank="1" name="Sent"/>
                <layer rank="1" name="Verb"/>
            </annotationSet>
        </sentence>
    </subCorpus>
</lexUnit>