<?xml version="1.0" encoding="UTF-8" standalone="yes"?>
<?xml-stylesheet type="text/xsl" href="lexUnit.xsl"?>
<lexUnit status="Created" POS="N" name="conspiracy.n" ID="7976" frame="Offenses" frameID="432" totalAnnotated="0" xsi:schemaLocation="../schema/lexUnit.xsd" xmlns="http://framenet.icsi.berkeley.edu" xmlns:xsi="http://www.w3.org/2001/XMLSchema-instance">
    <header>
        <frame>
            <FE fgColor="FFFFFF" bgColor="FF69B4" type="Peripheral" abbrev="Deg" name="Degree"/>
            <FE fgColor="FFFFFF" bgColor="FF0000" type="Core" abbrev="Off" name="Offense"/>
            <FE fgColor="FFFFFF" bgColor="800080" type="Core" abbrev="" name="Perpetrator"/>
            <FE fgColor="FFFFFF" bgColor="1E90FF" type="Extra-Thematic" abbrev="Pun" name="Punishment"/>
            <FE fgColor="000000" bgColor="FFFF00" type="Extra-Thematic" abbrev="Spec" name="Specification"/>
            <FE fgColor="FFFFFF" bgColor="2E8B57" type="Core" abbrev="Vic" name="Victim"/>
        </frame>
    </header>
    <definition>COD: a secret plan by a group to do something unlawful or harmful. </definition>
    <lexeme POS="N" name="conspiracy"/>
    <valences/>
</lexUnit>