<?xml version="1.0" encoding="UTF-8" standalone="yes"?>
<?xml-stylesheet type="text/xsl" href="lexUnit.xsl"?>
<lexUnit status="Created" POS="N" name="obstruction [act].n" ID="8043" frame="Hindering" frameID="480" totalAnnotated="1" xsi:schemaLocation="../schema/lexUnit.xsd" xmlns="http://framenet.icsi.berkeley.edu" xmlns:xsi="http://www.w3.org/2001/XMLSchema-instance">
    <header>
        <corpus description="LUCorpus-v0.3" name="LUCorpus-v0.3" ID="205">
            <document description="CNN_AARONBROWN_ENG_20051101_215800.partial-NEW" name="CNN_AARONBROWN_ENG_20051101_215800.partial-NEW" ID="23733"/>
        </corpus>
        <frame>
            <FE fgColor="FFFFFF" bgColor="800080" type="Core" abbrev="Act" name="Action"/>
            <FE fgColor="000000" bgColor="FFA500" type="Extra-Thematic" abbrev="" name="Circumstances"/>
            <FE fgColor="000000" bgColor="EEE8AA" type="Extra-Thematic" abbrev="" name="Concessive"/>
            <FE fgColor="FFFFFF" bgColor="FF00FF" type="Extra-Thematic" abbrev="Deg" name="Degree"/>
            <FE fgColor="FFFFFF" bgColor="A52A2A" type="Extra-Thematic" abbrev="dur" name="Duration"/>
            <FE fgColor="FFFFFF" bgColor="90876C" type="Extra-Thematic" abbrev="Exp" name="Explanation"/>
            <FE fgColor="FFFFFF" bgColor="2E8B57" type="Extra-Thematic" abbrev="" name="Frequency"/>
            <FE fgColor="FFFFFF" bgColor="FF0000" type="Core" abbrev="Hin" name="Hindrance"/>
            <FE fgColor="000000" bgColor="FFFF00" type="Peripheral" abbrev="Man" name="Manner"/>
            <FE fgColor="FFFFFF" bgColor="FF69B4" type="Peripheral" abbrev="" name="Means"/>
            <FE fgColor="FFFFFF" bgColor="00BFFF" type="Peripheral" abbrev="Place" name="Place"/>
            <FE fgColor="FFFFFF" bgColor="0000FF" type="Core" abbrev="Pro" name="Protagonist"/>
            <FE fgColor="FFFFFF" bgColor="008000" type="Peripheral" abbrev="Time" name="Time"/>
        </frame>
    </header>
    <definition>COD: the action of obstructing or the state of being obstructed. </definition>
    <lexeme POS="N" name="obstruction"/>
    <valences>
        <FERealization total="1">
            <FE name="Action"/>
            <pattern total="1">
                <valenceUnit GF="" PT="DNI" FE="Action"/>
                <annoSet ID="6548070"/>
            </pattern>
        </FERealization>
        <FERealization total="1">
            <FE name="Hindrance"/>
            <pattern total="1">
                <valenceUnit GF="" PT="DEN" FE="Hindrance"/>
                <annoSet ID="6548070"/>
            </pattern>
        </FERealization>
        <FERealization total="1">
            <FE name="Protagonist"/>
            <pattern total="1">
                <valenceUnit GF="" PT="CNI" FE="Protagonist"/>
                <annoSet ID="6548070"/>
            </pattern>
        </FERealization>
        <FEGroupRealization total="1">
            <FE name="Action"/>
            <FE name="Hindrance"/>
            <FE name="Protagonist"/>
            <pattern total="1">
                <valenceUnit GF="" PT="DNI" FE="Action"/>
                <valenceUnit GF="" PT="DEN" FE="Hindrance"/>
                <valenceUnit GF="" PT="CNI" FE="Protagonist"/>
                <annoSet ID="6548070"/>
            </pattern>
        </FEGroupRealization>
    </valences>
    <subCorpus name="manually-added">
        <sentence corpID="205" docID="23733" sentNo="1" paragNo="12" aPos="0" ID="4102419">
            <text>Harry_Reed : This investigation has been stymied stopped , obstructions thrown up every step of the way .</text>
            <annotationSet cDate="08/17/2007 03:24:46 PDT Fri" status="UNANN" ID="6546201">
                <layer rank="1" name="PENN">
                    <label end="9" start="0" name="nn"/>
                    <label end="11" start="11" name=":"/>
                    <label end="16" start="13" name="dt"/>
                    <label end="30" start="18" name="nn"/>
                    <label end="34" start="32" name="VHZ"/>
                    <label end="39" start="36" name="VBN"/>
                    <label end="47" start="41" name="VVN"/>
                    <label end="55" start="49" name="VVN"/>
                    <label end="57" start="57" name=","/>
                    <label end="70" start="59" name="nns"/>
                    <label end="77" start="72" name="VVN"/>
                    <label end="80" start="79" name="in"/>
                    <label end="86" start="82" name="dt"/>
                    <label end="91" start="88" name="nn"/>
                    <label end="94" start="93" name="in"/>
                    <label end="98" start="96" name="dt"/>
                    <label end="102" start="100" name="nn"/>
                    <label end="104" start="104" name="sent"/>
                </layer>
                <layer rank="1" name="NER">
                    <label end="9" start="0" name="person"/>
                </layer>
                <layer rank="1" name="WSL">
                    <label end="11" start="11" name="NT"/>
                    <label end="16" start="13" name="NT"/>
                    <label end="34" start="32" name="NT"/>
                    <label end="39" start="36" name="NT"/>
                    <label end="57" start="57" name="NT"/>
                    <label end="80" start="79" name="NT"/>
                    <label end="86" start="82" name="NT"/>
                    <label end="94" start="93" name="NT"/>
                    <label end="98" start="96" name="NT"/>
                    <label end="104" start="104" name="NT"/>
                </layer>
            </annotationSet>
            <annotationSet cDate="10/03/2007 11:38:25 PDT Wed" status="MANUAL" ID="6548070">
                <layer rank="1" name="Target">
                    <label cBy="KmG" end="70" start="59" name="Target"/>
                </layer>
                <layer rank="1" name="FE">
                    <label cBy="KmG" feID="4011" end="70" start="59" name="Hindrance"/>
                    <label cBy="KmG" feID="4012" itype="DNI" name="Action"/>
                    <label cBy="KmG" feID="4010" itype="CNI" name="Protagonist"/>
                </layer>
                <layer rank="1" name="GF"/>
                <layer rank="1" name="PT"/>
                <layer rank="1" name="Other"/>
                <layer rank="1" name="Sent"/>
                <layer rank="1" name="Noun">
                    <label end="80" start="72" name="Ctrlr"/>
                </layer>
            </annotationSet>
        </sentence>
    </subCorpus>
</lexUnit>