<?xml version="1.0" encoding="UTF-8" standalone="yes"?>
<?xml-stylesheet type="text/xsl" href="lexUnit.xsl"?>
<lexUnit status="Finished_Initial" POS="V" name="cross-examine.v" ID="8028" frame="Court_examination" frameID="507" totalAnnotated="21" xsi:schemaLocation="../schema/lexUnit.xsd" xmlns="http://framenet.icsi.berkeley.edu" xmlns:xsi="http://www.w3.org/2001/XMLSchema-instance">
    <header>
        <corpus description="LDC Newswire corpus from AP" name="AP" ID="113">
            <document description="apwsE950907.0602" name="apwsE950907.0602" ID="1395"/>
            <document description="apwsE950913.0626" name="apwsE950913.0626" ID="1396"/>
            <document description="apwsE950306.0072" name="apwsE950306.0072" ID="1398"/>
            <document description="apwsE960207.0073" name="apwsE960207.0073" ID="1405"/>
            <document description="apwsE941202.0513" name="apwsE941202.0513" ID="1410"/>
            <document description="apwsE960201.0065" name="apwsE960201.0065" ID="1412"/>
            <document description="apwsE950302.0334" name="apwsE950302.0334" ID="1421"/>
            <document description="apwsE950201.0046" name="apwsE950201.0046" ID="1422"/>
            <document description="apwsE950628.0633" name="apwsE950628.0633" ID="1424"/>
            <document description="apwsE950921.0435" name="apwsE950921.0435" ID="1430"/>
            <document description="apwsE960201.0320" name="apwsE960201.0320" ID="1435"/>
            <document description="apwsE980203.0530" name="apwsE980203.0530" ID="1439"/>
            <document description="apwsE950827.0270" name="apwsE950827.0270" ID="1440"/>
            <document description="apwsE960114.0080" name="apwsE960114.0080" ID="1467"/>
            <document description="apwsE950720.0508" name="apwsE950720.0508" ID="1468"/>
            <document description="apwsE950613.0428" name="apwsE950613.0428" ID="1475"/>
            <document description="apwsE950310.0231" name="apwsE950310.0231" ID="1485"/>
            <document description="apwsE950202.0546" name="apwsE950202.0546" ID="1493"/>
            <document description="apwsE950322.0544" name="apwsE950322.0544" ID="1525"/>
            <document description="apwsE950227.0181" name="apwsE950227.0181" ID="1528"/>
            <document description="apwsE950228.0516" name="apwsE950228.0516" ID="1532"/>
        </corpus>
        <frame>
            <FE fgColor="FFFFFF" bgColor="9F79EE" type="Peripheral" abbrev="Dur" name="Duration"/>
            <FE fgColor="FFFFFF" bgColor="FF69B4" type="Peripheral" abbrev="" name="Manner"/>
            <FE fgColor="FFFFFF" bgColor="FF00FF" type="Peripheral" abbrev="" name="Means"/>
            <FE fgColor="FFFFFF" bgColor="008000" type="Peripheral" abbrev="" name="Place"/>
            <FE fgColor="FFFFFF" bgColor="800080" type="Extra-Thematic" abbrev="" name="Purpose"/>
            <FE fgColor="FFFFFF" bgColor="FF0000" type="Core" abbrev="Qu" name="Questioner"/>
            <FE fgColor="FFFFFF" bgColor="A9A9A9" type="Peripheral" abbrev="" name="Time"/>
            <FE fgColor="FFFFFF" bgColor="FFA500" type="Peripheral" abbrev="" name="Topic"/>
            <FE fgColor="FFFFFF" bgColor="0000FF" type="Core" abbrev="Wit" name="Witness"/>
        </frame>
    </header>
    <definition>COD:  question (a witness called by the other party) in a court of law to check or extend testimony already given</definition>
    <lexeme POS="V" name="cross-examine"/>
    <valences>
        <FERealization total="1">
            <FE name="Manner"/>
            <pattern total="1">
                <valenceUnit GF="Dep" PT="AVP" FE="Manner"/>
                <annoSet ID="1872831"/>
            </pattern>
        </FERealization>
        <FERealization total="1">
            <FE name="Means"/>
            <pattern total="1">
                <valenceUnit GF="Dep" PT="PP[with]" FE="Means"/>
                <annoSet ID="1872897"/>
            </pattern>
        </FERealization>
        <FERealization total="1">
            <FE name="Place"/>
            <pattern total="1">
                <valenceUnit GF="Dep" PT="PP[in]" FE="Place"/>
                <annoSet ID="1872903"/>
            </pattern>
        </FERealization>
        <FERealization total="1">
            <FE name="Purpose"/>
            <pattern total="1">
                <valenceUnit GF="Dep" PT="VPto" FE="Purpose"/>
                <annoSet ID="1872815"/>
            </pattern>
        </FERealization>
        <FERealization total="21">
            <FE name="Questioner"/>
            <pattern total="11">
                <valenceUnit GF="Ext" PT="NP" FE="Questioner"/>
                <annoSet ID="1872609"/>
                <annoSet ID="1872629"/>
                <annoSet ID="1872645"/>
                <annoSet ID="1872707"/>
                <annoSet ID="1872709"/>
                <annoSet ID="1872771"/>
                <annoSet ID="1872795"/>
                <annoSet ID="1872815"/>
                <annoSet ID="1872831"/>
                <annoSet ID="1872897"/>
                <annoSet ID="1872903"/>
            </pattern>
            <pattern total="5">
                <valenceUnit GF="" PT="CNI" FE="Questioner"/>
                <annoSet ID="1872611"/>
                <annoSet ID="1872641"/>
                <annoSet ID="1872665"/>
                <annoSet ID="1872777"/>
                <annoSet ID="1872911"/>
            </pattern>
            <pattern total="5">
                <valenceUnit GF="Dep" PT="PP[by]" FE="Questioner"/>
                <annoSet ID="1872615"/>
                <annoSet ID="1872667"/>
                <annoSet ID="1872673"/>
                <annoSet ID="1872687"/>
                <annoSet ID="1872699"/>
            </pattern>
        </FERealization>
        <FERealization total="7">
            <FE name="Time"/>
            <pattern total="1">
                <valenceUnit GF="Dep" PT="PP[outside]" FE="Time"/>
                <annoSet ID="1872911"/>
            </pattern>
            <pattern total="2">
                <valenceUnit GF="Dep" PT="PP[on]" FE="Time"/>
                <annoSet ID="1872667"/>
                <annoSet ID="1872709"/>
            </pattern>
            <pattern total="1">
                <valenceUnit GF="Dep" PT="Sinterrog" FE="Time"/>
                <annoSet ID="1872707"/>
            </pattern>
            <pattern total="2">
                <valenceUnit GF="Dep" PT="Sub" FE="Time"/>
                <annoSet ID="1872615"/>
                <annoSet ID="1872629"/>
            </pattern>
            <pattern total="1">
                <valenceUnit GF="Dep" PT="AVP" FE="Time"/>
                <annoSet ID="1872673"/>
            </pattern>
        </FERealization>
        <FERealization total="4">
            <FE name="Topic"/>
            <pattern total="3">
                <valenceUnit GF="Dep" PT="PP[about]" FE="Topic"/>
                <annoSet ID="1872611"/>
                <annoSet ID="1872615"/>
                <annoSet ID="1872673"/>
            </pattern>
            <pattern total="1">
                <valenceUnit GF="Dep" PT="PP[on]" FE="Topic"/>
                <annoSet ID="1872609"/>
            </pattern>
        </FERealization>
        <FERealization total="21">
            <FE name="Witness"/>
            <pattern total="14">
                <valenceUnit GF="Obj" PT="NP" FE="Witness"/>
                <annoSet ID="1872609"/>
                <annoSet ID="1872611"/>
                <annoSet ID="1872629"/>
                <annoSet ID="1872641"/>
                <annoSet ID="1872645"/>
                <annoSet ID="1872707"/>
                <annoSet ID="1872709"/>
                <annoSet ID="1872771"/>
                <annoSet ID="1872795"/>
                <annoSet ID="1872815"/>
                <annoSet ID="1872831"/>
                <annoSet ID="1872897"/>
                <annoSet ID="1872903"/>
                <annoSet ID="1872911"/>
            </pattern>
            <pattern total="7">
                <valenceUnit GF="Ext" PT="NP" FE="Witness"/>
                <annoSet ID="1872615"/>
                <annoSet ID="1872665"/>
                <annoSet ID="1872667"/>
                <annoSet ID="1872673"/>
                <annoSet ID="1872687"/>
                <annoSet ID="1872699"/>
                <annoSet ID="1872777"/>
            </pattern>
        </FERealization>
        <FEGroupRealization total="1">
            <FE name="Manner"/>
            <FE name="Questioner"/>
            <FE name="Witness"/>
            <pattern total="1">
                <valenceUnit GF="Dep" PT="AVP" FE="Manner"/>
                <valenceUnit GF="Ext" PT="NP" FE="Questioner"/>
                <valenceUnit GF="Obj" PT="NP" FE="Witness"/>
                <annoSet ID="1872831"/>
            </pattern>
        </FEGroupRealization>
        <FEGroupRealization total="1">
            <FE name="Means"/>
            <FE name="Questioner"/>
            <FE name="Witness"/>
            <pattern total="1">
                <valenceUnit GF="Dep" PT="PP[with]" FE="Means"/>
                <valenceUnit GF="Ext" PT="NP" FE="Questioner"/>
                <valenceUnit GF="Obj" PT="NP" FE="Witness"/>
                <annoSet ID="1872897"/>
            </pattern>
        </FEGroupRealization>
        <FEGroupRealization total="1">
            <FE name="Place"/>
            <FE name="Questioner"/>
            <FE name="Witness"/>
            <pattern total="1">
                <valenceUnit GF="Dep" PT="PP[in]" FE="Place"/>
                <valenceUnit GF="Ext" PT="NP" FE="Questioner"/>
                <valenceUnit GF="Obj" PT="NP" FE="Witness"/>
                <annoSet ID="1872903"/>
            </pattern>
        </FEGroupRealization>
        <FEGroupRealization total="1">
            <FE name="Purpose"/>
            <FE name="Questioner"/>
            <FE name="Questioner"/>
            <FE name="Witness"/>
            <pattern total="1">
                <valenceUnit GF="Dep" PT="VPto" FE="Purpose"/>
                <valenceUnit GF="Ext" PT="NP" FE="Questioner"/>
                <valenceUnit GF="Ext" PT="NP" FE="Questioner"/>
                <valenceUnit GF="Obj" PT="NP" FE="Witness"/>
                <annoSet ID="1872815"/>
            </pattern>
        </FEGroupRealization>
        <FEGroupRealization total="2">
            <FE name="Questioner"/>
            <FE name="Time"/>
            <FE name="Topic"/>
            <FE name="Witness"/>
            <pattern total="1">
                <valenceUnit GF="Dep" PT="PP[by]" FE="Questioner"/>
                <valenceUnit GF="Dep" PT="AVP" FE="Time"/>
                <valenceUnit GF="Dep" PT="PP[about]" FE="Topic"/>
                <valenceUnit GF="Ext" PT="NP" FE="Witness"/>
                <annoSet ID="1872673"/>
            </pattern>
            <pattern total="1">
                <valenceUnit GF="Dep" PT="PP[by]" FE="Questioner"/>
                <valenceUnit GF="Dep" PT="Sub" FE="Time"/>
                <valenceUnit GF="Dep" PT="PP[about]" FE="Topic"/>
                <valenceUnit GF="Ext" PT="NP" FE="Witness"/>
                <annoSet ID="1872615"/>
            </pattern>
        </FEGroupRealization>
        <FEGroupRealization total="5">
            <FE name="Questioner"/>
            <FE name="Time"/>
            <FE name="Witness"/>
            <pattern total="1">
                <valenceUnit GF="" PT="CNI" FE="Questioner"/>
                <valenceUnit GF="Dep" PT="PP[outside]" FE="Time"/>
                <valenceUnit GF="Obj" PT="NP" FE="Witness"/>
                <annoSet ID="1872911"/>
            </pattern>
            <pattern total="1">
                <valenceUnit GF="Ext" PT="NP" FE="Questioner"/>
                <valenceUnit GF="Dep" PT="PP[on]" FE="Time"/>
                <valenceUnit GF="Obj" PT="NP" FE="Witness"/>
                <annoSet ID="1872709"/>
            </pattern>
            <pattern total="1">
                <valenceUnit GF="Ext" PT="NP" FE="Questioner"/>
                <valenceUnit GF="Dep" PT="Sinterrog" FE="Time"/>
                <valenceUnit GF="Obj" PT="NP" FE="Witness"/>
                <annoSet ID="1872707"/>
            </pattern>
            <pattern total="1">
                <valenceUnit GF="Ext" PT="NP" FE="Questioner"/>
                <valenceUnit GF="Dep" PT="Sub" FE="Time"/>
                <valenceUnit GF="Obj" PT="NP" FE="Witness"/>
                <annoSet ID="1872629"/>
            </pattern>
            <pattern total="1">
                <valenceUnit GF="Dep" PT="PP[by]" FE="Questioner"/>
                <valenceUnit GF="Dep" PT="PP[on]" FE="Time"/>
                <valenceUnit GF="Ext" PT="NP" FE="Witness"/>
                <annoSet ID="1872667"/>
            </pattern>
        </FEGroupRealization>
        <FEGroupRealization total="2">
            <FE name="Questioner"/>
            <FE name="Topic"/>
            <FE name="Witness"/>
            <pattern total="1">
                <valenceUnit GF="" PT="CNI" FE="Questioner"/>
                <valenceUnit GF="Dep" PT="PP[about]" FE="Topic"/>
                <valenceUnit GF="Obj" PT="NP" FE="Witness"/>
                <annoSet ID="1872611"/>
            </pattern>
            <pattern total="1">
                <valenceUnit GF="Ext" PT="NP" FE="Questioner"/>
                <valenceUnit GF="Dep" PT="PP[on]" FE="Topic"/>
                <valenceUnit GF="Obj" PT="NP" FE="Witness"/>
                <annoSet ID="1872609"/>
            </pattern>
        </FEGroupRealization>
        <FEGroupRealization total="8">
            <FE name="Questioner"/>
            <FE name="Witness"/>
            <pattern total="2">
                <valenceUnit GF="" PT="CNI" FE="Questioner"/>
                <valenceUnit GF="Ext" PT="NP" FE="Witness"/>
                <annoSet ID="1872665"/>
                <annoSet ID="1872777"/>
            </pattern>
            <pattern total="1">
                <valenceUnit GF="" PT="CNI" FE="Questioner"/>
                <valenceUnit GF="Obj" PT="NP" FE="Witness"/>
                <annoSet ID="1872641"/>
            </pattern>
            <pattern total="3">
                <valenceUnit GF="Ext" PT="NP" FE="Questioner"/>
                <valenceUnit GF="Obj" PT="NP" FE="Witness"/>
                <annoSet ID="1872645"/>
                <annoSet ID="1872771"/>
                <annoSet ID="1872795"/>
            </pattern>
            <pattern total="2">
                <valenceUnit GF="Dep" PT="PP[by]" FE="Questioner"/>
                <valenceUnit GF="Ext" PT="NP" FE="Witness"/>
                <annoSet ID="1872687"/>
                <annoSet ID="1872699"/>
            </pattern>
        </FEGroupRealization>
    </valences>
    <subCorpus name="01-T-NP-PPabout,on-(1)">
        <sentence corpID="113" docID="1395" sentNo="1" paragNo="25" aPos="0" ID="1212754">
            <text>Edmond cross-examined Twins on testimony she gave Wednesday , grilling her about the skirmish with guards , her use of the drug Valium and the night the riot squad arrived .</text>
            <annotationSet cDate="04/30/2003 06:35:14 PDT Wed" status="UNANN" ID="1872608">
                <layer rank="1" name="PENN">
                    <label end="5" start="0" name="NP"/>
                    <label end="20" start="7" name="VVD"/>
                    <label end="26" start="22" name="NP"/>
                    <label end="29" start="28" name="in"/>
                    <label end="39" start="31" name="nn"/>
                    <label end="43" start="41" name="PP"/>
                    <label end="48" start="45" name="VVD"/>
                    <label end="58" start="50" name="NP"/>
                    <label end="60" start="60" name=","/>
                    <label end="69" start="62" name="VVG"/>
                    <label end="73" start="71" name="PP"/>
                    <label end="79" start="75" name="in"/>
                    <label end="83" start="81" name="dt"/>
                    <label end="92" start="85" name="nn"/>
                    <label end="97" start="94" name="in"/>
                    <label end="104" start="99" name="nns"/>
                    <label end="106" start="106" name=","/>
                    <label end="110" start="108" name="PP"/>
                    <label end="114" start="112" name="VVP"/>
                    <label end="117" start="116" name="in"/>
                    <label end="121" start="119" name="dt"/>
                    <label end="126" start="123" name="nn"/>
                    <label end="133" start="128" name="NP"/>
                    <label end="137" start="135" name="cc"/>
                    <label end="141" start="139" name="dt"/>
                    <label end="147" start="143" name="nn"/>
                    <label end="151" start="149" name="dt"/>
                    <label end="156" start="153" name="nn"/>
                    <label end="162" start="158" name="nn"/>
                    <label end="170" start="164" name="VVD"/>
                    <label end="172" start="172" name="sent"/>
                </layer>
                <layer rank="1" name="NER"/>
                <layer rank="1" name="WSL"/>
            </annotationSet>
            <annotationSet cDate="04/30/2003 06:35:14 PDT Wed" status="MANUAL" ID="1872609">
                <layer rank="1" name="Target">
                    <label cBy="CFB" end="20" start="7" name="Target"/>
                </layer>
                <layer rank="1" name="FE">
                    <label cBy="RLG" feID="4071" end="5" start="0" name="Questioner"/>
                    <label cBy="RLG" feID="4072" end="26" start="22" name="Witness"/>
                    <label cBy="RLG" feID="4472" end="58" start="28" name="Topic"/>
                </layer>
                <layer rank="1" name="GF">
                    <label end="5" start="0" name="Ext"/>
                    <label end="26" start="22" name="Obj"/>
                    <label end="58" start="28" name="Dep"/>
                </layer>
                <layer rank="1" name="PT">
                    <label end="5" start="0" name="NP"/>
                    <label end="26" start="22" name="NP"/>
                    <label end="58" start="28" name="PP"/>
                </layer>
                <layer rank="1" name="Other"/>
                <layer rank="1" name="Sent"/>
                <layer rank="1" name="Verb"/>
            </annotationSet>
        </sentence>
        <sentence corpID="113" docID="1396" sentNo="2" paragNo="8" aPos="0" ID="1212755">
            <text>The defense attorneys argued that the denial of a chance to cross-examine Fuhrman about racist statements could result in reversal should Simpson be convicted .</text>
            <annotationSet cDate="04/30/2003 06:35:14 PDT Wed" status="UNANN" ID="1872610">
                <layer rank="1" name="PENN">
                    <label end="2" start="0" name="dt"/>
                    <label end="10" start="4" name="nn"/>
                    <label end="20" start="12" name="nns"/>
                    <label end="27" start="22" name="VVD"/>
                    <label end="32" start="29" name="in"/>
                    <label end="36" start="34" name="dt"/>
                    <label end="43" start="38" name="nn"/>
                    <label end="46" start="45" name="in"/>
                    <label end="48" start="48" name="dt"/>
                    <label end="55" start="50" name="nn"/>
                    <label end="58" start="57" name="to"/>
                    <label end="72" start="60" name="VV"/>
                    <label end="80" start="74" name="NP"/>
                    <label end="86" start="82" name="in"/>
                    <label end="93" start="88" name="jj"/>
                    <label end="104" start="95" name="nns"/>
                    <label end="110" start="106" name="md"/>
                    <label end="117" start="112" name="VV"/>
                    <label end="120" start="119" name="in"/>
                    <label end="129" start="122" name="nn"/>
                    <label end="136" start="131" name="md"/>
                    <label end="144" start="138" name="NP"/>
                    <label end="147" start="146" name="vb"/>
                    <label end="157" start="149" name="VVN"/>
                    <label end="159" start="159" name="sent"/>
                </layer>
                <layer rank="1" name="NER"/>
                <layer rank="1" name="WSL"/>
            </annotationSet>
            <annotationSet cDate="04/30/2003 06:35:15 PDT Wed" status="MANUAL" ID="1872611">
                <layer rank="1" name="Target">
                    <label cBy="CFB" end="72" start="60" name="Target"/>
                </layer>
                <layer rank="1" name="FE">
                    <label cBy="RLG" feID="4072" end="80" start="74" name="Witness"/>
                    <label cBy="RLG" feID="4071" itype="CNI" name="Questioner"/>
                    <label cBy="RLG" feID="4472" end="104" start="82" name="Topic"/>
                </layer>
                <layer rank="1" name="GF">
                    <label end="80" start="74" name="Obj"/>
                    <label end="104" start="82" name="Dep"/>
                </layer>
                <layer rank="1" name="PT">
                    <label end="80" start="74" name="NP"/>
                    <label end="104" start="82" name="PP"/>
                </layer>
                <layer rank="1" name="Other"/>
                <layer rank="1" name="Sent"/>
                <layer rank="1" name="Verb"/>
            </annotationSet>
        </sentence>
        <sentence corpID="113" docID="1398" sentNo="2" paragNo="3" aPos="0" ID="1212757">
            <text>When last in front of the jury --- on Feb. 23 --- he was being cross-examined about police procedure by attorney Johnnie Cochran Jr .</text>
            <annotationSet cDate="04/30/2003 06:35:15 PDT Wed" status="UNANN" ID="1872614">
                <layer rank="1" name="PENN">
                    <label end="3" start="0" name="wrb"/>
                    <label end="8" start="5" name="jj"/>
                    <label end="11" start="10" name="in"/>
                    <label end="17" start="13" name="nn"/>
                    <label end="20" start="19" name="in"/>
                    <label end="24" start="22" name="dt"/>
                    <label end="29" start="26" name="nn"/>
                    <label end="33" start="31" name=":"/>
                    <label end="36" start="35" name="in"/>
                    <label end="41" start="38" name="NP"/>
                    <label end="44" start="43" name="cd"/>
                    <label end="48" start="46" name=":"/>
                    <label end="51" start="50" name="PP"/>
                    <label end="55" start="53" name="VBD"/>
                    <label end="61" start="57" name="nn"/>
                    <label end="76" start="63" name="VVN"/>
                    <label end="82" start="78" name="in"/>
                    <label end="89" start="84" name="nn"/>
                    <label end="99" start="91" name="nn"/>
                    <label end="102" start="101" name="in"/>
                    <label end="111" start="104" name="nn"/>
                    <label end="119" start="113" name="NP"/>
                    <label end="127" start="121" name="NP"/>
                    <label end="130" start="129" name="NP"/>
                    <label end="132" start="132" name="sent"/>
                </layer>
                <layer rank="1" name="NER"/>
                <layer rank="1" name="WSL"/>
            </annotationSet>
            <annotationSet cDate="04/30/2003 06:35:15 PDT Wed" status="MANUAL" ID="1872615">
                <layer rank="1" name="Target">
                    <label cBy="CFB" end="76" start="63" name="Target"/>
                </layer>
                <layer rank="1" name="FE">
                    <label cBy="RLG" feID="4072" end="51" start="50" name="Witness"/>
                    <label cBy="RLG" feID="4472" end="99" start="78" name="Topic"/>
                    <label cBy="RLG" feID="4071" end="130" start="101" name="Questioner"/>
                    <label cBy="RLG" feID="4473" end="48" start="0" name="Time"/>
                </layer>
                <layer rank="1" name="GF">
                    <label end="51" start="50" name="Ext"/>
                    <label end="99" start="78" name="Dep"/>
                    <label end="130" start="101" name="Dep"/>
                    <label end="48" start="0" name="Dep"/>
                </layer>
                <layer rank="1" name="PT">
                    <label end="51" start="50" name="NP"/>
                    <label end="99" start="78" name="PP"/>
                    <label end="130" start="101" name="PP"/>
                    <label end="48" start="0" name="Sub"/>
                </layer>
                <layer rank="1" name="Other"/>
                <layer rank="1" name="Sent"/>
                <layer rank="1" name="Verb"/>
            </annotationSet>
        </sentence>
    </subCorpus>
    <subCorpus name="02-T-NPwitness-(1)">
        <sentence corpID="113" docID="1405" sentNo="2" paragNo="7" aPos="0" ID="1212764">
            <text>In several cases , Amir , a third-year law student , cross-examined witnesses as Goldberg stood by .</text>
            <annotationSet cDate="04/30/2003 06:35:18 PDT Wed" status="UNANN" ID="1872628">
                <layer rank="1" name="PENN">
                    <label end="1" start="0" name="in"/>
                    <label end="9" start="3" name="jj"/>
                    <label end="15" start="11" name="nns"/>
                    <label end="17" start="17" name=","/>
                    <label end="22" start="19" name="NP"/>
                    <label end="24" start="24" name=","/>
                    <label end="26" start="26" name="dt"/>
                    <label end="37" start="28" name="nn"/>
                    <label end="41" start="39" name="nn"/>
                    <label end="49" start="43" name="nn"/>
                    <label end="51" start="51" name=","/>
                    <label end="66" start="53" name="VVD"/>
                    <label end="76" start="68" name="nns"/>
                    <label end="79" start="78" name="in"/>
                    <label end="88" start="81" name="NP"/>
                    <label end="94" start="90" name="VVD"/>
                    <label end="97" start="96" name="in"/>
                    <label end="99" start="99" name="sent"/>
                </layer>
                <layer rank="1" name="NER"/>
                <layer rank="1" name="WSL"/>
            </annotationSet>
            <annotationSet cDate="04/30/2003 06:35:18 PDT Wed" status="MANUAL" ID="1872629">
                <layer rank="1" name="Target">
                    <label cBy="CFB" end="66" start="53" name="Target"/>
                </layer>
                <layer rank="1" name="FE">
                    <label cBy="RLG" feID="4071" end="51" start="19" name="Questioner"/>
                    <label cBy="RLG" feID="4072" end="76" start="68" name="Witness"/>
                    <label cBy="RLG" feID="4473" end="97" start="78" name="Time"/>
                </layer>
                <layer rank="1" name="GF">
                    <label end="51" start="19" name="Ext"/>
                    <label end="76" start="68" name="Obj"/>
                    <label end="97" start="78" name="Dep"/>
                </layer>
                <layer rank="1" name="PT">
                    <label end="51" start="19" name="NP"/>
                    <label end="76" start="68" name="NP"/>
                    <label end="97" start="78" name="Sub"/>
                </layer>
                <layer rank="1" name="Other"/>
                <layer rank="1" name="Sent"/>
                <layer rank="1" name="Verb"/>
            </annotationSet>
        </sentence>
        <sentence corpID="113" docID="1410" sentNo="1" paragNo="7" aPos="0" ID="1212770">
            <text>But the tape ran out after two hours of testimony and defense attorneys never got a chance to cross-examine the witness .</text>
            <annotationSet cDate="04/30/2003 06:35:20 PDT Wed" status="UNANN" ID="1872640">
                <layer rank="1" name="PENN">
                    <label end="2" start="0" name="cc"/>
                    <label end="6" start="4" name="dt"/>
                    <label end="11" start="8" name="nn"/>
                    <label end="15" start="13" name="VVD"/>
                    <label end="19" start="17" name="rp"/>
                    <label end="25" start="21" name="in"/>
                    <label end="29" start="27" name="cd"/>
                    <label end="35" start="31" name="nns"/>
                    <label end="38" start="37" name="in"/>
                    <label end="48" start="40" name="nn"/>
                    <label end="52" start="50" name="cc"/>
                    <label end="60" start="54" name="nn"/>
                    <label end="70" start="62" name="nns"/>
                    <label end="76" start="72" name="rb"/>
                    <label end="80" start="78" name="VVD"/>
                    <label end="82" start="82" name="dt"/>
                    <label end="89" start="84" name="nn"/>
                    <label end="92" start="91" name="to"/>
                    <label end="106" start="94" name="VV"/>
                    <label end="110" start="108" name="dt"/>
                    <label end="118" start="112" name="nn"/>
                    <label end="120" start="120" name="sent"/>
                </layer>
                <layer rank="1" name="NER"/>
                <layer rank="1" name="WSL"/>
            </annotationSet>
            <annotationSet cDate="04/30/2003 06:35:20 PDT Wed" status="MANUAL" ID="1872641">
                <layer rank="1" name="Target">
                    <label cBy="CFB" end="106" start="94" name="Target"/>
                </layer>
                <layer rank="1" name="FE">
                    <label cBy="RLG" feID="4072" end="118" start="108" name="Witness"/>
                    <label cBy="RLG" feID="4071" itype="CNI" name="Questioner"/>
                </layer>
                <layer rank="1" name="GF">
                    <label end="118" start="108" name="Obj"/>
                </layer>
                <layer rank="1" name="PT">
                    <label end="118" start="108" name="NP"/>
                </layer>
                <layer rank="1" name="Other"/>
                <layer rank="1" name="Sent"/>
                <layer rank="1" name="Verb"/>
            </annotationSet>
        </sentence>
        <sentence corpID="113" docID="1412" sentNo="1" paragNo="15" aPos="0" ID="1212772">
            <text>Unlike in previous sessions , Amir sat back Thursday and let his attorneys cross-examine witnesses .</text>
            <annotationSet cDate="04/30/2003 06:35:21 PDT Wed" status="UNANN" ID="1872644">
                <layer rank="1" name="PENN">
                    <label end="5" start="0" name="in"/>
                    <label end="8" start="7" name="in"/>
                    <label end="17" start="10" name="jj"/>
                    <label end="26" start="19" name="nns"/>
                    <label end="28" start="28" name=","/>
                    <label end="33" start="30" name="NP"/>
                    <label end="37" start="35" name="VVD"/>
                    <label end="42" start="39" name="rp"/>
                    <label end="51" start="44" name="NP"/>
                    <label end="55" start="53" name="cc"/>
                    <label end="59" start="57" name="VV"/>
                    <label end="63" start="61" name="PP$"/>
                    <label end="73" start="65" name="nns"/>
                    <label end="87" start="75" name="VV"/>
                    <label end="97" start="89" name="nns"/>
                    <label end="99" start="99" name="sent"/>
                </layer>
                <layer rank="1" name="NER"/>
                <layer rank="1" name="WSL"/>
            </annotationSet>
            <annotationSet cDate="04/30/2003 06:35:21 PDT Wed" status="MANUAL" ID="1872645">
                <layer rank="1" name="Target">
                    <label cBy="CFB" end="87" start="75" name="Target"/>
                </layer>
                <layer rank="1" name="FE">
                    <label cBy="RLG" feID="4071" end="73" start="61" name="Questioner"/>
                    <label cBy="RLG" feID="4072" end="97" start="89" name="Witness"/>
                </layer>
                <layer rank="1" name="GF">
                    <label end="73" start="61" name="Ext"/>
                    <label end="97" start="89" name="Obj"/>
                </layer>
                <layer rank="1" name="PT">
                    <label end="73" start="61" name="NP"/>
                    <label end="97" start="89" name="NP"/>
                </layer>
                <layer rank="1" name="Other"/>
                <layer rank="1" name="Sent"/>
                <layer rank="1" name="Verb"/>
            </annotationSet>
        </sentence>
    </subCorpus>
    <subCorpus name="03-NPwitness-T-(1)">
        <sentence corpID="113" docID="1421" sentNo="1" paragNo="9" aPos="0" ID="1212782">
            <text>Andreotti added that he was glad the mob witnesses finally could be cross-examined in a public trial .</text>
            <annotationSet cDate="04/30/2003 06:35:25 PDT Wed" status="UNANN" ID="1872664">
                <layer rank="1" name="PENN">
                    <label end="8" start="0" name="NP"/>
                    <label end="14" start="10" name="VVD"/>
                    <label end="19" start="16" name="in"/>
                    <label end="22" start="21" name="PP"/>
                    <label end="26" start="24" name="VBD"/>
                    <label end="31" start="28" name="jj"/>
                    <label end="35" start="33" name="dt"/>
                    <label end="39" start="37" name="nn"/>
                    <label end="49" start="41" name="nns"/>
                    <label end="57" start="51" name="rb"/>
                    <label end="63" start="59" name="md"/>
                    <label end="66" start="65" name="vb"/>
                    <label end="81" start="68" name="VVN"/>
                    <label end="84" start="83" name="in"/>
                    <label end="86" start="86" name="dt"/>
                    <label end="93" start="88" name="jj"/>
                    <label end="99" start="95" name="nn"/>
                    <label end="101" start="101" name="sent"/>
                </layer>
                <layer rank="1" name="NER"/>
                <layer rank="1" name="WSL"/>
            </annotationSet>
            <annotationSet cDate="04/30/2003 06:35:25 PDT Wed" status="MANUAL" ID="1872665">
                <layer rank="1" name="Target">
                    <label cBy="CFB" end="81" start="68" name="Target"/>
                </layer>
                <layer rank="1" name="FE">
                    <label cBy="RLG" feID="4072" end="49" start="33" name="Witness"/>
                    <label cBy="RLG" feID="4071" itype="CNI" name="Questioner"/>
                </layer>
                <layer rank="1" name="GF">
                    <label end="49" start="33" name="Ext"/>
                </layer>
                <layer rank="1" name="PT">
                    <label end="49" start="33" name="NP"/>
                </layer>
                <layer rank="1" name="Other"/>
                <layer rank="1" name="Sent"/>
                <layer rank="1" name="Verb"/>
            </annotationSet>
        </sentence>
        <sentence corpID="113" docID="1422" sentNo="2" paragNo="13" aPos="0" ID="1212783">
            <text>On Monday , three eyewitnesses to the slayings and one surviving victim were cross-examined by the man they said was the killer .</text>
            <annotationSet cDate="04/30/2003 06:35:25 PDT Wed" status="UNANN" ID="1872666">
                <layer rank="1" name="PENN">
                    <label end="1" start="0" name="in"/>
                    <label end="8" start="3" name="NP"/>
                    <label end="10" start="10" name=","/>
                    <label end="16" start="12" name="cd"/>
                    <label end="29" start="18" name="nns"/>
                    <label end="32" start="31" name="to"/>
                    <label end="36" start="34" name="dt"/>
                    <label end="45" start="38" name="nns"/>
                    <label end="49" start="47" name="cc"/>
                    <label end="53" start="51" name="nn"/>
                    <label end="63" start="55" name="VVG"/>
                    <label end="70" start="65" name="nn"/>
                    <label end="75" start="72" name="VBD"/>
                    <label end="90" start="77" name="VVN"/>
                    <label end="93" start="92" name="in"/>
                    <label end="97" start="95" name="dt"/>
                    <label end="101" start="99" name="nn"/>
                    <label end="106" start="103" name="PP"/>
                    <label end="111" start="108" name="VVD"/>
                    <label end="115" start="113" name="VBD"/>
                    <label end="119" start="117" name="dt"/>
                    <label end="126" start="121" name="nn"/>
                    <label end="128" start="128" name="sent"/>
                </layer>
                <layer rank="1" name="NER"/>
                <layer rank="1" name="WSL"/>
            </annotationSet>
            <annotationSet cDate="04/30/2003 06:35:25 PDT Wed" status="MANUAL" ID="1872667">
                <layer rank="1" name="Target">
                    <label cBy="CFB" end="90" start="77" name="Target"/>
                </layer>
                <layer rank="1" name="FE">
                    <label cBy="RLG" feID="4473" end="8" start="0" name="Time"/>
                    <label cBy="RLG" feID="4072" end="70" start="12" name="Witness"/>
                    <label cBy="RLG" feID="4071" end="126" start="92" name="Questioner"/>
                </layer>
                <layer rank="1" name="GF">
                    <label end="8" start="0" name="Dep"/>
                    <label end="70" start="12" name="Ext"/>
                    <label end="126" start="92" name="Dep"/>
                </layer>
                <layer rank="1" name="PT">
                    <label end="8" start="0" name="PP"/>
                    <label end="70" start="12" name="NP"/>
                    <label end="126" start="92" name="PP"/>
                </layer>
                <layer rank="1" name="Other"/>
                <layer rank="1" name="Sent"/>
                <layer rank="1" name="Verb"/>
            </annotationSet>
        </sentence>
    </subCorpus>
    <subCorpus name="04-T-PPby-(1)">
        <sentence corpID="113" docID="1424" sentNo="1" paragNo="14" aPos="0" ID="1212786">
            <text>Meanwhile , Los Angeles Police Department criminalist Susan Brockbank , a specialist in hair and trace evidence , was cross-examined by a defense DNA expert about the science she practices .</text>
            <annotationSet cDate="04/30/2003 06:35:26 PDT Wed" status="UNANN" ID="1872672">
                <layer rank="1" name="PENN">
                    <label end="8" start="0" name="rb"/>
                    <label end="10" start="10" name=","/>
                    <label end="14" start="12" name="NP"/>
                    <label end="22" start="16" name="NP"/>
                    <label end="29" start="24" name="NP"/>
                    <label end="40" start="31" name="NP"/>
                    <label end="52" start="42" name="nn"/>
                    <label end="58" start="54" name="NP"/>
                    <label end="68" start="60" name="NP"/>
                    <label end="70" start="70" name=","/>
                    <label end="72" start="72" name="dt"/>
                    <label end="83" start="74" name="nn"/>
                    <label end="86" start="85" name="in"/>
                    <label end="91" start="88" name="nn"/>
                    <label end="95" start="93" name="cc"/>
                    <label end="101" start="97" name="VV"/>
                    <label end="110" start="103" name="nn"/>
                    <label end="112" start="112" name=","/>
                    <label end="116" start="114" name="VBD"/>
                    <label end="131" start="118" name="VVN"/>
                    <label end="134" start="133" name="in"/>
                    <label end="136" start="136" name="dt"/>
                    <label end="144" start="138" name="nn"/>
                    <label end="148" start="146" name="nn"/>
                    <label end="155" start="150" name="nn"/>
                    <label end="161" start="157" name="in"/>
                    <label end="165" start="163" name="dt"/>
                    <label end="173" start="167" name="nn"/>
                    <label end="177" start="175" name="PP"/>
                    <label end="187" start="179" name="nns"/>
                    <label end="189" start="189" name="sent"/>
                </layer>
                <layer rank="1" name="NER"/>
                <layer rank="1" name="WSL"/>
            </annotationSet>
            <annotationSet cDate="04/30/2003 06:35:27 PDT Wed" status="MANUAL" ID="1872673">
                <layer rank="1" name="Target">
                    <label cBy="CFB" end="131" start="118" name="Target"/>
                </layer>
                <layer rank="1" name="FE">
                    <label cBy="RLG" feID="4473" end="8" start="0" name="Time"/>
                    <label cBy="RLG" feID="4072" end="112" start="12" name="Witness"/>
                    <label cBy="RLG" feID="4071" end="155" start="133" name="Questioner"/>
                    <label cBy="RLG" feID="4472" end="187" start="157" name="Topic"/>
                </layer>
                <layer rank="1" name="GF">
                    <label end="8" start="0" name="Dep"/>
                    <label end="112" start="12" name="Ext"/>
                    <label end="155" start="133" name="Dep"/>
                    <label end="187" start="157" name="Dep"/>
                </layer>
                <layer rank="1" name="PT">
                    <label end="8" start="0" name="AVP"/>
                    <label end="112" start="12" name="NP"/>
                    <label end="155" start="133" name="PP"/>
                    <label end="187" start="157" name="PP"/>
                </layer>
                <layer rank="1" name="Other"/>
                <layer rank="1" name="Sent"/>
                <layer rank="1" name="Verb"/>
            </annotationSet>
        </sentence>
        <sentence corpID="113" docID="1430" sentNo="1" paragNo="18" aPos="0" ID="1212793">
            <text>The hearing continues Friday , when Sting will be cross-examined by Moore 's defense team .</text>
            <annotationSet cDate="04/30/2003 06:35:29 PDT Wed" status="UNANN" ID="1872686">
                <layer rank="1" name="PENN">
                    <label end="2" start="0" name="dt"/>
                    <label end="10" start="4" name="nn"/>
                    <label end="20" start="12" name="VVZ"/>
                    <label end="27" start="22" name="NP"/>
                    <label end="29" start="29" name=","/>
                    <label end="34" start="31" name="wrb"/>
                    <label end="40" start="36" name="nn"/>
                    <label end="45" start="42" name="md"/>
                    <label end="48" start="47" name="vb"/>
                    <label end="63" start="50" name="VVN"/>
                    <label end="66" start="65" name="in"/>
                    <label end="72" start="68" name="NP"/>
                    <label end="75" start="74" name="POS"/>
                    <label end="83" start="77" name="nn"/>
                    <label end="88" start="85" name="nn"/>
                    <label end="90" start="90" name="sent"/>
                </layer>
                <layer rank="1" name="NER"/>
                <layer rank="1" name="WSL"/>
            </annotationSet>
            <annotationSet cDate="04/30/2003 06:35:29 PDT Wed" status="MANUAL" ID="1872687">
                <layer rank="1" name="Target">
                    <label cBy="CFB" end="63" start="50" name="Target"/>
                </layer>
                <layer rank="1" name="FE">
                    <label cBy="RLG" feID="4072" end="40" start="36" name="Witness"/>
                    <label cBy="RLG" feID="4071" end="88" start="65" name="Questioner"/>
                </layer>
                <layer rank="1" name="GF">
                    <label end="40" start="36" name="Ext"/>
                    <label end="88" start="65" name="Dep"/>
                </layer>
                <layer rank="1" name="PT">
                    <label end="40" start="36" name="NP"/>
                    <label end="88" start="65" name="PP"/>
                </layer>
                <layer rank="1" name="Other"/>
                <layer rank="1" name="Sent"/>
                <layer rank="1" name="Verb"/>
            </annotationSet>
        </sentence>
        <sentence corpID="113" docID="1435" sentNo="1" paragNo="18" aPos="0" ID="1212799">
            <text>Kempler was also cross-examined by two new defense attorneys , Gabi Shahar and Shmuel Flishman .</text>
            <annotationSet cDate="04/30/2003 06:35:34 PDT Wed" status="UNANN" ID="1872698">
                <layer rank="1" name="PENN">
                    <label end="6" start="0" name="NP"/>
                    <label end="10" start="8" name="VBD"/>
                    <label end="15" start="12" name="rb"/>
                    <label end="30" start="17" name="VVN"/>
                    <label end="33" start="32" name="in"/>
                    <label end="37" start="35" name="cd"/>
                    <label end="41" start="39" name="jj"/>
                    <label end="49" start="43" name="nn"/>
                    <label end="59" start="51" name="nns"/>
                    <label end="61" start="61" name=","/>
                    <label end="66" start="63" name="NP"/>
                    <label end="73" start="68" name="NP"/>
                    <label end="77" start="75" name="cc"/>
                    <label end="84" start="79" name="NP"/>
                    <label end="93" start="86" name="NP"/>
                    <label end="95" start="95" name="sent"/>
                </layer>
                <layer rank="1" name="NER"/>
                <layer rank="1" name="WSL"/>
            </annotationSet>
            <annotationSet cDate="04/30/2003 06:35:34 PDT Wed" status="MANUAL" ID="1872699">
                <layer rank="1" name="Target">
                    <label cBy="CFB" end="30" start="17" name="Target"/>
                </layer>
                <layer rank="1" name="FE">
                    <label cBy="RLG" feID="4072" end="6" start="0" name="Witness"/>
                    <label cBy="RLG" feID="4071" end="93" start="32" name="Questioner"/>
                </layer>
                <layer rank="1" name="GF">
                    <label end="6" start="0" name="Ext"/>
                    <label end="93" start="32" name="Dep"/>
                </layer>
                <layer rank="1" name="PT">
                    <label end="6" start="0" name="NP"/>
                    <label end="93" start="32" name="PP"/>
                </layer>
                <layer rank="1" name="Other"/>
                <layer rank="1" name="Sent"/>
                <layer rank="1" name="Verb"/>
            </annotationSet>
        </sentence>
    </subCorpus>
    <subCorpus name="05-NPprosecution,defense,attorney-T-(1)">
        <sentence corpID="113" docID="1439" sentNo="1" paragNo="19" aPos="0" ID="1212803">
            <text>Defence counsel John Hagon was cross-examining Samuel Chan Hung-yip when he said Ng `` was known to make outrageous statements which are totally unbelievable '' .</text>
            <annotationSet cDate="04/30/2003 06:35:35 PDT Wed" status="UNANN" ID="1872706">
                <layer rank="1" name="PENN">
                    <label end="6" start="0" name="nn"/>
                    <label end="14" start="8" name="nn"/>
                    <label end="19" start="16" name="NP"/>
                    <label end="25" start="21" name="NP"/>
                    <label end="29" start="27" name="VBD"/>
                    <label end="45" start="31" name="VVG"/>
                    <label end="52" start="47" name="NP"/>
                    <label end="57" start="54" name="NP"/>
                    <label end="66" start="59" name="NP"/>
                    <label end="71" start="68" name="wrb"/>
                    <label end="74" start="73" name="PP"/>
                    <label end="79" start="76" name="VVD"/>
                    <label end="82" start="81" name="NP"/>
                    <label end="85" start="84" name="``"/>
                    <label end="89" start="87" name="VBD"/>
                    <label end="95" start="91" name="VVN"/>
                    <label end="98" start="97" name="to"/>
                    <label end="103" start="100" name="VV"/>
                    <label end="114" start="105" name="jj"/>
                    <label end="125" start="116" name="nns"/>
                    <label end="131" start="127" name="wdt"/>
                    <label end="135" start="133" name="vbp"/>
                    <label end="143" start="137" name="rb"/>
                    <label end="156" start="145" name="jj"/>
                    <label end="159" start="158" name="''"/>
                    <label end="161" start="161" name="sent"/>
                </layer>
                <layer rank="1" name="NER"/>
                <layer rank="1" name="WSL"/>
            </annotationSet>
            <annotationSet cDate="04/30/2003 06:35:36 PDT Wed" status="MANUAL" ID="1872707">
                <layer rank="1" name="Target">
                    <label cBy="CFB" end="45" start="31" name="Target"/>
                </layer>
                <layer rank="1" name="FE">
                    <label cBy="RLG" feID="4071" end="25" start="0" name="Questioner"/>
                    <label cBy="RLG" feID="4072" end="66" start="47" name="Witness"/>
                    <label cBy="RLG" feID="4473" end="159" start="68" name="Time"/>
                </layer>
                <layer rank="1" name="GF">
                    <label end="25" start="0" name="Ext"/>
                    <label end="66" start="47" name="Obj"/>
                    <label end="159" start="68" name="Dep"/>
                </layer>
                <layer rank="1" name="PT">
                    <label end="25" start="0" name="NP"/>
                    <label end="66" start="47" name="NP"/>
                    <label end="159" start="68" name="Sinterrog"/>
                </layer>
                <layer rank="1" name="Other"/>
                <layer rank="1" name="Sent"/>
                <layer rank="1" name="Verb"/>
            </annotationSet>
        </sentence>
        <sentence corpID="113" docID="1440" sentNo="2" paragNo="11" aPos="0" ID="1212804">
            <text>On Monday , the prosecution will cross-examine defense forensic expert Henry Lee .</text>
            <annotationSet cDate="04/30/2003 06:35:36 PDT Wed" status="UNANN" ID="1872708">
                <layer rank="1" name="PENN">
                    <label end="1" start="0" name="in"/>
                    <label end="8" start="3" name="NP"/>
                    <label end="10" start="10" name=","/>
                    <label end="14" start="12" name="dt"/>
                    <label end="26" start="16" name="nn"/>
                    <label end="31" start="28" name="md"/>
                    <label end="45" start="33" name="VV"/>
                    <label end="53" start="47" name="nn"/>
                    <label end="62" start="55" name="jj"/>
                    <label end="69" start="64" name="nn"/>
                    <label end="75" start="71" name="NP"/>
                    <label end="79" start="77" name="NP"/>
                    <label end="81" start="81" name="sent"/>
                </layer>
                <layer rank="1" name="NER"/>
                <layer rank="1" name="WSL"/>
            </annotationSet>
            <annotationSet cDate="04/30/2003 06:35:36 PDT Wed" status="MANUAL" ID="1872709">
                <layer rank="1" name="Target">
                    <label cBy="CFB" end="45" start="33" name="Target"/>
                </layer>
                <layer rank="1" name="FE">
                    <label cBy="RLG" feID="4473" end="8" start="0" name="Time"/>
                    <label cBy="RLG" feID="4071" end="26" start="12" name="Questioner"/>
                    <label cBy="RLG" feID="4072" end="79" start="47" name="Witness"/>
                </layer>
                <layer rank="1" name="GF">
                    <label end="8" start="0" name="Dep"/>
                    <label end="26" start="12" name="Ext"/>
                    <label end="79" start="47" name="Obj"/>
                </layer>
                <layer rank="1" name="PT">
                    <label end="8" start="0" name="PP"/>
                    <label end="26" start="12" name="NP"/>
                    <label end="79" start="47" name="NP"/>
                </layer>
                <layer rank="1" name="Other"/>
                <layer rank="1" name="Sent"/>
                <layer rank="1" name="Verb"/>
            </annotationSet>
        </sentence>
    </subCorpus>
    <subCorpus name="other-matched-(1)">
        <sentence corpID="113" docID="1467" sentNo="1" paragNo="9" aPos="0" ID="1212835">
            <text>SEOUL , South Korea --- The bribery trial of former President Roh Tae-woo resumes Monday with defense lawyers expected to cross-examine the disgraced leader .</text>
            <annotationSet cDate="04/30/2003 06:35:49 PDT Wed" status="UNANN" ID="1872770">
                <layer rank="1" name="PENN">
                    <label end="4" start="0" name="NP"/>
                    <label end="6" start="6" name=","/>
                    <label end="12" start="8" name="NP"/>
                    <label end="18" start="14" name="NP"/>
                    <label end="22" start="20" name=":"/>
                    <label end="26" start="24" name="dt"/>
                    <label end="34" start="28" name="nn"/>
                    <label end="40" start="36" name="nn"/>
                    <label end="43" start="42" name="in"/>
                    <label end="50" start="45" name="jj"/>
                    <label end="60" start="52" name="NP"/>
                    <label end="64" start="62" name="NP"/>
                    <label end="72" start="66" name="VV"/>
                    <label end="80" start="74" name="VVZ"/>
                    <label end="87" start="82" name="NP"/>
                    <label end="92" start="89" name="in"/>
                    <label end="100" start="94" name="nn"/>
                    <label end="108" start="102" name="nns"/>
                    <label end="117" start="110" name="VVN"/>
                    <label end="120" start="119" name="to"/>
                    <label end="134" start="122" name="VV"/>
                    <label end="138" start="136" name="dt"/>
                    <label end="148" start="140" name="VVN"/>
                    <label end="155" start="150" name="nn"/>
                    <label end="157" start="157" name="sent"/>
                </layer>
                <layer rank="1" name="NER"/>
                <layer rank="1" name="WSL"/>
            </annotationSet>
            <annotationSet cDate="04/30/2003 06:35:49 PDT Wed" status="MANUAL" ID="1872771">
                <layer rank="1" name="Target">
                    <label cBy="CFB" end="134" start="122" name="Target"/>
                </layer>
                <layer rank="1" name="FE">
                    <label cBy="RLG" feID="4071" end="108" start="94" name="Questioner"/>
                    <label cBy="RLG" feID="4072" end="155" start="136" name="Witness"/>
                </layer>
                <layer rank="1" name="GF">
                    <label end="108" start="94" name="Ext"/>
                    <label end="155" start="136" name="Obj"/>
                </layer>
                <layer rank="1" name="PT">
                    <label end="108" start="94" name="NP"/>
                    <label end="155" start="136" name="NP"/>
                </layer>
                <layer rank="1" name="Other"/>
                <layer rank="1" name="Sent"/>
                <layer rank="1" name="Verb"/>
            </annotationSet>
        </sentence>
        <sentence corpID="113" docID="1468" sentNo="1" paragNo="20" aPos="0" ID="1212838">
            <text>Marshall also reminded Heidi Fleiss ' defense lawyers that Shana Fleiss has not been cross-examined and therefore her silence could affect the defense case as well .</text>
            <annotationSet cDate="04/30/2003 06:35:50 PDT Wed" status="UNANN" ID="1872776">
                <layer rank="1" name="PENN">
                    <label end="7" start="0" name="NP"/>
                    <label end="12" start="9" name="rb"/>
                    <label end="21" start="14" name="VVD"/>
                    <label end="27" start="23" name="NP"/>
                    <label end="34" start="29" name="NP"/>
                    <label end="36" start="36" name="POS"/>
                    <label end="44" start="38" name="nn"/>
                    <label end="52" start="46" name="nns"/>
                    <label end="57" start="54" name="in"/>
                    <label end="63" start="59" name="NP"/>
                    <label end="70" start="65" name="NP"/>
                    <label end="74" start="72" name="VHZ"/>
                    <label end="78" start="76" name="rb"/>
                    <label end="83" start="80" name="VBN"/>
                    <label end="98" start="85" name="VVN"/>
                    <label end="102" start="100" name="cc"/>
                    <label end="112" start="104" name="rb"/>
                    <label end="116" start="114" name="PP$"/>
                    <label end="124" start="118" name="nn"/>
                    <label end="130" start="126" name="md"/>
                    <label end="137" start="132" name="VV"/>
                    <label end="141" start="139" name="dt"/>
                    <label end="149" start="143" name="nn"/>
                    <label end="154" start="151" name="nn"/>
                    <label end="157" start="156" name="in"/>
                    <label end="162" start="159" name="rb"/>
                    <label end="164" start="164" name="sent"/>
                </layer>
                <layer rank="1" name="NER"/>
                <layer rank="1" name="WSL"/>
            </annotationSet>
            <annotationSet cDate="04/30/2003 06:35:50 PDT Wed" status="MANUAL" ID="1872777">
                <layer rank="1" name="Target">
                    <label cBy="CFB" end="98" start="85" name="Target"/>
                </layer>
                <layer rank="1" name="FE">
                    <label cBy="RLG" feID="4072" end="70" start="59" name="Witness"/>
                    <label cBy="RLG" feID="4071" itype="CNI" name="Questioner"/>
                </layer>
                <layer rank="1" name="GF">
                    <label end="70" start="59" name="Ext"/>
                </layer>
                <layer rank="1" name="PT">
                    <label end="70" start="59" name="NP"/>
                </layer>
                <layer rank="1" name="Other"/>
                <layer rank="1" name="Sent"/>
                <layer rank="1" name="Verb"/>
            </annotationSet>
        </sentence>
        <sentence corpID="113" docID="1475" sentNo="1" paragNo="13" aPos="0" ID="1212847">
            <text>`` Generally , as an attorney you can make a lot more headway if you 're cross-examining a hostile witness than you can if you 're putting the witness on yourself , '' he said .</text>
            <annotationSet cDate="04/30/2003 06:35:54 PDT Wed" status="UNANN" ID="1872794">
                <layer rank="1" name="PENN">
                    <label end="1" start="0" name="``"/>
                    <label end="11" start="3" name="rb"/>
                    <label end="13" start="13" name=","/>
                    <label end="16" start="15" name="in"/>
                    <label end="19" start="18" name="dt"/>
                    <label end="28" start="21" name="nn"/>
                    <label end="32" start="30" name="PP"/>
                    <label end="36" start="34" name="md"/>
                    <label end="41" start="38" name="VV"/>
                    <label end="43" start="43" name="dt"/>
                    <label end="47" start="45" name="nn"/>
                    <label end="52" start="49" name="jjr"/>
                    <label end="60" start="54" name="nn"/>
                    <label end="63" start="62" name="in"/>
                    <label end="67" start="65" name="PP"/>
                    <label end="71" start="69" name="vbp"/>
                    <label end="87" start="73" name="VVG"/>
                    <label end="89" start="89" name="dt"/>
                    <label end="97" start="91" name="jj"/>
                    <label end="105" start="99" name="nn"/>
                    <label end="110" start="107" name="in"/>
                    <label end="114" start="112" name="PP"/>
                    <label end="118" start="116" name="md"/>
                    <label end="121" start="120" name="in"/>
                    <label end="125" start="123" name="PP"/>
                    <label end="129" start="127" name="vbp"/>
                    <label end="137" start="131" name="VVG"/>
                    <label end="141" start="139" name="dt"/>
                    <label end="149" start="143" name="nn"/>
                    <label end="152" start="151" name="in"/>
                    <label end="161" start="154" name="PP"/>
                    <label end="163" start="163" name=","/>
                    <label end="166" start="165" name="''"/>
                    <label end="169" start="168" name="PP"/>
                    <label end="174" start="171" name="VVD"/>
                    <label end="176" start="176" name="sent"/>
                </layer>
                <layer rank="1" name="NER"/>
                <layer rank="1" name="WSL"/>
            </annotationSet>
            <annotationSet cDate="04/30/2003 06:35:54 PDT Wed" status="MANUAL" ID="1872795">
                <layer rank="1" name="Target">
                    <label cBy="CFB" end="87" start="73" name="Target"/>
                </layer>
                <layer rank="1" name="FE">
                    <label cBy="RLG" feID="4071" end="67" start="65" name="Questioner"/>
                    <label cBy="RLG" feID="4072" end="105" start="89" name="Witness"/>
                </layer>
                <layer rank="1" name="GF">
                    <label end="67" start="65" name="Ext"/>
                    <label end="105" start="89" name="Obj"/>
                </layer>
                <layer rank="1" name="PT">
                    <label end="67" start="65" name="NP"/>
                    <label end="105" start="89" name="NP"/>
                </layer>
                <layer rank="1" name="Other"/>
                <layer rank="1" name="Sent"/>
                <layer rank="1" name="Verb"/>
            </annotationSet>
        </sentence>
        <sentence corpID="113" docID="1485" sentNo="1" paragNo="9" aPos="0" ID="1212857">
            <text>Families , who want to cross-examine witnesses to discover exactly what happened , have campaigned for financial help with legal costs at the new inquest .</text>
            <annotationSet cDate="04/30/2003 06:35:58 PDT Wed" status="UNANN" ID="1872814">
                <layer rank="1" name="PENN">
                    <label end="7" start="0" name="nns"/>
                    <label end="9" start="9" name=","/>
                    <label end="13" start="11" name="wp"/>
                    <label end="18" start="15" name="VVP"/>
                    <label end="21" start="20" name="to"/>
                    <label end="35" start="23" name="VV"/>
                    <label end="45" start="37" name="nns"/>
                    <label end="48" start="47" name="to"/>
                    <label end="57" start="50" name="VV"/>
                    <label end="65" start="59" name="rb"/>
                    <label end="70" start="67" name="wp"/>
                    <label end="79" start="72" name="VVD"/>
                    <label end="81" start="81" name=","/>
                    <label end="86" start="83" name="VHP"/>
                    <label end="97" start="88" name="VVN"/>
                    <label end="101" start="99" name="in"/>
                    <label end="111" start="103" name="jj"/>
                    <label end="116" start="113" name="nn"/>
                    <label end="121" start="118" name="in"/>
                    <label end="127" start="123" name="jj"/>
                    <label end="133" start="129" name="nns"/>
                    <label end="136" start="135" name="in"/>
                    <label end="140" start="138" name="dt"/>
                    <label end="144" start="142" name="jj"/>
                    <label end="152" start="146" name="nn"/>
                    <label end="154" start="154" name="sent"/>
                </layer>
                <layer rank="1" name="NER"/>
                <layer rank="1" name="WSL"/>
            </annotationSet>
            <annotationSet cDate="04/30/2003 06:35:58 PDT Wed" status="MANUAL" ID="1872815">
                <layer rank="1" name="Target">
                    <label cBy="CFB" end="35" start="23" name="Target"/>
                </layer>
                <layer rank="1" name="FE">
                    <label cBy="RLG" feID="4071" end="7" start="0" name="Questioner"/>
                    <label cBy="RLG" feID="4072" end="45" start="37" name="Witness"/>
                    <label cBy="RLG" feID="4476" end="79" start="47" name="Purpose"/>
                    <label cBy="Hay" feID="4071" end="13" start="11" name="Questioner"/>
                </layer>
                <layer rank="1" name="GF">
                    <label end="7" start="0" name="Ext"/>
                    <label end="45" start="37" name="Obj"/>
                    <label end="79" start="47" name="Dep"/>
                    <label end="13" start="11" name="Ext"/>
                </layer>
                <layer rank="1" name="PT">
                    <label end="7" start="0" name="NP"/>
                    <label end="45" start="37" name="NP"/>
                    <label end="79" start="47" name="VPto"/>
                    <label end="13" start="11" name="NP"/>
                </layer>
                <layer rank="1" name="Other">
                    <label end="7" start="0" name="Ant"/>
                    <label end="13" start="11" name="Rel"/>
                </layer>
                <layer rank="1" name="Sent"/>
                <layer rank="1" name="Verb"/>
            </annotationSet>
        </sentence>
    </subCorpus>
    <subCorpus name="other-unmatched-(1)">
        <sentence corpID="113" docID="1493" sentNo="1" paragNo="11" aPos="0" ID="1212865">
            <text>Ferguson angrily cross-examined Zaleskie and accused him of lying under oath .</text>
            <annotationSet cDate="04/30/2003 06:36:01 PDT Wed" status="UNANN" ID="1872830">
                <layer rank="1" name="PENN">
                    <label end="7" start="0" name="NP"/>
                    <label end="15" start="9" name="rb"/>
                    <label end="30" start="17" name="VVD"/>
                    <label end="39" start="32" name="NP"/>
                    <label end="43" start="41" name="cc"/>
                    <label end="51" start="45" name="VVD"/>
                    <label end="55" start="53" name="PP"/>
                    <label end="58" start="57" name="in"/>
                    <label end="64" start="60" name="VVG"/>
                    <label end="70" start="66" name="in"/>
                    <label end="75" start="72" name="nn"/>
                    <label end="77" start="77" name="sent"/>
                </layer>
                <layer rank="1" name="NER"/>
                <layer rank="1" name="WSL"/>
            </annotationSet>
            <annotationSet cDate="04/30/2003 06:36:01 PDT Wed" status="MANUAL" ID="1872831">
                <layer rank="1" name="Target">
                    <label cBy="CFB" end="30" start="17" name="Target"/>
                </layer>
                <layer rank="1" name="FE">
                    <label cBy="RLG" feID="4071" end="7" start="0" name="Questioner"/>
                    <label cBy="RLG" feID="4475" end="15" start="9" name="Manner"/>
                    <label cBy="RLG" feID="4072" end="39" start="32" name="Witness"/>
                </layer>
                <layer rank="1" name="GF">
                    <label end="7" start="0" name="Ext"/>
                    <label end="15" start="9" name="Dep"/>
                    <label end="39" start="32" name="Obj"/>
                </layer>
                <layer rank="1" name="PT">
                    <label end="7" start="0" name="NP"/>
                    <label end="15" start="9" name="AVP"/>
                    <label end="39" start="32" name="NP"/>
                </layer>
                <layer rank="1" name="Other"/>
                <layer rank="1" name="Sent"/>
                <layer rank="1" name="Verb"/>
            </annotationSet>
        </sentence>
        <sentence corpID="113" docID="1525" sentNo="1" paragNo="16" aPos="0" ID="1212898">
            <text>Ferguson also attempted to subpoena President Clinton , cross-examined his victims with non-sequiturs and launched into rambling speeches .</text>
            <annotationSet cDate="04/30/2003 06:36:13 PDT Wed" status="UNANN" ID="1872896">
                <layer rank="1" name="PENN">
                    <label end="7" start="0" name="NP"/>
                    <label end="12" start="9" name="rb"/>
                    <label end="22" start="14" name="VVD"/>
                    <label end="25" start="24" name="to"/>
                    <label end="34" start="27" name="VV"/>
                    <label end="44" start="36" name="NP"/>
                    <label end="52" start="46" name="NP"/>
                    <label end="54" start="54" name=","/>
                    <label end="69" start="56" name="VVD"/>
                    <label end="73" start="71" name="PP$"/>
                    <label end="81" start="75" name="nns"/>
                    <label end="86" start="83" name="in"/>
                    <label end="100" start="88" name="nns"/>
                    <label end="104" start="102" name="cc"/>
                    <label end="113" start="106" name="VVN"/>
                    <label end="118" start="115" name="in"/>
                    <label end="127" start="120" name="VVG"/>
                    <label end="136" start="129" name="nns"/>
                    <label end="138" start="138" name="sent"/>
                </layer>
                <layer rank="1" name="NER"/>
                <layer rank="1" name="WSL"/>
            </annotationSet>
            <annotationSet cDate="04/30/2003 06:36:13 PDT Wed" status="MANUAL" ID="1872897">
                <layer rank="1" name="Target">
                    <label cBy="CFB" end="69" start="56" name="Target"/>
                </layer>
                <layer rank="1" name="FE">
                    <label cBy="RLG" feID="4071" end="7" start="0" name="Questioner"/>
                    <label cBy="RLG" feID="4072" end="81" start="71" name="Witness"/>
                    <label cBy="RLG" feID="4477" end="100" start="83" name="Means"/>
                </layer>
                <layer rank="1" name="GF">
                    <label end="7" start="0" name="Ext"/>
                    <label end="81" start="71" name="Obj"/>
                    <label end="100" start="83" name="Dep"/>
                </layer>
                <layer rank="1" name="PT">
                    <label end="7" start="0" name="NP"/>
                    <label end="81" start="71" name="NP"/>
                    <label end="100" start="83" name="PP"/>
                </layer>
                <layer rank="1" name="Other"/>
                <layer rank="1" name="Sent"/>
                <layer rank="1" name="Verb"/>
            </annotationSet>
        </sentence>
        <sentence corpID="113" docID="1528" sentNo="2" paragNo="15" aPos="0" ID="1212901">
            <text>Prosecutors said they looked forward to cross-examining her in front of a jury .</text>
            <annotationSet cDate="04/30/2003 06:36:14 PDT Wed" status="UNANN" ID="1872902">
                <layer rank="1" name="PENN">
                    <label end="10" start="0" name="nns"/>
                    <label end="15" start="12" name="VVD"/>
                    <label end="20" start="17" name="PP"/>
                    <label end="27" start="22" name="VVD"/>
                    <label end="35" start="29" name="rb"/>
                    <label end="38" start="37" name="to"/>
                    <label end="54" start="40" name="VVG"/>
                    <label end="58" start="56" name="PP"/>
                    <label end="61" start="60" name="in"/>
                    <label end="67" start="63" name="nn"/>
                    <label end="70" start="69" name="in"/>
                    <label end="72" start="72" name="dt"/>
                    <label end="77" start="74" name="nn"/>
                    <label end="79" start="79" name="sent"/>
                </layer>
                <layer rank="1" name="NER"/>
                <layer rank="1" name="WSL"/>
            </annotationSet>
            <annotationSet cDate="04/30/2003 06:36:14 PDT Wed" status="MANUAL" ID="1872903">
                <layer rank="1" name="Target">
                    <label cBy="CFB" end="54" start="40" name="Target"/>
                </layer>
                <layer rank="1" name="FE">
                    <label cBy="RLG" feID="4071" end="20" start="17" name="Questioner"/>
                    <label cBy="RLG" feID="4072" end="58" start="56" name="Witness"/>
                    <label cBy="RLG" feID="4474" end="77" start="60" name="Place"/>
                </layer>
                <layer rank="1" name="GF">
                    <label end="20" start="17" name="Ext"/>
                    <label end="58" start="56" name="Obj"/>
                    <label end="77" start="60" name="Dep"/>
                </layer>
                <layer rank="1" name="PT">
                    <label end="20" start="17" name="NP"/>
                    <label end="58" start="56" name="NP"/>
                    <label end="77" start="60" name="PP"/>
                </layer>
                <layer rank="1" name="Other"/>
                <layer rank="1" name="Sent"/>
                <layer rank="1" name="Verb"/>
            </annotationSet>
        </sentence>
        <sentence corpID="113" docID="1532" sentNo="1" paragNo="7" aPos="0" ID="1212905">
            <text>The judge denied that request and instead gave prosecutors until Thursday to study the new statement more closely before cross-examining Lopez outside the jury 's presence .</text>
            <annotationSet cDate="04/30/2003 06:36:16 PDT Wed" status="UNANN" ID="1872910">
                <layer rank="1" name="PENN">
                    <label end="2" start="0" name="dt"/>
                    <label end="8" start="4" name="nn"/>
                    <label end="15" start="10" name="VVN"/>
                    <label end="20" start="17" name="in"/>
                    <label end="28" start="22" name="nn"/>
                    <label end="32" start="30" name="cc"/>
                    <label end="40" start="34" name="rb"/>
                    <label end="45" start="42" name="VVD"/>
                    <label end="57" start="47" name="nns"/>
                    <label end="63" start="59" name="in"/>
                    <label end="72" start="65" name="NP"/>
                    <label end="75" start="74" name="to"/>
                    <label end="81" start="77" name="VV"/>
                    <label end="85" start="83" name="dt"/>
                    <label end="89" start="87" name="jj"/>
                    <label end="99" start="91" name="nn"/>
                    <label end="104" start="101" name="rbr"/>
                    <label end="112" start="106" name="rb"/>
                    <label end="119" start="114" name="in"/>
                    <label end="135" start="121" name="VVG"/>
                    <label end="141" start="137" name="NP"/>
                    <label end="149" start="143" name="in"/>
                    <label end="153" start="151" name="dt"/>
                    <label end="158" start="155" name="nn"/>
                    <label end="161" start="160" name="POS"/>
                    <label end="170" start="163" name="nn"/>
                    <label end="172" start="172" name="sent"/>
                </layer>
                <layer rank="1" name="NER"/>
                <layer rank="1" name="WSL"/>
            </annotationSet>
            <annotationSet cDate="04/30/2003 06:36:16 PDT Wed" status="MANUAL" ID="1872911">
                <layer rank="1" name="Target">
                    <label cBy="CFB" end="135" start="121" name="Target"/>
                </layer>
                <layer rank="1" name="FE">
                    <label cBy="RLG" feID="4071" itype="CNI" name="Questioner"/>
                    <label cBy="RLG" feID="4072" end="141" start="137" name="Witness"/>
                    <label cBy="RLG" feID="4473" end="170" start="143" name="Time"/>
                </layer>
                <layer rank="1" name="GF">
                    <label end="141" start="137" name="Obj"/>
                    <label end="170" start="143" name="Dep"/>
                </layer>
                <layer rank="1" name="PT">
                    <label end="141" start="137" name="NP"/>
                    <label end="170" start="143" name="PP"/>
                </layer>
                <layer rank="1" name="Other"/>
                <layer rank="1" name="Sent"/>
                <layer rank="1" name="Verb"/>
            </annotationSet>
        </sentence>
    </subCorpus>
</lexUnit>