<?xml version="1.0" encoding="UTF-8" standalone="yes"?>
<?xml-stylesheet type="text/xsl" href="lexUnit.xsl"?>
<lexUnit status="Add_Annotation" POS="N" name="brace.n" ID="8077" frame="Cardinal_numbers" frameID="218" totalAnnotated="0" xsi:schemaLocation="../schema/lexUnit.xsd" xmlns="http://framenet.icsi.berkeley.edu" xmlns:xsi="http://www.w3.org/2001/XMLSchema-instance">
    <header>
        <frame>
            <FE fgColor="FFFFFF" bgColor="0000FF" type="Extra-Thematic" abbrev="" name="Composite_number"/>
            <FE fgColor="FFFFFF" bgColor="9400D3" type="Core" abbrev="Entity" name="Entity"/>
            <FE fgColor="FFFFFF" bgColor="008000" type="Extra-Thematic" abbrev="mul" name="Multiplier"/>
            <FE fgColor="FFFFFF" bgColor="FF00FF" type="Core" abbrev="Num" name="Number"/>
            <FE fgColor="FFFFFF" bgColor="FF69B4" type="Peripheral" abbrev="deg" name="Precision"/>
            <FE fgColor="FFFFFF" bgColor="00BFFF" type="Core" abbrev="uni" name="Unit"/>
        </frame>
    </header>
    <definition>COD: a pair of things, especially birds or mammals killed in hunting</definition>
    <lexeme POS="N" name="brace"/>
    <valences/>
    <subCorpus name="01-pp_for-p-(2)"/>
    <subCorpus name="02-object-(2)"/>
    <subCorpus name="03-pp_for-p-(2)"/>
    <subCorpus name="04-object-(2)"/>
    <subCorpus name="05-other-matched-(2)"/>
    <subCorpus name="06-other-unmatched-(2)"/>
</lexUnit>