<?xml version="1.0" encoding="UTF-8" standalone="yes"?>
<?xml-stylesheet type="text/xsl" href="lexUnit.xsl"?>
<lexUnit status="Created" POS="V" name="explain.v" ID="8039" frame="Justifying" frameID="512" totalAnnotated="0" xsi:schemaLocation="../schema/lexUnit.xsd" xmlns="http://framenet.icsi.berkeley.edu" xmlns:xsi="http://www.w3.org/2001/XMLSchema-instance">
    <header>
        <frame>
            <FE fgColor="FFFFFF" bgColor="008000" type="Core" abbrev="" name="Act"/>
            <FE fgColor="FFFFFF" bgColor="FF0000" type="Core" abbrev="" name="Agent"/>
            <FE fgColor="000000" bgColor="FFFF00" type="Peripheral" abbrev="" name="Degree"/>
            <FE fgColor="FFFFFF" bgColor="7FFF00" type="Peripheral" abbrev="" name="Domain"/>
            <FE fgColor="FFFFFF" bgColor="90876C" type="Extra-Thematic" abbrev="exp" name="Explanation"/>
            <FE fgColor="000000" bgColor="FFA500" type="Extra-Thematic" abbrev="" name="Frequency"/>
            <FE fgColor="FFFFFF" bgColor="800080" type="Peripheral" abbrev="" name="Judge"/>
            <FE fgColor="FFFFFF" bgColor="A52A2A" type="Peripheral" abbrev="" name="Means"/>
            <FE fgColor="FFFFFF" bgColor="00BFFF" type="Core" abbrev="" name="State_of_affairs"/>
            <FE fgColor="FFFFFF" bgColor="808080" type="Peripheral" abbrev="" name="Time"/>
        </frame>
    </header>
    <definition>COD: excuse or justify one's motives or conduct</definition>
    <lexeme POS="V" name="explain"/>
    <valences/>
    <subCorpus name="manually-added"/>
</lexUnit>