<?xml version="1.0" encoding="UTF-8" standalone="yes"?>
<?xml-stylesheet type="text/xsl" href="lexUnit.xsl"?>
<lexUnit status="Created" POS="V" name="turn in.v" ID="8008" frame="Surrendering" frameID="502" totalAnnotated="0" xsi:schemaLocation="../schema/lexUnit.xsd" xmlns="http://framenet.icsi.berkeley.edu" xmlns:xsi="http://www.w3.org/2001/XMLSchema-instance">
    <header>
        <frame>
            <FE fgColor="FFFFFF" bgColor="0000FF" type="Core" abbrev="Aut" name="Authorities"/>
            <FE fgColor="FFFFFF" bgColor="00BFFF" type="Extra-Thematic" abbrev="Char" name="Charges"/>
            <FE fgColor="000000" bgColor="FFA500" type="Extra-Thematic" abbrev="" name="Explanation"/>
            <FE fgColor="FFFFFF" bgColor="FF0000" type="Core" abbrev="Fug" name="Fugitive"/>
            <FE fgColor="FFFFFF" bgColor="FF00FF" type="Peripheral" abbrev="" name="Manner"/>
            <FE fgColor="FFFFFF" bgColor="9400D3" type="Peripheral" abbrev="Place" name="Place"/>
            <FE fgColor="FFFFFF" bgColor="2E8B57" type="Peripheral" abbrev="Time" name="Time"/>
        </frame>
    </header>
    <definition>FN: to surrender oneself to the authorities</definition>
    <lexeme order="1" headword="true" breakBefore="false" POS="V" name="turn"/>
    <lexeme order="2" headword="false" breakBefore="true" POS="PREP" name="in"/>
    <valences/>
    <subCorpus name="manually-added"/>
</lexUnit>