<?xml version="1.0" encoding="UTF-8" standalone="yes"?>
<?xml-stylesheet type="text/xsl" href="lexUnit.xsl"?>
<lexUnit status="Created" POS="V" name="squint.v" ID="8089" frame="Perception_active" frameID="66" totalAnnotated="0" xsi:schemaLocation="../schema/lexUnit.xsd" xmlns="http://framenet.icsi.berkeley.edu" xmlns:xsi="http://www.w3.org/2001/XMLSchema-instance">
    <header>
        <frame>
            <FE fgColor="FFFFFF" bgColor="9F79EE" type="Core-Unexpressed" abbrev="BodP" name="Body_part"/>
            <FE fgColor="FFFFFF" bgColor="9400D3" type="Extra-Thematic" abbrev="State" name="Depictive"/>
            <FE fgColor="FFFFFF" bgColor="808080" type="Core-Unexpressed" abbrev="Dir" name="Direction"/>
            <FE fgColor="000000" bgColor="d0d0d0" type="Peripheral" abbrev="Dur" name="Duration"/>
            <FE fgColor="FFFFFF" bgColor="006400" type="Extra-Thematic" abbrev="exp" name="Expected_entity"/>
            <FE fgColor="FFFFFF" bgColor="2E8B57" type="Peripheral" abbrev="Ground" name="Ground"/>
            <FE fgColor="FFFFFF" bgColor="800080" type="Extra-Thematic" abbrev="Loc" name="Location_of_protagonist"/>
            <FE fgColor="FFFFFF" bgColor="FF00FF" type="Peripheral" abbrev="Manr" name="Manner"/>
            <FE fgColor="FFFFFF" bgColor="00BFFF" type="Peripheral" abbrev="Mns" name="Means"/>
            <FE fgColor="000000" bgColor="7FFF00" type="Peripheral" abbrev="O_m" name="Obscuring_medium"/>
            <FE fgColor="FFFFFF" bgColor="FF0000" type="Core" abbrev="per" name="Perceiver_agentive"/>
            <FE fgColor="FFFFFF" bgColor="0000FF" type="Core" abbrev="Phen" name="Phenomenon"/>
            <FE fgColor="FFFFFF" bgColor="008000" type="Peripheral" abbrev="" name="Place"/>
            <FE fgColor="FFFFFF" bgColor="1E90FF" type="Peripheral" abbrev="Purp" name="Purpose"/>
            <FE fgColor="FFFFFF" bgColor="A52A2A" type="Peripheral" abbrev="State" name="State"/>
            <FE fgColor="FFFFFF" bgColor="FFA500" type="Peripheral" abbrev="Tim" name="Time"/>
        </frame>
    </header>
    <definition>COD: look at someone or something with partly closed eyes</definition>
    <lexeme POS="V" name="squint"/>
    <semType name="Visual_modality" ID="94"/>
    <valences/>
</lexUnit>