<?xml version="1.0" encoding="UTF-8" standalone="yes"?>
<?xml-stylesheet type="text/xsl" href="lexUnit.xsl"?>
<lexUnit status="Created" POS="A" name="actionable.a" ID="8083" frame="Severity_of_offense" frameID="517" totalAnnotated="0" xsi:schemaLocation="../schema/lexUnit.xsd" xmlns="http://framenet.icsi.berkeley.edu" xmlns:xsi="http://www.w3.org/2001/XMLSchema-instance">
    <header>
        <frame>
            <FE fgColor="000000" bgColor="FFFF00" type="Peripheral" abbrev="Cd" name="Code"/>
            <FE fgColor="FFFFFF" bgColor="FF0000" type="Core" abbrev="Off" name="Offense"/>
        </frame>
    </header>
    <definition>COD: giving sufficient reason to take legal action. </definition>
    <lexeme POS="A" name="actionable"/>
    <valences/>
</lexUnit>