<?xml version="1.0" encoding="UTF-8" standalone="yes"?>
<?xml-stylesheet type="text/xsl" href="lexUnit.xsl"?>
<lexUnit status="Created" POS="N" name="squeal.n" ID="8010" frame="Reporting" frameID="483" totalAnnotated="0" xsi:schemaLocation="../schema/lexUnit.xsd" xmlns="http://framenet.icsi.berkeley.edu" xmlns:xsi="http://www.w3.org/2001/XMLSchema-instance">
    <header>
        <frame>
            <FE fgColor="FFFFFF" bgColor="9400D3" type="Core" abbrev="Aut" name="Authorities"/>
            <FE fgColor="FFFFFF" bgColor="006400" type="Core" abbrev="" name="Behavior"/>
            <FE fgColor="FFFFFF" bgColor="FF0000" type="Core" abbrev="Inf" name="Informer"/>
            <FE fgColor="FFFFFF" bgColor="00BFFF" type="Peripheral" abbrev="Place" name="Place"/>
            <FE fgColor="FFFFFF" bgColor="800080" type="Extra-Thematic" abbrev="Purp" name="Purpose"/>
            <FE fgColor="FFFFFF" bgColor="2E8B57" type="Peripheral" abbrev="Time" name="Time"/>
            <FE fgColor="FFFFFF" bgColor="0000FF" type="Core" abbrev="Wd" name="Wrongdoer"/>
        </frame>
    </header>
    <definition>COD:  inform on someone. </definition>
    <lexeme POS="N" name="squeal"/>
    <valences/>
</lexUnit>