<?xml version="1.0" encoding="UTF-8" standalone="yes"?>
<?xml-stylesheet type="text/xsl" href="lexUnit.xsl"?>
<lexUnit status="Created" POS="N" name="impediment.n" ID="8041" frame="Hindering" frameID="480" totalAnnotated="1" xsi:schemaLocation="../schema/lexUnit.xsd" xmlns="http://framenet.icsi.berkeley.edu" xmlns:xsi="http://www.w3.org/2001/XMLSchema-instance">
    <header>
        <corpus description="AQUAINT Knowledge-Based Evaluation Texts" name="KBEval" ID="185">
            <document description="utd-icsi" name="utd-icsi" ID="23579"/>
        </corpus>
        <frame>
            <FE fgColor="FFFFFF" bgColor="800080" type="Core" abbrev="Act" name="Action"/>
            <FE fgColor="000000" bgColor="FFA500" type="Extra-Thematic" abbrev="" name="Circumstances"/>
            <FE fgColor="000000" bgColor="EEE8AA" type="Extra-Thematic" abbrev="" name="Concessive"/>
            <FE fgColor="FFFFFF" bgColor="FF00FF" type="Extra-Thematic" abbrev="Deg" name="Degree"/>
            <FE fgColor="FFFFFF" bgColor="A52A2A" type="Extra-Thematic" abbrev="dur" name="Duration"/>
            <FE fgColor="FFFFFF" bgColor="90876C" type="Extra-Thematic" abbrev="Exp" name="Explanation"/>
            <FE fgColor="FFFFFF" bgColor="2E8B57" type="Extra-Thematic" abbrev="" name="Frequency"/>
            <FE fgColor="FFFFFF" bgColor="FF0000" type="Core" abbrev="Hin" name="Hindrance"/>
            <FE fgColor="000000" bgColor="FFFF00" type="Peripheral" abbrev="Man" name="Manner"/>
            <FE fgColor="FFFFFF" bgColor="FF69B4" type="Peripheral" abbrev="" name="Means"/>
            <FE fgColor="FFFFFF" bgColor="00BFFF" type="Peripheral" abbrev="Place" name="Place"/>
            <FE fgColor="FFFFFF" bgColor="0000FF" type="Core" abbrev="Pro" name="Protagonist"/>
            <FE fgColor="FFFFFF" bgColor="008000" type="Peripheral" abbrev="Time" name="Time"/>
        </frame>
    </header>
    <definition>COD: a hindrance or obstruction. </definition>
    <lexeme POS="N" name="impediment"/>
    <valences>
        <FERealization total="1">
            <FE name="Action"/>
            <pattern total="1">
                <valenceUnit GF="Dep" PT="PP[to]" FE="Action"/>
                <annoSet ID="6533043"/>
            </pattern>
        </FERealization>
        <FEGroupRealization total="1">
            <FE name="Action"/>
            <pattern total="1">
                <valenceUnit GF="Dep" PT="PP[to]" FE="Action"/>
                <annoSet ID="6533043"/>
            </pattern>
        </FEGroupRealization>
    </valences>
    <subCorpus name="manually-added">
        <sentence corpID="185" docID="23579" sentNo="4" paragNo="36" aPos="0" ID="4099000">
            <text>QN : Are there any continuing impediments to progress in the negotiations between Israel and the Palestinian authority ?</text>
            <annotationSet cDate="10/05/2005 01:34:55 PDT Wed" status="UNANN" ID="6531741">
                <layer rank="1" name="PENN">
                    <label end="1" start="0" name="NP"/>
                    <label end="3" start="3" name=":"/>
                    <label end="7" start="5" name="vbp"/>
                    <label end="13" start="9" name="rb"/>
                    <label end="17" start="15" name="dt"/>
                    <label end="28" start="19" name="VVG"/>
                    <label end="40" start="30" name="nns"/>
                    <label end="43" start="42" name="to"/>
                    <label end="52" start="45" name="VV"/>
                    <label end="55" start="54" name="in"/>
                    <label end="59" start="57" name="dt"/>
                    <label end="72" start="61" name="nns"/>
                    <label end="80" start="74" name="in"/>
                    <label end="87" start="82" name="NP"/>
                    <label end="91" start="89" name="cc"/>
                    <label end="95" start="93" name="dt"/>
                    <label end="107" start="97" name="jj"/>
                    <label end="117" start="109" name="nn"/>
                    <label end="119" start="119" name="sent"/>
                </layer>
                <layer rank="1" name="NER">
                    <label end="87" start="82" name="GPE"/>
                    <label end="117" start="97" name="organization"/>
                </layer>
                <layer rank="1" name="WSL">
                    <label end="1" start="0" name="NT"/>
                    <label end="3" start="3" name="NT"/>
                    <label end="17" start="15" name="NT"/>
                    <label end="43" start="42" name="NT"/>
                    <label end="55" start="54" name="NT"/>
                    <label end="59" start="57" name="NT"/>
                    <label end="80" start="74" name="NT"/>
                    <label end="87" start="82" name="NT"/>
                    <label end="91" start="89" name="NT"/>
                    <label end="95" start="93" name="NT"/>
                    <label end="119" start="119" name="NT"/>
                </layer>
            </annotationSet>
            <annotationSet cDate="10/07/2005 02:33:55 PDT Fri" status="MANUAL" ID="6533043">
                <layer rank="1" name="Target">
                    <label cBy="RLG" end="40" start="30" name="Target"/>
                </layer>
                <layer rank="1" name="FE">
                    <label cBy="RLG" feID="4012" end="117" start="42" name="Action"/>
                </layer>
                <layer rank="1" name="GF">
                    <label end="117" start="42" name="Dep"/>
                </layer>
                <layer rank="1" name="PT">
                    <label end="117" start="42" name="PP"/>
                </layer>
                <layer rank="1" name="Other">
                    <label end="13" start="9" name="Null"/>
                </layer>
                <layer rank="1" name="Sent"/>
                <layer rank="1" name="Noun">
                    <label end="7" start="5" name="Cop"/>
                </layer>
            </annotationSet>
        </sentence>
    </subCorpus>
</lexUnit>