<?xml version="1.0" encoding="UTF-8" standalone="yes"?>
<?xml-stylesheet type="text/xsl" href="lexUnit.xsl"?>
<lexUnit status="Created" POS="PREP" name="under suspicion (of).prep" ID="8014" frame="Suspicion" frameID="503" totalAnnotated="0" xsi:schemaLocation="../schema/lexUnit.xsd" xmlns="http://framenet.icsi.berkeley.edu" xmlns:xsi="http://www.w3.org/2001/XMLSchema-instance">
    <header>
        <frame>
            <FE fgColor="FFFFFF" bgColor="FF0000" type="Core" abbrev="Aut" name="Authority"/>
            <FE fgColor="FFFFFF" bgColor="2E8B57" type="Core" abbrev="Inc" name="Incident"/>
            <FE fgColor="FFFFFF" bgColor="0000FF" type="Core" abbrev="Sus" name="Suspect"/>
            <FE fgColor="FFFFFF" bgColor="FFA500" type="Peripheral" abbrev="Time" name="Time"/>
        </frame>
    </header>
    <definition>FN: (of a person) be suspected of involvement in a crime.</definition>
    <lexeme order="1" headword="true" breakBefore="false" POS="PREP" name="under"/>
    <lexeme order="2" headword="false" breakBefore="true" POS="N" name="suspicion"/>
    <valences/>
    <subCorpus name="manually-added"/>
</lexUnit>