<?xml version="1.0" encoding="UTF-8" standalone="yes"?>
<?xml-stylesheet type="text/xsl" href="lexUnit.xsl"?>
<lexUnit status="Created" POS="V" name="take a piss.v" ID="8086" frame="Excreting" frameID="270" totalAnnotated="0" xsi:schemaLocation="../schema/lexUnit.xsd" xmlns="http://framenet.icsi.berkeley.edu" xmlns:xsi="http://www.w3.org/2001/XMLSchema-instance">
    <header>
        <frame>
            <FE fgColor="FFFFFF" bgColor="FF69B4" type="Peripheral" abbrev="Degr" name="Degree"/>
            <FE fgColor="FFFFFF" bgColor="A52A2A" type="Core" abbrev="Excre" name="Excreta"/>
            <FE fgColor="FFFFFF" bgColor="FF0000" type="Core" abbrev="Exter" name="Excreter"/>
            <FE fgColor="FFFFFF" bgColor="808080" type="Extra-Thematic" abbrev="Freq" name="Frequency"/>
            <FE fgColor="FFFFFF" bgColor="00BFFF" type="Peripheral" abbrev="Goal" name="Goal"/>
            <FE fgColor="FFFFFF" bgColor="FF00FF" type="Peripheral" abbrev="Manr" name="Manner"/>
            <FE fgColor="FFFFFF" bgColor="0000FF" type="Peripheral" abbrev="Mns" name="Means"/>
            <FE fgColor="FFFFFF" bgColor="9F79EE" type="Peripheral" abbrev="Path" name="Path"/>
            <FE fgColor="FFFFFF" bgColor="008000" type="Peripheral" abbrev="Loc" name="Place"/>
            <FE fgColor="FFFFFF" bgColor="800080" type="Extra-Thematic" abbrev="Purp" name="Purpose"/>
            <FE fgColor="FFFFFF" bgColor="00008B" type="Core" abbrev="Src" name="Source"/>
            <FE fgColor="FFFFFF" bgColor="FFA500" type="Peripheral" abbrev="Time" name="Time"/>
        </frame>
    </header>
    <definition>FN: urinate</definition>
    <lexeme order="1" headword="true" breakBefore="false" POS="V" name="take"/>
    <lexeme order="2" headword="false" breakBefore="false" POS="ART" name="a"/>
    <lexeme order="3" headword="false" breakBefore="true" POS="N" name="piss"/>
    <valences/>
</lexUnit>