<?xml version="1.0" encoding="UTF-8" standalone="yes"?>
<?xml-stylesheet type="text/xsl" href="lexUnit.xsl"?>
<lexUnit status="Created" incorporatedFE="Vehicle" POS="N" name="submarine.n" ID="8156" frame="Vehicle" frameID="429" totalAnnotated="2" xsi:schemaLocation="../schema/lexUnit.xsd" xmlns="http://framenet.icsi.berkeley.edu" xmlns:xsi="http://www.w3.org/2001/XMLSchema-instance">
    <header>
        <corpus description="Texts from Nuclear Threat Initiative website, created by Center for Non-Proliferation Studies" name="NTI" ID="135">
            <document description="Russia Introduction" name="Russia_Introduction" ID="23563"/>
        </corpus>
        <frame>
            <FE fgColor="FFFFFF" bgColor="00BFFF" type="Peripheral" abbrev="Desc" name="Descriptor"/>
            <FE fgColor="FFFFFF" bgColor="FF69B4" type="Peripheral" abbrev="Iti" name="Itinerary"/>
            <FE fgColor="FFFFFF" bgColor="00008B" type="Extra-Thematic" abbrev="Prop" name="Means_of_propulsion"/>
            <FE fgColor="FFFFFF" bgColor="800080" type="Peripheral" abbrev="Poss" name="Possessor"/>
            <FE fgColor="FFFFFF" bgColor="008000" type="Peripheral" abbrev="use" name="Use"/>
            <FE fgColor="FFFFFF" bgColor="A52A2A" type="Core" abbrev="Veh" name="Vehicle"/>
        </frame>
    </header>
    <definition>COD: a streamlined warship designed to operate completely submerged in the sea for long periods.</definition>
    <lexeme POS="N" name="submarine"/>
    <valences>
        <FERealization total="2">
            <FE name="Descriptor"/>
            <pattern total="1">
                <valenceUnit GF="Dep" PT="N" FE="Descriptor"/>
                <annoSet ID="6529361"/>
            </pattern>
            <pattern total="1">
                <valenceUnit GF="Dep" PT="VPing" FE="Descriptor"/>
                <annoSet ID="6529361"/>
            </pattern>
            <pattern total="1">
                <valenceUnit GF="Dep" PT="NP" FE="Descriptor"/>
                <annoSet ID="6529364"/>
            </pattern>
        </FERealization>
        <FERealization total="2">
            <FE name="Vehicle"/>
            <pattern total="2">
                <valenceUnit GF="" PT="DEN" FE="Vehicle"/>
                <annoSet ID="6529361"/>
                <annoSet ID="6529364"/>
            </pattern>
        </FERealization>
        <FEGroupRealization total="1">
            <FE name="Descriptor"/>
            <FE name="Descriptor"/>
            <FE name="Vehicle"/>
            <pattern total="1">
                <valenceUnit GF="Dep" PT="N" FE="Descriptor"/>
                <valenceUnit GF="Dep" PT="VPing" FE="Descriptor"/>
                <valenceUnit GF="" PT="DEN" FE="Vehicle"/>
                <annoSet ID="6529361"/>
            </pattern>
        </FEGroupRealization>
        <FEGroupRealization total="1">
            <FE name="Descriptor"/>
            <FE name="Vehicle"/>
            <pattern total="1">
                <valenceUnit GF="Dep" PT="NP" FE="Descriptor"/>
                <valenceUnit GF="" PT="DEN" FE="Vehicle"/>
                <annoSet ID="6529364"/>
            </pattern>
        </FEGroupRealization>
    </valences>
    <subCorpus name="manually-added">
        <sentence corpID="135" docID="23563" sentNo="6" paragNo="10" aPos="0" ID="4097796">
            <text>While no sea - launched ballistic missile ( SLBM ) is currently in production , Russia is developing a new SLBM called the Bulava , which is to be deployed in the existing Typhoon class submarines and in the future in a new class of ballistic missile submarines currently under construction .</text>
            <annotationSet cDate="08/01/2005 12:27:50 PDT Mon" status="UNANN" ID="6528771">
                <layer rank="1" name="PENN">
                    <label end="4" start="0" name="in"/>
                    <label end="7" start="6" name="dt"/>
                    <label end="11" start="9" name="nn"/>
                    <label end="13" start="13" name=":"/>
                    <label end="22" start="15" name="VVD"/>
                    <label end="32" start="24" name="jj"/>
                    <label end="40" start="34" name="nn"/>
                    <label end="42" start="42" name="("/>
                    <label end="47" start="44" name="NP"/>
                    <label end="49" start="49" name=")"/>
                    <label end="52" start="51" name="VBZ"/>
                    <label end="62" start="54" name="rb"/>
                    <label end="65" start="64" name="in"/>
                    <label end="76" start="67" name="nn"/>
                    <label end="78" start="78" name=","/>
                    <label end="85" start="80" name="NP"/>
                    <label end="88" start="87" name="VBZ"/>
                    <label end="99" start="90" name="VVG"/>
                    <label end="101" start="101" name="dt"/>
                    <label end="105" start="103" name="jj"/>
                    <label end="110" start="107" name="nn"/>
                    <label end="117" start="112" name="VVD"/>
                    <label end="121" start="119" name="dt"/>
                    <label end="128" start="123" name="NP"/>
                    <label end="130" start="130" name=","/>
                    <label end="136" start="132" name="wdt"/>
                    <label end="139" start="138" name="VBZ"/>
                    <label end="142" start="141" name="to"/>
                    <label end="145" start="144" name="vb"/>
                    <label end="154" start="147" name="VVN"/>
                    <label end="157" start="156" name="in"/>
                    <label end="161" start="159" name="dt"/>
                    <label end="170" start="163" name="jj"/>
                    <label end="178" start="172" name="nn"/>
                    <label end="184" start="180" name="nn"/>
                    <label end="195" start="186" name="nns"/>
                    <label end="199" start="197" name="cc"/>
                    <label end="202" start="201" name="in"/>
                    <label end="206" start="204" name="dt"/>
                    <label end="213" start="208" name="nn"/>
                    <label end="216" start="215" name="in"/>
                    <label end="218" start="218" name="dt"/>
                    <label end="222" start="220" name="jj"/>
                    <label end="228" start="224" name="nn"/>
                    <label end="231" start="230" name="in"/>
                    <label end="241" start="233" name="jj"/>
                    <label end="249" start="243" name="nn"/>
                    <label end="260" start="251" name="nns"/>
                    <label end="270" start="262" name="rb"/>
                    <label end="276" start="272" name="in"/>
                    <label end="289" start="278" name="nn"/>
                    <label end="291" start="291" name="sent"/>
                </layer>
                <layer rank="1" name="NER">
                    <label end="85" start="80" name="location"/>
                    <label end="110" start="107" name="organization"/>
                    <label end="128" start="123" name="organization"/>
                </layer>
                <layer rank="1" name="WSL">
                    <label end="4" start="0" name="NT"/>
                    <label end="7" start="6" name="NT"/>
                    <label end="13" start="13" name="NT"/>
                    <label end="42" start="42" name="NT"/>
                    <label end="47" start="44" name="NT"/>
                    <label end="49" start="49" name="NT"/>
                    <label end="52" start="51" name="NT"/>
                    <label end="62" start="54" name="NT"/>
                    <label end="65" start="64" name="NT"/>
                    <label end="78" start="78" name="NT"/>
                    <label end="85" start="80" name="NT"/>
                    <label end="88" start="87" name="NT"/>
                    <label end="101" start="101" name="NT"/>
                    <label end="121" start="119" name="NT"/>
                    <label end="128" start="123" name="NT"/>
                    <label end="130" start="130" name="NT"/>
                    <label end="136" start="132" name="NT"/>
                    <label end="139" start="138" name="NT"/>
                    <label end="142" start="141" name="NT"/>
                    <label end="145" start="144" name="NT"/>
                    <label end="157" start="156" name="NT"/>
                    <label end="161" start="159" name="NT"/>
                    <label end="199" start="197" name="NT"/>
                    <label end="202" start="201" name="NT"/>
                    <label end="206" start="204" name="NT"/>
                    <label end="216" start="215" name="NT"/>
                    <label end="218" start="218" name="NT"/>
                    <label end="231" start="230" name="NT"/>
                    <label end="270" start="262" name="NT"/>
                    <label end="276" start="272" name="NT"/>
                    <label end="291" start="291" name="NT"/>
                    <label end="178" start="172" name="NT"/>
                </layer>
            </annotationSet>
            <annotationSet cDate="08/05/2005 11:22:32 PDT Fri" status="MANUAL" ID="6529361">
                <layer rank="1" name="Target">
                    <label cBy="RLG" end="195" start="186" name="Target"/>
                </layer>
                <layer rank="1" name="FE">
                    <label cBy="RLG" feID="3958" end="195" start="186" name="Vehicle"/>
                    <label cBy="RLG" feID="3957" end="184" start="172" name="Descriptor"/>
                    <label cBy="RLG" feID="3957" end="170" start="163" name="Descriptor"/>
                </layer>
                <layer rank="1" name="GF">
                    <label end="184" start="172" name="Dep"/>
                    <label end="170" start="163" name="Dep"/>
                </layer>
                <layer rank="1" name="PT">
                    <label end="184" start="172" name="N"/>
                    <label end="170" start="163" name="VPing"/>
                </layer>
                <layer rank="1" name="Other"/>
                <layer rank="1" name="Sent"/>
                <layer rank="1" name="Noun"/>
            </annotationSet>
            <annotationSet cDate="08/05/2005 11:28:06 PDT Fri" status="MANUAL" ID="6529364">
                <layer rank="1" name="Target">
                    <label cBy="RLG" end="260" start="251" name="Target"/>
                </layer>
                <layer rank="1" name="FE">
                    <label cBy="RLG" feID="3957" end="249" start="233" name="Descriptor"/>
                    <label cBy="RLG" feID="3958" end="260" start="251" name="Vehicle"/>
                </layer>
                <layer rank="1" name="GF">
                    <label end="249" start="233" name="Dep"/>
                </layer>
                <layer rank="1" name="PT">
                    <label end="249" start="233" name="NP"/>
                </layer>
                <layer rank="1" name="Other"/>
                <layer rank="1" name="Sent"/>
                <layer rank="1" name="Noun"/>
            </annotationSet>
        </sentence>
    </subCorpus>
</lexUnit>