<?xml version="1.0" encoding="UTF-8" standalone="yes"?>
<?xml-stylesheet type="text/xsl" href="lexUnit.xsl"?>
<lexUnit status="Created" incorporatedFE="Vehicle" POS="N" name="cab.n" ID="8152" frame="Vehicle" frameID="429" totalAnnotated="3" xsi:schemaLocation="../schema/lexUnit.xsd" xmlns="http://framenet.icsi.berkeley.edu" xmlns:xsi="http://www.w3.org/2001/XMLSchema-instance">
    <header>
        <corpus description="Miscellaneous" name="Miscellaneous" ID="175">
            <document description="TigerOfSanPedro" name="Tiger_Of_San_Pedro" ID="25343"/>
        </corpus>
        <frame>
            <FE fgColor="FFFFFF" bgColor="00BFFF" type="Peripheral" abbrev="Desc" name="Descriptor"/>
            <FE fgColor="FFFFFF" bgColor="FF69B4" type="Peripheral" abbrev="Iti" name="Itinerary"/>
            <FE fgColor="FFFFFF" bgColor="00008B" type="Extra-Thematic" abbrev="Prop" name="Means_of_propulsion"/>
            <FE fgColor="FFFFFF" bgColor="800080" type="Peripheral" abbrev="Poss" name="Possessor"/>
            <FE fgColor="FFFFFF" bgColor="008000" type="Peripheral" abbrev="use" name="Use"/>
            <FE fgColor="FFFFFF" bgColor="A52A2A" type="Core" abbrev="Veh" name="Vehicle"/>
        </frame>
    </header>
    <definition>COD: a taxi. </definition>
    <lexeme POS="N" name="cab"/>
    <valences>
        <FERealization total="3">
            <FE name="Vehicle"/>
            <pattern total="3">
                <valenceUnit GF="" PT="DEN" FE="Vehicle"/>
                <annoSet ID="6646158"/>
                <annoSet ID="6646201"/>
                <annoSet ID="6646654"/>
            </pattern>
        </FERealization>
        <FEGroupRealization total="3">
            <FE name="Vehicle"/>
            <pattern total="3">
                <valenceUnit GF="" PT="DEN" FE="Vehicle"/>
                <annoSet ID="6646158"/>
                <annoSet ID="6646201"/>
                <annoSet ID="6646654"/>
            </pattern>
        </FEGroupRealization>
    </valences>
    <subCorpus name="manually-added">
        <sentence corpID="175" docID="25343" sentNo="6" paragNo="32" aPos="0" ID="4148478">
            <text>In the cab was a woman , half-collapsed from nervous exhaustion .</text>
            <annotationSet cDate="04/30/2013 05:20:57 PDT Tue" status="UNANN" ID="6646155">
                <layer rank="1" name="PENN">
                    <label end="1" start="0" name="in"/>
                    <label end="5" start="3" name="dt"/>
                    <label end="9" start="7" name="nn"/>
                    <label end="13" start="11" name="VBD"/>
                    <label end="15" start="15" name="dt"/>
                    <label end="21" start="17" name="nn"/>
                    <label end="38" start="25" name="VBN"/>
                    <label end="43" start="40" name="in"/>
                    <label end="51" start="45" name="jj"/>
                    <label end="62" start="53" name="nn"/>
                </layer>
                <layer rank="1" name="NER"/>
                <layer rank="1" name="WSL"/>
            </annotationSet>
            <annotationSet cDate="04/30/2013 05:20:58 PDT Tue" status="MANUAL" ID="6646158">
                <layer rank="1" name="Target">
                    <label cBy="EGp" end="9" start="7" name="Target"/>
                </layer>
                <layer rank="1" name="FE">
                    <label cBy="EGp" feID="3958" end="9" start="7" name="Vehicle"/>
                </layer>
                <layer rank="1" name="GF"/>
                <layer rank="1" name="PT"/>
                <layer rank="1" name="Other"/>
                <layer rank="1" name="Sent"/>
                <layer rank="1" name="Noun"/>
            </annotationSet>
        </sentence>
        <sentence corpID="175" docID="25343" sentNo="6" paragNo="33" aPos="0" ID="4148487">
            <text>I took her part , got her into a cab , and here we are .</text>
            <annotationSet cDate="04/30/2013 05:21:11 PDT Tue" status="UNANN" ID="6646199">
                <layer rank="1" name="PENN">
                    <label end="0" start="0" name="PRP"/>
                    <label end="5" start="2" name="VBD"/>
                    <label end="9" start="7" name="PRP$"/>
                    <label end="14" start="11" name="nn"/>
                    <label end="20" start="18" name="VBD"/>
                    <label end="24" start="22" name="PRP"/>
                    <label end="29" start="26" name="in"/>
                    <label end="31" start="31" name="dt"/>
                    <label end="35" start="33" name="nn"/>
                    <label end="41" start="39" name="cc"/>
                    <label end="46" start="43" name="rb"/>
                    <label end="49" start="48" name="PRP"/>
                    <label end="53" start="51" name="vbp"/>
                </layer>
                <layer rank="1" name="NER"/>
                <layer rank="1" name="WSL"/>
            </annotationSet>
            <annotationSet cDate="04/30/2013 05:21:12 PDT Tue" status="MANUAL" ID="6646201">
                <layer rank="1" name="Target">
                    <label cBy="EGp" end="35" start="33" name="Target"/>
                </layer>
                <layer rank="1" name="FE">
                    <label cBy="EGp" feID="3958" end="35" start="33" name="Vehicle"/>
                </layer>
                <layer rank="1" name="GF"/>
                <layer rank="1" name="PT"/>
                <layer rank="1" name="Other"/>
                <layer rank="1" name="Sent"/>
                <layer rank="1" name="Noun"/>
            </annotationSet>
        </sentence>
        <sentence corpID="175" docID="25343" sentNo="1" paragNo="45" aPos="0" ID="4148590">
            <text>I sprang out , they tried to drag me back , and had it not been for the help of this good man , who led me to the cab , I should never had broken away .</text>
            <annotationSet cDate="04/30/2013 05:24:04 PDT Tue" status="UNANN" ID="6646647">
                <layer rank="1" name="PENN">
                    <label end="0" start="0" name="PRP"/>
                    <label end="7" start="2" name="VBD"/>
                    <label end="11" start="9" name="rp"/>
                    <label end="18" start="15" name="PRP"/>
                    <label end="24" start="20" name="VBD"/>
                    <label end="27" start="26" name="to"/>
                    <label end="32" start="29" name="vb"/>
                    <label end="35" start="34" name="PRP"/>
                    <label end="40" start="37" name="rb"/>
                    <label end="46" start="44" name="cc"/>
                    <label end="50" start="48" name="VBD"/>
                    <label end="53" start="52" name="PRP"/>
                    <label end="57" start="55" name="rb"/>
                    <label end="62" start="59" name="VBN"/>
                    <label end="66" start="64" name="in"/>
                    <label end="70" start="68" name="dt"/>
                    <label end="75" start="72" name="nn"/>
                    <label end="78" start="77" name="in"/>
                    <label end="83" start="80" name="dt"/>
                    <label end="88" start="85" name="jj"/>
                    <label end="92" start="90" name="nn"/>
                    <label end="98" start="96" name="wp"/>
                    <label end="102" start="100" name="VBD"/>
                    <label end="105" start="104" name="PRP"/>
                    <label end="108" start="107" name="to"/>
                    <label end="112" start="110" name="dt"/>
                    <label end="116" start="114" name="nn"/>
                    <label end="120" start="120" name="PRP"/>
                    <label end="127" start="122" name="md"/>
                    <label end="133" start="129" name="rb"/>
                    <label end="137" start="135" name="VBD"/>
                    <label end="144" start="139" name="VBN"/>
                    <label end="149" start="146" name="rp"/>
                </layer>
                <layer rank="1" name="NER"/>
                <layer rank="1" name="WSL"/>
            </annotationSet>
            <annotationSet cDate="04/30/2013 05:24:07 PDT Tue" status="MANUAL" ID="6646654">
                <layer rank="1" name="Target">
                    <label cBy="EGp" end="116" start="114" name="Target"/>
                </layer>
                <layer rank="1" name="FE">
                    <label cBy="EGp" feID="3958" end="116" start="114" name="Vehicle"/>
                </layer>
                <layer rank="1" name="GF"/>
                <layer rank="1" name="PT"/>
                <layer rank="1" name="Other"/>
                <layer rank="1" name="Sent"/>
                <layer rank="1" name="Noun"/>
            </annotationSet>
        </sentence>
    </subCorpus>
</lexUnit>