<?xml version="1.0" encoding="UTF-8" standalone="yes"?>
<?xml-stylesheet type="text/xsl" href="lexUnit.xsl"?>
<lexUnit status="Created" POS="V" name="go on.v" ID="8199" frame="Speak_on_topic" frameID="523" totalAnnotated="0" xsi:schemaLocation="../schema/lexUnit.xsd" xmlns="http://framenet.icsi.berkeley.edu" xmlns:xsi="http://www.w3.org/2001/XMLSchema-instance">
    <header>
        <frame>
            <FE fgColor="FFFFFF" bgColor="008000" type="Core" abbrev="" name="Audience"/>
            <FE fgColor="000000" bgColor="7CCD73" type="Extra-Thematic" abbrev="" name="Explanation"/>
            <FE fgColor="FFFFFF" bgColor="FF69B4" type="Peripheral" abbrev="" name="Manner"/>
            <FE fgColor="FFFFFF" bgColor="808080" type="Peripheral" abbrev="" name="Medium"/>
            <FE fgColor="FFFFFF" bgColor="9F79EE" type="Peripheral" abbrev="" name="Occasion"/>
            <FE fgColor="FFFFFF" bgColor="7CCD73" type="Peripheral" abbrev="" name="Place"/>
            <FE fgColor="FFFFFF" bgColor="FF0000" type="Core" abbrev="" name="Speaker"/>
            <FE fgColor="FFFFFF" bgColor="FFA500" type="Peripheral" abbrev="" name="Time"/>
            <FE fgColor="FFFFFF" bgColor="0000FF" type="Core" abbrev="" name="Topic"/>
        </frame>
    </header>
    <definition>COD: talk at great or excessive length</definition>
    <lexeme order="1" headword="true" breakBefore="false" POS="V" name="go"/>
    <lexeme order="2" headword="false" breakBefore="false" POS="PREP" name="on"/>
    <valences/>
</lexUnit>