<?xml version="1.0" encoding="UTF-8" standalone="yes"?>
<?xml-stylesheet type="text/xsl" href="lexUnit.xsl"?>
<lexUnit status="Created" incorporatedFE="Vehicle" POS="N" name="sedan.n" ID="8169" frame="Vehicle" frameID="429" totalAnnotated="1" xsi:schemaLocation="../schema/lexUnit.xsd" xmlns="http://framenet.icsi.berkeley.edu" xmlns:xsi="http://www.w3.org/2001/XMLSchema-instance">
    <header>
        <corpus description="American National Corpus Texts" name="ANC" ID="195">
            <document description="Berlitz Where to Go in Hong Kong" name="WhereToHongKong" ID="23771"/>
        </corpus>
        <frame>
            <FE fgColor="FFFFFF" bgColor="00BFFF" type="Peripheral" abbrev="Desc" name="Descriptor"/>
            <FE fgColor="FFFFFF" bgColor="FF69B4" type="Peripheral" abbrev="Iti" name="Itinerary"/>
            <FE fgColor="FFFFFF" bgColor="00008B" type="Extra-Thematic" abbrev="Prop" name="Means_of_propulsion"/>
            <FE fgColor="FFFFFF" bgColor="800080" type="Peripheral" abbrev="Poss" name="Possessor"/>
            <FE fgColor="FFFFFF" bgColor="008000" type="Peripheral" abbrev="use" name="Use"/>
            <FE fgColor="FFFFFF" bgColor="A52A2A" type="Core" abbrev="Veh" name="Vehicle"/>
        </frame>
    </header>
    <definition>COD: a motor car for four or more people.</definition>
    <lexeme POS="N" name="sedan"/>
    <valences>
        <FERealization total="1">
            <FE name="Vehicle"/>
            <pattern total="1">
                <valenceUnit GF="" PT="DEN" FE="Vehicle"/>
                <annoSet ID="6555840"/>
            </pattern>
        </FERealization>
        <FEGroupRealization total="1">
            <FE name="Vehicle"/>
            <pattern total="1">
                <valenceUnit GF="" PT="DEN" FE="Vehicle"/>
                <annoSet ID="6555840"/>
            </pattern>
        </FEGroupRealization>
    </valences>
    <subCorpus name="manually-added">
        <sentence corpID="195" docID="23771" sentNo="2" paragNo="13" aPos="0" ID="4105850">
            <text>Before the tram was built , sedan chairs and rickshaws were the only way to get here .</text>
            <annotationSet cDate="07/25/2008 01:18:08 PDT Fri" status="UNANN" ID="6554940">
                <layer rank="1" name="PENN">
                    <label end="5" start="0" name="in"/>
                    <label end="9" start="7" name="dt"/>
                    <label end="14" start="11" name="nn"/>
                    <label end="18" start="16" name="VBD"/>
                    <label end="24" start="20" name="VVN"/>
                    <label end="26" start="26" name=","/>
                    <label end="32" start="28" name="nn"/>
                    <label end="39" start="34" name="nns"/>
                    <label end="43" start="41" name="cc"/>
                    <label end="53" start="45" name="nns"/>
                    <label end="58" start="55" name="VBD"/>
                    <label end="62" start="60" name="dt"/>
                    <label end="67" start="64" name="jj"/>
                    <label end="71" start="69" name="nn"/>
                    <label end="74" start="73" name="to"/>
                    <label end="78" start="76" name="VV"/>
                    <label end="83" start="80" name="rb"/>
                    <label end="85" start="85" name="sent"/>
                </layer>
                <layer rank="1" name="NER"/>
                <layer rank="1" name="WSL">
                    <label end="9" start="7" name="NT"/>
                    <label end="18" start="16" name="NT"/>
                    <label end="26" start="26" name="NT"/>
                    <label end="43" start="41" name="NT"/>
                    <label end="58" start="55" name="NT"/>
                    <label end="62" start="60" name="NT"/>
                    <label end="74" start="73" name="NT"/>
                    <label end="85" start="85" name="NT"/>
                </layer>
            </annotationSet>
            <annotationSet cDate="08/15/2008 04:38:43 PDT Fri" status="MANUAL" ID="6555840">
                <layer rank="1" name="Target">
                    <label cBy="JKs" end="32" start="28" name="Target"/>
                </layer>
                <layer rank="1" name="FE">
                    <label cBy="JKs" feID="3958" end="32" start="28" name="Vehicle"/>
                </layer>
                <layer rank="1" name="GF"/>
                <layer rank="1" name="PT"/>
                <layer rank="1" name="Other"/>
                <layer rank="1" name="Sent"/>
                <layer rank="1" name="Noun"/>
            </annotationSet>
        </sentence>
    </subCorpus>
</lexUnit>