<?xml version="1.0" encoding="UTF-8" standalone="yes"?>
<?xml-stylesheet type="text/xsl" href="lexUnit.xsl"?>
<lexUnit status="Created" POS="V" name="preach.v" ID="8195" frame="Speak_on_topic" frameID="523" totalAnnotated="0" xsi:schemaLocation="../schema/lexUnit.xsd" xmlns="http://framenet.icsi.berkeley.edu" xmlns:xsi="http://www.w3.org/2001/XMLSchema-instance">
    <header>
        <frame>
            <FE fgColor="FFFFFF" bgColor="008000" type="Core" abbrev="" name="Audience"/>
            <FE fgColor="000000" bgColor="7CCD73" type="Extra-Thematic" abbrev="" name="Explanation"/>
            <FE fgColor="FFFFFF" bgColor="FF69B4" type="Peripheral" abbrev="" name="Manner"/>
            <FE fgColor="FFFFFF" bgColor="808080" type="Peripheral" abbrev="" name="Medium"/>
            <FE fgColor="FFFFFF" bgColor="9F79EE" type="Peripheral" abbrev="" name="Occasion"/>
            <FE fgColor="FFFFFF" bgColor="7CCD73" type="Peripheral" abbrev="" name="Place"/>
            <FE fgColor="FFFFFF" bgColor="FF0000" type="Core" abbrev="" name="Speaker"/>
            <FE fgColor="FFFFFF" bgColor="FFA500" type="Peripheral" abbrev="" name="Time"/>
            <FE fgColor="FFFFFF" bgColor="0000FF" type="Core" abbrev="" name="Topic"/>
        </frame>
    </header>
    <definition>COD: deliver a religious address to an assembled group of people</definition>
    <lexeme POS="V" name="preach"/>
    <valences/>
    <subCorpus name="V-coordpass"/>
    <subCorpus name="V-intrans-other"/>
    <subCorpus name="V-intrans-simple"/>
    <subCorpus name="V-invertquote"/>
    <subCorpus name="V-np-ppbefore"/>
    <subCorpus name="V-pingagainst"/>
    <subCorpus name="V-pother"/>
    <subCorpus name="V-ppabout"/>
    <subCorpus name="V-ppagainst"/>
    <subCorpus name="V-ppother"/>
    <subCorpus name="V-ppto"/>
    <subCorpus name="V-quote"/>
    <subCorpus name="V-sfin"/>
    <subCorpus name="V-surepass"/>
    <subCorpus name="V-that-sfin"/>
    <subCorpus name="V-trans-other"/>
    <subCorpus name="V-trans-simple"/>
    <subCorpus name="manually-added"/>
</lexUnit>