<?xml version="1.0" encoding="UTF-8" standalone="yes"?>
<?xml-stylesheet type="text/xsl" href="lexUnit.xsl"?>
<lexUnit status="Created" POS="N" name="evaluation.n" ID="8136" frame="Assessing" frameID="519" totalAnnotated="1" xsi:schemaLocation="../schema/lexUnit.xsd" xmlns="http://framenet.icsi.berkeley.edu" xmlns:xsi="http://www.w3.org/2001/XMLSchema-instance">
    <header>
        <corpus description="Texts from Nuclear Threat Initiative website, created by Center for Non-Proliferation Studies" name="NTI" ID="135">
            <document description="Iran Missile" name="Iran_Missile" ID="23512"/>
        </corpus>
        <frame>
            <FE fgColor="FFFFFF" bgColor="FF0000" type="Core" abbrev="" name="Assessor"/>
            <FE fgColor="000000" bgColor="7CCD73" type="Extra-Thematic" abbrev="" name="Beneficiary"/>
            <FE fgColor="FFFFFF" bgColor="9F79EE" type="Extra-Thematic" abbrev="" name="Circumstances"/>
            <FE fgColor="000000" bgColor="d0d0d0" type="Extra-Thematic" abbrev="co-p" name="Co-participant"/>
            <FE fgColor="000000" bgColor="FF69B4" type="Extra-Thematic" abbrev="" name="Degree"/>
            <FE fgColor="000000" bgColor="FFD700" type="Extra-Thematic" abbrev="" name="Depictive"/>
            <FE fgColor="000000" bgColor="7FFF00" type="Extra-Thematic" abbrev="" name="Duration"/>
            <FE fgColor="FFFFFF" bgColor="800080" type="Extra-Thematic" abbrev="Evid" name="Evidence"/>
            <FE fgColor="000000" bgColor="7CCD7C" type="Extra-Thematic" abbrev="" name="Explanation"/>
            <FE fgColor="FFFFFF" bgColor="008000" type="Core" abbrev="fea" name="Feature"/>
            <FE fgColor="000000" bgColor="FFFF00" type="Extra-Thematic" abbrev="Fre" name="Frequency"/>
            <FE fgColor="FFFFFF" bgColor="9400D3" type="Peripheral" abbrev="" name="Manner"/>
            <FE fgColor="000000" bgColor="FFA500" type="Peripheral" abbrev="" name="Means"/>
            <FE fgColor="000000" bgColor="EEE8AA" type="Core" abbrev="Medium" name="Medium"/>
            <FE fgColor="000000" bgColor="A9A9A9" type="Core" abbrev="met" name="Method"/>
            <FE fgColor="FFFFFF" bgColor="0000FF" type="Core" abbrev="Phen" name="Phenomenon"/>
            <FE fgColor="FFFFFF" bgColor="A52A2A" type="Peripheral" abbrev="pla" name="Place"/>
            <FE fgColor="FFFFFF" bgColor="006400" type="Peripheral" abbrev="pur" name="Purpose"/>
            <FE fgColor="000000" bgColor="90876C" type="Extra-Thematic" abbrev="" name="Result"/>
            <FE fgColor="FFFFFF" bgColor="1E90FF" type="Extra-Thematic" abbrev="sta" name="Standard"/>
            <FE fgColor="FFFFFF" bgColor="FF00FF" type="Peripheral" abbrev="tim" name="Time"/>
            <FE fgColor="FFFFFF" bgColor="00BFFF" type="Extra-Thematic" abbrev="Pos" name="Value"/>
        </frame>
    </header>
    <definition>FN: the act of judging the value or worth of something</definition>
    <lexeme POS="N" name="evaluation"/>
    <valences>
        <FERealization total="1">
            <FE name="Assessor"/>
            <pattern total="1">
                <valenceUnit GF="" PT="CNI" FE="Assessor"/>
                <annoSet ID="6527870"/>
            </pattern>
        </FERealization>
        <FERealization total="1">
            <FE name="Feature"/>
            <pattern total="1">
                <valenceUnit GF="Dep" PT="AJP" FE="Feature"/>
                <annoSet ID="6527870"/>
            </pattern>
        </FERealization>
        <FERealization total="1">
            <FE name="Phenomenon"/>
            <pattern total="1">
                <valenceUnit GF="" PT="CNI" FE="Phenomenon"/>
                <annoSet ID="6527870"/>
            </pattern>
        </FERealization>
        <FEGroupRealization total="1">
            <FE name="Assessor"/>
            <FE name="Feature"/>
            <FE name="Phenomenon"/>
            <pattern total="1">
                <valenceUnit GF="" PT="CNI" FE="Assessor"/>
                <valenceUnit GF="Dep" PT="AJP" FE="Feature"/>
                <valenceUnit GF="" PT="CNI" FE="Phenomenon"/>
                <annoSet ID="6527870"/>
            </pattern>
        </FEGroupRealization>
    </valences>
    <subCorpus name="manually-added">
        <sentence corpID="135" docID="23512" sentNo="11" paragNo="40" aPos="0" ID="4096862">
            <text>Each brigade is believed to have an operational test and evaluation responsibility for its respective missile systems .</text>
            <annotationSet cDate="02/25/2005 12:23:41 PST Fri" status="UNANN" ID="6522527">
                <layer rank="1" name="PENN">
                    <label end="3" start="0" name="dt"/>
                    <label end="11" start="5" name="nn"/>
                    <label end="14" start="13" name="VBZ"/>
                    <label end="23" start="16" name="VVN"/>
                    <label end="26" start="25" name="to"/>
                    <label end="31" start="28" name="VH"/>
                    <label end="34" start="33" name="dt"/>
                    <label end="46" start="36" name="jj"/>
                    <label end="51" start="48" name="nn"/>
                    <label end="55" start="53" name="cc"/>
                    <label end="66" start="57" name="nn"/>
                    <label end="81" start="68" name="nn"/>
                    <label end="85" start="83" name="in"/>
                    <label end="89" start="87" name="PP$"/>
                    <label end="100" start="91" name="jj"/>
                    <label end="108" start="102" name="nn"/>
                    <label end="116" start="110" name="nns"/>
                    <label end="118" start="118" name="sent"/>
                </layer>
                <layer rank="1" name="NER">
                    <label end="108" start="102" name="WEA"/>
                </layer>
                <layer rank="1" name="WSL">
                    <label end="3" start="0" name="NT"/>
                    <label end="26" start="25" name="NT"/>
                    <label end="34" start="33" name="NT"/>
                    <label end="55" start="53" name="NT"/>
                    <label end="85" start="83" name="NT"/>
                    <label end="89" start="87" name="NT"/>
                    <label end="118" start="118" name="NT"/>
                    <label end="14" start="13" name="NT"/>
                    <label end="31" start="28" name="NT"/>
                </layer>
            </annotationSet>
            <annotationSet cDate="06/16/2005 05:21:55 PDT Thu" status="MANUAL" ID="6527870">
                <layer rank="1" name="Target">
                    <label cBy="MiL" end="66" start="57" name="Target"/>
                </layer>
                <layer rank="1" name="FE">
                    <label cBy="MiL" feID="4113" end="46" start="36" name="Feature"/>
                    <label cBy="MiL" feID="4111" itype="CNI" name="Phenomenon"/>
                    <label cBy="MiL" feID="4110" itype="CNI" name="Assessor"/>
                </layer>
                <layer rank="1" name="GF">
                    <label end="46" start="36" name="Dep"/>
                </layer>
                <layer rank="1" name="PT">
                    <label end="46" start="36" name="AJP"/>
                </layer>
                <layer rank="1" name="Other"/>
                <layer rank="1" name="Sent"/>
                <layer rank="1" name="Noun"/>
            </annotationSet>
        </sentence>
    </subCorpus>
</lexUnit>