<?xml version="1.0" encoding="UTF-8" standalone="yes"?>
<?xml-stylesheet type="text/xsl" href="lexUnit.xsl"?>
<lexUnit status="Created" POS="V" name="pick up.v" ID="8191" frame="Becoming_aware" frameID="20" totalAnnotated="0" xsi:schemaLocation="../schema/lexUnit.xsd" xmlns="http://framenet.icsi.berkeley.edu" xmlns:xsi="http://www.w3.org/2001/XMLSchema-instance">
    <header>
        <frame>
            <FE fgColor="000000" bgColor="FFFF00" type="Extra-Thematic" abbrev="cir" name="Circumstances"/>
            <FE fgColor="FFFFFF" bgColor="FF0000" type="Core" abbrev="Cog" name="Cognizer"/>
            <FE fgColor="FFFFFF" bgColor="FF69B4" type="Peripheral" abbrev="Deg" name="Degree"/>
            <FE fgColor="FFFFFF" bgColor="006400" type="Peripheral" abbrev="Evid" name="Evidence"/>
            <FE fgColor="FFFFFF" bgColor="90876C" type="Extra-Thematic" abbrev="exp" name="Explanation"/>
            <FE fgColor="000000" bgColor="EEE8AA" type="Extra-Thematic" abbrev="fre" name="Frequency"/>
            <FE fgColor="FFFFFF" bgColor="7CCD7C" type="Peripheral" abbrev="Ground" name="Ground"/>
            <FE fgColor="FFFFFF" bgColor="808080" type="Core" abbrev="ins" name="Instrument"/>
            <FE fgColor="FFFFFF" bgColor="FF00FF" type="Peripheral" abbrev="Manr" name="Manner"/>
            <FE fgColor="FFFFFF" bgColor="A52A2A" type="Core" abbrev="Mns" name="Means"/>
            <FE fgColor="FFFFFF" bgColor="00008B" type="Extra-Thematic" abbrev="par" name="Particular_iteration"/>
            <FE fgColor="FFFFFF" bgColor="2E8B57" type="Extra-Thematic" abbrev="per" name="Period_of_iterations"/>
            <FE fgColor="FFFFFF" bgColor="0000FF" type="Core" abbrev="Phen" name="Phenomenon"/>
            <FE fgColor="FFFFFF" bgColor="9400D3" type="Peripheral" abbrev="" name="Purpose"/>
            <FE fgColor="FFFFFF" bgColor="9F79EE" type="Peripheral" abbrev="State" name="State"/>
            <FE fgColor="FFFFFF" bgColor="FFA500" type="Peripheral" abbrev="T" name="Time"/>
            <FE fgColor="FFFFFF" bgColor="800080" type="Core" abbrev="Top" name="Topic"/>
        </frame>
    </header>
    <definition>FN: notice</definition>
    <lexeme order="1" headword="true" breakBefore="false" POS="V" name="pick"/>
    <lexeme order="2" headword="false" breakBefore="true" POS="ADV" name="up"/>
    <valences/>
</lexUnit>