<?xml version="1.0" encoding="UTF-8" standalone="yes"?>
<?xml-stylesheet type="text/xsl" href="lexUnit.xsl"?>
<lexUnit status="Created" incorporatedFE="Attribute" POS="A" name="scarlet.a" ID="8173" frame="Color" frameID="423" totalAnnotated="0" xsi:schemaLocation="../schema/lexUnit.xsd" xmlns="http://framenet.icsi.berkeley.edu" xmlns:xsi="http://www.w3.org/2001/XMLSchema-instance">
    <header>
        <frame>
            <FE fgColor="FFFFFF" bgColor="00008B" type="Peripheral" abbrev="att" name="Attribute"/>
            <FE fgColor="FFFFFF" bgColor="FF69B4" type="Peripheral" abbrev="Cause" name="Cause"/>
            <FE fgColor="FFFFFF" bgColor="808080" type="Core" abbrev="Col" name="Color"/>
            <FE fgColor="FFFFFF" bgColor="008000" type="Peripheral" abbrev="Qual" name="Color_qualifier"/>
            <FE fgColor="FFFFFF" bgColor="0000FF" type="Peripheral" abbrev="Comp" name="Comparand"/>
            <FE fgColor="FFFFFF" bgColor="00BFFF" type="Peripheral" abbrev="Degr" name="Degree"/>
            <FE fgColor="FFFFFF" bgColor="9400D3" type="Peripheral" abbrev="Desc" name="Descriptor"/>
            <FE fgColor="FFFFFF" bgColor="FF0000" type="Core" abbrev="Entity" name="Entity"/>
            <FE fgColor="FFFFFF" bgColor="A52A2A" type="Extra-Thematic" abbrev="" name="Subregion"/>
            <FE fgColor="FFFFFF" bgColor="9F79EE" type="Peripheral" abbrev="Typ" name="Type"/>
        </frame>
    </header>
    <definition>FN: of a brilliant red. </definition>
    <lexeme POS="A" name="scarlet"/>
    <valences/>
</lexUnit>