<?xml version="1.0" encoding="UTF-8" standalone="yes"?>
<?xml-stylesheet type="text/xsl" href="lexUnit.xsl"?>
<lexUnit status="Created" incorporatedFE="Vehicle" POS="N" name="toboggan.n" ID="8159" frame="Vehicle" frameID="429" totalAnnotated="0" xsi:schemaLocation="../schema/lexUnit.xsd" xmlns="http://framenet.icsi.berkeley.edu" xmlns:xsi="http://www.w3.org/2001/XMLSchema-instance">
    <header>
        <frame>
            <FE fgColor="FFFFFF" bgColor="00BFFF" type="Peripheral" abbrev="Desc" name="Descriptor"/>
            <FE fgColor="FFFFFF" bgColor="FF69B4" type="Peripheral" abbrev="Iti" name="Itinerary"/>
            <FE fgColor="FFFFFF" bgColor="00008B" type="Extra-Thematic" abbrev="Prop" name="Means_of_propulsion"/>
            <FE fgColor="FFFFFF" bgColor="800080" type="Peripheral" abbrev="Poss" name="Possessor"/>
            <FE fgColor="FFFFFF" bgColor="008000" type="Peripheral" abbrev="use" name="Use"/>
            <FE fgColor="FFFFFF" bgColor="A52A2A" type="Core" abbrev="Veh" name="Vehicle"/>
        </frame>
    </header>
    <definition>COD: a light, narrow vehicle, typically on runners, used for sliding downhill over snow or ice. </definition>
    <lexeme POS="N" name="toboggan"/>
    <valences/>
</lexUnit>