<?xml version="1.0" encoding="UTF-8" standalone="yes"?>
<?xml-stylesheet type="text/xsl" href="lexUnit.xsl"?>
<lexUnit status="Created" POS="V" name="discuss.v" ID="8200" frame="Speak_on_topic" frameID="523" totalAnnotated="1" xsi:schemaLocation="../schema/lexUnit.xsd" xmlns="http://framenet.icsi.berkeley.edu" xmlns:xsi="http://www.w3.org/2001/XMLSchema-instance">
    <header>
        <corpus description="Texts from Nuclear Threat Initiative website, created by Center for Non-Proliferation Studies" name="NTI" ID="135">
            <document description="B W Tutorial chapter1" name="BWTutorial_chapter1" ID="23602"/>
        </corpus>
        <frame>
            <FE fgColor="FFFFFF" bgColor="008000" type="Core" abbrev="" name="Audience"/>
            <FE fgColor="000000" bgColor="7CCD73" type="Extra-Thematic" abbrev="" name="Explanation"/>
            <FE fgColor="FFFFFF" bgColor="FF69B4" type="Peripheral" abbrev="" name="Manner"/>
            <FE fgColor="FFFFFF" bgColor="808080" type="Peripheral" abbrev="" name="Medium"/>
            <FE fgColor="FFFFFF" bgColor="9F79EE" type="Peripheral" abbrev="" name="Occasion"/>
            <FE fgColor="FFFFFF" bgColor="7CCD73" type="Peripheral" abbrev="" name="Place"/>
            <FE fgColor="FFFFFF" bgColor="FF0000" type="Core" abbrev="" name="Speaker"/>
            <FE fgColor="FFFFFF" bgColor="FFA500" type="Peripheral" abbrev="" name="Time"/>
            <FE fgColor="FFFFFF" bgColor="0000FF" type="Core" abbrev="" name="Topic"/>
        </frame>
    </header>
    <definition>COD: talk or write about (a topic) in detail.</definition>
    <lexeme POS="V" name="discuss"/>
    <valences>
        <FERealization total="1">
            <FE name="Audience"/>
            <pattern total="1">
                <valenceUnit GF="" PT="INI" FE="Audience"/>
                <annoSet ID="6535619"/>
            </pattern>
        </FERealization>
        <FERealization total="1">
            <FE name="Speaker"/>
            <pattern total="1">
                <valenceUnit GF="" PT="CNI" FE="Speaker"/>
                <annoSet ID="6535619"/>
            </pattern>
        </FERealization>
        <FERealization total="1">
            <FE name="Topic"/>
            <pattern total="1">
                <valenceUnit GF="Obj" PT="NP" FE="Topic"/>
                <annoSet ID="6535619"/>
            </pattern>
        </FERealization>
        <FEGroupRealization total="1">
            <FE name="Audience"/>
            <FE name="Speaker"/>
            <FE name="Topic"/>
            <pattern total="1">
                <valenceUnit GF="" PT="INI" FE="Audience"/>
                <valenceUnit GF="" PT="CNI" FE="Speaker"/>
                <valenceUnit GF="Obj" PT="NP" FE="Topic"/>
                <annoSet ID="6535619"/>
            </pattern>
        </FEGroupRealization>
    </valences>
    <subCorpus name="manually-added">
        <sentence corpID="135" docID="23602" sentNo="1" paragNo="11" aPos="0" ID="4099369">
            <text>In discussing CBW terrorism , it is important to distinguish between terrorist attacks involving chemical and biological warfare agents , which differ in several ways:</text>
            <annotationSet cDate="06/02/2006 03:11:35 PDT Fri" status="UNANN" ID="6534596">
                <layer rank="1" name="PENN">
                    <label end="1" start="0" name="in"/>
                    <label end="12" start="3" name="VVG"/>
                    <label end="16" start="14" name="jj"/>
                    <label end="26" start="18" name="nn"/>
                    <label end="28" start="28" name=","/>
                    <label end="31" start="30" name="PP"/>
                    <label end="34" start="33" name="VBZ"/>
                    <label end="44" start="36" name="jj"/>
                    <label end="47" start="46" name="to"/>
                    <label end="59" start="49" name="VV"/>
                    <label end="67" start="61" name="in"/>
                    <label end="77" start="69" name="jj"/>
                    <label end="85" start="79" name="nns"/>
                    <label end="95" start="87" name="VVG"/>
                    <label end="104" start="97" name="nn"/>
                    <label end="108" start="106" name="cc"/>
                    <label end="119" start="110" name="jj"/>
                    <label end="127" start="121" name="nn"/>
                    <label end="134" start="129" name="nns"/>
                    <label end="136" start="136" name=","/>
                    <label end="142" start="138" name="wdt"/>
                    <label end="149" start="144" name="VVP"/>
                    <label end="152" start="151" name="in"/>
                    <label end="160" start="154" name="jj"/>
                    <label end="166" start="162" name="nn"/>
                </layer>
                <layer rank="1" name="NER"/>
                <layer rank="1" name="WSL">
                    <label end="1" start="0" name="NT"/>
                    <label end="28" start="28" name="NT"/>
                    <label end="31" start="30" name="NT"/>
                    <label end="34" start="33" name="NT"/>
                    <label end="47" start="46" name="NT"/>
                    <label end="67" start="61" name="NT"/>
                    <label end="108" start="106" name="NT"/>
                    <label end="136" start="136" name="NT"/>
                    <label end="142" start="138" name="NT"/>
                    <label end="152" start="151" name="NT"/>
                </layer>
            </annotationSet>
            <annotationSet cDate="06/21/2006 01:06:49 PDT Wed" status="MANUAL" ID="6535619">
                <layer rank="1" name="Target">
                    <label cBy="KmG" end="12" start="3" name="Target"/>
                </layer>
                <layer rank="1" name="FE">
                    <label cBy="KmG" feID="4136" end="26" start="14" name="Topic"/>
                    <label cBy="KmG" feID="4134" itype="INI" name="Audience"/>
                    <label cBy="KmG" feID="4135" itype="CNI" name="Speaker"/>
                </layer>
                <layer rank="1" name="GF">
                    <label end="26" start="14" name="Obj"/>
                </layer>
                <layer rank="1" name="PT">
                    <label end="26" start="14" name="NP"/>
                </layer>
                <layer rank="1" name="Other"/>
                <layer rank="1" name="Sent"/>
                <layer rank="1" name="Verb"/>
            </annotationSet>
        </sentence>
    </subCorpus>
</lexUnit>