<?xml version="1.0" encoding="UTF-8" standalone="yes"?>
<?xml-stylesheet type="text/xsl" href="lexUnit.xsl"?>
<lexUnit status="Created" POS="V" name="make a beeline.v" ID="8221" frame="Self_motion" frameID="64" totalAnnotated="0" xsi:schemaLocation="../schema/lexUnit.xsd" xmlns="http://framenet.icsi.berkeley.edu" xmlns:xsi="http://www.w3.org/2001/XMLSchema-instance">
    <header>
        <frame>
            <FE fgColor="FFFFFF" bgColor="A52A2A" type="Core" abbrev="Area" name="Area"/>
            <FE fgColor="000000" bgColor="FF0000" type="Extra-Thematic" abbrev="" name="Concessive"/>
            <FE fgColor="000000" bgColor="A52A2A" type="Extra-Thematic" abbrev="coo" name="Coordinated_event"/>
            <FE fgColor="FFFFFF" bgColor="808080" type="Extra-Thematic" abbrev="Thm_c" name="Cotheme"/>
            <FE fgColor="FFFFFF" bgColor="9400D3" type="Extra-Thematic" abbrev="Dep" name="Depictive"/>
            <FE fgColor="000000" bgColor="d0d0d0" type="Core" abbrev="dir" name="Direction"/>
            <FE fgColor="000000" bgColor="FFFF00" type="Peripheral" abbrev="Dist" name="Distance"/>
            <FE fgColor="FFFFFF" bgColor="9F79EE" type="Peripheral" abbrev="Dur" name="Duration"/>
            <FE fgColor="FFFFFF" bgColor="A9A9A9" type="Extra-Thematic" abbrev="Exp" name="Explanation"/>
            <FE fgColor="FFFFFF" bgColor="90876C" type="Extra-Thematic" abbrev="ext" name="External_cause"/>
            <FE fgColor="FFFFFF" bgColor="00BFFF" type="Core" abbrev="Goal" name="Goal"/>
            <FE fgColor="FFFFFF" bgColor="2E8B57" type="Extra-Thematic" abbrev="Cause" name="Internal_cause"/>
            <FE fgColor="FFFFFF" bgColor="FF00FF" type="Peripheral" abbrev="Manr" name="Manner"/>
            <FE fgColor="FFFFFF" bgColor="FF69B4" type="Peripheral" abbrev="Mns" name="Means"/>
            <FE fgColor="FFFFFF" bgColor="0000FF" type="Core" abbrev="Path" name="Path"/>
            <FE fgColor="000000" bgColor="FF00FF" type="Peripheral" abbrev="" name="Path_shape"/>
            <FE fgColor="FFFFFF" bgColor="008000" type="Peripheral" abbrev="" name="Place"/>
            <FE fgColor="FFFFFF" bgColor="800080" type="Peripheral" abbrev="Purp" name="Purpose"/>
            <FE fgColor="FFFFFF" bgColor="7CCD73" type="Extra-Thematic" abbrev="Result" name="Result"/>
            <FE fgColor="FFFFFF" bgColor="FF0000" type="Core" abbrev="SMov" name="Self_mover"/>
            <FE fgColor="FFFFFF" bgColor="006400" type="Core" abbrev="Src" name="Source"/>
            <FE fgColor="FFFFFF" bgColor="1E90FF" type="Peripheral" abbrev="Spd" name="Speed"/>
            <FE fgColor="FFFFFF" bgColor="FFA500" type="Peripheral" abbrev="Time" name="Time"/>
        </frame>
    </header>
    <definition>COD: hurry directly to</definition>
    <lexeme order="1" headword="true" breakBefore="false" POS="V" name="make"/>
    <lexeme order="2" headword="false" breakBefore="true" POS="ART" name="a"/>
    <lexeme order="3" headword="false" breakBefore="true" POS="N" name="beeline"/>
    <valences/>
</lexUnit>