<?xml version="1.0" encoding="UTF-8" standalone="yes"?>
<?xml-stylesheet type="text/xsl" href="lexUnit.xsl"?>
<lexUnit status="Insufficient_Attestations" incorporatedFE="Fight" POS="N" name="free-for-all.n" ID="8269" frame="Fighting_activity" frameID="563" totalAnnotated="3" xsi:schemaLocation="../schema/lexUnit.xsd" xmlns="http://framenet.icsi.berkeley.edu" xmlns:xsi="http://www.w3.org/2001/XMLSchema-instance">
    <header>
        <corpus description="BNC2" name="BNC2" ID="111">
            <document description="bncp" name="bncp" ID="421"/>
        </corpus>
        <frame>
            <FE fgColor="FFFFFF" bgColor="FF0000" type="Core" abbrev="Com" name="Combatants"/>
            <FE fgColor="000000" bgColor="d0d0d0" type="Extra-Thematic" abbrev="Deg" name="Degree"/>
            <FE fgColor="FFFFFF" bgColor="1E90FF" type="Peripheral" abbrev="dur" name="Duration"/>
            <FE fgColor="FFFFFF" bgColor="A52A2A" type="Core" abbrev="Fight" name="Fight"/>
            <FE fgColor="FFFFFF" bgColor="006400" type="Peripheral" abbrev="ins" name="Instrument"/>
            <FE fgColor="FFFFFF" bgColor="800080" type="Peripheral" abbrev="iss" name="Issue"/>
            <FE fgColor="FFFFFF" bgColor="FF00FF" type="Peripheral" abbrev="Mnr" name="Manner"/>
            <FE fgColor="FFFFFF" bgColor="FF69B4" type="Peripheral" abbrev="mea" name="Means"/>
            <FE fgColor="FFFFFF" bgColor="FFA500" type="Peripheral" abbrev="Place" name="Place"/>
            <FE fgColor="000000" bgColor="EEE8AA" type="Peripheral" abbrev="pur" name="Purpose"/>
            <FE fgColor="000000" bgColor="00BFFF" type="Peripheral" abbrev="SA" name="Salient_activity"/>
            <FE fgColor="FFFFFF" bgColor="008000" type="Peripheral" abbrev="Time" name="Time"/>
        </frame>
    </header>
    <definition>COD: a disorganized or unrestricted situation or event in which everyone may take part, especially a fight or discussion.</definition>
    <lexeme POS="N" name="free-for-all"/>
    <valences>
        <governor type="Gov" lemma="begin">
            <annoSet ID="1925803"/>
        </governor>
        <governor type="Gov" lemma="prevent">
            <annoSet ID="1925815"/>
        </governor>
        <FERealization total="3">
            <FE name="Fight"/>
            <pattern total="3">
                <valenceUnit GF="" PT="DEN" FE="Fight"/>
                <annoSet ID="1925797"/>
                <annoSet ID="1925803"/>
                <annoSet ID="1925815"/>
            </pattern>
        </FERealization>
        <FERealization total="1">
            <FE name="Manner"/>
            <pattern total="1">
                <valenceUnit GF="Dep" PT="AJP" FE="Manner"/>
                <annoSet ID="1925815"/>
            </pattern>
        </FERealization>
        <FEGroupRealization total="2">
            <FE name="Fight"/>
            <pattern total="2">
                <valenceUnit GF="" PT="DEN" FE="Fight"/>
                <annoSet ID="1925797"/>
                <annoSet ID="1925803"/>
            </pattern>
        </FEGroupRealization>
        <FEGroupRealization total="1">
            <FE name="Fight"/>
            <FE name="Manner"/>
            <pattern total="1">
                <valenceUnit GF="" PT="DEN" FE="Fight"/>
                <valenceUnit GF="Dep" PT="AJP" FE="Manner"/>
                <annoSet ID="1925815"/>
            </pattern>
        </FEGroupRealization>
    </valences>
    <subCorpus name="01-T-(1)">
        <sentence corpID="111" docID="421" sentNo="1" paragNo="147" aPos="0" ID="1239382">
            <text>` So we push Mr Samuel , get him off to a roaring start , which means instead of a free-for-all we have a target at which everyone is going to shoot .</text>
            <annotationSet cDate="07/14/2003 01:49:20 PDT Mon" status="UNANN" ID="1925796">
                <layer rank="1" name="PENN">
                    <label end="3" start="2" name="in"/>
                    <label end="6" start="5" name="PP"/>
                    <label end="11" start="8" name="VVP"/>
                    <label end="14" start="13" name="NP"/>
                    <label end="21" start="16" name="NP"/>
                    <label end="23" start="23" name=","/>
                    <label end="27" start="25" name="VV"/>
                    <label end="31" start="29" name="PP"/>
                    <label end="35" start="33" name="rp"/>
                    <label end="38" start="37" name="to"/>
                    <label end="40" start="40" name="dt"/>
                    <label end="48" start="42" name="nn"/>
                    <label end="54" start="50" name="nn"/>
                    <label end="56" start="56" name=","/>
                    <label end="62" start="58" name="wdt"/>
                    <label end="68" start="64" name="VVZ"/>
                    <label end="76" start="70" name="rb"/>
                    <label end="79" start="78" name="in"/>
                    <label end="81" start="81" name="dt"/>
                    <label end="94" start="83" name="nn"/>
                    <label end="97" start="96" name="PP"/>
                    <label end="102" start="99" name="VHP"/>
                    <label end="104" start="104" name="dt"/>
                    <label end="111" start="106" name="nn"/>
                    <label end="114" start="113" name="in"/>
                    <label end="120" start="116" name="wdt"/>
                    <label end="129" start="122" name="nn"/>
                    <label end="132" start="131" name="VBZ"/>
                    <label end="138" start="134" name="VVG"/>
                    <label end="141" start="140" name="to"/>
                    <label end="147" start="143" name="VV"/>
                    <label end="149" start="149" name="sent"/>
                </layer>
                <layer rank="1" name="NER"/>
                <layer rank="1" name="WSL"/>
            </annotationSet>
            <annotationSet cDate="07/14/2003 01:49:20 PDT Mon" status="MANUAL" ID="1925797">
                <layer rank="1" name="Target">
                    <label cBy="RLG" end="94" start="83" name="Target"/>
                </layer>
                <layer rank="1" name="FE">
                    <label cBy="RLG" feID="4194" end="94" start="83" name="Fight"/>
                </layer>
                <layer rank="1" name="GF"/>
                <layer rank="1" name="PT"/>
                <layer rank="1" name="Other"/>
                <layer rank="1" name="Sent"/>
                <layer rank="1" name="Noun"/>
            </annotationSet>
        </sentence>
        <sentence corpID="111" docID="421" sentNo="1" paragNo="5986" aPos="0" ID="1239385">
            <text>The free-for-all began when the back door of a Wells Fargo van flew open as it hit a bump in the road in Queens , New York .</text>
            <annotationSet cDate="07/14/2003 01:49:21 PDT Mon" status="UNANN" ID="1925802">
                <layer rank="1" name="PENN">
                    <label end="2" start="0" name="dt"/>
                    <label end="15" start="4" name="nn"/>
                    <label end="21" start="17" name="VVD"/>
                    <label end="26" start="23" name="wrb"/>
                    <label end="30" start="28" name="dt"/>
                    <label end="35" start="32" name="jj"/>
                    <label end="40" start="37" name="nn"/>
                    <label end="43" start="42" name="in"/>
                    <label end="45" start="45" name="dt"/>
                    <label end="51" start="47" name="NP"/>
                    <label end="57" start="53" name="NP"/>
                    <label end="61" start="59" name="NP"/>
                    <label end="66" start="63" name="VVD"/>
                    <label end="71" start="68" name="jj"/>
                    <label end="74" start="73" name="in"/>
                    <label end="77" start="76" name="PP"/>
                    <label end="81" start="79" name="VVD"/>
                    <label end="83" start="83" name="dt"/>
                    <label end="88" start="85" name="nn"/>
                    <label end="91" start="90" name="in"/>
                    <label end="95" start="93" name="dt"/>
                    <label end="100" start="97" name="nn"/>
                    <label end="103" start="102" name="in"/>
                    <label end="110" start="105" name="NP"/>
                    <label end="112" start="112" name=","/>
                    <label end="116" start="114" name="NP"/>
                    <label end="121" start="118" name="NP"/>
                    <label end="123" start="123" name="sent"/>
                </layer>
                <layer rank="1" name="NER"/>
                <layer rank="1" name="WSL"/>
            </annotationSet>
            <annotationSet cDate="07/14/2003 01:49:22 PDT Mon" status="MANUAL" ID="1925803">
                <layer rank="1" name="Target">
                    <label cBy="RLG" end="15" start="4" name="Target"/>
                </layer>
                <layer rank="1" name="FE">
                    <label cBy="Hay" feID="4194" end="15" start="4" name="Fight"/>
                </layer>
                <layer rank="1" name="GF"/>
                <layer rank="1" name="PT"/>
                <layer rank="1" name="Other"/>
                <layer rank="1" name="Sent"/>
                <layer rank="1" name="Noun">
                    <label end="15" start="0" name="X"/>
                    <label end="21" start="17" name="Gov"/>
                </layer>
            </annotationSet>
        </sentence>
        <sentence corpID="111" docID="421" sentNo="1" paragNo="429" aPos="0" ID="1239391">
            <text>Governor Peter Leonard , who launched an inquiry yesterday , said only prompt action by staff prevented a violent free-for-all .</text>
            <annotationSet cDate="07/14/2003 01:49:24 PDT Mon" status="UNANN" ID="1925814">
                <layer rank="1" name="PENN">
                    <label end="7" start="0" name="NP"/>
                    <label end="13" start="9" name="NP"/>
                    <label end="21" start="15" name="NP"/>
                    <label end="23" start="23" name=","/>
                    <label end="27" start="25" name="wp"/>
                    <label end="36" start="29" name="VVD"/>
                    <label end="39" start="38" name="dt"/>
                    <label end="47" start="41" name="nn"/>
                    <label end="57" start="49" name="nn"/>
                    <label end="59" start="59" name=","/>
                    <label end="64" start="61" name="VVD"/>
                    <label end="69" start="66" name="rb"/>
                    <label end="76" start="71" name="VV"/>
                    <label end="83" start="78" name="nn"/>
                    <label end="86" start="85" name="in"/>
                    <label end="92" start="88" name="nn"/>
                    <label end="102" start="94" name="VVD"/>
                    <label end="104" start="104" name="dt"/>
                    <label end="112" start="106" name="jj"/>
                    <label end="125" start="114" name="nn"/>
                    <label end="127" start="127" name="sent"/>
                </layer>
                <layer rank="1" name="NER"/>
                <layer rank="1" name="WSL"/>
            </annotationSet>
            <annotationSet cDate="07/14/2003 01:49:24 PDT Mon" status="MANUAL" ID="1925815">
                <layer rank="1" name="Target">
                    <label cBy="RLG" end="125" start="114" name="Target"/>
                </layer>
                <layer rank="1" name="FE">
                    <label cBy="RLG" feID="4197" end="112" start="106" name="Manner"/>
                    <label cBy="Hay" feID="4194" end="125" start="114" name="Fight"/>
                </layer>
                <layer rank="1" name="GF">
                    <label end="112" start="106" name="Dep"/>
                </layer>
                <layer rank="1" name="PT">
                    <label end="112" start="106" name="AJP"/>
                </layer>
                <layer rank="1" name="Other"/>
                <layer rank="1" name="Sent"/>
                <layer rank="1" name="Noun">
                    <label end="102" start="94" name="Gov"/>
                    <label end="125" start="104" name="X"/>
                </layer>
            </annotationSet>
        </sentence>
    </subCorpus>
    <subCorpus name="other-matched-(1)"/>
    <subCorpus name="other-unmatched-(1)"/>
</lexUnit>