<?xml version="1.0" encoding="UTF-8" standalone="yes"?>
<?xml-stylesheet type="text/xsl" href="lexUnit.xsl"?>
<lexUnit status="Created" POS="A" name="questionable.a" ID="8226" frame="Being_questionable" frameID="531" totalAnnotated="2" xsi:schemaLocation="../schema/lexUnit.xsd" xmlns="http://framenet.icsi.berkeley.edu" xmlns:xsi="http://www.w3.org/2001/XMLSchema-instance">
    <header>
        <corpus description="Texts from Nuclear Threat Initiative website, created by Center for Non-Proliferation Studies" name="NTI" ID="135">
            <document description="Iran Nuclear" name="Iran_Nuclear" ID="23511"/>
            <document description="Taiwan Introduction" name="Taiwan_Introduction" ID="23565"/>
        </corpus>
        <frame>
            <FE fgColor="FFFFFF" bgColor="800080" type="Core" abbrev="Act" name="Behavior"/>
            <FE fgColor="FFFFFF" bgColor="FF00FF" type="Peripheral" abbrev="Deg" name="Degree"/>
            <FE fgColor="FFFFFF" bgColor="FF0000" type="Core" abbrev="Ent" name="Entity"/>
            <FE fgColor="000000" bgColor="7FFF00" type="Peripheral" abbrev="" name="Judge"/>
            <FE fgColor="FFFFFF" bgColor="00BFFF" type="Core" abbrev="soc" name="Social_actor"/>
        </frame>
    </header>
    <definition>COD: of suspect morality, honesty, value, etc.</definition>
    <lexeme POS="A" name="questionable"/>
    <valences>
        <FERealization total="2">
            <FE name="Behavior"/>
            <pattern total="2">
                <valenceUnit GF="Head" PT="N" FE="Behavior"/>
                <annoSet ID="6527723"/>
                <annoSet ID="6529801"/>
            </pattern>
        </FERealization>
        <FEGroupRealization total="2">
            <FE name="Behavior"/>
            <pattern total="2">
                <valenceUnit GF="Head" PT="N" FE="Behavior"/>
                <annoSet ID="6527723"/>
                <annoSet ID="6529801"/>
            </pattern>
        </FEGroupRealization>
    </valences>
    <subCorpus name="manually-added">
        <sentence corpID="135" docID="23511" sentNo="4" paragNo="21" aPos="0" ID="4096651">
            <text>A third approach might be a regional effort on the part of Arab states to pressure Iran to abandon sensitive technology and questionable activities in favor of a weapons - free zone in the Middle East .</text>
            <annotationSet cDate="02/23/2005 06:30:54 PST Wed" status="UNANN" ID="6522185">
                <layer rank="1" name="PENN">
                    <label end="0" start="0" name="dt"/>
                    <label end="6" start="2" name="jj"/>
                    <label end="15" start="8" name="nn"/>
                    <label end="21" start="17" name="md"/>
                    <label end="24" start="23" name="vb"/>
                    <label end="26" start="26" name="dt"/>
                    <label end="35" start="28" name="jj"/>
                    <label end="42" start="37" name="nn"/>
                    <label end="45" start="44" name="in"/>
                    <label end="49" start="47" name="dt"/>
                    <label end="54" start="51" name="nn"/>
                    <label end="57" start="56" name="in"/>
                    <label end="62" start="59" name="jj"/>
                    <label end="69" start="64" name="nns"/>
                    <label end="72" start="71" name="to"/>
                    <label end="81" start="74" name="VV"/>
                    <label end="86" start="83" name="NP"/>
                    <label end="89" start="88" name="to"/>
                    <label end="97" start="91" name="VV"/>
                    <label end="107" start="99" name="jj"/>
                    <label end="118" start="109" name="nn"/>
                    <label end="122" start="120" name="cc"/>
                    <label end="135" start="124" name="jj"/>
                    <label end="146" start="137" name="nns"/>
                    <label end="149" start="148" name="in"/>
                    <label end="155" start="151" name="nn"/>
                    <label end="158" start="157" name="in"/>
                    <label end="160" start="160" name="dt"/>
                    <label end="168" start="162" name="nns"/>
                    <label end="170" start="170" name=":"/>
                    <label end="175" start="172" name="jj"/>
                    <label end="180" start="177" name="nn"/>
                    <label end="183" start="182" name="in"/>
                    <label end="187" start="185" name="dt"/>
                    <label end="194" start="189" name="NP"/>
                    <label end="199" start="196" name="NP"/>
                    <label end="201" start="201" name="sent"/>
                </layer>
                <layer rank="1" name="NER">
                    <label end="86" start="83" name="GPE"/>
                    <label end="199" start="189" name="location"/>
                    <label end="168" start="162" name="WEA"/>
                </layer>
                <layer rank="1" name="WSL">
                    <label end="0" start="0" name="NT"/>
                    <label end="21" start="17" name="NT"/>
                    <label end="26" start="26" name="NT"/>
                    <label end="45" start="44" name="NT"/>
                    <label end="49" start="47" name="NT"/>
                    <label end="57" start="56" name="NT"/>
                    <label end="72" start="71" name="NT"/>
                    <label end="86" start="83" name="NT"/>
                    <label end="89" start="88" name="NT"/>
                    <label end="122" start="120" name="NT"/>
                    <label end="158" start="157" name="NT"/>
                    <label end="160" start="160" name="NT"/>
                    <label end="170" start="170" name="NT"/>
                    <label end="183" start="182" name="NT"/>
                    <label end="187" start="185" name="NT"/>
                    <label end="194" start="189" name="NT"/>
                    <label end="199" start="196" name="NT"/>
                    <label end="201" start="201" name="NT"/>
                    <label end="24" start="23" name="NT"/>
                </layer>
            </annotationSet>
            <annotationSet cDate="06/10/2005 12:10:33 PDT Fri" status="MANUAL" ID="6527723">
                <layer rank="1" name="Target">
                    <label cBy="RLG" end="135" start="124" name="Target"/>
                </layer>
                <layer rank="1" name="FE">
                    <label cBy="RLG" feID="4142" end="146" start="137" name="Behavior"/>
                </layer>
                <layer rank="1" name="GF">
                    <label end="146" start="137" name="Head"/>
                </layer>
                <layer rank="1" name="PT">
                    <label end="146" start="137" name="N"/>
                </layer>
                <layer rank="1" name="Other"/>
                <layer rank="1" name="Sent"/>
                <layer rank="1" name="Adj"/>
            </annotationSet>
        </sentence>
        <sentence corpID="135" docID="23565" sentNo="3" paragNo="7" aPos="0" ID="4097860">
            <text>This report , of questionable reliability , was vigorously denied by the Ministry of National Defense ( MND ) .</text>
            <annotationSet cDate="08/08/2005 10:16:10 PDT Mon" status="UNANN" ID="6529800">
                <layer rank="1" name="PENN">
                    <label end="3" start="0" name="dt"/>
                    <label end="10" start="5" name="nn"/>
                    <label end="12" start="12" name=","/>
                    <label end="15" start="14" name="in"/>
                    <label end="28" start="17" name="jj"/>
                    <label end="40" start="30" name="nn"/>
                    <label end="42" start="42" name=","/>
                    <label end="46" start="44" name="VBD"/>
                    <label end="57" start="48" name="rb"/>
                    <label end="64" start="59" name="VVN"/>
                    <label end="67" start="66" name="in"/>
                    <label end="71" start="69" name="dt"/>
                    <label end="80" start="73" name="NP"/>
                    <label end="83" start="82" name="in"/>
                    <label end="92" start="85" name="NP"/>
                    <label end="100" start="94" name="NP"/>
                    <label end="102" start="102" name="("/>
                    <label end="106" start="104" name="NP"/>
                    <label end="108" start="108" name=")"/>
                    <label end="110" start="110" name="sent"/>
                </layer>
                <layer rank="1" name="NER">
                    <label end="100" start="73" name="organization"/>
                    <label end="106" start="104" name="organization"/>
                </layer>
                <layer rank="1" name="WSL">
                    <label end="3" start="0" name="NT"/>
                    <label end="12" start="12" name="NT"/>
                    <label end="15" start="14" name="NT"/>
                    <label end="42" start="42" name="NT"/>
                    <label end="46" start="44" name="NT"/>
                    <label end="57" start="48" name="NT"/>
                    <label end="67" start="66" name="NT"/>
                    <label end="71" start="69" name="NT"/>
                    <label end="80" start="73" name="NT"/>
                    <label end="83" start="82" name="NT"/>
                    <label end="92" start="85" name="NT"/>
                    <label end="100" start="94" name="NT"/>
                    <label end="102" start="102" name="NT"/>
                    <label end="106" start="104" name="NT"/>
                    <label end="108" start="108" name="NT"/>
                    <label end="110" start="110" name="NT"/>
                </layer>
            </annotationSet>
            <annotationSet cDate="08/08/2005 10:16:11 PDT Mon" status="MANUAL" ID="6529801">
                <layer rank="1" name="Target">
                    <label cBy="JKR" end="28" start="17" name="Target"/>
                </layer>
                <layer rank="1" name="FE">
                    <label cBy="JKR" feID="4142" end="40" start="30" name="Behavior"/>
                </layer>
                <layer rank="1" name="GF">
                    <label end="40" start="30" name="Head"/>
                </layer>
                <layer rank="1" name="PT">
                    <label end="40" start="30" name="N"/>
                </layer>
                <layer rank="1" name="Other"/>
                <layer rank="1" name="Sent"/>
                <layer rank="1" name="Adj"/>
            </annotationSet>
        </sentence>
    </subCorpus>
</lexUnit>