<?xml version="1.0" encoding="UTF-8" standalone="yes"?>
<?xml-stylesheet type="text/xsl" href="lexUnit.xsl"?>
<lexUnit status="Needs_SCs" POS="N" name="comportment.n" ID="8230" frame="Conduct" frameID="491" totalAnnotated="0" xsi:schemaLocation="../schema/lexUnit.xsd" xmlns="http://framenet.icsi.berkeley.edu" xmlns:xsi="http://www.w3.org/2001/XMLSchema-instance">
    <header>
        <frame>
            <FE fgColor="FFFFFF" bgColor="006400" type="Extra-Thematic" abbrev="aff" name="Affected_party"/>
            <FE fgColor="FFFFFF" bgColor="FF0000" type="Core" abbrev="" name="Agent"/>
            <FE fgColor="FFFFFF" bgColor="800080" type="Extra-Thematic" abbrev="" name="Circumstances"/>
            <FE fgColor="FFFFFF" bgColor="FFD700" type="Extra-Thematic" abbrev="deg" name="Degree"/>
            <FE fgColor="FFFFFF" bgColor="A52A2A" type="Peripheral" abbrev="dom" name="Domain"/>
            <FE fgColor="FFFFFF" bgColor="0000FF" type="Extra-Thematic" abbrev="Exp" name="Explanation"/>
            <FE fgColor="FFFFFF" bgColor="FF00FF" type="Core" abbrev="" name="Manner"/>
            <FE fgColor="FFFFFF" bgColor="FFA500" type="Peripheral" abbrev="mea" name="Means"/>
            <FE fgColor="FFFFFF" bgColor="00BFFF" type="Peripheral" abbrev="pla" name="Place"/>
            <FE fgColor="FFFFFF" bgColor="90876C" type="Peripheral" abbrev="sta" name="Standard"/>
            <FE fgColor="FFFFFF" bgColor="00008B" type="Peripheral" abbrev="tim" name="Time"/>
        </frame>
    </header>
    <definition>COD: behaviour or bearing</definition>
    <lexeme POS="N" name="comportment"/>
    <valences/>
    <subCorpus name="01-T"/>
    <subCorpus name="other-matched"/>
    <subCorpus name="other-unmatched"/>
</lexUnit>