<?xml version="1.0" encoding="UTF-8" standalone="yes"?>
<?xml-stylesheet type="text/xsl" href="lexUnit.xsl"?>
<lexUnit status="Created" POS="N" name="passport.n" ID="8291" frame="Documents" frameID="560" totalAnnotated="2" xsi:schemaLocation="../schema/lexUnit.xsd" xmlns="http://framenet.icsi.berkeley.edu" xmlns:xsi="http://www.w3.org/2001/XMLSchema-instance">
    <header>
        <corpus description="Miscellaneous" name="Miscellaneous" ID="175">
            <document description="C-4 Text" name="C-4Text" ID="23491"/>
        </corpus>
        <corpus description="American National Corpus Texts" name="ANC" ID="195">
            <document description="Berlitz Where to Go in Hong Kong" name="WhereToHongKong" ID="23771"/>
        </corpus>
        <frame>
            <FE fgColor="FFFFFF" bgColor="FF69B4" type="Core" abbrev="Bea" name="Bearer"/>
            <FE fgColor="000000" bgColor="7FFF00" type="Extra-Thematic" abbrev="" name="Descriptor"/>
            <FE fgColor="FFFFFF" bgColor="FF0000" type="Core" abbrev="Do" name="Document"/>
            <FE fgColor="FFFFFF" bgColor="0000FF" type="Core" abbrev="Iss" name="Issuer"/>
            <FE fgColor="FFFFFF" bgColor="00BFFF" type="Peripheral" abbrev="" name="Medium"/>
            <FE fgColor="FFFFFF" bgColor="2E8B57" type="Core" abbrev="Obl" name="Obligation"/>
            <FE fgColor="FFFFFF" bgColor="800080" type="Core" abbrev="Rig" name="Right"/>
            <FE fgColor="FFFFFF" bgColor="808080" type="Extra-Thematic" abbrev="Spec" name="Specification"/>
            <FE fgColor="FFFFFF" bgColor="FFA500" type="Core" abbrev="Sta" name="Status"/>
        </frame>
    </header>
    <definition>cOD: an official document issued by a government, certifying the holder's identity and citizenship and entitling them to travel abroad under its protection.</definition>
    <lexeme POS="N" name="passport"/>
    <valences>
        <governor type="Gov" lemma="find">
            <annoSet ID="6521702"/>
        </governor>
        <governor type="Ctrlr" lemma="need">
            <annoSet ID="6562100"/>
        </governor>
        <FERealization total="1">
            <FE name="Bearer"/>
            <pattern total="1">
                <valenceUnit GF="Ext" PT="NP" FE="Bearer"/>
                <annoSet ID="6562100"/>
            </pattern>
        </FERealization>
        <FERealization total="2">
            <FE name="Document"/>
            <pattern total="2">
                <valenceUnit GF="" PT="DEN" FE="Document"/>
                <annoSet ID="6521702"/>
                <annoSet ID="6562100"/>
            </pattern>
        </FERealization>
        <FERealization total="1">
            <FE name="Right"/>
            <pattern total="1">
                <valenceUnit GF="Dep" PT="VPto" FE="Right"/>
                <annoSet ID="6562100"/>
            </pattern>
        </FERealization>
        <FEGroupRealization total="1">
            <FE name="Bearer"/>
            <FE name="Document"/>
            <FE name="Right"/>
            <pattern total="1">
                <valenceUnit GF="Ext" PT="NP" FE="Bearer"/>
                <valenceUnit GF="" PT="DEN" FE="Document"/>
                <valenceUnit GF="Dep" PT="VPto" FE="Right"/>
                <annoSet ID="6562100"/>
            </pattern>
        </FEGroupRealization>
        <FEGroupRealization total="1">
            <FE name="Document"/>
            <pattern total="1">
                <valenceUnit GF="" PT="DEN" FE="Document"/>
                <annoSet ID="6521702"/>
            </pattern>
        </FEGroupRealization>
    </valences>
    <subCorpus name="manually-added">
        <sentence corpID="175" docID="23491" sentNo="6" paragNo="1" aPos="0" ID="4096523">
            <text>Passports found in one of the houses identify the men as from a privilege convenience province noted for lawless tribes . </text>
            <annotationSet cDate="12/10/2004 04:03:33 PST Fri" status="UNANN" ID="6521590">
                <layer rank="1" name="PENN">
                    <label end="8" start="0" name="nns"/>
                    <label end="14" start="10" name="VVN"/>
                    <label end="17" start="16" name="in"/>
                    <label end="21" start="19" name="cd"/>
                    <label end="28" start="26" name="dt"/>
                    <label end="35" start="30" name="nns"/>
                    <label end="44" start="37" name="VVP"/>
                    <label end="48" start="46" name="dt"/>
                    <label end="52" start="50" name="nns"/>
                    <label end="60" start="57" name="in"/>
                    <label end="72" start="64" name="nn"/>
                    <label end="84" start="74" name="nn"/>
                    <label end="93" start="86" name="nn"/>
                    <label end="99" start="95" name="VVD"/>
                    <label end="103" start="101" name="in"/>
                    <label end="111" start="105" name="jj"/>
                    <label end="118" start="113" name="nns"/>
                    <label end="120" start="120" name="sent"/>
                </layer>
                <layer rank="1" name="NER"/>
                <layer rank="1" name="WSL"/>
            </annotationSet>
            <annotationSet cDate="12/13/2004 01:49:41 PST Mon" status="MANUAL" ID="6521702">
                <layer rank="1" name="Target">
                    <label cBy="Pam" end="8" start="0" name="Target"/>
                </layer>
                <layer rank="1" name="FE">
                    <label cBy="Pam" feID="4192" end="8" start="0" name="Document"/>
                </layer>
                <layer rank="1" name="GF"/>
                <layer rank="1" name="PT"/>
                <layer rank="1" name="Other"/>
                <layer rank="1" name="Sent"/>
                <layer rank="1" name="Noun">
                    <label end="14" start="10" name="Gov"/>
                    <label end="8" start="0" name="X"/>
                </layer>
            </annotationSet>
        </sentence>
        <sentence corpID="195" docID="23771" sentNo="5" paragNo="96" aPos="0" ID="4106124">
            <text>Entry procedures are similar to those in Hong Kong - most nationalities need only a passport to enter Macau .</text>
            <annotationSet cDate="07/25/2008 01:19:56 PDT Fri" status="UNANN" ID="6555214">
                <layer rank="1" name="PENN">
                    <label end="4" start="0" name="nn"/>
                    <label end="15" start="6" name="nns"/>
                    <label end="19" start="17" name="vbp"/>
                    <label end="27" start="21" name="jj"/>
                    <label end="30" start="29" name="to"/>
                    <label end="36" start="32" name="dt"/>
                    <label end="39" start="38" name="in"/>
                    <label end="44" start="41" name="NP"/>
                    <label end="49" start="46" name="NP"/>
                    <label end="51" start="51" name=":"/>
                    <label end="56" start="53" name="jjs"/>
                    <label end="70" start="58" name="nns"/>
                    <label end="75" start="72" name="VVP"/>
                    <label end="80" start="77" name="rb"/>
                    <label end="82" start="82" name="dt"/>
                    <label end="91" start="84" name="nn"/>
                    <label end="94" start="93" name="to"/>
                    <label end="100" start="96" name="VV"/>
                    <label end="106" start="102" name="NP"/>
                    <label end="108" start="108" name="sent"/>
                </layer>
                <layer rank="1" name="NER">
                    <label end="49" start="41" name="location"/>
                    <label end="106" start="102" name="location"/>
                </layer>
                <layer rank="1" name="WSL">
                    <label end="19" start="17" name="NT"/>
                    <label end="30" start="29" name="NT"/>
                    <label end="36" start="32" name="NT"/>
                    <label end="44" start="41" name="NT"/>
                    <label end="49" start="46" name="NT"/>
                    <label end="51" start="51" name="NT"/>
                    <label end="80" start="77" name="NT"/>
                    <label end="82" start="82" name="NT"/>
                    <label end="94" start="93" name="NT"/>
                    <label end="106" start="102" name="NT"/>
                    <label end="108" start="108" name="NT"/>
                </layer>
            </annotationSet>
            <annotationSet cDate="01/31/2011 02:06:30 PST Mon" status="MANUAL" ID="6562100">
                <layer rank="1" name="Target">
                    <label cBy="AlK" end="91" start="84" name="Target"/>
                </layer>
                <layer rank="1" name="FE">
                    <label cBy="AlK" feID="4192" end="91" start="84" name="Document"/>
                    <label cBy="AlK" feID="4181" end="70" start="53" name="Bearer"/>
                    <label cBy="AlK" feID="4189" end="106" start="93" name="Right"/>
                </layer>
                <layer rank="1" name="GF">
                    <label end="70" start="53" name="Ext"/>
                    <label end="106" start="93" name="Dep"/>
                </layer>
                <layer rank="1" name="PT">
                    <label end="70" start="53" name="NP"/>
                    <label end="106" start="93" name="VPto"/>
                </layer>
                <layer rank="1" name="Other"/>
                <layer rank="1" name="Sent"/>
                <layer rank="1" name="Noun">
                    <label end="75" start="72" name="Ctrlr"/>
                </layer>
            </annotationSet>
        </sentence>
    </subCorpus>
</lexUnit>