<?xml version="1.0" encoding="UTF-8" standalone="yes"?>
<?xml-stylesheet type="text/xsl" href="lexUnit.xsl"?>
<lexUnit status="Created" POS="N" name="lackey.n" ID="8213" frame="Subordinates_and_superiors" frameID="530" totalAnnotated="0" xsi:schemaLocation="../schema/lexUnit.xsd" xmlns="http://framenet.icsi.berkeley.edu" xmlns:xsi="http://www.w3.org/2001/XMLSchema-instance">
    <header>
        <frame>
            <FE fgColor="FFFFFF" bgColor="00008B" type="Core" abbrev="Sub" name="Subordinate"/>
            <FE fgColor="FFFFFF" bgColor="FF0000" type="Core" abbrev="Com" name="Superior"/>
        </frame>
    </header>
    <definition>COD: a servant, especially a liveried footman or manservant.</definition>
    <lexeme POS="N" name="lackey"/>
    <valences/>
</lexUnit>