<?xml version="1.0" encoding="UTF-8" standalone="yes"?>
<?xml-stylesheet type="text/xsl" href="lexUnit.xsl"?>
<lexUnit status="Created" POS="V" name="aim.v" ID="8236" frame="Purpose" frameID="513" totalAnnotated="4" xsi:schemaLocation="../schema/lexUnit.xsd" xmlns="http://framenet.icsi.berkeley.edu" xmlns:xsi="http://www.w3.org/2001/XMLSchema-instance">
    <header>
        <corpus description="Wall Street Journal Texts from the PropBank Project" name="PropBank" ID="115">
            <document description="Bell Ringing" name="BellRinging" ID="23009"/>
        </corpus>
        <corpus description="Texts from Nuclear Threat Initiative website, created by Center for Non-Proliferation Studies" name="NTI" ID="135">
            <document description="WMD News 06/26/2006" name="WMDNews_062606" ID="23621"/>
        </corpus>
        <corpus description="AQUAINT Knowledge-Based Evaluation Texts" name="KBEval" ID="185">
            <document description="Stanford" name="Stanford" ID="23576"/>
        </corpus>
        <corpus description="American National Corpus Texts" name="ANC" ID="195">
            <document description="Berlitz Where to Go in Hong Kong" name="WhereToHongKong" ID="23771"/>
        </corpus>
        <frame>
            <FE fgColor="FFFFFF" bgColor="FF0000" type="Core" abbrev="" name="Agent"/>
            <FE fgColor="FFFFFF" bgColor="00BFFF" type="Core" abbrev="" name="Attribute"/>
            <FE fgColor="FFFFFF" bgColor="00008B" type="Extra-Thematic" abbrev="" name="Domain"/>
            <FE fgColor="FFFFFF" bgColor="008000" type="Core" abbrev="" name="Goal"/>
            <FE fgColor="FFFFFF" bgColor="9400D3" type="Core" abbrev="" name="Means"/>
            <FE fgColor="FFFFFF" bgColor="FFA500" type="Extra-Thematic" abbrev="" name="Restrictor"/>
            <FE fgColor="FFFFFF" bgColor="FF00FF" type="Peripheral" abbrev="" name="Time"/>
            <FE fgColor="FFFFFF" bgColor="90876C" type="Core" abbrev="" name="Value"/>
        </frame>
    </header>
    <definition>FN: intend</definition>
    <lexeme POS="V" name="aim"/>
    <valences>
        <FERealization total="4">
            <FE name="Agent"/>
            <pattern total="1">
                <valenceUnit GF="" PT="CNI" FE="Agent"/>
                <annoSet ID="6537242"/>
            </pattern>
            <pattern total="3">
                <valenceUnit GF="Ext" PT="NP" FE="Agent"/>
                <annoSet ID="4528855"/>
                <annoSet ID="6533303"/>
                <annoSet ID="6561216"/>
            </pattern>
        </FERealization>
        <FERealization total="4">
            <FE name="Goal"/>
            <pattern total="3">
                <valenceUnit GF="Dep" PT="VPto" FE="Goal"/>
                <annoSet ID="4528855"/>
                <annoSet ID="6533303"/>
                <annoSet ID="6537242"/>
            </pattern>
            <pattern total="1">
                <valenceUnit GF="Dep" PT="PP[at]" FE="Goal"/>
                <annoSet ID="6561216"/>
            </pattern>
        </FERealization>
        <FERealization total="1">
            <FE name="Means"/>
            <pattern total="1">
                <valenceUnit GF="Ext" PT="NP" FE="Means"/>
                <annoSet ID="6537242"/>
            </pattern>
        </FERealization>
        <FEGroupRealization total="3">
            <FE name="Agent"/>
            <FE name="Goal"/>
            <pattern total="1">
                <valenceUnit GF="Ext" PT="NP" FE="Agent"/>
                <valenceUnit GF="Dep" PT="PP[at]" FE="Goal"/>
                <annoSet ID="6561216"/>
            </pattern>
            <pattern total="2">
                <valenceUnit GF="Ext" PT="NP" FE="Agent"/>
                <valenceUnit GF="Dep" PT="VPto" FE="Goal"/>
                <annoSet ID="4528855"/>
                <annoSet ID="6533303"/>
            </pattern>
        </FEGroupRealization>
        <FEGroupRealization total="1">
            <FE name="Agent"/>
            <FE name="Goal"/>
            <FE name="Means"/>
            <pattern total="1">
                <valenceUnit GF="" PT="CNI" FE="Agent"/>
                <valenceUnit GF="Dep" PT="VPto" FE="Goal"/>
                <valenceUnit GF="Ext" PT="NP" FE="Means"/>
                <annoSet ID="6537242"/>
            </pattern>
        </FEGroupRealization>
    </valences>
    <subCorpus name="manually-added">
        <sentence corpID="115" docID="23009" sentNo="1" paragNo="21" aPos="0" ID="2824248">
            <text>The Central Council of Church Bell Ringers , a sort of parliament of ringing groups , aims to improve relations with vicars , says John C. Baldwin , president .</text>
            <annotationSet cDate="02/05/2004 08:29:35 PST Thu" status="UNANN" ID="4528243">
                <layer rank="1" name="PENN">
                    <label end="2" start="0" name="dt"/>
                    <label end="10" start="4" name="NP"/>
                    <label end="18" start="12" name="NP"/>
                    <label end="21" start="20" name="in"/>
                    <label end="28" start="23" name="NP"/>
                    <label end="33" start="30" name="NP"/>
                    <label end="41" start="35" name="NP"/>
                    <label end="43" start="43" name=","/>
                    <label end="45" start="45" name="dt"/>
                    <label end="50" start="47" name="nn"/>
                    <label end="53" start="52" name="in"/>
                    <label end="64" start="55" name="nn"/>
                    <label end="67" start="66" name="in"/>
                    <label end="75" start="69" name="VVG"/>
                    <label end="82" start="77" name="nns"/>
                    <label end="84" start="84" name=","/>
                    <label end="89" start="86" name="VVZ"/>
                    <label end="92" start="91" name="to"/>
                    <label end="100" start="94" name="VV"/>
                    <label end="110" start="102" name="nns"/>
                    <label end="115" start="112" name="in"/>
                    <label end="122" start="117" name="nns"/>
                    <label end="124" start="124" name=","/>
                    <label end="129" start="126" name="VVZ"/>
                    <label end="134" start="131" name="NP"/>
                    <label end="137" start="136" name="NP"/>
                    <label end="145" start="139" name="NP"/>
                    <label end="147" start="147" name=","/>
                    <label end="157" start="149" name="nn"/>
                    <label end="159" start="159" name="sent"/>
                </layer>
                <layer rank="1" name="NER">
                    <label end="41" start="4" name="organization"/>
                    <label end="145" start="131" name="person"/>
                </layer>
                <layer rank="1" name="WSL">
                    <label end="43" start="43" name="NT"/>
                    <label end="84" start="84" name="NT"/>
                    <label end="92" start="91" name="NT"/>
                    <label end="124" start="124" name="NT"/>
                    <label end="147" start="147" name="NT"/>
                    <label end="159" start="159" name="NT"/>
                    <label end="2" start="0" name="NT"/>
                    <label end="10" start="4" name="NT"/>
                    <label end="18" start="12" name="NT"/>
                    <label end="21" start="20" name="NT"/>
                    <label end="28" start="23" name="NT"/>
                    <label end="33" start="30" name="NT"/>
                    <label end="45" start="45" name="NT"/>
                    <label end="53" start="52" name="NT"/>
                    <label end="67" start="66" name="NT"/>
                    <label end="115" start="112" name="NT"/>
                    <label end="134" start="131" name="NT"/>
                    <label end="137" start="136" name="NT"/>
                    <label end="145" start="139" name="NT"/>
                </layer>
            </annotationSet>
            <annotationSet cDate="07/06/2004 02:51:14 PDT Tue" status="MANUAL" ID="4528855">
                <layer rank="1" name="Target">
                    <label cBy="MiL" end="89" start="86" name="Target"/>
                </layer>
                <layer rank="1" name="FE">
                    <label cBy="MiL" feID="4085" end="82" start="0" name="Agent"/>
                    <label cBy="MiL" feID="4086" end="122" start="91" name="Goal"/>
                </layer>
                <layer rank="1" name="GF">
                    <label end="82" start="0" name="Ext"/>
                    <label end="122" start="91" name="Dep"/>
                </layer>
                <layer rank="1" name="PT">
                    <label end="82" start="0" name="NP"/>
                    <label end="122" start="91" name="VPto"/>
                </layer>
                <layer rank="1" name="Other"/>
                <layer rank="1" name="Sent"/>
                <layer rank="1" name="Verb"/>
            </annotationSet>
        </sentence>
        <sentence corpID="185" docID="23576" sentNo="4" paragNo="3" aPos="0" ID="4098560">
            <text>QN : Do Puerto Rico lawmakers aim to override the governor 's veto ?</text>
            <annotationSet cDate="10/05/2005 01:32:14 PDT Wed" status="UNANN" ID="6531301">
                <layer rank="1" name="PENN">
                    <label end="1" start="0" name="NP"/>
                    <label end="3" start="3" name=":"/>
                    <label end="6" start="5" name="VVP"/>
                    <label end="13" start="8" name="NP"/>
                    <label end="18" start="15" name="NP"/>
                    <label end="28" start="20" name="nns"/>
                    <label end="32" start="30" name="VVP"/>
                    <label end="35" start="34" name="to"/>
                    <label end="44" start="37" name="VV"/>
                    <label end="48" start="46" name="dt"/>
                    <label end="57" start="50" name="nn"/>
                    <label end="60" start="59" name="POS"/>
                    <label end="65" start="62" name="nn"/>
                    <label end="67" start="67" name="sent"/>
                </layer>
                <layer rank="1" name="NER">
                    <label end="18" start="8" name="location"/>
                </layer>
                <layer rank="1" name="WSL">
                    <label end="1" start="0" name="NT"/>
                    <label end="3" start="3" name="NT"/>
                    <label end="13" start="8" name="NT"/>
                    <label end="18" start="15" name="NT"/>
                    <label end="35" start="34" name="NT"/>
                    <label end="48" start="46" name="NT"/>
                    <label end="60" start="59" name="NT"/>
                    <label end="67" start="67" name="NT"/>
                    <label end="6" start="5" name="NT"/>
                </layer>
            </annotationSet>
            <annotationSet cDate="10/13/2005 05:10:09 PDT Thu" status="MANUAL" ID="6533303">
                <layer rank="1" name="Target">
                    <label cBy="RLG" end="32" start="30" name="Target"/>
                </layer>
                <layer rank="1" name="FE">
                    <label cBy="RLG" feID="4085" end="28" start="8" name="Agent"/>
                    <label cBy="RLG" feID="4086" end="65" start="34" name="Goal"/>
                </layer>
                <layer rank="1" name="GF">
                    <label end="28" start="8" name="Ext"/>
                    <label end="65" start="34" name="Dep"/>
                </layer>
                <layer rank="1" name="PT">
                    <label end="28" start="8" name="NP"/>
                    <label end="65" start="34" name="VPto"/>
                </layer>
                <layer rank="1" name="Other"/>
                <layer rank="1" name="Sent"/>
                <layer rank="1" name="Verb"/>
            </annotationSet>
        </sentence>
        <sentence corpID="135" docID="23621" sentNo="4" paragNo="22" aPos="0" ID="4099792">
            <text>The document `` defines the act of nuclear terrorism as the use or threat to use nuclear material , nuclear fuel , radioactive products or waste , or any other radioactive substances with toxic , explosive , or other dangerous properties , '' and outlines measures aimed to prevent terrorist acts involving the use of nuclear or other radioactive materials. ( Russian News and Information Agency Novosti , 26Jun06 ) http://en.rian.ru/ russia /20060626/50069639.html</text>
            <annotationSet cDate="07/18/2006 02:45:11 PDT Tue" status="UNANN" ID="6536878">
                <layer rank="1" name="PENN">
                    <label end="2" start="0" name="dt"/>
                    <label end="11" start="4" name="nn"/>
                    <label end="14" start="13" name="``"/>
                    <label end="22" start="16" name="VVZ"/>
                    <label end="26" start="24" name="dt"/>
                    <label end="30" start="28" name="nn"/>
                    <label end="33" start="32" name="in"/>
                    <label end="41" start="35" name="jj"/>
                    <label end="51" start="43" name="nn"/>
                    <label end="54" start="53" name="in"/>
                    <label end="58" start="56" name="dt"/>
                    <label end="62" start="60" name="nn"/>
                    <label end="65" start="64" name="cc"/>
                    <label end="72" start="67" name="nn"/>
                    <label end="75" start="74" name="to"/>
                    <label end="79" start="77" name="VV"/>
                    <label end="87" start="81" name="jj"/>
                    <label end="96" start="89" name="nn"/>
                    <label end="98" start="98" name=","/>
                    <label end="106" start="100" name="jj"/>
                    <label end="111" start="108" name="nn"/>
                    <label end="113" start="113" name=","/>
                    <label end="125" start="115" name="jj"/>
                    <label end="134" start="127" name="nns"/>
                    <label end="137" start="136" name="cc"/>
                    <label end="143" start="139" name="nn"/>
                    <label end="145" start="145" name=","/>
                    <label end="148" start="147" name="cc"/>
                    <label end="152" start="150" name="dt"/>
                    <label end="158" start="154" name="jj"/>
                    <label end="170" start="160" name="jj"/>
                    <label end="181" start="172" name="nns"/>
                    <label end="186" start="183" name="in"/>
                    <label end="192" start="188" name="jj"/>
                    <label end="194" start="194" name=","/>
                    <label end="204" start="196" name="jj"/>
                    <label end="206" start="206" name=","/>
                    <label end="209" start="208" name="cc"/>
                    <label end="215" start="211" name="jj"/>
                    <label end="225" start="217" name="jj"/>
                    <label end="236" start="227" name="nns"/>
                    <label end="238" start="238" name=","/>
                    <label end="241" start="240" name="''"/>
                    <label end="245" start="243" name="cc"/>
                    <label end="254" start="247" name="VVZ"/>
                    <label end="263" start="256" name="nns"/>
                    <label end="269" start="265" name="VVN"/>
                    <label end="272" start="271" name="to"/>
                    <label end="280" start="274" name="VV"/>
                    <label end="290" start="282" name="jj"/>
                    <label end="295" start="292" name="nns"/>
                    <label end="305" start="297" name="VVG"/>
                    <label end="309" start="307" name="dt"/>
                    <label end="313" start="311" name="nn"/>
                    <label end="316" start="315" name="in"/>
                    <label end="324" start="318" name="jj"/>
                    <label end="327" start="326" name="cc"/>
                    <label end="333" start="329" name="jj"/>
                    <label end="345" start="335" name="jj"/>
                    <label end="356" start="347" name="nn"/>
                    <label end="358" start="358" name="("/>
                    <label end="366" start="360" name="NP"/>
                    <label end="371" start="368" name="NP"/>
                    <label end="375" start="373" name="cc"/>
                    <label end="387" start="377" name="NP"/>
                    <label end="394" start="389" name="NP"/>
                    <label end="402" start="396" name="NP"/>
                    <label end="404" start="404" name=","/>
                    <label end="412" start="406" name="NP"/>
                    <label end="414" start="414" name=")"/>
                    <label end="433" start="416" name="nn"/>
                    <label end="440" start="435" name="nn"/>
                    <label end="464" start="442" name="nn"/>
                </layer>
                <layer rank="1" name="NER">
                    <label end="402" start="360" name="organization"/>
                    <label end="440" start="435" name="location"/>
                </layer>
                <layer rank="1" name="WSL">
                    <label end="2" start="0" name="NT"/>
                    <label end="14" start="13" name="NT"/>
                    <label end="26" start="24" name="NT"/>
                    <label end="33" start="32" name="NT"/>
                    <label end="54" start="53" name="NT"/>
                    <label end="58" start="56" name="NT"/>
                    <label end="65" start="64" name="NT"/>
                    <label end="75" start="74" name="NT"/>
                    <label end="98" start="98" name="NT"/>
                    <label end="113" start="113" name="NT"/>
                    <label end="137" start="136" name="NT"/>
                    <label end="145" start="145" name="NT"/>
                    <label end="148" start="147" name="NT"/>
                    <label end="152" start="150" name="NT"/>
                    <label end="186" start="183" name="NT"/>
                    <label end="194" start="194" name="NT"/>
                    <label end="206" start="206" name="NT"/>
                    <label end="209" start="208" name="NT"/>
                    <label end="238" start="238" name="NT"/>
                    <label end="241" start="240" name="NT"/>
                    <label end="245" start="243" name="NT"/>
                    <label end="272" start="271" name="NT"/>
                    <label end="309" start="307" name="NT"/>
                    <label end="316" start="315" name="NT"/>
                    <label end="327" start="326" name="NT"/>
                    <label end="358" start="358" name="NT"/>
                    <label end="366" start="360" name="NT"/>
                    <label end="371" start="368" name="NT"/>
                    <label end="375" start="373" name="NT"/>
                    <label end="387" start="377" name="NT"/>
                    <label end="394" start="389" name="NT"/>
                    <label end="402" start="396" name="NT"/>
                    <label end="404" start="404" name="NT"/>
                    <label end="412" start="406" name="NT"/>
                    <label end="414" start="414" name="NT"/>
                    <label end="111" start="108" name="Nonrelational"/>
                    <label end="143" start="139" name="Nonrelational"/>
                    <label end="181" start="172" name="Nonrelational"/>
                    <label end="236" start="227" name="Nonrelational"/>
                    <label end="356" start="347" name="Nonrelational"/>
                </layer>
            </annotationSet>
            <annotationSet cDate="07/25/2006 02:01:38 PDT Tue" status="MANUAL" ID="6537242">
                <layer rank="1" name="Target">
                    <label cBy="KmG" end="269" start="265" name="Target"/>
                </layer>
                <layer rank="1" name="FE">
                    <label cBy="KmG" feID="4087" end="263" start="256" name="Means"/>
                    <label cBy="KmG" feID="4086" end="356" start="271" name="Goal"/>
                    <label cBy="KmG" feID="4085" itype="CNI" name="Agent"/>
                </layer>
                <layer rank="1" name="GF">
                    <label end="263" start="256" name="Ext"/>
                    <label end="356" start="271" name="Dep"/>
                </layer>
                <layer rank="1" name="PT">
                    <label end="263" start="256" name="NP"/>
                    <label end="356" start="271" name="VPto"/>
                </layer>
                <layer rank="1" name="Other">
                    <label end="263" start="256" name="Ant"/>
                </layer>
                <layer rank="1" name="Sent"/>
                <layer rank="1" name="Verb"/>
            </annotationSet>
        </sentence>
        <sentence corpID="195" docID="23771" sentNo="6" paragNo="117" aPos="0" ID="4106200">
            <text>Browsing is a real pleasure in Macau 's main streets and byways , where shops aimed at the tourist market are interspersed with the more workaday ironmongers , herbalists , and noodle stalls .</text>
            <annotationSet cDate="07/25/2008 01:20:40 PDT Fri" status="UNANN" ID="6555290">
                <layer rank="1" name="PENN">
                    <label end="7" start="0" name="nn"/>
                    <label end="10" start="9" name="VBZ"/>
                    <label end="12" start="12" name="dt"/>
                    <label end="17" start="14" name="jj"/>
                    <label end="26" start="19" name="nn"/>
                    <label end="29" start="28" name="in"/>
                    <label end="35" start="31" name="NP"/>
                    <label end="38" start="37" name="POS"/>
                    <label end="43" start="40" name="jj"/>
                    <label end="51" start="45" name="nns"/>
                    <label end="55" start="53" name="cc"/>
                    <label end="62" start="57" name="nns"/>
                    <label end="64" start="64" name=","/>
                    <label end="70" start="66" name="wrb"/>
                    <label end="76" start="72" name="nns"/>
                    <label end="82" start="78" name="VVN"/>
                    <label end="85" start="84" name="in"/>
                    <label end="89" start="87" name="dt"/>
                    <label end="97" start="91" name="nn"/>
                    <label end="104" start="99" name="nn"/>
                    <label end="108" start="106" name="vbp"/>
                    <label end="121" start="110" name="VVN"/>
                    <label end="126" start="123" name="in"/>
                    <label end="130" start="128" name="dt"/>
                    <label end="135" start="132" name="rbr"/>
                    <label end="144" start="137" name="jj"/>
                    <label end="156" start="146" name="nns"/>
                    <label end="158" start="158" name=","/>
                    <label end="169" start="160" name="nns"/>
                    <label end="171" start="171" name=","/>
                    <label end="175" start="173" name="cc"/>
                    <label end="182" start="177" name="nn"/>
                    <label end="189" start="184" name="nns"/>
                    <label end="191" start="191" name="sent"/>
                </layer>
                <layer rank="1" name="NER">
                    <label end="7" start="0" name="person"/>
                    <label end="35" start="31" name="location"/>
                </layer>
                <layer rank="1" name="WSL">
                    <label end="10" start="9" name="NT"/>
                    <label end="12" start="12" name="NT"/>
                    <label end="29" start="28" name="NT"/>
                    <label end="35" start="31" name="NT"/>
                    <label end="38" start="37" name="NT"/>
                    <label end="55" start="53" name="NT"/>
                    <label end="64" start="64" name="NT"/>
                    <label end="70" start="66" name="NT"/>
                    <label end="85" start="84" name="NT"/>
                    <label end="89" start="87" name="NT"/>
                    <label end="108" start="106" name="NT"/>
                    <label end="126" start="123" name="NT"/>
                    <label end="130" start="128" name="NT"/>
                    <label end="158" start="158" name="NT"/>
                    <label end="171" start="171" name="NT"/>
                    <label end="175" start="173" name="NT"/>
                    <label end="191" start="191" name="NT"/>
                </layer>
            </annotationSet>
            <annotationSet cDate="01/26/2011 06:21:33 PST Wed" status="MANUAL" ID="6561216">
                <layer rank="1" name="Target">
                    <label cBy="MLC" end="82" start="78" name="Target"/>
                </layer>
                <layer rank="1" name="FE">
                    <label cBy="MLC" feID="4086" end="104" start="84" name="Goal"/>
                    <label cBy="MLC" feID="4085" end="76" start="72" name="Agent"/>
                </layer>
                <layer rank="1" name="GF">
                    <label end="104" start="84" name="Dep"/>
                    <label end="76" start="72" name="Ext"/>
                </layer>
                <layer rank="1" name="PT">
                    <label end="104" start="84" name="PP"/>
                    <label end="76" start="72" name="NP"/>
                </layer>
                <layer rank="1" name="Other"/>
                <layer rank="1" name="Sent"/>
                <layer rank="1" name="Verb"/>
            </annotationSet>
        </sentence>
    </subCorpus>
</lexUnit>