<?xml version="1.0" encoding="UTF-8" standalone="yes"?>
<?xml-stylesheet type="text/xsl" href="lexUnit.xsl"?>
<lexUnit status="Created" POS="V" name="merit.v" ID="8239" frame="Deserving" frameID="541" totalAnnotated="0" xsi:schemaLocation="../schema/lexUnit.xsd" xmlns="http://framenet.icsi.berkeley.edu" xmlns:xsi="http://www.w3.org/2001/XMLSchema-instance">
    <header>
        <frame>
            <FE fgColor="FFFFFF" bgColor="006400" type="Core" abbrev="" name="Action"/>
            <FE fgColor="000000" bgColor="FFA500" type="Extra-Thematic" abbrev="" name="Circumstances"/>
            <FE fgColor="FFFFFF" bgColor="FF69B4" type="Peripheral" abbrev="" name="Degree"/>
            <FE fgColor="FFFFFF" bgColor="1E90FF" type="Peripheral" abbrev="" name="Domain"/>
            <FE fgColor="FFFFFF" bgColor="0000FF" type="Core" abbrev="" name="State_of_affairs"/>
        </frame>
    </header>
    <definition>COD: deserve or be worthy of</definition>
    <lexeme POS="V" name="merit"/>
    <valences/>
</lexUnit>