<?xml version="1.0" encoding="UTF-8" standalone="yes"?>
<?xml-stylesheet type="text/xsl" href="lexUnit.xsl"?>
<lexUnit status="FN1_Sent" POS="V" name="infuriate.v" ID="826" frame="Experiencer_obj" frameID="47" totalAnnotated="21" xsi:schemaLocation="../schema/lexUnit.xsd" xmlns="http://framenet.icsi.berkeley.edu" xmlns:xsi="http://www.w3.org/2001/XMLSchema-instance">
    <header>
        <frame>
            <FE fgColor="FFFFFF" bgColor="A52A2A" type="Extra-Thematic" abbrev="Circ" name="Circumstances"/>
            <FE fgColor="FFFFFF" bgColor="FF69B4" type="Peripheral" abbrev="Degr" name="Degree"/>
            <FE fgColor="FFFFFF" bgColor="9400D3" type="Extra-Thematic" abbrev="Dep" name="Depictive"/>
            <FE fgColor="FFFFFF" bgColor="800080" type="Core" abbrev="Exp" name="Experiencer"/>
            <FE fgColor="FFFFFF" bgColor="00008B" type="Extra-Thematic" abbrev="Exp" name="Explanation"/>
            <FE fgColor="FFFFFF" bgColor="FF00FF" type="Peripheral" abbrev="Manr" name="Manner"/>
            <FE fgColor="FFFFFF" bgColor="0000FF" type="Peripheral" abbrev="Mns" name="Means"/>
            <FE fgColor="FFFFFF" bgColor="808080" type="Extra-Thematic" abbrev="Result" name="Result"/>
            <FE fgColor="FFFFFF" bgColor="FF0000" type="Core" abbrev="Stimulus" name="Stimulus"/>
            <FE fgColor="FFFFFF" bgColor="FFA500" type="Peripheral" abbrev="Tim" name="Time"/>
        </frame>
    </header>
    <definition>COD: make irritated or angry.</definition>
    <lexeme POS="V" name="infuriate"/>
    <valences>
        <FERealization total="5">
            <FE name="Degree"/>
            <pattern total="5">
                <valenceUnit GF="Dep" PT="AVP" FE="Degree"/>
                <annoSet ID="916218"/>
                <annoSet ID="916278"/>
                <annoSet ID="916306"/>
                <annoSet ID="916328"/>
                <annoSet ID="916338"/>
            </pattern>
            <pattern total="2">
                <valenceUnit GF="Dep" PT="Sfin" FE="Degree"/>
                <annoSet ID="916218"/>
                <annoSet ID="916278"/>
            </pattern>
        </FERealization>
        <FERealization total="21">
            <FE name="Experiencer"/>
            <pattern total="5">
                <valenceUnit GF="Ext" PT="NP" FE="Experiencer"/>
                <annoSet ID="916276"/>
                <annoSet ID="916278"/>
                <annoSet ID="916302"/>
                <annoSet ID="916306"/>
                <annoSet ID="916318"/>
            </pattern>
            <pattern total="15">
                <valenceUnit GF="Obj" PT="NP" FE="Experiencer"/>
                <annoSet ID="916198"/>
                <annoSet ID="916218"/>
                <annoSet ID="916222"/>
                <annoSet ID="916232"/>
                <annoSet ID="916250"/>
                <annoSet ID="916252"/>
                <annoSet ID="916258"/>
                <annoSet ID="916266"/>
                <annoSet ID="916272"/>
                <annoSet ID="916328"/>
                <annoSet ID="916334"/>
                <annoSet ID="916338"/>
                <annoSet ID="916342"/>
                <annoSet ID="916350"/>
                <annoSet ID="916360"/>
            </pattern>
            <pattern total="1">
                <valenceUnit GF="" PT="INI" FE="Experiencer"/>
                <annoSet ID="916404"/>
            </pattern>
        </FERealization>
        <FERealization total="3">
            <FE name="Means"/>
            <pattern total="3">
                <valenceUnit GF="Dep" PT="PPing[by]" FE="Means"/>
                <annoSet ID="916334"/>
                <annoSet ID="916342"/>
                <annoSet ID="916350"/>
            </pattern>
        </FERealization>
        <FERealization total="21">
            <FE name="Stimulus"/>
            <pattern total="4">
                <valenceUnit GF="Dep" PT="PP[by]" FE="Stimulus"/>
                <annoSet ID="916276"/>
                <annoSet ID="916278"/>
                <annoSet ID="916302"/>
                <annoSet ID="916306"/>
            </pattern>
            <pattern total="13">
                <valenceUnit GF="Ext" PT="NP" FE="Stimulus"/>
                <annoSet ID="916198"/>
                <annoSet ID="916218"/>
                <annoSet ID="916250"/>
                <annoSet ID="916252"/>
                <annoSet ID="916258"/>
                <annoSet ID="916266"/>
                <annoSet ID="916272"/>
                <annoSet ID="916328"/>
                <annoSet ID="916334"/>
                <annoSet ID="916342"/>
                <annoSet ID="916350"/>
                <annoSet ID="916360"/>
                <annoSet ID="916404"/>
            </pattern>
            <pattern total="1">
                <valenceUnit GF="Ext" PT="Sfin" FE="Stimulus"/>
                <annoSet ID="916338"/>
            </pattern>
            <pattern total="1">
                <valenceUnit GF="" PT="CNI" FE="Stimulus"/>
                <annoSet ID="916318"/>
            </pattern>
            <pattern total="1">
                <valenceUnit GF="Dep" PT="Sinterrog" FE="Stimulus"/>
                <annoSet ID="916222"/>
            </pattern>
            <pattern total="1">
                <valenceUnit GF="Dep" PT="VPto" FE="Stimulus"/>
                <annoSet ID="916232"/>
            </pattern>
        </FERealization>
        <FEGroupRealization total="2">
            <FE name="Degree"/>
            <FE name="Degree"/>
            <FE name="Experiencer"/>
            <FE name="Stimulus"/>
            <pattern total="1">
                <valenceUnit GF="Dep" PT="AVP" FE="Degree"/>
                <valenceUnit GF="Dep" PT="Sfin" FE="Degree"/>
                <valenceUnit GF="Ext" PT="NP" FE="Experiencer"/>
                <valenceUnit GF="Dep" PT="PP[by]" FE="Stimulus"/>
                <annoSet ID="916278"/>
            </pattern>
            <pattern total="1">
                <valenceUnit GF="Dep" PT="AVP" FE="Degree"/>
                <valenceUnit GF="Dep" PT="Sfin" FE="Degree"/>
                <valenceUnit GF="Obj" PT="NP" FE="Experiencer"/>
                <valenceUnit GF="Ext" PT="NP" FE="Stimulus"/>
                <annoSet ID="916218"/>
            </pattern>
        </FEGroupRealization>
        <FEGroupRealization total="3">
            <FE name="Degree"/>
            <FE name="Experiencer"/>
            <FE name="Stimulus"/>
            <pattern total="1">
                <valenceUnit GF="Dep" PT="AVP" FE="Degree"/>
                <valenceUnit GF="Ext" PT="NP" FE="Experiencer"/>
                <valenceUnit GF="Dep" PT="PP[by]" FE="Stimulus"/>
                <annoSet ID="916306"/>
            </pattern>
            <pattern total="1">
                <valenceUnit GF="Dep" PT="AVP" FE="Degree"/>
                <valenceUnit GF="Obj" PT="NP" FE="Experiencer"/>
                <valenceUnit GF="Ext" PT="NP" FE="Stimulus"/>
                <annoSet ID="916328"/>
            </pattern>
            <pattern total="1">
                <valenceUnit GF="Dep" PT="AVP" FE="Degree"/>
                <valenceUnit GF="Obj" PT="NP" FE="Experiencer"/>
                <valenceUnit GF="Ext" PT="Sfin" FE="Stimulus"/>
                <annoSet ID="916338"/>
            </pattern>
        </FEGroupRealization>
        <FEGroupRealization total="3">
            <FE name="Experiencer"/>
            <FE name="Means"/>
            <FE name="Stimulus"/>
            <pattern total="3">
                <valenceUnit GF="Obj" PT="NP" FE="Experiencer"/>
                <valenceUnit GF="Dep" PT="PPing[by]" FE="Means"/>
                <valenceUnit GF="Ext" PT="NP" FE="Stimulus"/>
                <annoSet ID="916334"/>
                <annoSet ID="916342"/>
                <annoSet ID="916350"/>
            </pattern>
        </FEGroupRealization>
        <FEGroupRealization total="11">
            <FE name="Experiencer"/>
            <FE name="Stimulus"/>
            <pattern total="1">
                <valenceUnit GF="" PT="INI" FE="Experiencer"/>
                <valenceUnit GF="Ext" PT="NP" FE="Stimulus"/>
                <annoSet ID="916404"/>
            </pattern>
            <pattern total="1">
                <valenceUnit GF="Ext" PT="NP" FE="Experiencer"/>
                <valenceUnit GF="" PT="CNI" FE="Stimulus"/>
                <annoSet ID="916318"/>
            </pattern>
            <pattern total="2">
                <valenceUnit GF="Ext" PT="NP" FE="Experiencer"/>
                <valenceUnit GF="Dep" PT="PP[by]" FE="Stimulus"/>
                <annoSet ID="916276"/>
                <annoSet ID="916302"/>
            </pattern>
            <pattern total="5">
                <valenceUnit GF="Obj" PT="NP" FE="Experiencer"/>
                <valenceUnit GF="Ext" PT="NP" FE="Stimulus"/>
                <annoSet ID="916250"/>
                <annoSet ID="916252"/>
                <annoSet ID="916258"/>
                <annoSet ID="916266"/>
                <annoSet ID="916360"/>
            </pattern>
            <pattern total="1">
                <valenceUnit GF="Obj" PT="NP" FE="Experiencer"/>
                <valenceUnit GF="Dep" PT="Sinterrog" FE="Stimulus"/>
                <annoSet ID="916222"/>
            </pattern>
            <pattern total="1">
                <valenceUnit GF="Obj" PT="NP" FE="Experiencer"/>
                <valenceUnit GF="Dep" PT="VPto" FE="Stimulus"/>
                <annoSet ID="916232"/>
            </pattern>
        </FEGroupRealization>
        <FEGroupRealization total="2">
            <FE name="Experiencer"/>
            <FE name="Stimulus"/>
            <FE name="Stimulus"/>
            <pattern total="2">
                <valenceUnit GF="Obj" PT="NP" FE="Experiencer"/>
                <valenceUnit GF="Ext" PT="NP" FE="Stimulus"/>
                <valenceUnit GF="Ext" PT="NP" FE="Stimulus"/>
                <annoSet ID="916198"/>
                <annoSet ID="916272"/>
            </pattern>
        </FEGroupRealization>
    </valences>
    <subCorpus name="V-420-that-sfin"/>
    <subCorpus name="V-430-sfin">
        <sentence sentNo="0" aPos="103691701" ID="727178">
            <text>Bangor ref Barr booked five players and made a number of decisions during the game that infuriated the home fans and caused puzzled looks in the press box . </text>
            <annotationSet cDate="01/07/2003 12:08:37 PST Tue" status="UNANN" ID="916197">
                <layer rank="1" name="BNC">
                    <label end="5" start="0" name="NP0"/>
                    <label end="9" start="7" name="NN1"/>
                    <label end="14" start="11" name="NP0"/>
                    <label end="21" start="16" name="VVD"/>
                    <label end="26" start="23" name="CRD"/>
                    <label end="34" start="28" name="NN2"/>
                    <label end="38" start="36" name="CJC"/>
                    <label end="43" start="40" name="VVD-VVN"/>
                    <label end="45" start="45" name="AT0"/>
                    <label end="52" start="47" name="NN1"/>
                    <label end="55" start="54" name="PRF"/>
                    <label end="65" start="57" name="NN2"/>
                    <label end="72" start="67" name="PRP"/>
                    <label end="76" start="74" name="AT0"/>
                    <label end="81" start="78" name="NN1"/>
                    <label end="86" start="83" name="CJT"/>
                    <label end="97" start="88" name="VVD"/>
                    <label end="101" start="99" name="AT0"/>
                    <label end="106" start="103" name="NN1"/>
                    <label end="111" start="108" name="NN2-VVZ"/>
                    <label end="115" start="113" name="CJC"/>
                    <label end="122" start="117" name="VVD-VVN"/>
                    <label end="130" start="124" name="AJ0"/>
                    <label end="136" start="132" name="NN2"/>
                    <label end="139" start="138" name="PRP"/>
                    <label end="143" start="141" name="AT0"/>
                    <label end="149" start="145" name="NN0"/>
                    <label end="153" start="151" name="NN1"/>
                    <label end="155" start="155" name="PUN"/>
                </layer>
                <layer rank="1" name="NER"/>
                <layer rank="1" name="WSL"/>
            </annotationSet>
            <annotationSet cDate="01/07/2003 12:08:38 PST Tue" status="MANUAL" ID="916198">
                <layer rank="1" name="FE">
                    <label cBy="BoC" feID="199" end="81" start="45" name="Stimulus"/>
                    <label cBy="BoC" feID="198" end="111" start="99" name="Experiencer"/>
                    <label cBy="Hay" feID="199" end="86" start="83" name="Stimulus"/>
                </layer>
                <layer rank="1" name="GF">
                    <label end="81" start="45" name="Ext"/>
                    <label end="111" start="99" name="Obj"/>
                    <label end="86" start="83" name="Ext"/>
                </layer>
                <layer rank="1" name="PT">
                    <label end="81" start="45" name="NP"/>
                    <label end="111" start="99" name="NP"/>
                    <label end="86" start="83" name="NP"/>
                </layer>
                <layer rank="1" name="Sent">
                    <label end="0" start="0" name="sense1"/>
                </layer>
                <layer rank="1" name="Other">
                    <label end="81" start="45" name="Ant"/>
                    <label end="86" start="83" name="Rel"/>
                </layer>
                <layer rank="1" name="Target">
                    <label cBy="BoC" end="97" start="88" name="Target"/>
                </layer>
                <layer rank="1" name="Verb"/>
            </annotationSet>
        </sentence>
    </subCorpus>
    <subCorpus name="V-460-np-sthat">
        <sentence sentNo="0" aPos="860209" ID="727188">
            <text>Their laughter so infuriated me that I began to have thoughts of revenge . </text>
            <annotationSet cDate="01/07/2003 12:08:39 PST Tue" status="UNANN" ID="916217">
                <layer rank="1" name="BNC">
                    <label end="4" start="0" name="DPS"/>
                    <label end="13" start="6" name="NN1"/>
                    <label end="16" start="15" name="AV0"/>
                    <label end="27" start="18" name="VVD"/>
                    <label end="30" start="29" name="PNP"/>
                    <label end="35" start="32" name="CJT"/>
                    <label end="37" start="37" name="PNP"/>
                    <label end="43" start="39" name="VVD"/>
                    <label end="46" start="45" name="TO0"/>
                    <label end="51" start="48" name="VHI"/>
                    <label end="60" start="53" name="NN2"/>
                    <label end="63" start="62" name="PRF"/>
                    <label end="71" start="65" name="NN1"/>
                    <label end="73" start="73" name="PUN"/>
                </layer>
                <layer rank="1" name="NER"/>
                <layer rank="1" name="WSL"/>
            </annotationSet>
            <annotationSet cDate="01/07/2003 12:08:39 PST Tue" status="MANUAL" ID="916218">
                <layer rank="1" name="FE">
                    <label cBy="BoC" feID="199" end="13" start="0" name="Stimulus"/>
                    <label cBy="BoC" feID="2066" end="16" start="15" name="Degree"/>
                    <label cBy="BoC" feID="198" end="30" start="29" name="Experiencer"/>
                    <label cBy="BoC" feID="2066" end="71" start="32" name="Degree"/>
                </layer>
                <layer rank="1" name="GF">
                    <label end="13" start="0" name="Ext"/>
                    <label end="16" start="15" name="Dep"/>
                    <label end="30" start="29" name="Obj"/>
                    <label end="71" start="32" name="Dep"/>
                </layer>
                <layer rank="1" name="PT">
                    <label end="13" start="0" name="NP"/>
                    <label end="16" start="15" name="AVP"/>
                    <label end="30" start="29" name="NP"/>
                    <label end="71" start="32" name="Sfin"/>
                </layer>
                <layer rank="1" name="Sent">
                    <label end="0" start="0" name="sense1"/>
                </layer>
                <layer rank="1" name="Other"/>
                <layer rank="1" name="Target">
                    <label cBy="BoC" end="27" start="18" name="Target"/>
                </layer>
                <layer rank="1" name="Verb"/>
            </annotationSet>
        </sentence>
    </subCorpus>
    <subCorpus name="V-470-np-wh">
        <sentence sentNo="0" aPos="66297000" ID="727190">
            <text>And yes , it infuriates her when magazines run ` Big Is Beautiful &quot; features as if they 're indulging a minority of readers . </text>
            <annotationSet cDate="01/07/2003 12:08:39 PST Tue" status="UNANN" ID="916221">
                <layer rank="1" name="BNC">
                    <label end="2" start="0" name="CJC"/>
                    <label end="6" start="4" name="ITJ"/>
                    <label end="8" start="8" name="PUN"/>
                    <label end="11" start="10" name="PNP"/>
                    <label end="22" start="13" name="VVZ"/>
                    <label end="26" start="24" name="PNP"/>
                    <label end="31" start="28" name="AVQ-CJS"/>
                    <label end="41" start="33" name="NN2"/>
                    <label end="45" start="43" name="VVB"/>
                    <label end="47" start="47" name="PUQ"/>
                    <label end="51" start="49" name="AJ0"/>
                    <label end="54" start="53" name="VBZ"/>
                    <label end="64" start="56" name="AJ0"/>
                    <label end="66" start="66" name="PUQ"/>
                    <label end="75" start="68" name="NN2"/>
                    <label end="78" start="77" name="CJS"/>
                    <label end="81" start="80" name="CJS"/>
                    <label end="86" start="83" name="PNP"/>
                    <label end="90" start="88" name="VBB"/>
                    <label end="100" start="92" name="VVG"/>
                    <label end="102" start="102" name="AT0"/>
                    <label end="111" start="104" name="NN1"/>
                    <label end="114" start="113" name="PRF"/>
                    <label end="122" start="116" name="NN2"/>
                    <label end="124" start="124" name="PUN"/>
                </layer>
                <layer rank="1" name="NER"/>
                <layer rank="1" name="WSL"/>
            </annotationSet>
            <annotationSet cDate="01/07/2003 12:08:39 PST Tue" status="MANUAL" ID="916222">
                <layer rank="1" name="FE">
                    <label cBy="BoC" feID="198" end="26" start="24" name="Experiencer"/>
                    <label cBy="BoC" feID="199" end="122" start="28" name="Stimulus"/>
                </layer>
                <layer rank="1" name="GF">
                    <label end="26" start="24" name="Obj"/>
                    <label end="122" start="28" name="Dep"/>
                </layer>
                <layer rank="1" name="PT">
                    <label end="26" start="24" name="NP"/>
                    <label end="122" start="28" name="Sinterrog"/>
                </layer>
                <layer rank="1" name="Sent">
                    <label end="0" start="0" name="sense1"/>
                </layer>
                <layer rank="1" name="Other">
                    <label end="11" start="10" name="Null"/>
                </layer>
                <layer rank="1" name="Target">
                    <label cBy="BoC" end="22" start="13" name="Target"/>
                </layer>
                <layer rank="1" name="Verb"/>
            </annotationSet>
        </sentence>
    </subCorpus>
    <subCorpus name="V-480-swh"/>
    <subCorpus name="V-530-np-vpto">
        <sentence sentNo="0" aPos="57833661" ID="727195">
            <text>After enjoying so many years of unquestioning servility from David , it infuriated him to know that Beth did not feel threatened by him . </text>
            <annotationSet cDate="01/07/2003 12:08:40 PST Tue" status="UNANN" ID="916231">
                <layer rank="1" name="BNC">
                    <label end="4" start="0" name="PRP"/>
                    <label end="13" start="6" name="VVG"/>
                    <label end="16" start="15" name="AV0"/>
                    <label end="21" start="18" name="DT0"/>
                    <label end="27" start="23" name="NN2"/>
                    <label end="30" start="29" name="PRF"/>
                    <label end="44" start="32" name="AJ0"/>
                    <label end="54" start="46" name="NN1"/>
                    <label end="59" start="56" name="PRP"/>
                    <label end="65" start="61" name="NP0"/>
                    <label end="67" start="67" name="PUN"/>
                    <label end="70" start="69" name="PNP"/>
                    <label end="81" start="72" name="VVD"/>
                    <label end="85" start="83" name="PNP"/>
                    <label end="88" start="87" name="TO0"/>
                    <label end="93" start="90" name="VVI"/>
                    <label end="98" start="95" name="CJT"/>
                    <label end="103" start="100" name="NP0"/>
                    <label end="107" start="105" name="VDD"/>
                    <label end="111" start="109" name="XX0"/>
                    <label end="116" start="113" name="VVI"/>
                    <label end="127" start="118" name="AJ0-VVN"/>
                    <label end="130" start="129" name="PRP"/>
                    <label end="134" start="132" name="PNP"/>
                    <label end="136" start="136" name="PUN"/>
                </layer>
                <layer rank="1" name="NER"/>
                <layer rank="1" name="WSL"/>
            </annotationSet>
            <annotationSet cDate="01/07/2003 12:08:40 PST Tue" status="MANUAL" ID="916232">
                <layer rank="1" name="FE">
                    <label cBy="BoC" feID="198" end="85" start="83" name="Experiencer"/>
                    <label cBy="BoC" feID="199" end="134" start="87" name="Stimulus"/>
                </layer>
                <layer rank="1" name="GF">
                    <label end="85" start="83" name="Obj"/>
                    <label end="134" start="87" name="Dep"/>
                </layer>
                <layer rank="1" name="PT">
                    <label end="85" start="83" name="NP"/>
                    <label end="134" start="87" name="VPto"/>
                </layer>
                <layer rank="1" name="Sent">
                    <label end="0" start="0" name="sense1"/>
                </layer>
                <layer rank="1" name="Other">
                    <label end="70" start="69" name="Null"/>
                </layer>
                <layer rank="1" name="Target">
                    <label cBy="BoC" end="81" start="72" name="Target"/>
                </layer>
                <layer rank="1" name="Verb"/>
            </annotationSet>
        </sentence>
    </subCorpus>
    <subCorpus name="V-660-trans-simple">
        <sentence sentNo="0" aPos="70508960" ID="727204">
            <text>His impertinence infuriated her . </text>
            <annotationSet cDate="01/07/2003 12:08:42 PST Tue" status="UNANN" ID="916249">
                <layer rank="1" name="BNC">
                    <label end="2" start="0" name="DPS"/>
                    <label end="15" start="4" name="NN1"/>
                    <label end="26" start="17" name="VVD"/>
                    <label end="30" start="28" name="PNP"/>
                    <label end="32" start="32" name="PUN"/>
                </layer>
                <layer rank="1" name="NER"/>
                <layer rank="1" name="WSL"/>
            </annotationSet>
            <annotationSet cDate="01/07/2003 12:08:42 PST Tue" status="MANUAL" ID="916250">
                <layer rank="1" name="FE">
                    <label cBy="BoC" feID="199" end="15" start="0" name="Stimulus"/>
                    <label cBy="BoC" feID="198" end="30" start="28" name="Experiencer"/>
                </layer>
                <layer rank="1" name="GF">
                    <label end="15" start="0" name="Ext"/>
                    <label end="30" start="28" name="Obj"/>
                </layer>
                <layer rank="1" name="PT">
                    <label end="15" start="0" name="NP"/>
                    <label end="30" start="28" name="NP"/>
                </layer>
                <layer rank="1" name="Sent">
                    <label end="0" start="0" name="sense1"/>
                </layer>
                <layer rank="1" name="Other"/>
                <layer rank="1" name="Target">
                    <label cBy="BoC" end="26" start="17" name="Target"/>
                </layer>
                <layer rank="1" name="Verb"/>
            </annotationSet>
        </sentence>
        <sentence sentNo="0" aPos="75106089" ID="727205">
            <text>His arrogant air of certainty was beginning to infuriate her . </text>
            <annotationSet cDate="01/07/2003 12:08:43 PST Tue" status="UNANN" ID="916251">
                <layer rank="1" name="BNC">
                    <label end="2" start="0" name="DPS"/>
                    <label end="11" start="4" name="AJ0"/>
                    <label end="15" start="13" name="NN1"/>
                    <label end="18" start="17" name="PRF"/>
                    <label end="28" start="20" name="NN1"/>
                    <label end="32" start="30" name="VBD"/>
                    <label end="42" start="34" name="VVG"/>
                    <label end="45" start="44" name="TO0"/>
                    <label end="55" start="47" name="VVI"/>
                    <label end="59" start="57" name="PNP"/>
                    <label end="61" start="61" name="PUN"/>
                </layer>
                <layer rank="1" name="NER"/>
                <layer rank="1" name="WSL"/>
            </annotationSet>
            <annotationSet cDate="01/07/2003 12:08:43 PST Tue" status="MANUAL" ID="916252">
                <layer rank="1" name="FE">
                    <label cBy="BoC" feID="199" end="28" start="0" name="Stimulus"/>
                    <label cBy="BoC" feID="198" end="59" start="57" name="Experiencer"/>
                </layer>
                <layer rank="1" name="GF">
                    <label end="28" start="0" name="Ext"/>
                    <label end="59" start="57" name="Obj"/>
                </layer>
                <layer rank="1" name="PT">
                    <label end="28" start="0" name="NP"/>
                    <label end="59" start="57" name="NP"/>
                </layer>
                <layer rank="1" name="Sent">
                    <label end="0" start="0" name="sense1"/>
                </layer>
                <layer rank="1" name="Other"/>
                <layer rank="1" name="Target">
                    <label cBy="BoC" end="55" start="47" name="Target"/>
                </layer>
                <layer rank="1" name="Verb"/>
            </annotationSet>
        </sentence>
        <sentence sentNo="0" aPos="9120697" ID="727208">
            <text>No-one believes that will be the last case to shock the market and infuriate private investors . </text>
            <annotationSet cDate="01/07/2003 12:08:43 PST Tue" status="UNANN" ID="916257">
                <layer rank="1" name="BNC">
                    <label end="5" start="0" name="PNI"/>
                    <label end="14" start="7" name="VVZ"/>
                    <label end="19" start="16" name="CJT"/>
                    <label end="24" start="21" name="VM0"/>
                    <label end="27" start="26" name="VBI"/>
                    <label end="31" start="29" name="AT0"/>
                    <label end="36" start="33" name="ORD"/>
                    <label end="41" start="38" name="NN1"/>
                    <label end="44" start="43" name="TO0"/>
                    <label end="50" start="46" name="VVI"/>
                    <label end="54" start="52" name="AT0"/>
                    <label end="61" start="56" name="NN1"/>
                    <label end="65" start="63" name="CJC"/>
                    <label end="75" start="67" name="VVI"/>
                    <label end="83" start="77" name="AJ0"/>
                    <label end="93" start="85" name="NN2"/>
                    <label end="95" start="95" name="PUN"/>
                </layer>
                <layer rank="1" name="NER"/>
                <layer rank="1" name="WSL"/>
            </annotationSet>
            <annotationSet cDate="01/07/2003 12:08:43 PST Tue" status="MANUAL" ID="916258">
                <layer rank="1" name="FE">
                    <label cBy="BoC" feID="199" end="41" start="29" name="Stimulus"/>
                    <label cBy="BoC" feID="198" end="93" start="77" name="Experiencer"/>
                </layer>
                <layer rank="1" name="GF">
                    <label end="41" start="29" name="Ext"/>
                    <label end="93" start="77" name="Obj"/>
                </layer>
                <layer rank="1" name="PT">
                    <label end="41" start="29" name="NP"/>
                    <label end="93" start="77" name="NP"/>
                </layer>
                <layer rank="1" name="Sent">
                    <label end="0" start="0" name="sense1"/>
                </layer>
                <layer rank="1" name="Other"/>
                <layer rank="1" name="Target">
                    <label cBy="BoC" end="75" start="67" name="Target"/>
                </layer>
                <layer rank="1" name="Verb"/>
            </annotationSet>
        </sentence>
        <sentence sentNo="0" aPos="34374748" ID="727212">
            <text>But the arrogance of the German newspapers infuriated British MPs . </text>
            <annotationSet cDate="01/07/2003 12:08:44 PST Tue" status="UNANN" ID="916265">
                <layer rank="1" name="BNC">
                    <label end="2" start="0" name="CJC"/>
                    <label end="6" start="4" name="AT0"/>
                    <label end="16" start="8" name="NN1"/>
                    <label end="19" start="18" name="PRF"/>
                    <label end="23" start="21" name="AT0"/>
                    <label end="30" start="25" name="AJ0"/>
                    <label end="41" start="32" name="NN2"/>
                    <label end="52" start="43" name="VVD"/>
                    <label end="60" start="54" name="AJ0"/>
                    <label end="64" start="62" name="NN2"/>
                    <label end="66" start="66" name="PUN"/>
                </layer>
                <layer rank="1" name="NER"/>
                <layer rank="1" name="WSL"/>
            </annotationSet>
            <annotationSet cDate="01/07/2003 12:08:44 PST Tue" status="MANUAL" ID="916266">
                <layer rank="1" name="FE">
                    <label cBy="BoC" feID="199" end="41" start="4" name="Stimulus"/>
                    <label cBy="BoC" feID="198" end="64" start="54" name="Experiencer"/>
                </layer>
                <layer rank="1" name="GF">
                    <label end="41" start="4" name="Ext"/>
                    <label end="64" start="54" name="Obj"/>
                </layer>
                <layer rank="1" name="PT">
                    <label end="41" start="4" name="NP"/>
                    <label end="64" start="54" name="NP"/>
                </layer>
                <layer rank="1" name="Sent">
                    <label end="0" start="0" name="sense1"/>
                </layer>
                <layer rank="1" name="Other"/>
                <layer rank="1" name="Target">
                    <label cBy="BoC" end="52" start="43" name="Target"/>
                </layer>
                <layer rank="1" name="Verb"/>
            </annotationSet>
        </sentence>
        <sentence sentNo="0" aPos="38269389" ID="727215">
            <text>Have you solved a problem that has frustrated or infuriated you ? </text>
            <annotationSet cDate="01/07/2003 12:08:44 PST Tue" status="UNANN" ID="916271">
                <layer rank="1" name="BNC">
                    <label end="3" start="0" name="VHB"/>
                    <label end="7" start="5" name="PNP"/>
                    <label end="14" start="9" name="VVN"/>
                    <label end="16" start="16" name="AT0"/>
                    <label end="24" start="18" name="NN1"/>
                    <label end="29" start="26" name="CJT"/>
                    <label end="33" start="31" name="VHZ"/>
                    <label end="44" start="35" name="VVN"/>
                    <label end="47" start="46" name="CJC"/>
                    <label end="58" start="49" name="VVD"/>
                    <label end="62" start="60" name="PNP"/>
                    <label end="64" start="64" name="PUN"/>
                </layer>
                <layer rank="1" name="NER"/>
                <layer rank="1" name="WSL"/>
            </annotationSet>
            <annotationSet cDate="01/07/2003 12:08:44 PST Tue" status="MANUAL" ID="916272">
                <layer rank="1" name="FE">
                    <label cBy="BoC" feID="199" end="24" start="16" name="Stimulus"/>
                    <label cBy="BoC" feID="198" end="62" start="60" name="Experiencer"/>
                    <label cBy="Hay" feID="199" end="29" start="26" name="Stimulus"/>
                </layer>
                <layer rank="1" name="GF">
                    <label end="24" start="16" name="Ext"/>
                    <label end="62" start="60" name="Obj"/>
                    <label end="29" start="26" name="Ext"/>
                </layer>
                <layer rank="1" name="PT">
                    <label end="24" start="16" name="NP"/>
                    <label end="62" start="60" name="NP"/>
                    <label end="29" start="26" name="NP"/>
                </layer>
                <layer rank="1" name="Sent">
                    <label end="0" start="0" name="sense1"/>
                </layer>
                <layer rank="1" name="Other">
                    <label end="24" start="16" name="Ant"/>
                    <label end="29" start="26" name="Rel"/>
                </layer>
                <layer rank="1" name="Target">
                    <label cBy="BoC" end="58" start="49" name="Target"/>
                </layer>
                <layer rank="1" name="Verb"/>
            </annotationSet>
        </sentence>
    </subCorpus>
    <subCorpus name="V-670-pass-by">
        <sentence sentNo="0" aPos="4265914" ID="727217">
            <text>The Prince was infuriated by the reports . </text>
            <annotationSet cDate="01/07/2003 12:08:44 PST Tue" status="UNANN" ID="916275">
                <layer rank="1" name="BNC">
                    <label end="2" start="0" name="AT0"/>
                    <label end="9" start="4" name="NN1-NP0"/>
                    <label end="13" start="11" name="VBD"/>
                    <label end="24" start="15" name="VVN"/>
                    <label end="27" start="26" name="PRP"/>
                    <label end="31" start="29" name="AT0"/>
                    <label end="39" start="33" name="NN2"/>
                    <label end="41" start="41" name="PUN"/>
                </layer>
                <layer rank="1" name="NER"/>
                <layer rank="1" name="WSL"/>
            </annotationSet>
            <annotationSet cDate="01/07/2003 12:08:44 PST Tue" status="MANUAL" ID="916276">
                <layer rank="1" name="FE">
                    <label cBy="BoC" feID="198" end="9" start="0" name="Experiencer"/>
                    <label cBy="BoC" feID="199" end="39" start="26" name="Stimulus"/>
                </layer>
                <layer rank="1" name="GF">
                    <label end="9" start="0" name="Ext"/>
                    <label end="39" start="26" name="Dep"/>
                </layer>
                <layer rank="1" name="PT">
                    <label end="9" start="0" name="NP"/>
                    <label end="39" start="26" name="PP"/>
                </layer>
                <layer rank="1" name="Sent">
                    <label end="0" start="0" name="sense1"/>
                </layer>
                <layer rank="1" name="Other"/>
                <layer rank="1" name="Target">
                    <label cBy="BoC" end="24" start="15" name="Target"/>
                </layer>
                <layer rank="1" name="Verb"/>
            </annotationSet>
        </sentence>
        <sentence sentNo="0" aPos="14111176" ID="727218">
            <text>It will strengthen your case should you be so infuriated by a label that you decided to take it to your local trading standards officer . </text>
            <annotationSet cDate="01/07/2003 12:08:44 PST Tue" status="UNANN" ID="916277">
                <layer rank="1" name="BNC">
                    <label end="1" start="0" name="PNP"/>
                    <label end="6" start="3" name="VM0"/>
                    <label end="17" start="8" name="VVI"/>
                    <label end="22" start="19" name="DPS"/>
                    <label end="27" start="24" name="NN1"/>
                    <label end="34" start="29" name="VM0"/>
                    <label end="38" start="36" name="PNP"/>
                    <label end="41" start="40" name="VBI"/>
                    <label end="44" start="43" name="AV0"/>
                    <label end="55" start="46" name="VVN"/>
                    <label end="58" start="57" name="PRP"/>
                    <label end="60" start="60" name="AT0"/>
                    <label end="66" start="62" name="NN1"/>
                    <label end="71" start="68" name="CJT"/>
                    <label end="75" start="73" name="PNP"/>
                    <label end="83" start="77" name="VVD"/>
                    <label end="86" start="85" name="TO0"/>
                    <label end="91" start="88" name="VVI"/>
                    <label end="94" start="93" name="PNP"/>
                    <label end="97" start="96" name="PRP"/>
                    <label end="102" start="99" name="DPS"/>
                    <label end="108" start="104" name="AJ0"/>
                    <label end="116" start="110" name="AJ0-NN1"/>
                    <label end="126" start="118" name="NN2"/>
                    <label end="134" start="128" name="NN1"/>
                    <label end="136" start="136" name="PUN"/>
                </layer>
                <layer rank="1" name="NER"/>
                <layer rank="1" name="WSL"/>
            </annotationSet>
            <annotationSet cDate="01/07/2003 12:08:44 PST Tue" status="MANUAL" ID="916278">
                <layer rank="1" name="FE">
                    <label cBy="BoC" feID="198" end="38" start="36" name="Experiencer"/>
                    <label cBy="BoC" feID="2066" end="44" start="43" name="Degree"/>
                    <label cBy="BoC" feID="199" end="66" start="57" name="Stimulus"/>
                    <label cBy="BoC" feID="2066" end="134" start="68" name="Degree"/>
                </layer>
                <layer rank="1" name="GF">
                    <label end="38" start="36" name="Ext"/>
                    <label end="44" start="43" name="Dep"/>
                    <label end="66" start="57" name="Dep"/>
                    <label end="134" start="68" name="Dep"/>
                </layer>
                <layer rank="1" name="PT">
                    <label end="38" start="36" name="NP"/>
                    <label end="44" start="43" name="AVP"/>
                    <label end="66" start="57" name="PP"/>
                    <label end="134" start="68" name="Sfin"/>
                </layer>
                <layer rank="1" name="Sent">
                    <label end="0" start="0" name="sense1"/>
                </layer>
                <layer rank="1" name="Other"/>
                <layer rank="1" name="Target">
                    <label cBy="BoC" end="55" start="46" name="Target"/>
                </layer>
                <layer rank="1" name="Verb"/>
            </annotationSet>
        </sentence>
        <sentence sentNo="0" aPos="101155270" ID="727230">
            <text>She was infuriated by his arrogant assumption that he could simply demand answers , infuriated still more by her own desire to simply cave in and tell him the truth . </text>
            <annotationSet cDate="01/07/2003 12:08:46 PST Tue" status="UNANN" ID="916301">
                <layer rank="1" name="BNC">
                    <label end="2" start="0" name="PNP"/>
                    <label end="6" start="4" name="VBD"/>
                    <label end="17" start="8" name="VVN"/>
                    <label end="20" start="19" name="PRP"/>
                    <label end="24" start="22" name="DPS"/>
                    <label end="33" start="26" name="AJ0"/>
                    <label end="44" start="35" name="NN1"/>
                    <label end="49" start="46" name="CJT"/>
                    <label end="52" start="51" name="PNP"/>
                    <label end="58" start="54" name="VM0"/>
                    <label end="65" start="60" name="AV0"/>
                    <label end="72" start="67" name="VVI"/>
                    <label end="80" start="74" name="NN2"/>
                    <label end="82" start="82" name="PUN"/>
                    <label end="93" start="84" name="VVD"/>
                    <label end="99" start="95" name="AV0"/>
                    <label end="104" start="101" name="AV0"/>
                    <label end="107" start="106" name="PRP"/>
                    <label end="111" start="109" name="DPS"/>
                    <label end="115" start="113" name="DT0"/>
                    <label end="122" start="117" name="NN1"/>
                    <label end="125" start="124" name="TO0"/>
                    <label end="132" start="127" name="AV0"/>
                    <label end="137" start="134" name="VVI"/>
                    <label end="140" start="139" name="AVP"/>
                    <label end="144" start="142" name="CJC"/>
                    <label end="149" start="146" name="VVB"/>
                    <label end="153" start="151" name="PNP"/>
                    <label end="157" start="155" name="AT0"/>
                    <label end="163" start="159" name="NN1"/>
                    <label end="165" start="165" name="PUN"/>
                </layer>
                <layer rank="1" name="NER"/>
                <layer rank="1" name="WSL"/>
            </annotationSet>
            <annotationSet cDate="01/07/2003 12:08:46 PST Tue" status="MANUAL" ID="916302">
                <layer rank="1" name="FE">
                    <label cBy="BoC" feID="198" end="2" start="0" name="Experiencer"/>
                    <label cBy="BoC" feID="199" end="80" start="19" name="Stimulus"/>
                </layer>
                <layer rank="1" name="GF">
                    <label end="2" start="0" name="Ext"/>
                    <label end="80" start="19" name="Dep"/>
                </layer>
                <layer rank="1" name="PT">
                    <label end="2" start="0" name="NP"/>
                    <label end="80" start="19" name="PP"/>
                </layer>
                <layer rank="1" name="Sent">
                    <label end="0" start="0" name="sense1"/>
                </layer>
                <layer rank="1" name="Other"/>
                <layer rank="1" name="Target">
                    <label cBy="BoC" end="17" start="8" name="Target"/>
                </layer>
                <layer rank="1" name="Verb"/>
            </annotationSet>
        </sentence>
        <sentence sentNo="0" aPos="103734808" ID="727232">
            <text>The Chief Constable , Sir Hugh Annesley , is particularly infuriated by the charge of bias . </text>
            <annotationSet cDate="01/07/2003 12:08:47 PST Tue" status="UNANN" ID="916305">
                <layer rank="1" name="BNC">
                    <label end="2" start="0" name="AT0"/>
                    <label end="8" start="4" name="AJ0"/>
                    <label end="18" start="10" name="NN1"/>
                    <label end="20" start="20" name="PUN"/>
                    <label end="24" start="22" name="NP0"/>
                    <label end="29" start="26" name="NP0"/>
                    <label end="38" start="31" name="NP0"/>
                    <label end="40" start="40" name="PUN"/>
                    <label end="43" start="42" name="VBZ"/>
                    <label end="56" start="45" name="AV0"/>
                    <label end="67" start="58" name="VVN"/>
                    <label end="70" start="69" name="PRP"/>
                    <label end="74" start="72" name="AT0"/>
                    <label end="81" start="76" name="NN1"/>
                    <label end="84" start="83" name="PRF"/>
                    <label end="89" start="86" name="NN1"/>
                    <label end="91" start="91" name="PUN"/>
                </layer>
                <layer rank="1" name="NER"/>
                <layer rank="1" name="WSL"/>
            </annotationSet>
            <annotationSet cDate="01/07/2003 12:08:47 PST Tue" status="MANUAL" ID="916306">
                <layer rank="1" name="FE">
                    <label cBy="BoC" feID="198" end="40" start="0" name="Experiencer"/>
                    <label cBy="BoC" feID="2066" end="56" start="45" name="Degree"/>
                    <label cBy="BoC" feID="199" end="89" start="69" name="Stimulus"/>
                </layer>
                <layer rank="1" name="GF">
                    <label end="40" start="0" name="Ext"/>
                    <label end="56" start="45" name="Dep"/>
                    <label end="89" start="69" name="Dep"/>
                </layer>
                <layer rank="1" name="PT">
                    <label end="40" start="0" name="NP"/>
                    <label end="56" start="45" name="AVP"/>
                    <label end="89" start="69" name="PP"/>
                </layer>
                <layer rank="1" name="Sent">
                    <label end="0" start="0" name="sense1"/>
                </layer>
                <layer rank="1" name="Other"/>
                <layer rank="1" name="Target">
                    <label cBy="BoC" end="67" start="58" name="Target"/>
                </layer>
                <layer rank="1" name="Verb"/>
            </annotationSet>
        </sentence>
    </subCorpus>
    <subCorpus name="V-680-pass">
        <sentence sentNo="0" aPos="73887154" ID="727238">
            <text>Polly was both infuriated and unnerved . </text>
            <annotationSet cDate="01/07/2003 12:08:47 PST Tue" status="UNANN" ID="916317">
                <layer rank="1" name="BNC">
                    <label end="4" start="0" name="NP0"/>
                    <label end="8" start="6" name="VBD"/>
                    <label end="13" start="10" name="AV0"/>
                    <label end="24" start="15" name="VVN"/>
                    <label end="28" start="26" name="CJC"/>
                    <label end="37" start="30" name="VVN"/>
                    <label end="39" start="39" name="PUN"/>
                </layer>
                <layer rank="1" name="NER"/>
                <layer rank="1" name="WSL"/>
            </annotationSet>
            <annotationSet cDate="01/07/2003 12:08:47 PST Tue" status="MANUAL" ID="916318">
                <layer rank="1" name="FE">
                    <label cBy="BoC" feID="198" end="4" start="0" name="Experiencer"/>
                    <label cBy="BoC" feID="199" itype="CNI" name="Stimulus"/>
                </layer>
                <layer rank="1" name="GF">
                    <label end="4" start="0" name="Ext"/>
                </layer>
                <layer rank="1" name="PT">
                    <label end="4" start="0" name="NP"/>
                </layer>
                <layer rank="1" name="Sent">
                    <label end="0" start="0" name="sense1"/>
                </layer>
                <layer rank="1" name="Other"/>
                <layer rank="1" name="Target">
                    <label cBy="BoC" end="24" start="15" name="Target"/>
                </layer>
                <layer rank="1" name="Verb"/>
            </annotationSet>
        </sentence>
    </subCorpus>
    <subCorpus name="V-690-trans-other">
        <sentence sentNo="0" aPos="79094700" ID="727243">
            <text>They went inside and Marie 's knowing looks seemed to infuriate Alain even more . </text>
            <annotationSet cDate="01/07/2003 12:08:48 PST Tue" status="UNANN" ID="916327">
                <layer rank="1" name="BNC">
                    <label end="3" start="0" name="PNP"/>
                    <label end="8" start="5" name="VVD"/>
                    <label end="15" start="10" name="AV0"/>
                    <label end="19" start="17" name="CJC"/>
                    <label end="25" start="21" name="NP0"/>
                    <label end="28" start="27" name="POS"/>
                    <label end="36" start="30" name="AJ0"/>
                    <label end="42" start="38" name="NN2"/>
                    <label end="49" start="44" name="VVD-VVN"/>
                    <label end="52" start="51" name="TO0"/>
                    <label end="62" start="54" name="VVI"/>
                    <label end="68" start="64" name="NP0"/>
                    <label end="73" start="70" name="AV0"/>
                    <label end="78" start="75" name="AV0"/>
                    <label end="80" start="80" name="PUN"/>
                </layer>
                <layer rank="1" name="NER"/>
                <layer rank="1" name="WSL"/>
            </annotationSet>
            <annotationSet cDate="01/07/2003 12:08:48 PST Tue" status="MANUAL" ID="916328">
                <layer rank="1" name="FE">
                    <label cBy="BoC" feID="199" end="42" start="21" name="Stimulus"/>
                    <label cBy="BoC" feID="198" end="68" start="64" name="Experiencer"/>
                    <label cBy="BoC" feID="2066" end="78" start="70" name="Degree"/>
                </layer>
                <layer rank="1" name="GF">
                    <label end="42" start="21" name="Ext"/>
                    <label end="68" start="64" name="Obj"/>
                    <label end="78" start="70" name="Dep"/>
                </layer>
                <layer rank="1" name="PT">
                    <label end="42" start="21" name="NP"/>
                    <label end="68" start="64" name="NP"/>
                    <label end="78" start="70" name="AVP"/>
                </layer>
                <layer rank="1" name="Sent">
                    <label end="0" start="0" name="sense1"/>
                </layer>
                <layer rank="1" name="Other"/>
                <layer rank="1" name="Target">
                    <label cBy="BoC" end="62" start="54" name="Target"/>
                </layer>
                <layer rank="1" name="Verb"/>
            </annotationSet>
        </sentence>
        <sentence sentNo="0" aPos="27300920" ID="727246">
            <text>She infuriates Charles in December by dancing on stage with Wayne Sleep at the Royal Opera House . </text>
            <annotationSet cDate="01/07/2003 12:08:48 PST Tue" status="UNANN" ID="916333">
                <layer rank="1" name="BNC">
                    <label end="2" start="0" name="PNP"/>
                    <label end="13" start="4" name="VVZ"/>
                    <label end="21" start="15" name="NP0"/>
                    <label end="24" start="23" name="PRP"/>
                    <label end="33" start="26" name="NP0"/>
                    <label end="36" start="35" name="PRP"/>
                    <label end="44" start="38" name="NN1-VVG"/>
                    <label end="47" start="46" name="PRP"/>
                    <label end="53" start="49" name="NN1"/>
                    <label end="58" start="55" name="PRP"/>
                    <label end="64" start="60" name="NP0"/>
                    <label end="70" start="66" name="NN1-VVB"/>
                    <label end="73" start="72" name="PRP"/>
                    <label end="77" start="75" name="AT0"/>
                    <label end="83" start="79" name="AJ0"/>
                    <label end="89" start="85" name="NP0"/>
                    <label end="95" start="91" name="NP0"/>
                    <label end="97" start="97" name="PUN"/>
                </layer>
                <layer rank="1" name="NER"/>
                <layer rank="1" name="WSL"/>
            </annotationSet>
            <annotationSet cDate="01/07/2003 12:08:48 PST Tue" status="MANUAL" ID="916334">
                <layer rank="1" name="FE">
                    <label cBy="BoC" feID="199" end="2" start="0" name="Stimulus"/>
                    <label cBy="BoC" feID="198" end="21" start="15" name="Experiencer"/>
                    <label cBy="BoC" feID="2070" end="95" start="35" name="Means"/>
                </layer>
                <layer rank="1" name="GF">
                    <label end="2" start="0" name="Ext"/>
                    <label end="21" start="15" name="Obj"/>
                    <label end="95" start="35" name="Dep"/>
                </layer>
                <layer rank="1" name="PT">
                    <label end="2" start="0" name="NP"/>
                    <label end="21" start="15" name="NP"/>
                    <label end="95" start="35" name="PPing"/>
                </layer>
                <layer rank="1" name="Sent">
                    <label end="0" start="0" name="sense1"/>
                </layer>
                <layer rank="1" name="Other"/>
                <layer rank="1" name="Target">
                    <label cBy="BoC" end="13" start="4" name="Target"/>
                </layer>
                <layer rank="1" name="Verb"/>
            </annotationSet>
        </sentence>
        <sentence sentNo="0" aPos="101173415" ID="727248">
            <text>That he was speaking only the truth simply served to infuriate her all the more . </text>
            <annotationSet cDate="01/07/2003 12:08:49 PST Tue" status="UNANN" ID="916337">
                <layer rank="1" name="BNC">
                    <label end="3" start="0" name="CJT"/>
                    <label end="6" start="5" name="PNP"/>
                    <label end="10" start="8" name="VBD"/>
                    <label end="19" start="12" name="VVG"/>
                    <label end="24" start="21" name="AV0"/>
                    <label end="28" start="26" name="AT0"/>
                    <label end="34" start="30" name="NN1"/>
                    <label end="41" start="36" name="AV0"/>
                    <label end="48" start="43" name="VVD-VVN"/>
                    <label end="51" start="50" name="TO0"/>
                    <label end="61" start="53" name="VVI"/>
                    <label end="65" start="63" name="DPS"/>
                    <label end="69" start="67" name="DT0"/>
                    <label end="73" start="71" name="AT0"/>
                    <label end="78" start="75" name="AV0"/>
                    <label end="80" start="80" name="PUN"/>
                </layer>
                <layer rank="1" name="NER"/>
                <layer rank="1" name="WSL"/>
            </annotationSet>
            <annotationSet cDate="01/07/2003 12:08:49 PST Tue" status="MANUAL" ID="916338">
                <layer rank="1" name="FE">
                    <label cBy="BoC" feID="199" end="34" start="0" name="Stimulus"/>
                    <label cBy="BoC" feID="198" end="65" start="63" name="Experiencer"/>
                    <label cBy="BoC" feID="2066" end="78" start="67" name="Degree"/>
                </layer>
                <layer rank="1" name="GF">
                    <label end="34" start="0" name="Ext"/>
                    <label end="65" start="63" name="Obj"/>
                    <label end="78" start="67" name="Dep"/>
                </layer>
                <layer rank="1" name="PT">
                    <label end="34" start="0" name="Sfin"/>
                    <label end="65" start="63" name="NP"/>
                    <label end="78" start="67" name="AVP"/>
                </layer>
                <layer rank="1" name="Sent">
                    <label end="0" start="0" name="sense1"/>
                </layer>
                <layer rank="1" name="Other"/>
                <layer rank="1" name="Target">
                    <label cBy="BoC" end="61" start="53" name="Target"/>
                </layer>
                <layer rank="1" name="Verb"/>
            </annotationSet>
        </sentence>
        <sentence sentNo="0" aPos="2912921" ID="727250">
            <text>When he played tennis with his sister , he would infuriate her by wandering off the court to contemplate . </text>
            <annotationSet cDate="01/07/2003 12:08:49 PST Tue" status="UNANN" ID="916341">
                <layer rank="1" name="BNC">
                    <label end="3" start="0" name="AVQ-CJS"/>
                    <label end="6" start="5" name="PNP"/>
                    <label end="13" start="8" name="VVD"/>
                    <label end="20" start="15" name="NN1"/>
                    <label end="25" start="22" name="PRP"/>
                    <label end="29" start="27" name="DPS"/>
                    <label end="36" start="31" name="NN1"/>
                    <label end="38" start="38" name="PUN"/>
                    <label end="41" start="40" name="PNP"/>
                    <label end="47" start="43" name="VM0"/>
                    <label end="57" start="49" name="VVI"/>
                    <label end="61" start="59" name="PNP"/>
                    <label end="64" start="63" name="PRP"/>
                    <label end="74" start="66" name="VVG"/>
                    <label end="78" start="76" name="AVP-PRP"/>
                    <label end="82" start="80" name="AT0"/>
                    <label end="88" start="84" name="NN1"/>
                    <label end="91" start="90" name="TO0"/>
                    <label end="103" start="93" name="VVI"/>
                    <label end="105" start="105" name="PUN"/>
                </layer>
                <layer rank="1" name="NER"/>
                <layer rank="1" name="WSL"/>
            </annotationSet>
            <annotationSet cDate="01/07/2003 12:08:49 PST Tue" status="MANUAL" ID="916342">
                <layer rank="1" name="FE">
                    <label cBy="BoC" feID="199" end="41" start="40" name="Stimulus"/>
                    <label cBy="BoC" feID="198" end="61" start="59" name="Experiencer"/>
                    <label cBy="BoC" feID="2070" end="103" start="63" name="Means"/>
                </layer>
                <layer rank="1" name="GF">
                    <label end="41" start="40" name="Ext"/>
                    <label end="61" start="59" name="Obj"/>
                    <label end="103" start="63" name="Dep"/>
                </layer>
                <layer rank="1" name="PT">
                    <label end="41" start="40" name="NP"/>
                    <label end="61" start="59" name="NP"/>
                    <label end="103" start="63" name="PPing"/>
                </layer>
                <layer rank="1" name="Sent">
                    <label end="0" start="0" name="sense1"/>
                </layer>
                <layer rank="1" name="Other"/>
                <layer rank="1" name="Target">
                    <label cBy="BoC" end="57" start="49" name="Target"/>
                </layer>
                <layer rank="1" name="Verb"/>
            </annotationSet>
        </sentence>
        <sentence sentNo="0" aPos="62766937" ID="727254">
            <text>I thought the dead whiteness of the dress made me more of a corpse than a bride but had n't enough energy to infuriate my mother by telling her so . </text>
            <annotationSet cDate="01/07/2003 12:08:49 PST Tue" status="UNANN" ID="916349">
                <layer rank="1" name="BNC">
                    <label end="0" start="0" name="PNP"/>
                    <label end="8" start="2" name="VVD"/>
                    <label end="12" start="10" name="AT0"/>
                    <label end="17" start="14" name="AJ0"/>
                    <label end="27" start="19" name="NN1"/>
                    <label end="30" start="29" name="PRF"/>
                    <label end="34" start="32" name="AT0"/>
                    <label end="40" start="36" name="NN1"/>
                    <label end="45" start="42" name="VVD-VVN"/>
                    <label end="48" start="47" name="PNP"/>
                    <label end="53" start="50" name="DT0"/>
                    <label end="56" start="55" name="PRF"/>
                    <label end="58" start="58" name="AT0"/>
                    <label end="65" start="60" name="NN1"/>
                    <label end="70" start="67" name="CJS"/>
                    <label end="72" start="72" name="AT0"/>
                    <label end="78" start="74" name="NN1"/>
                    <label end="82" start="80" name="CJC"/>
                    <label end="86" start="84" name="VHD"/>
                    <label end="90" start="88" name="XX0"/>
                    <label end="97" start="92" name="DT0"/>
                    <label end="104" start="99" name="NN1"/>
                    <label end="107" start="106" name="TO0"/>
                    <label end="117" start="109" name="VVI"/>
                    <label end="120" start="119" name="DPS"/>
                    <label end="127" start="122" name="NN1"/>
                    <label end="130" start="129" name="PRP"/>
                    <label end="138" start="132" name="VVG"/>
                    <label end="142" start="140" name="PNP"/>
                    <label end="145" start="144" name="AV0"/>
                    <label end="147" start="147" name="PUN"/>
                </layer>
                <layer rank="1" name="NER"/>
                <layer rank="1" name="WSL"/>
            </annotationSet>
            <annotationSet cDate="01/07/2003 12:08:49 PST Tue" status="MANUAL" ID="916350">
                <layer rank="1" name="FE">
                    <label cBy="BoC" feID="199" end="0" start="0" name="Stimulus"/>
                    <label cBy="BoC" feID="198" end="127" start="119" name="Experiencer"/>
                    <label cBy="BoC" feID="2070" end="145" start="129" name="Means"/>
                </layer>
                <layer rank="1" name="GF">
                    <label end="0" start="0" name="Ext"/>
                    <label end="127" start="119" name="Obj"/>
                    <label end="145" start="129" name="Dep"/>
                </layer>
                <layer rank="1" name="PT">
                    <label end="0" start="0" name="NP"/>
                    <label end="127" start="119" name="NP"/>
                    <label end="145" start="129" name="PPing"/>
                </layer>
                <layer rank="1" name="Sent">
                    <label end="0" start="0" name="sense1"/>
                </layer>
                <layer rank="1" name="Other"/>
                <layer rank="1" name="Target">
                    <label cBy="BoC" end="117" start="109" name="Target"/>
                </layer>
                <layer rank="1" name="Verb"/>
            </annotationSet>
        </sentence>
        <sentence sentNo="0" aPos="7827156" ID="727259">
            <text>Had Craig banned the march , he would have infuriated the civil rights people . </text>
            <annotationSet cDate="01/07/2003 12:08:50 PST Tue" status="UNANN" ID="916359">
                <layer rank="1" name="BNC">
                    <label end="2" start="0" name="VHD"/>
                    <label end="8" start="4" name="NP0"/>
                    <label end="15" start="10" name="VVN"/>
                    <label end="19" start="17" name="AT0"/>
                    <label end="25" start="21" name="NN1"/>
                    <label end="27" start="27" name="PUN"/>
                    <label end="30" start="29" name="PNP"/>
                    <label end="36" start="32" name="VM0"/>
                    <label end="41" start="38" name="VHI"/>
                    <label end="52" start="43" name="VVD-VVN"/>
                    <label end="56" start="54" name="AT0"/>
                    <label end="62" start="58" name="AJ0"/>
                    <label end="69" start="64" name="NN2"/>
                    <label end="76" start="71" name="NN0"/>
                    <label end="78" start="78" name="PUN"/>
                </layer>
                <layer rank="1" name="NER"/>
                <layer rank="1" name="WSL"/>
            </annotationSet>
            <annotationSet cDate="01/07/2003 12:08:50 PST Tue" status="MANUAL" ID="916360">
                <layer rank="1" name="FE">
                    <label cBy="BoC" feID="199" end="30" start="29" name="Stimulus"/>
                    <label cBy="BoC" feID="198" end="76" start="54" name="Experiencer"/>
                </layer>
                <layer rank="1" name="GF">
                    <label end="30" start="29" name="Ext"/>
                    <label end="76" start="54" name="Obj"/>
                </layer>
                <layer rank="1" name="PT">
                    <label end="30" start="29" name="NP"/>
                    <label end="76" start="54" name="NP"/>
                </layer>
                <layer rank="1" name="Sent">
                    <label end="0" start="0" name="sense1"/>
                </layer>
                <layer rank="1" name="Other"/>
                <layer rank="1" name="Target">
                    <label cBy="BoC" end="52" start="43" name="Target"/>
                </layer>
                <layer rank="1" name="Verb"/>
            </annotationSet>
        </sentence>
    </subCorpus>
    <subCorpus name="V-890-intrans-adverb"/>
    <subCorpus name="V-900-other">
        <sentence sentNo="0" aPos="96158744" ID="727281">
            <text>The BBC may sometimes infuriate , anger , concern or annoy . </text>
            <annotationSet cDate="01/07/2003 12:08:53 PST Tue" status="UNANN" ID="916403">
                <layer rank="1" name="BNC">
                    <label end="2" start="0" name="AT0"/>
                    <label end="6" start="4" name="NP0"/>
                    <label end="10" start="8" name="VM0"/>
                    <label end="20" start="12" name="AV0"/>
                    <label end="30" start="22" name="VVI"/>
                    <label end="32" start="32" name="PUN"/>
                    <label end="38" start="34" name="NN1-VVB"/>
                    <label end="40" start="40" name="PUN"/>
                    <label end="48" start="42" name="NN1"/>
                    <label end="51" start="50" name="CJC"/>
                    <label end="57" start="53" name="VVB"/>
                    <label end="59" start="59" name="PUN"/>
                </layer>
                <layer rank="1" name="NER"/>
                <layer rank="1" name="WSL"/>
            </annotationSet>
            <annotationSet cDate="01/07/2003 12:08:53 PST Tue" status="MANUAL" ID="916404">
                <layer rank="1" name="FE">
                    <label cBy="BoC" feID="199" end="6" start="0" name="Stimulus"/>
                    <label cBy="BoC" feID="198" itype="INI" name="Experiencer"/>
                </layer>
                <layer rank="1" name="GF">
                    <label end="6" start="0" name="Ext"/>
                </layer>
                <layer rank="1" name="PT">
                    <label end="6" start="0" name="NP"/>
                </layer>
                <layer rank="1" name="Sent">
                    <label end="0" start="0" name="sense1"/>
                </layer>
                <layer rank="1" name="Other"/>
                <layer rank="1" name="Target">
                    <label cBy="BoC" end="30" start="22" name="Target"/>
                </layer>
                <layer rank="1" name="Verb"/>
            </annotationSet>
        </sentence>
    </subCorpus>
</lexUnit>