<?xml version="1.0" encoding="UTF-8" standalone="yes"?>
<?xml-stylesheet type="text/xsl" href="lexUnit.xsl"?>
<lexUnit status="Created" POS="V" name="call.v" ID="8312" frame="Deserving" frameID="541" totalAnnotated="1" xsi:schemaLocation="../schema/lexUnit.xsd" xmlns="http://framenet.icsi.berkeley.edu" xmlns:xsi="http://www.w3.org/2001/XMLSchema-instance">
    <header>
        <corpus description="American National Corpus Texts" name="ANC" ID="195">
            <document description="Berlitz Where to Go in Hong Kong" name="WhereToHongKong" ID="23771"/>
        </corpus>
        <frame>
            <FE fgColor="FFFFFF" bgColor="006400" type="Core" abbrev="" name="Action"/>
            <FE fgColor="000000" bgColor="FFA500" type="Extra-Thematic" abbrev="" name="Circumstances"/>
            <FE fgColor="FFFFFF" bgColor="FF69B4" type="Peripheral" abbrev="" name="Degree"/>
            <FE fgColor="FFFFFF" bgColor="1E90FF" type="Peripheral" abbrev="" name="Domain"/>
            <FE fgColor="FFFFFF" bgColor="0000FF" type="Core" abbrev="" name="State_of_affairs"/>
        </frame>
    </header>
    <definition>COD: require; demand</definition>
    <lexeme POS="V" name="call"/>
    <valences>
        <FERealization total="1">
            <FE name="Action"/>
            <pattern total="1">
                <valenceUnit GF="Dep" PT="PP[for]" FE="Action"/>
                <annoSet ID="6555413"/>
            </pattern>
        </FERealization>
        <FERealization total="1">
            <FE name="State_of_affairs"/>
            <pattern total="1">
                <valenceUnit GF="Ext" PT="NP" FE="State_of_affairs"/>
                <annoSet ID="6555413"/>
            </pattern>
        </FERealization>
        <FEGroupRealization total="1">
            <FE name="Action"/>
            <FE name="State_of_affairs"/>
            <pattern total="1">
                <valenceUnit GF="Dep" PT="PP[for]" FE="Action"/>
                <valenceUnit GF="Ext" PT="NP" FE="State_of_affairs"/>
                <annoSet ID="6555413"/>
            </pattern>
        </FEGroupRealization>
    </valences>
    <subCorpus name="manually-added">
        <sentence corpID="195" docID="23771" sentNo="1" paragNo="2" aPos="0" ID="4105809">
            <text>The crowded Kowloon peninsula and the booming New Territories on the mainland call for some serious sightseeing ; but we begin across Victoria Harbor on Hong Kong Island , where the city was first founded and which remains the center of government , business , and commerce .</text>
            <annotationSet cDate="07/25/2008 01:18:00 PDT Fri" status="UNANN" ID="6554899">
                <layer rank="1" name="PENN">
                    <label end="2" start="0" name="dt"/>
                    <label end="10" start="4" name="jj"/>
                    <label end="18" start="12" name="NP"/>
                    <label end="28" start="20" name="nn"/>
                    <label end="32" start="30" name="cc"/>
                    <label end="36" start="34" name="dt"/>
                    <label end="44" start="38" name="jj"/>
                    <label end="48" start="46" name="NP"/>
                    <label end="60" start="50" name="NP"/>
                    <label end="63" start="62" name="in"/>
                    <label end="67" start="65" name="dt"/>
                    <label end="76" start="69" name="jj"/>
                    <label end="81" start="78" name="nn"/>
                    <label end="85" start="83" name="in"/>
                    <label end="90" start="87" name="dt"/>
                    <label end="98" start="92" name="jj"/>
                    <label end="110" start="100" name="nn"/>
                    <label end="112" start="112" name=":"/>
                    <label end="116" start="114" name="cc"/>
                    <label end="119" start="118" name="PP"/>
                    <label end="125" start="121" name="VVP"/>
                    <label end="132" start="127" name="in"/>
                    <label end="141" start="134" name="NP"/>
                    <label end="148" start="143" name="NP"/>
                    <label end="151" start="150" name="in"/>
                    <label end="156" start="153" name="NP"/>
                    <label end="161" start="158" name="NP"/>
                    <label end="168" start="163" name="NP"/>
                    <label end="170" start="170" name=","/>
                    <label end="176" start="172" name="wrb"/>
                    <label end="180" start="178" name="dt"/>
                    <label end="185" start="182" name="nn"/>
                    <label end="189" start="187" name="VBD"/>
                    <label end="195" start="191" name="rb"/>
                    <label end="203" start="197" name="VVN"/>
                    <label end="207" start="205" name="cc"/>
                    <label end="213" start="209" name="wdt"/>
                    <label end="221" start="215" name="VVZ"/>
                    <label end="225" start="223" name="dt"/>
                    <label end="232" start="227" name="nn"/>
                    <label end="235" start="234" name="in"/>
                    <label end="246" start="237" name="nn"/>
                    <label end="248" start="248" name=","/>
                    <label end="257" start="250" name="nn"/>
                    <label end="259" start="259" name=","/>
                    <label end="263" start="261" name="cc"/>
                    <label end="272" start="265" name="nn"/>
                    <label end="274" start="274" name="sent"/>
                </layer>
                <layer rank="1" name="NER">
                    <label end="18" start="12" name="location"/>
                    <label end="60" start="46" name="location"/>
                    <label end="148" start="134" name="location"/>
                    <label end="168" start="153" name="location"/>
                </layer>
                <layer rank="1" name="WSL">
                    <label end="2" start="0" name="NT"/>
                    <label end="18" start="12" name="NT"/>
                    <label end="32" start="30" name="NT"/>
                    <label end="36" start="34" name="NT"/>
                    <label end="48" start="46" name="NT"/>
                    <label end="60" start="50" name="NT"/>
                    <label end="67" start="65" name="NT"/>
                    <label end="85" start="83" name="NT"/>
                    <label end="112" start="112" name="NT"/>
                    <label end="116" start="114" name="NT"/>
                    <label end="119" start="118" name="NT"/>
                    <label end="132" start="127" name="NT"/>
                    <label end="151" start="150" name="NT"/>
                    <label end="156" start="153" name="NT"/>
                    <label end="161" start="158" name="NT"/>
                    <label end="168" start="163" name="NT"/>
                    <label end="170" start="170" name="NT"/>
                    <label end="176" start="172" name="NT"/>
                    <label end="180" start="178" name="NT"/>
                    <label end="189" start="187" name="NT"/>
                    <label end="207" start="205" name="NT"/>
                    <label end="213" start="209" name="NT"/>
                    <label end="225" start="223" name="NT"/>
                    <label end="235" start="234" name="NT"/>
                    <label end="248" start="248" name="NT"/>
                    <label end="259" start="259" name="NT"/>
                    <label end="263" start="261" name="NT"/>
                    <label end="274" start="274" name="NT"/>
                    <label end="141" start="134" name="NT"/>
                </layer>
            </annotationSet>
            <annotationSet cDate="07/25/2008 01:25:57 PDT Fri" status="MANUAL" ID="6555413">
                <layer rank="1" name="Target">
                    <label cBy="JKs" end="81" start="78" name="Target"/>
                </layer>
                <layer rank="1" name="FE">
                    <label cBy="JKs" feID="4150" end="76" start="0" name="State_of_affairs"/>
                    <label cBy="JKs" feID="4151" end="110" start="83" name="Action"/>
                </layer>
                <layer rank="1" name="GF">
                    <label end="76" start="0" name="Ext"/>
                    <label end="110" start="83" name="Dep"/>
                </layer>
                <layer rank="1" name="PT">
                    <label end="76" start="0" name="NP"/>
                    <label end="110" start="83" name="PP"/>
                </layer>
                <layer rank="1" name="Other"/>
                <layer rank="1" name="Sent"/>
                <layer rank="1" name="Verb"/>
            </annotationSet>
        </sentence>
    </subCorpus>
</lexUnit>