<?xml version="1.0" encoding="UTF-8" standalone="yes"?>
<?xml-stylesheet type="text/xsl" href="lexUnit.xsl"?>
<lexUnit status="Created" POS="A" name="not guilty.a" ID="8317" frame="Verdict" frameID="318" totalAnnotated="0" xsi:schemaLocation="../schema/lexUnit.xsd" xmlns="http://framenet.icsi.berkeley.edu" xmlns:xsi="http://www.w3.org/2001/XMLSchema-instance">
    <header>
        <frame>
            <FE fgColor="FFFFFF" bgColor="1E90FF" type="Core" abbrev="Cse" name="Case"/>
            <FE fgColor="FFFFFF" bgColor="A52A2A" type="Core" abbrev="Chrg" name="Charges"/>
            <FE fgColor="FFFFFF" bgColor="9400D3" type="Extra-Thematic" abbrev="cir" name="Circumstances"/>
            <FE fgColor="FFFFFF" bgColor="0000FF" type="Core" abbrev="Defend" name="Defendant"/>
            <FE fgColor="FFFFFF" bgColor="90876C" type="Extra-Thematic" abbrev="exp" name="Explanation"/>
            <FE fgColor="FFFFFF" bgColor="9F79EE" type="Core" abbrev="Vdct" name="Finding"/>
            <FE fgColor="FFFFFF" bgColor="FF0000" type="Core" abbrev="Judge" name="Judge"/>
            <FE fgColor="FFFFFF" bgColor="00BFFF" type="Peripheral" abbrev="LBasis" name="Legal_basis"/>
            <FE fgColor="FFFFFF" bgColor="FF00FF" type="Peripheral" abbrev="Mnr" name="Manner"/>
            <FE fgColor="FFFFFF" bgColor="FF69B4" type="Peripheral" abbrev="Means" name="Means"/>
            <FE fgColor="FFFFFF" bgColor="008000" type="Peripheral" abbrev="Place" name="Place"/>
            <FE fgColor="FFFFFF" bgColor="800080" type="Peripheral" abbrev="Purp" name="Purpose"/>
            <FE fgColor="FFFFFF" bgColor="FFA500" type="Peripheral" abbrev="Time" name="Time"/>
        </frame>
    </header>
    <definition>FN: not culpable of a specified wrongdoing.</definition>
    <lexeme order="1" headword="false" breakBefore="false" POS="ADV" name="not"/>
    <lexeme order="2" headword="true" breakBefore="false" POS="A" name="guilty"/>
    <valences/>
</lexUnit>