<?xml version="1.0" encoding="UTF-8" standalone="yes"?>
<?xml-stylesheet type="text/xsl" href="lexUnit.xsl"?>
<lexUnit status="Created" POS="N" name="papers.n" ID="8331" frame="Documents" frameID="560" totalAnnotated="1" xsi:schemaLocation="../schema/lexUnit.xsd" xmlns="http://framenet.icsi.berkeley.edu" xmlns:xsi="http://www.w3.org/2001/XMLSchema-instance">
    <header>
        <corpus description="MASC" name="MASC" ID="150">
            <document description="Examples of the lemma paper from the MASC project for FN annotation" name="paper" ID="24115"/>
        </corpus>
        <frame>
            <FE fgColor="FFFFFF" bgColor="FF69B4" type="Core" abbrev="Bea" name="Bearer"/>
            <FE fgColor="000000" bgColor="7FFF00" type="Extra-Thematic" abbrev="" name="Descriptor"/>
            <FE fgColor="FFFFFF" bgColor="FF0000" type="Core" abbrev="Do" name="Document"/>
            <FE fgColor="FFFFFF" bgColor="0000FF" type="Core" abbrev="Iss" name="Issuer"/>
            <FE fgColor="FFFFFF" bgColor="00BFFF" type="Peripheral" abbrev="" name="Medium"/>
            <FE fgColor="FFFFFF" bgColor="2E8B57" type="Core" abbrev="Obl" name="Obligation"/>
            <FE fgColor="FFFFFF" bgColor="800080" type="Core" abbrev="Rig" name="Right"/>
            <FE fgColor="FFFFFF" bgColor="808080" type="Extra-Thematic" abbrev="Spec" name="Specification"/>
            <FE fgColor="FFFFFF" bgColor="FFA500" type="Core" abbrev="Sta" name="Status"/>
        </frame>
    </header>
    <definition>COD: sheets of paper covered with writing or printing; documents. </definition>
    <lexeme POS="N" name="papers"/>
    <valences>
        <FERealization total="1">
            <FE name="Bearer"/>
            <pattern total="1">
                <valenceUnit GF="Ext" PT="NP" FE="Bearer"/>
                <annoSet ID="6578638"/>
            </pattern>
        </FERealization>
        <FERealization total="1">
            <FE name="Document"/>
            <pattern total="1">
                <valenceUnit GF="" PT="DEN" FE="Document"/>
                <annoSet ID="6578638"/>
            </pattern>
        </FERealization>
        <FERealization total="1">
            <FE name="Issuer"/>
            <pattern total="1">
                <valenceUnit GF="" PT="INI" FE="Issuer"/>
                <annoSet ID="6578638"/>
            </pattern>
        </FERealization>
        <FEGroupRealization total="1">
            <FE name="Bearer"/>
            <FE name="Document"/>
            <FE name="Issuer"/>
            <pattern total="1">
                <valenceUnit GF="Ext" PT="NP" FE="Bearer"/>
                <valenceUnit GF="" PT="DEN" FE="Document"/>
                <valenceUnit GF="" PT="INI" FE="Issuer"/>
                <annoSet ID="6578638"/>
            </pattern>
        </FEGroupRealization>
    </valences>
    <subCorpus name="manually-added">
        <sentence corpID="150" docID="24115" sentNo="5" paragNo="2" aPos="0" ID="4113929">
            <text>I have presented the papers I handed to them and they are very much Pleased with the paper 's I presented but the only thing that is still Keeping me here is the airport delivery Tag which is not placed on the Boxes , one of the Airport Authority has advise that we get the Delivery tag so that I can exit the airport immediately and make my Delivery successful .</text>
            <annotationSet cDate="07/13/2011 02:47:07 PDT Wed" status="UNANN" ID="6574953">
                <layer rank="1" name="PENN">
                    <label end="0" start="0" name="PP"/>
                    <label end="5" start="2" name="VHP"/>
                    <label end="15" start="7" name="VVN"/>
                    <label end="19" start="17" name="dt"/>
                    <label end="26" start="21" name="nns"/>
                    <label end="28" start="28" name="PP"/>
                    <label end="35" start="30" name="VVD"/>
                    <label end="38" start="37" name="to"/>
                    <label end="43" start="40" name="PP"/>
                    <label end="47" start="45" name="cc"/>
                    <label end="52" start="49" name="PP"/>
                    <label end="56" start="54" name="vbp"/>
                    <label end="61" start="58" name="rb"/>
                    <label end="66" start="63" name="rb"/>
                    <label end="74" start="68" name="jj"/>
                    <label end="79" start="76" name="in"/>
                    <label end="83" start="81" name="dt"/>
                    <label end="89" start="85" name="nn"/>
                    <label end="92" start="91" name="VBZ"/>
                    <label end="94" start="94" name="PP"/>
                    <label end="104" start="96" name="VVD"/>
                    <label end="108" start="106" name="cc"/>
                    <label end="112" start="110" name="dt"/>
                    <label end="117" start="114" name="jj"/>
                    <label end="123" start="119" name="nn"/>
                    <label end="128" start="125" name="wdt"/>
                    <label end="131" start="130" name="VBZ"/>
                    <label end="137" start="133" name="rb"/>
                    <label end="145" start="139" name="VVG"/>
                    <label end="148" start="147" name="PP"/>
                    <label end="153" start="150" name="rb"/>
                    <label end="156" start="155" name="VBZ"/>
                    <label end="160" start="158" name="dt"/>
                    <label end="168" start="162" name="nn"/>
                    <label end="177" start="170" name="nn"/>
                    <label end="181" start="179" name="nn"/>
                    <label end="187" start="183" name="wdt"/>
                    <label end="190" start="189" name="VBZ"/>
                    <label end="194" start="192" name="rb"/>
                    <label end="201" start="196" name="VVN"/>
                    <label end="204" start="203" name="in"/>
                    <label end="208" start="206" name="dt"/>
                    <label end="214" start="210" name="NPS"/>
                    <label end="216" start="216" name=","/>
                    <label end="220" start="218" name="cd"/>
                    <label end="223" start="222" name="in"/>
                    <label end="227" start="225" name="dt"/>
                    <label end="235" start="229" name="NP"/>
                    <label end="245" start="237" name="NP"/>
                    <label end="249" start="247" name="VHZ"/>
                    <label end="256" start="251" name="VV"/>
                    <label end="261" start="258" name="IN/that"/>
                    <label end="264" start="263" name="PP"/>
                    <label end="268" start="266" name="VVP"/>
                    <label end="272" start="270" name="dt"/>
                    <label end="281" start="274" name="nn"/>
                    <label end="285" start="283" name="nn"/>
                    <label end="288" start="287" name="rb"/>
                    <label end="293" start="290" name="IN/that"/>
                    <label end="295" start="295" name="PP"/>
                    <label end="299" start="297" name="md"/>
                    <label end="304" start="301" name="VV"/>
                    <label end="308" start="306" name="dt"/>
                    <label end="316" start="310" name="nn"/>
                    <label end="328" start="318" name="rb"/>
                    <label end="332" start="330" name="cc"/>
                    <label end="337" start="334" name="VV"/>
                    <label end="340" start="339" name="PP$"/>
                    <label end="349" start="342" name="nn"/>
                    <label end="360" start="351" name="jj"/>
                    <label end="362" start="362" name="sent"/>
                </layer>
                <layer rank="1" name="NER">
                    <label end="214" start="210" name="organization"/>
                    <label end="245" start="229" name="organization"/>
                </layer>
                <layer rank="1" name="WSL">
                    <label end="0" start="0" name="NT"/>
                    <label end="5" start="2" name="NT"/>
                    <label end="19" start="17" name="NT"/>
                    <label end="28" start="28" name="NT"/>
                    <label end="38" start="37" name="NT"/>
                    <label end="43" start="40" name="NT"/>
                    <label end="47" start="45" name="NT"/>
                    <label end="52" start="49" name="NT"/>
                    <label end="56" start="54" name="NT"/>
                    <label end="61" start="58" name="NT"/>
                    <label end="66" start="63" name="NT"/>
                    <label end="79" start="76" name="NT"/>
                    <label end="83" start="81" name="NT"/>
                    <label end="92" start="91" name="NT"/>
                    <label end="94" start="94" name="NT"/>
                    <label end="108" start="106" name="NT"/>
                    <label end="112" start="110" name="NT"/>
                    <label end="128" start="125" name="NT"/>
                    <label end="131" start="130" name="NT"/>
                    <label end="137" start="133" name="NT"/>
                    <label end="148" start="147" name="NT"/>
                    <label end="153" start="150" name="NT"/>
                    <label end="156" start="155" name="NT"/>
                    <label end="160" start="158" name="NT"/>
                    <label end="187" start="183" name="NT"/>
                    <label end="190" start="189" name="NT"/>
                    <label end="194" start="192" name="NT"/>
                    <label end="204" start="203" name="NT"/>
                    <label end="208" start="206" name="NT"/>
                    <label end="214" start="210" name="NT"/>
                    <label end="216" start="216" name="NT"/>
                    <label end="220" start="218" name="NT"/>
                    <label end="223" start="222" name="NT"/>
                    <label end="227" start="225" name="NT"/>
                    <label end="235" start="229" name="NT"/>
                    <label end="245" start="237" name="NT"/>
                    <label end="264" start="263" name="NT"/>
                    <label end="272" start="270" name="NT"/>
                    <label end="288" start="287" name="NT"/>
                    <label end="295" start="295" name="NT"/>
                    <label end="299" start="297" name="NT"/>
                    <label end="308" start="306" name="NT"/>
                    <label end="328" start="318" name="NT"/>
                    <label end="332" start="330" name="NT"/>
                    <label end="340" start="339" name="NT"/>
                    <label end="362" start="362" name="NT"/>
                </layer>
            </annotationSet>
            <annotationSet cDate="07/27/2011 03:50:12 PDT Wed" status="MANUAL" ID="6578638">
                <layer rank="1" name="Target">
                    <label cBy="CVa" end="26" start="21" name="Target"/>
                </layer>
                <layer rank="1" name="FE">
                    <label cBy="CVa" feID="4192" end="26" start="21" name="Document"/>
                    <label cBy="CVa" feID="4187" itype="INI" name="Issuer"/>
                    <label cBy="CVa" feID="4181" end="28" start="28" name="Bearer"/>
                </layer>
                <layer rank="1" name="GF">
                    <label end="28" start="28" name="Ext"/>
                </layer>
                <layer rank="1" name="PT">
                    <label end="28" start="28" name="NP"/>
                </layer>
                <layer rank="1" name="Other"/>
                <layer rank="1" name="Sent"/>
                <layer rank="1" name="Noun"/>
            </annotationSet>
        </sentence>
    </subCorpus>
</lexUnit>