<?xml version="1.0" encoding="UTF-8" standalone="yes"?>
<?xml-stylesheet type="text/xsl" href="lexUnit.xsl"?>
<lexUnit status="Created" POS="N" name="authorization.n" ID="8381" frame="Documents" frameID="560" totalAnnotated="0" xsi:schemaLocation="../schema/lexUnit.xsd" xmlns="http://framenet.icsi.berkeley.edu" xmlns:xsi="http://www.w3.org/2001/XMLSchema-instance">
    <header>
        <frame>
            <FE fgColor="FFFFFF" bgColor="FF69B4" type="Core" abbrev="Bea" name="Bearer"/>
            <FE fgColor="000000" bgColor="7FFF00" type="Extra-Thematic" abbrev="" name="Descriptor"/>
            <FE fgColor="FFFFFF" bgColor="FF0000" type="Core" abbrev="Do" name="Document"/>
            <FE fgColor="FFFFFF" bgColor="0000FF" type="Core" abbrev="Iss" name="Issuer"/>
            <FE fgColor="FFFFFF" bgColor="00BFFF" type="Peripheral" abbrev="" name="Medium"/>
            <FE fgColor="FFFFFF" bgColor="2E8B57" type="Core" abbrev="Obl" name="Obligation"/>
            <FE fgColor="FFFFFF" bgColor="800080" type="Core" abbrev="Rig" name="Right"/>
            <FE fgColor="FFFFFF" bgColor="808080" type="Extra-Thematic" abbrev="Spec" name="Specification"/>
            <FE fgColor="FFFFFF" bgColor="FFA500" type="Core" abbrev="Sta" name="Status"/>
        </frame>
    </header>
    <definition>FN: a legal document that gives official permission for or approval to something</definition>
    <lexeme POS="N" name="authorization"/>
    <valences/>
</lexUnit>