<?xml version="1.0" encoding="UTF-8" standalone="yes"?>
<?xml-stylesheet type="text/xsl" href="lexUnit.xsl"?>
<lexUnit status="Created" POS="A" name="fond.a" ID="8354" frame="Experiencer_focus" frameID="48" totalAnnotated="0" xsi:schemaLocation="../schema/lexUnit.xsd" xmlns="http://framenet.icsi.berkeley.edu" xmlns:xsi="http://www.w3.org/2001/XMLSchema-instance">
    <header>
        <frame>
            <FE fgColor="FFFFFF" bgColor="2E8B57" type="Extra-Thematic" abbrev="cir" name="Circumstances"/>
            <FE fgColor="FFFFFF" bgColor="0000FF" type="Core" abbrev="Cont" name="Content"/>
            <FE fgColor="FFFFFF" bgColor="FF69B4" type="Peripheral" abbrev="Degr" name="Degree"/>
            <FE fgColor="FFFFFF" bgColor="00BFFF" type="Core" abbrev="Event" name="Event"/>
            <FE fgColor="FFFFFF" bgColor="800080" type="Core" abbrev="Exp" name="Experiencer"/>
            <FE fgColor="FFFFFF" bgColor="00008B" type="Extra-Thematic" abbrev="Exp" name="Explanation"/>
            <FE fgColor="FFFFFF" bgColor="006400" type="Core-Unexpressed" abbrev="Expr" name="Expressor"/>
            <FE fgColor="FFFFFF" bgColor="FF00FF" type="Peripheral" abbrev="Manr" name="Manner"/>
            <FE fgColor="FFFFFF" bgColor="A52A2A" type="Extra-Thematic" abbrev="Par" name="Parameter"/>
            <FE fgColor="FFFFFF" bgColor="FFA500" type="Core-Unexpressed" abbrev="State" name="State"/>
            <FE fgColor="FFFFFF" bgColor="9F79EE" type="Peripheral" abbrev="tim" name="Time"/>
            <FE fgColor="FFFFFF" bgColor="FF0000" type="Core" abbrev="Top" name="Topic"/>
        </frame>
    </header>
    <definition>COD:  having an affection or liking for.</definition>
    <lexeme POS="A" name="fond"/>
    <valences/>
</lexUnit>