<?xml version="1.0" encoding="UTF-8" standalone="yes"?>
<?xml-stylesheet type="text/xsl" href="lexUnit.xsl"?>
<lexUnit status="Insufficient_Attestations" POS="V" name="sweep.v" ID="8320" frame="Scrutiny" frameID="31" totalAnnotated="0" xsi:schemaLocation="../schema/lexUnit.xsd" xmlns="http://framenet.icsi.berkeley.edu" xmlns:xsi="http://www.w3.org/2001/XMLSchema-instance">
    <header>
        <frame>
            <FE fgColor="FFFFFF" bgColor="FF0000" type="Core" abbrev="Cog" name="Cognizer"/>
            <FE fgColor="FFFFFF" bgColor="FF69B4" type="Extra-Thematic" abbrev="Degr" name="Degree"/>
            <FE fgColor="FFFFFF" bgColor="006400" type="Extra-Thematic" abbrev="Dir" name="Direction"/>
            <FE fgColor="FFFFFF" bgColor="7CCD7C" type="Core" abbrev="Ground" name="Ground"/>
            <FE fgColor="FFFFFF" bgColor="00008B" type="Core" abbrev="ins" name="Instrument"/>
            <FE fgColor="FFFFFF" bgColor="FF00FF" type="Peripheral" abbrev="Manr" name="Manner"/>
            <FE fgColor="FFFFFF" bgColor="A52A2A" type="Peripheral" abbrev="Mns" name="Means"/>
            <FE fgColor="FFFFFF" bgColor="808080" type="Core" abbrev="Med" name="Medium"/>
            <FE fgColor="FFFFFF" bgColor="0000FF" type="Extra-Thematic" abbrev="Phen" name="Phenomenon"/>
            <FE fgColor="FFFFFF" bgColor="800080" type="Extra-Thematic" abbrev="Purp" name="Purpose"/>
            <FE fgColor="FFFFFF" bgColor="FFA500" type="Peripheral" abbrev="" name="Time"/>
        </frame>
    </header>
    <definition>COD: search or survey (an area) for something</definition>
    <lexeme POS="V" name="sweep"/>
    <valences/>
</lexUnit>