<?xml version="1.0" encoding="UTF-8" standalone="yes"?>
<?xml-stylesheet type="text/xsl" href="lexUnit.xsl"?>
<lexUnit status="FN1_Sent" POS="V" name="reassure.v" ID="836" frame="Experiencer_obj" frameID="47" totalAnnotated="17" xsi:schemaLocation="../schema/lexUnit.xsd" xmlns="http://framenet.icsi.berkeley.edu" xmlns:xsi="http://www.w3.org/2001/XMLSchema-instance">
    <header>
        <frame>
            <FE fgColor="FFFFFF" bgColor="A52A2A" type="Extra-Thematic" abbrev="Circ" name="Circumstances"/>
            <FE fgColor="FFFFFF" bgColor="FF69B4" type="Peripheral" abbrev="Degr" name="Degree"/>
            <FE fgColor="FFFFFF" bgColor="9400D3" type="Extra-Thematic" abbrev="Dep" name="Depictive"/>
            <FE fgColor="FFFFFF" bgColor="800080" type="Core" abbrev="Exp" name="Experiencer"/>
            <FE fgColor="FFFFFF" bgColor="00008B" type="Extra-Thematic" abbrev="Exp" name="Explanation"/>
            <FE fgColor="FFFFFF" bgColor="FF00FF" type="Peripheral" abbrev="Manr" name="Manner"/>
            <FE fgColor="FFFFFF" bgColor="0000FF" type="Peripheral" abbrev="Mns" name="Means"/>
            <FE fgColor="FFFFFF" bgColor="808080" type="Extra-Thematic" abbrev="Result" name="Result"/>
            <FE fgColor="FFFFFF" bgColor="FF0000" type="Core" abbrev="Stimulus" name="Stimulus"/>
            <FE fgColor="FFFFFF" bgColor="FFA500" type="Peripheral" abbrev="Tim" name="Time"/>
        </frame>
    </header>
    <definition>COD: allay the doubts and fears of.</definition>
    <lexeme POS="V" name="reassure"/>
    <valences>
        <FERealization total="1">
            <FE name="Degree"/>
            <pattern total="1">
                <valenceUnit GF="Dep" PT="AVP" FE="Degree"/>
                <annoSet ID="952179"/>
            </pattern>
        </FERealization>
        <FERealization total="17">
            <FE name="Experiencer"/>
            <pattern total="8">
                <valenceUnit GF="Ext" PT="NP" FE="Experiencer"/>
                <annoSet ID="952137"/>
                <annoSet ID="952139"/>
                <annoSet ID="952157"/>
                <annoSet ID="952165"/>
                <annoSet ID="952177"/>
                <annoSet ID="952179"/>
                <annoSet ID="952277"/>
                <annoSet ID="952293"/>
            </pattern>
            <pattern total="7">
                <valenceUnit GF="Obj" PT="NP" FE="Experiencer"/>
                <annoSet ID="952081"/>
                <annoSet ID="952083"/>
                <annoSet ID="952119"/>
                <annoSet ID="952121"/>
                <annoSet ID="952125"/>
                <annoSet ID="952217"/>
                <annoSet ID="952243"/>
            </pattern>
            <pattern total="2">
                <valenceUnit GF="Dep" PT="Sfin" FE="Experiencer"/>
                <annoSet ID="952053"/>
                <annoSet ID="952067"/>
            </pattern>
        </FERealization>
        <FERealization total="1">
            <FE name="Manner"/>
            <pattern total="1">
                <valenceUnit GF="Dep" PT="AVP" FE="Manner"/>
                <annoSet ID="952217"/>
            </pattern>
        </FERealization>
        <FERealization total="17">
            <FE name="Stimulus"/>
            <pattern total="2">
                <valenceUnit GF="" PT="CNI" FE="Stimulus"/>
                <annoSet ID="952177"/>
                <annoSet ID="952179"/>
            </pattern>
            <pattern total="5">
                <valenceUnit GF="Dep" PT="PP[by]" FE="Stimulus"/>
                <annoSet ID="952137"/>
                <annoSet ID="952139"/>
                <annoSet ID="952157"/>
                <annoSet ID="952165"/>
                <annoSet ID="952277"/>
            </pattern>
            <pattern total="1">
                <valenceUnit GF="Dep" PT="PPing[by]" FE="Stimulus"/>
                <annoSet ID="952293"/>
            </pattern>
            <pattern total="7">
                <valenceUnit GF="Ext" PT="NP" FE="Stimulus"/>
                <annoSet ID="952053"/>
                <annoSet ID="952067"/>
                <annoSet ID="952119"/>
                <annoSet ID="952121"/>
                <annoSet ID="952125"/>
                <annoSet ID="952217"/>
                <annoSet ID="952243"/>
            </pattern>
            <pattern total="2">
                <valenceUnit GF="Dep" PT="VPto" FE="Stimulus"/>
                <annoSet ID="952081"/>
                <annoSet ID="952083"/>
            </pattern>
        </FERealization>
        <FEGroupRealization total="1">
            <FE name="Degree"/>
            <FE name="Experiencer"/>
            <FE name="Stimulus"/>
            <pattern total="1">
                <valenceUnit GF="Dep" PT="AVP" FE="Degree"/>
                <valenceUnit GF="Ext" PT="NP" FE="Experiencer"/>
                <valenceUnit GF="" PT="CNI" FE="Stimulus"/>
                <annoSet ID="952179"/>
            </pattern>
        </FEGroupRealization>
        <FEGroupRealization total="1">
            <FE name="Experiencer"/>
            <FE name="Manner"/>
            <FE name="Stimulus"/>
            <pattern total="1">
                <valenceUnit GF="Obj" PT="NP" FE="Experiencer"/>
                <valenceUnit GF="Dep" PT="AVP" FE="Manner"/>
                <valenceUnit GF="Ext" PT="NP" FE="Stimulus"/>
                <annoSet ID="952217"/>
            </pattern>
        </FEGroupRealization>
        <FEGroupRealization total="15">
            <FE name="Experiencer"/>
            <FE name="Stimulus"/>
            <pattern total="1">
                <valenceUnit GF="Ext" PT="NP" FE="Experiencer"/>
                <valenceUnit GF="" PT="CNI" FE="Stimulus"/>
                <annoSet ID="952177"/>
            </pattern>
            <pattern total="5">
                <valenceUnit GF="Ext" PT="NP" FE="Experiencer"/>
                <valenceUnit GF="Dep" PT="PP[by]" FE="Stimulus"/>
                <annoSet ID="952137"/>
                <annoSet ID="952139"/>
                <annoSet ID="952157"/>
                <annoSet ID="952165"/>
                <annoSet ID="952277"/>
            </pattern>
            <pattern total="1">
                <valenceUnit GF="Ext" PT="NP" FE="Experiencer"/>
                <valenceUnit GF="Dep" PT="PPing[by]" FE="Stimulus"/>
                <annoSet ID="952293"/>
            </pattern>
            <pattern total="4">
                <valenceUnit GF="Obj" PT="NP" FE="Experiencer"/>
                <valenceUnit GF="Ext" PT="NP" FE="Stimulus"/>
                <annoSet ID="952119"/>
                <annoSet ID="952121"/>
                <annoSet ID="952125"/>
                <annoSet ID="952243"/>
            </pattern>
            <pattern total="2">
                <valenceUnit GF="Obj" PT="NP" FE="Experiencer"/>
                <valenceUnit GF="Dep" PT="VPto" FE="Stimulus"/>
                <annoSet ID="952081"/>
                <annoSet ID="952083"/>
            </pattern>
            <pattern total="2">
                <valenceUnit GF="Dep" PT="Sfin" FE="Experiencer"/>
                <valenceUnit GF="Ext" PT="NP" FE="Stimulus"/>
                <annoSet ID="952053"/>
                <annoSet ID="952067"/>
            </pattern>
        </FEGroupRealization>
    </valences>
    <subCorpus name="V-420-that-sfin"/>
    <subCorpus name="V-430-sfin"/>
    <subCorpus name="V-460-np-sthat"/>
    <subCorpus name="V-470-np-wh">
        <sentence sentNo="0" aPos="101905309" ID="745175">
            <text>Police want to reassure anyone who 's nervous about coming foreward with information . </text>
            <annotationSet cDate="01/07/2003 12:52:51 PST Tue" status="UNANN" ID="952052">
                <layer rank="1" name="BNC">
                    <label end="5" start="0" name="NN2"/>
                    <label end="10" start="7" name="VVB"/>
                    <label end="13" start="12" name="TO0"/>
                    <label end="22" start="15" name="VVI"/>
                    <label end="29" start="24" name="PNI"/>
                    <label end="33" start="31" name="PNQ"/>
                    <label end="36" start="35" name="VBZ"/>
                    <label end="44" start="38" name="AJ0"/>
                    <label end="50" start="46" name="PRP"/>
                    <label end="57" start="52" name="VVG"/>
                    <label end="66" start="59" name="AV0"/>
                    <label end="71" start="68" name="PRP"/>
                    <label end="83" start="73" name="NN1"/>
                    <label end="85" start="85" name="PUN"/>
                </layer>
                <layer rank="1" name="NER"/>
                <layer rank="1" name="WSL"/>
            </annotationSet>
            <annotationSet cDate="01/07/2003 12:52:52 PST Tue" status="MANUAL" ID="952053">
                <layer rank="1" name="FE">
                    <label cBy="BoC" feID="199" end="5" start="0" name="Stimulus"/>
                    <label cBy="BoC" feID="198" end="83" start="24" name="Experiencer"/>
                </layer>
                <layer rank="1" name="GF">
                    <label end="5" start="0" name="Ext"/>
                    <label end="83" start="24" name="Dep"/>
                </layer>
                <layer rank="1" name="PT">
                    <label end="5" start="0" name="NP"/>
                    <label end="83" start="24" name="Sfin"/>
                </layer>
                <layer rank="1" name="Sent"/>
                <layer rank="1" name="Other"/>
                <layer rank="1" name="Target">
                    <label cBy="BoC" end="22" start="15" name="Target"/>
                </layer>
                <layer rank="1" name="Verb"/>
            </annotationSet>
        </sentence>
        <sentence sentNo="0" aPos="25821711" ID="745182">
            <text>I sat by the phone and rang as many of them as I could , reassuring the ones who were home . </text>
            <annotationSet cDate="01/07/2003 12:52:52 PST Tue" status="UNANN" ID="952066">
                <layer rank="1" name="BNC">
                    <label end="0" start="0" name="PNP"/>
                    <label end="4" start="2" name="VVD"/>
                    <label end="7" start="6" name="PRP"/>
                    <label end="11" start="9" name="AT0"/>
                    <label end="17" start="13" name="NN1"/>
                    <label end="21" start="19" name="CJC"/>
                    <label end="26" start="23" name="VVD"/>
                    <label end="29" start="28" name="AV0"/>
                    <label end="34" start="31" name="DT0"/>
                    <label end="37" start="36" name="PRF"/>
                    <label end="42" start="39" name="PNP"/>
                    <label end="45" start="44" name="CJS"/>
                    <label end="47" start="47" name="PNP"/>
                    <label end="53" start="49" name="VM0"/>
                    <label end="55" start="55" name="PUN"/>
                    <label end="66" start="57" name="VVG"/>
                    <label end="70" start="68" name="AT0"/>
                    <label end="75" start="72" name="NN2"/>
                    <label end="79" start="77" name="PNQ"/>
                    <label end="84" start="81" name="VBD"/>
                    <label end="89" start="86" name="AV0"/>
                    <label end="91" start="91" name="PUN"/>
                </layer>
                <layer rank="1" name="NER"/>
                <layer rank="1" name="WSL"/>
            </annotationSet>
            <annotationSet cDate="01/07/2003 12:52:52 PST Tue" status="MANUAL" ID="952067">
                <layer rank="1" name="FE">
                    <label cBy="BoC" feID="199" end="0" start="0" name="Stimulus"/>
                    <label cBy="BoC" feID="198" end="89" start="68" name="Experiencer"/>
                </layer>
                <layer rank="1" name="GF">
                    <label end="0" start="0" name="Ext"/>
                    <label end="89" start="68" name="Dep"/>
                </layer>
                <layer rank="1" name="PT">
                    <label end="0" start="0" name="NP"/>
                    <label end="89" start="68" name="Sfin"/>
                </layer>
                <layer rank="1" name="Sent"/>
                <layer rank="1" name="Other"/>
                <layer rank="1" name="Target">
                    <label cBy="BoC" end="66" start="57" name="Target"/>
                </layer>
                <layer rank="1" name="Verb"/>
            </annotationSet>
        </sentence>
    </subCorpus>
    <subCorpus name="V-480-swh"/>
    <subCorpus name="V-530-np-vpto">
        <sentence sentNo="0" aPos="7080736" ID="745189">
            <text>It reassured him to see her sitting there , so thoughtful and placid . </text>
            <annotationSet cDate="01/07/2003 12:52:53 PST Tue" status="UNANN" ID="952080">
                <layer rank="1" name="BNC">
                    <label end="1" start="0" name="PNP"/>
                    <label end="11" start="3" name="VVD"/>
                    <label end="15" start="13" name="PNP"/>
                    <label end="18" start="17" name="TO0"/>
                    <label end="22" start="20" name="VVI"/>
                    <label end="26" start="24" name="PNP"/>
                    <label end="34" start="28" name="NN1-VVG"/>
                    <label end="40" start="36" name="AV0"/>
                    <label end="42" start="42" name="PUN"/>
                    <label end="45" start="44" name="AV0"/>
                    <label end="56" start="47" name="AJ0"/>
                    <label end="60" start="58" name="CJC"/>
                    <label end="67" start="62" name="AJ0"/>
                    <label end="69" start="69" name="PUN"/>
                </layer>
                <layer rank="1" name="NER"/>
                <layer rank="1" name="WSL"/>
            </annotationSet>
            <annotationSet cDate="01/07/2003 12:52:53 PST Tue" status="MANUAL" ID="952081">
                <layer rank="1" name="FE">
                    <label cBy="BoC" feID="198" end="15" start="13" name="Experiencer"/>
                    <label cBy="BoC" feID="199" end="67" start="17" name="Stimulus"/>
                </layer>
                <layer rank="1" name="GF">
                    <label end="15" start="13" name="Obj"/>
                    <label end="67" start="17" name="Dep"/>
                </layer>
                <layer rank="1" name="PT">
                    <label end="15" start="13" name="NP"/>
                    <label end="67" start="17" name="VPto"/>
                </layer>
                <layer rank="1" name="Sent"/>
                <layer rank="1" name="Other">
                    <label end="1" start="0" name="Null"/>
                </layer>
                <layer rank="1" name="Target">
                    <label cBy="BoC" end="11" start="3" name="Target"/>
                </layer>
                <layer rank="1" name="Verb"/>
            </annotationSet>
        </sentence>
        <sentence sentNo="0" aPos="54743069" ID="745190">
            <text>It reassured Luke to see Joe 's name there , partly obscured by his Range Rover . </text>
            <annotationSet cDate="01/07/2003 12:52:53 PST Tue" status="UNANN" ID="952082">
                <layer rank="1" name="BNC">
                    <label end="1" start="0" name="PNP"/>
                    <label end="11" start="3" name="VVD"/>
                    <label end="16" start="13" name="NP0"/>
                    <label end="19" start="18" name="TO0"/>
                    <label end="23" start="21" name="VVI"/>
                    <label end="27" start="25" name="NP0"/>
                    <label end="30" start="29" name="POS"/>
                    <label end="35" start="32" name="NN1"/>
                    <label end="41" start="37" name="AV0"/>
                    <label end="43" start="43" name="PUN"/>
                    <label end="50" start="45" name="AV0"/>
                    <label end="59" start="52" name="VVD-VVN"/>
                    <label end="62" start="61" name="PRP"/>
                    <label end="66" start="64" name="DPS"/>
                    <label end="72" start="68" name="NN1"/>
                    <label end="78" start="74" name="NN1"/>
                    <label end="80" start="80" name="PUN"/>
                </layer>
                <layer rank="1" name="NER"/>
                <layer rank="1" name="WSL"/>
            </annotationSet>
            <annotationSet cDate="01/07/2003 12:52:53 PST Tue" status="MANUAL" ID="952083">
                <layer rank="1" name="FE">
                    <label cBy="BoC" feID="198" end="16" start="13" name="Experiencer"/>
                    <label cBy="BoC" feID="199" end="78" start="18" name="Stimulus"/>
                </layer>
                <layer rank="1" name="GF">
                    <label end="16" start="13" name="Obj"/>
                    <label end="78" start="18" name="Dep"/>
                </layer>
                <layer rank="1" name="PT">
                    <label end="16" start="13" name="NP"/>
                    <label end="78" start="18" name="VPto"/>
                </layer>
                <layer rank="1" name="Sent"/>
                <layer rank="1" name="Other">
                    <label end="1" start="0" name="Null"/>
                </layer>
                <layer rank="1" name="Target">
                    <label cBy="BoC" end="11" start="3" name="Target"/>
                </layer>
                <layer rank="1" name="Verb"/>
            </annotationSet>
        </sentence>
    </subCorpus>
    <subCorpus name="V-660-trans-simple">
        <sentence sentNo="0" aPos="2234456" ID="745208">
            <text>The regime has done little to reassure people . </text>
            <annotationSet cDate="01/07/2003 12:52:55 PST Tue" status="UNANN" ID="952118">
                <layer rank="1" name="BNC">
                    <label end="2" start="0" name="AT0"/>
                    <label end="9" start="4" name="NN1"/>
                    <label end="13" start="11" name="VHZ"/>
                    <label end="18" start="15" name="VDN"/>
                    <label end="25" start="20" name="AV0"/>
                    <label end="28" start="27" name="TO0"/>
                    <label end="37" start="30" name="VVI"/>
                    <label end="44" start="39" name="NN0"/>
                    <label end="46" start="46" name="PUN"/>
                </layer>
                <layer rank="1" name="NER"/>
                <layer rank="1" name="WSL"/>
            </annotationSet>
            <annotationSet cDate="01/07/2003 12:52:55 PST Tue" status="MANUAL" ID="952119">
                <layer rank="1" name="FE">
                    <label cBy="BoC" feID="199" end="9" start="0" name="Stimulus"/>
                    <label cBy="BoC" feID="198" end="44" start="39" name="Experiencer"/>
                </layer>
                <layer rank="1" name="GF">
                    <label end="9" start="0" name="Ext"/>
                    <label end="44" start="39" name="Obj"/>
                </layer>
                <layer rank="1" name="PT">
                    <label end="9" start="0" name="NP"/>
                    <label end="44" start="39" name="NP"/>
                </layer>
                <layer rank="1" name="Sent"/>
                <layer rank="1" name="Other"/>
                <layer rank="1" name="Target">
                    <label cBy="BoC" end="37" start="30" name="Target"/>
                </layer>
                <layer rank="1" name="Verb"/>
            </annotationSet>
        </sentence>
        <sentence sentNo="0" aPos="106793144" ID="745209">
            <text>` Newspapers have promoted a witch hunt rather than reassure a worried public , &quot; it says . </text>
            <annotationSet cDate="01/07/2003 12:52:55 PST Tue" status="UNANN" ID="952120">
                <layer rank="1" name="BNC">
                    <label end="0" start="0" name="PUQ"/>
                    <label end="11" start="2" name="NN2"/>
                    <label end="16" start="13" name="VHB"/>
                    <label end="25" start="18" name="VVN"/>
                    <label end="27" start="27" name="AT0"/>
                    <label end="33" start="29" name="NN1"/>
                    <label end="38" start="35" name="NN1-VVB"/>
                    <label end="45" start="40" name="PRP"/>
                    <label end="50" start="47" name="PRP"/>
                    <label end="59" start="52" name="NN1-VVB"/>
                    <label end="61" start="61" name="AT0"/>
                    <label end="69" start="63" name="AJ0"/>
                    <label end="76" start="71" name="NN0"/>
                    <label end="78" start="78" name="PUN"/>
                    <label end="80" start="80" name="PUQ"/>
                    <label end="83" start="82" name="PNP"/>
                    <label end="88" start="85" name="VVZ"/>
                    <label end="90" start="90" name="PUN"/>
                </layer>
                <layer rank="1" name="NER"/>
                <layer rank="1" name="WSL"/>
            </annotationSet>
            <annotationSet cDate="01/07/2003 12:52:55 PST Tue" status="MANUAL" ID="952121">
                <layer rank="1" name="FE">
                    <label cBy="BoC" feID="199" end="11" start="2" name="Stimulus"/>
                    <label cBy="BoC" feID="198" end="76" start="61" name="Experiencer"/>
                </layer>
                <layer rank="1" name="GF">
                    <label end="11" start="2" name="Ext"/>
                    <label end="76" start="61" name="Obj"/>
                </layer>
                <layer rank="1" name="PT">
                    <label end="11" start="2" name="NP"/>
                    <label end="76" start="61" name="NP"/>
                </layer>
                <layer rank="1" name="Sent"/>
                <layer rank="1" name="Other"/>
                <layer rank="1" name="Target">
                    <label cBy="BoC" end="59" start="52" name="Target"/>
                </layer>
                <layer rank="1" name="Verb"/>
            </annotationSet>
        </sentence>
        <sentence sentNo="0" aPos="66165539" ID="745211">
            <text>I hope that this issue will reassure you . </text>
            <annotationSet cDate="01/07/2003 12:52:55 PST Tue" status="UNANN" ID="952124">
                <layer rank="1" name="BNC">
                    <label end="0" start="0" name="PNP"/>
                    <label end="5" start="2" name="VVB"/>
                    <label end="10" start="7" name="CJT"/>
                    <label end="15" start="12" name="DT0"/>
                    <label end="21" start="17" name="NN1"/>
                    <label end="26" start="23" name="VM0"/>
                    <label end="35" start="28" name="VVI"/>
                    <label end="39" start="37" name="PNP"/>
                    <label end="41" start="41" name="PUN"/>
                </layer>
                <layer rank="1" name="NER"/>
                <layer rank="1" name="WSL"/>
            </annotationSet>
            <annotationSet cDate="01/07/2003 12:52:56 PST Tue" status="MANUAL" ID="952125">
                <layer rank="1" name="FE">
                    <label cBy="BoC" feID="199" end="21" start="12" name="Stimulus"/>
                    <label cBy="BoC" feID="198" end="39" start="37" name="Experiencer"/>
                </layer>
                <layer rank="1" name="GF">
                    <label end="21" start="12" name="Ext"/>
                    <label end="39" start="37" name="Obj"/>
                </layer>
                <layer rank="1" name="PT">
                    <label end="21" start="12" name="NP"/>
                    <label end="39" start="37" name="NP"/>
                </layer>
                <layer rank="1" name="Sent"/>
                <layer rank="1" name="Other"/>
                <layer rank="1" name="Target">
                    <label cBy="BoC" end="35" start="28" name="Target"/>
                </layer>
                <layer rank="1" name="Verb"/>
            </annotationSet>
        </sentence>
    </subCorpus>
    <subCorpus name="V-670-pass-by">
        <sentence sentNo="0" aPos="24274285" ID="745217">
            <text>Like most of the visitors , I was impressed and reassured by what I saw . </text>
            <annotationSet cDate="01/07/2003 12:52:56 PST Tue" status="UNANN" ID="952136">
                <layer rank="1" name="BNC">
                    <label end="3" start="0" name="PRP"/>
                    <label end="8" start="5" name="DT0"/>
                    <label end="11" start="10" name="PRF"/>
                    <label end="15" start="13" name="AT0"/>
                    <label end="24" start="17" name="NN2"/>
                    <label end="26" start="26" name="PUN"/>
                    <label end="28" start="28" name="PNP"/>
                    <label end="32" start="30" name="VBD"/>
                    <label end="42" start="34" name="VVN"/>
                    <label end="46" start="44" name="CJC"/>
                    <label end="56" start="48" name="VVN"/>
                    <label end="59" start="58" name="PRP"/>
                    <label end="64" start="61" name="DTQ"/>
                    <label end="66" start="66" name="PNP"/>
                    <label end="70" start="68" name="VVD"/>
                    <label end="72" start="72" name="PUN"/>
                </layer>
                <layer rank="1" name="NER"/>
                <layer rank="1" name="WSL"/>
            </annotationSet>
            <annotationSet cDate="01/07/2003 12:52:56 PST Tue" status="MANUAL" ID="952137">
                <layer rank="1" name="FE">
                    <label cBy="BoC" feID="198" end="28" start="28" name="Experiencer"/>
                    <label cBy="BoC" feID="199" end="70" start="58" name="Stimulus"/>
                </layer>
                <layer rank="1" name="GF">
                    <label end="28" start="28" name="Ext"/>
                    <label end="70" start="58" name="Dep"/>
                </layer>
                <layer rank="1" name="PT">
                    <label end="28" start="28" name="NP"/>
                    <label end="70" start="58" name="PP"/>
                </layer>
                <layer rank="1" name="Sent"/>
                <layer rank="1" name="Other"/>
                <layer rank="1" name="Target">
                    <label cBy="BoC" end="56" start="48" name="Target"/>
                </layer>
                <layer rank="1" name="Verb"/>
            </annotationSet>
        </sentence>
        <sentence sentNo="0" aPos="28164988" ID="745218">
            <text>He was reassured by the man 's friendship . </text>
            <annotationSet cDate="01/07/2003 12:52:56 PST Tue" status="UNANN" ID="952138">
                <layer rank="1" name="BNC">
                    <label end="1" start="0" name="PNP"/>
                    <label end="5" start="3" name="VBD"/>
                    <label end="15" start="7" name="VVN"/>
                    <label end="18" start="17" name="PRP"/>
                    <label end="22" start="20" name="AT0"/>
                    <label end="26" start="24" name="NN1"/>
                    <label end="29" start="28" name="POS"/>
                    <label end="40" start="31" name="NN1"/>
                    <label end="42" start="42" name="PUN"/>
                </layer>
                <layer rank="1" name="NER"/>
                <layer rank="1" name="WSL"/>
            </annotationSet>
            <annotationSet cDate="01/07/2003 12:52:56 PST Tue" status="MANUAL" ID="952139">
                <layer rank="1" name="FE">
                    <label cBy="BoC" feID="198" end="1" start="0" name="Experiencer"/>
                    <label cBy="BoC" feID="199" end="40" start="17" name="Stimulus"/>
                </layer>
                <layer rank="1" name="GF">
                    <label end="1" start="0" name="Ext"/>
                    <label end="40" start="17" name="Dep"/>
                </layer>
                <layer rank="1" name="PT">
                    <label end="1" start="0" name="NP"/>
                    <label end="40" start="17" name="PP"/>
                </layer>
                <layer rank="1" name="Sent"/>
                <layer rank="1" name="Other"/>
                <layer rank="1" name="Target">
                    <label cBy="BoC" end="15" start="7" name="Target"/>
                </layer>
                <layer rank="1" name="Verb"/>
            </annotationSet>
        </sentence>
        <sentence sentNo="0" aPos="80868098" ID="745227">
            <text>Cautiously she raised her head and was reassured by the sight of retreating flanks in the moonlight . </text>
            <annotationSet cDate="01/07/2003 12:52:58 PST Tue" status="UNANN" ID="952156">
                <layer rank="1" name="BNC">
                    <label end="9" start="0" name="AV0"/>
                    <label end="13" start="11" name="PNP"/>
                    <label end="20" start="15" name="VVD"/>
                    <label end="24" start="22" name="DPS"/>
                    <label end="29" start="26" name="NN1"/>
                    <label end="33" start="31" name="CJC"/>
                    <label end="37" start="35" name="VBD"/>
                    <label end="47" start="39" name="VVN"/>
                    <label end="50" start="49" name="PRP"/>
                    <label end="54" start="52" name="AT0"/>
                    <label end="60" start="56" name="NN1"/>
                    <label end="63" start="62" name="PRF"/>
                    <label end="74" start="65" name="AJ0-VVG"/>
                    <label end="81" start="76" name="NN2"/>
                    <label end="84" start="83" name="PRP"/>
                    <label end="88" start="86" name="AT0"/>
                    <label end="98" start="90" name="NN1"/>
                    <label end="100" start="100" name="PUN"/>
                </layer>
                <layer rank="1" name="NER"/>
                <layer rank="1" name="WSL"/>
            </annotationSet>
            <annotationSet cDate="01/07/2003 12:52:58 PST Tue" status="MANUAL" ID="952157">
                <layer rank="1" name="FE">
                    <label cBy="BoC" feID="198" end="13" start="11" name="Experiencer"/>
                    <label cBy="BoC" feID="199" end="98" start="49" name="Stimulus"/>
                </layer>
                <layer rank="1" name="GF">
                    <label end="13" start="11" name="Ext"/>
                    <label end="98" start="49" name="Dep"/>
                </layer>
                <layer rank="1" name="PT">
                    <label end="13" start="11" name="NP"/>
                    <label end="98" start="49" name="PP"/>
                </layer>
                <layer rank="1" name="Sent"/>
                <layer rank="1" name="Other"/>
                <layer rank="1" name="Target">
                    <label cBy="BoC" end="47" start="39" name="Target"/>
                </layer>
                <layer rank="1" name="Verb"/>
            </annotationSet>
        </sentence>
        <sentence sentNo="0" aPos="106169177" ID="745231">
            <text>` I hope that they will be reassured by the results of the first phase of this study . &quot; </text>
            <annotationSet cDate="01/07/2003 12:52:58 PST Tue" status="UNANN" ID="952164">
                <layer rank="1" name="BNC">
                    <label end="0" start="0" name="PUQ"/>
                    <label end="2" start="2" name="PNP"/>
                    <label end="7" start="4" name="VVB"/>
                    <label end="12" start="9" name="CJT"/>
                    <label end="17" start="14" name="PNP"/>
                    <label end="22" start="19" name="VM0"/>
                    <label end="25" start="24" name="VBI"/>
                    <label end="35" start="27" name="VVN"/>
                    <label end="38" start="37" name="PRP"/>
                    <label end="42" start="40" name="AT0"/>
                    <label end="50" start="44" name="NN2"/>
                    <label end="53" start="52" name="PRF"/>
                    <label end="57" start="55" name="AT0"/>
                    <label end="63" start="59" name="ORD"/>
                    <label end="69" start="65" name="NN1"/>
                    <label end="72" start="71" name="PRF"/>
                    <label end="77" start="74" name="DT0"/>
                    <label end="83" start="79" name="NN1"/>
                    <label end="85" start="85" name="PUN"/>
                    <label end="87" start="87" name="PUQ"/>
                </layer>
                <layer rank="1" name="NER"/>
                <layer rank="1" name="WSL"/>
            </annotationSet>
            <annotationSet cDate="01/07/2003 12:52:58 PST Tue" status="MANUAL" ID="952165">
                <layer rank="1" name="FE">
                    <label cBy="BoC" feID="198" end="17" start="14" name="Experiencer"/>
                    <label cBy="BoC" feID="199" end="83" start="37" name="Stimulus"/>
                </layer>
                <layer rank="1" name="GF">
                    <label end="17" start="14" name="Ext"/>
                    <label end="83" start="37" name="Dep"/>
                </layer>
                <layer rank="1" name="PT">
                    <label end="17" start="14" name="NP"/>
                    <label end="83" start="37" name="PP"/>
                </layer>
                <layer rank="1" name="Sent"/>
                <layer rank="1" name="Other"/>
                <layer rank="1" name="Target">
                    <label cBy="BoC" end="35" start="27" name="Target"/>
                </layer>
                <layer rank="1" name="Verb"/>
            </annotationSet>
        </sentence>
    </subCorpus>
    <subCorpus name="V-680-pass">
        <sentence sentNo="0" aPos="13670560" ID="745237">
            <text>The dog will always run to the owner to be reassured . </text>
            <annotationSet cDate="01/07/2003 12:52:59 PST Tue" status="UNANN" ID="952176">
                <layer rank="1" name="BNC">
                    <label end="2" start="0" name="AT0"/>
                    <label end="6" start="4" name="NN1"/>
                    <label end="11" start="8" name="VM0"/>
                    <label end="18" start="13" name="AV0"/>
                    <label end="22" start="20" name="VVI"/>
                    <label end="25" start="24" name="PRP"/>
                    <label end="29" start="27" name="AT0"/>
                    <label end="35" start="31" name="NN1"/>
                    <label end="38" start="37" name="TO0"/>
                    <label end="41" start="40" name="VBI"/>
                    <label end="51" start="43" name="VVN"/>
                    <label end="53" start="53" name="PUN"/>
                </layer>
                <layer rank="1" name="NER"/>
                <layer rank="1" name="WSL"/>
            </annotationSet>
            <annotationSet cDate="01/07/2003 12:52:59 PST Tue" status="MANUAL" ID="952177">
                <layer rank="1" name="FE">
                    <label cBy="BoC" feID="198" end="6" start="0" name="Experiencer"/>
                    <label cBy="ACW" feID="199" itype="CNI" name="Stimulus"/>
                </layer>
                <layer rank="1" name="GF">
                    <label end="6" start="0" name="Ext"/>
                </layer>
                <layer rank="1" name="PT">
                    <label end="6" start="0" name="NP"/>
                </layer>
                <layer rank="1" name="Sent"/>
                <layer rank="1" name="Other"/>
                <layer rank="1" name="Target">
                    <label cBy="BoC" end="51" start="43" name="Target"/>
                </layer>
                <layer rank="1" name="Verb"/>
            </annotationSet>
        </sentence>
        <sentence sentNo="0" aPos="1424038" ID="745238">
            <text>Henry was slightly reassured . </text>
            <annotationSet cDate="01/07/2003 12:52:59 PST Tue" status="UNANN" ID="952178">
                <layer rank="1" name="BNC">
                    <label end="4" start="0" name="NP0"/>
                    <label end="8" start="6" name="VBD"/>
                    <label end="17" start="10" name="AV0"/>
                    <label end="27" start="19" name="VVN"/>
                    <label end="29" start="29" name="PUN"/>
                </layer>
                <layer rank="1" name="NER"/>
                <layer rank="1" name="WSL"/>
            </annotationSet>
            <annotationSet cDate="01/07/2003 12:52:59 PST Tue" status="MANUAL" ID="952179">
                <layer rank="1" name="FE">
                    <label cBy="BoC" feID="198" end="4" start="0" name="Experiencer"/>
                    <label cBy="BoC" feID="2066" end="17" start="10" name="Degree"/>
                    <label cBy="BoC" feID="199" itype="CNI" name="Stimulus"/>
                </layer>
                <layer rank="1" name="GF">
                    <label end="4" start="0" name="Ext"/>
                    <label end="17" start="10" name="Dep"/>
                </layer>
                <layer rank="1" name="PT">
                    <label end="4" start="0" name="NP"/>
                    <label end="17" start="10" name="AVP"/>
                </layer>
                <layer rank="1" name="Sent"/>
                <layer rank="1" name="Other"/>
                <layer rank="1" name="Target">
                    <label cBy="BoC" end="27" start="19" name="Target"/>
                </layer>
                <layer rank="1" name="Verb"/>
            </annotationSet>
        </sentence>
    </subCorpus>
    <subCorpus name="V-690-trans-other">
        <sentence sentNo="0" aPos="58262514" ID="745257">
            <text>` Oh , you need n't worry about them , &quot; the Doctor reassured her overconfidently . </text>
            <annotationSet cDate="01/07/2003 12:53:01 PST Tue" status="UNANN" ID="952216">
                <layer rank="1" name="BNC">
                    <label end="0" start="0" name="PUQ"/>
                    <label end="3" start="2" name="ITJ"/>
                    <label end="5" start="5" name="PUN"/>
                    <label end="9" start="7" name="PNP"/>
                    <label end="14" start="11" name="VM0"/>
                    <label end="18" start="16" name="XX0"/>
                    <label end="24" start="20" name="VVI"/>
                    <label end="30" start="26" name="PRP"/>
                    <label end="35" start="32" name="PNP"/>
                    <label end="37" start="37" name="PUN"/>
                    <label end="39" start="39" name="PUQ"/>
                    <label end="43" start="41" name="AT0"/>
                    <label end="50" start="45" name="NN1"/>
                    <label end="60" start="52" name="VVD"/>
                    <label end="64" start="62" name="PNP"/>
                    <label end="80" start="66" name="AV0"/>
                    <label end="82" start="82" name="PUN"/>
                </layer>
                <layer rank="1" name="NER"/>
                <layer rank="1" name="WSL"/>
            </annotationSet>
            <annotationSet cDate="01/07/2003 12:53:01 PST Tue" status="MANUAL" ID="952217">
                <layer rank="1" name="FE">
                    <label cBy="BoC" feID="199" end="50" start="41" name="Stimulus"/>
                    <label cBy="BoC" feID="198" end="64" start="62" name="Experiencer"/>
                    <label cBy="BoC" feID="2069" end="80" start="66" name="Manner"/>
                </layer>
                <layer rank="1" name="GF">
                    <label end="50" start="41" name="Ext"/>
                    <label end="64" start="62" name="Obj"/>
                    <label end="80" start="66" name="Dep"/>
                </layer>
                <layer rank="1" name="PT">
                    <label end="50" start="41" name="NP"/>
                    <label end="64" start="62" name="NP"/>
                    <label end="80" start="66" name="AVP"/>
                </layer>
                <layer rank="1" name="Sent"/>
                <layer rank="1" name="Other"/>
                <layer rank="1" name="Target">
                    <label cBy="BoC" end="60" start="52" name="Target"/>
                </layer>
                <layer rank="1" name="Verb"/>
            </annotationSet>
        </sentence>
        <sentence sentNo="0" aPos="94606345" ID="745270">
            <text>Politicians were undoubtedly shaken by the experience , and felt the need to reassure world public opinion . </text>
            <annotationSet cDate="01/07/2003 12:53:05 PST Tue" status="UNANN" ID="952242">
                <layer rank="1" name="BNC">
                    <label end="10" start="0" name="NN2"/>
                    <label end="15" start="12" name="VBD"/>
                    <label end="27" start="17" name="AV0"/>
                    <label end="34" start="29" name="VVN"/>
                    <label end="37" start="36" name="PRP"/>
                    <label end="41" start="39" name="AT0"/>
                    <label end="52" start="43" name="NN1"/>
                    <label end="54" start="54" name="PUN"/>
                    <label end="58" start="56" name="CJC"/>
                    <label end="63" start="60" name="VVD-VVN"/>
                    <label end="67" start="65" name="AT0"/>
                    <label end="72" start="69" name="NN1"/>
                    <label end="75" start="74" name="TO0"/>
                    <label end="84" start="77" name="VVI"/>
                    <label end="90" start="86" name="NN1"/>
                    <label end="97" start="92" name="NN0"/>
                    <label end="105" start="99" name="NN1"/>
                    <label end="107" start="107" name="PUN"/>
                </layer>
                <layer rank="1" name="NER"/>
                <layer rank="1" name="WSL"/>
            </annotationSet>
            <annotationSet cDate="01/07/2003 12:53:05 PST Tue" status="MANUAL" ID="952243">
                <layer rank="1" name="FE">
                    <label cBy="BoC" feID="199" end="10" start="0" name="Stimulus"/>
                    <label cBy="BoC" feID="198" end="105" start="86" name="Experiencer"/>
                </layer>
                <layer rank="1" name="GF">
                    <label end="10" start="0" name="Ext"/>
                    <label end="105" start="86" name="Obj"/>
                </layer>
                <layer rank="1" name="PT">
                    <label end="10" start="0" name="NP"/>
                    <label end="105" start="86" name="NP"/>
                </layer>
                <layer rank="1" name="Sent"/>
                <layer rank="1" name="Other"/>
                <layer rank="1" name="Target">
                    <label cBy="BoC" end="84" start="77" name="Target"/>
                </layer>
                <layer rank="1" name="Verb"/>
            </annotationSet>
        </sentence>
    </subCorpus>
    <subCorpus name="V-890-intrans-adverb"/>
    <subCorpus name="V-900-other">
        <sentence sentNo="0" aPos="68877001" ID="745287">
            <text>Li Yuan smiled , reassured by the ironic tone of his father 's words . </text>
            <annotationSet cDate="01/07/2003 12:53:07 PST Tue" status="UNANN" ID="952276">
                <layer rank="1" name="BNC">
                    <label end="1" start="0" name="CRD"/>
                    <label end="6" start="3" name="NN1-NP0"/>
                    <label end="13" start="8" name="VVD"/>
                    <label end="15" start="15" name="PUN"/>
                    <label end="25" start="17" name="VVN"/>
                    <label end="28" start="27" name="PRP"/>
                    <label end="32" start="30" name="AT0"/>
                    <label end="39" start="34" name="AJ0"/>
                    <label end="44" start="41" name="NN1"/>
                    <label end="47" start="46" name="PRF"/>
                    <label end="51" start="49" name="DPS"/>
                    <label end="58" start="53" name="NN1"/>
                    <label end="61" start="60" name="POS"/>
                    <label end="67" start="63" name="NN2"/>
                    <label end="69" start="69" name="PUN"/>
                </layer>
                <layer rank="1" name="NER"/>
                <layer rank="1" name="WSL"/>
            </annotationSet>
            <annotationSet cDate="01/07/2003 12:53:07 PST Tue" status="MANUAL" ID="952277">
                <layer rank="1" name="FE">
                    <label cBy="BoC" feID="198" end="6" start="0" name="Experiencer"/>
                    <label cBy="BoC" feID="199" end="67" start="27" name="Stimulus"/>
                </layer>
                <layer rank="1" name="GF">
                    <label end="6" start="0" name="Ext"/>
                    <label end="67" start="27" name="Dep"/>
                </layer>
                <layer rank="1" name="PT">
                    <label end="6" start="0" name="NP"/>
                    <label end="67" start="27" name="PP"/>
                </layer>
                <layer rank="1" name="Sent"/>
                <layer rank="1" name="Other"/>
                <layer rank="1" name="Target">
                    <label cBy="BoC" end="25" start="17" name="Target"/>
                </layer>
                <layer rank="1" name="Verb"/>
            </annotationSet>
        </sentence>
        <sentence sentNo="0" aPos="104408603" ID="745295">
            <text>Consumers who registered complaints were last night reassured by Cleveland trading standards officer Eric Robinson . </text>
            <annotationSet cDate="01/07/2003 12:53:08 PST Tue" status="UNANN" ID="952292">
                <layer rank="1" name="BNC">
                    <label end="8" start="0" name="NN2"/>
                    <label end="12" start="10" name="PNQ"/>
                    <label end="23" start="14" name="VVD"/>
                    <label end="34" start="25" name="NN2"/>
                    <label end="39" start="36" name="VBD"/>
                    <label end="44" start="41" name="ORD"/>
                    <label end="50" start="46" name="NN1"/>
                    <label end="60" start="52" name="VVD-VVN"/>
                    <label end="63" start="62" name="PRP"/>
                    <label end="73" start="65" name="NP0"/>
                    <label end="81" start="75" name="AJ0-VVG"/>
                    <label end="91" start="83" name="NN2"/>
                    <label end="99" start="93" name="NN1"/>
                    <label end="104" start="101" name="NP0"/>
                    <label end="113" start="106" name="NP0"/>
                    <label end="115" start="115" name="PUN"/>
                </layer>
                <layer rank="1" name="NER"/>
                <layer rank="1" name="WSL"/>
            </annotationSet>
            <annotationSet cDate="01/07/2003 12:53:08 PST Tue" status="MANUAL" ID="952293">
                <layer rank="1" name="FE">
                    <label cBy="BoC" feID="198" end="34" start="0" name="Experiencer"/>
                    <label cBy="BoC" feID="199" end="113" start="62" name="Stimulus"/>
                </layer>
                <layer rank="1" name="GF">
                    <label end="34" start="0" name="Ext"/>
                    <label end="113" start="62" name="Dep"/>
                </layer>
                <layer rank="1" name="PT">
                    <label end="34" start="0" name="NP"/>
                    <label end="113" start="62" name="PPing"/>
                </layer>
                <layer rank="1" name="Sent"/>
                <layer rank="1" name="Other"/>
                <layer rank="1" name="Target">
                    <label cBy="BoC" end="60" start="52" name="Target"/>
                </layer>
                <layer rank="1" name="Verb"/>
            </annotationSet>
        </sentence>
    </subCorpus>
</lexUnit>