<?xml version="1.0" encoding="UTF-8" standalone="yes"?>
<?xml-stylesheet type="text/xsl" href="lexUnit.xsl"?>
<lexUnit status="Created" POS="N" name="employee.n" ID="8396" frame="Employing" frameID="323" totalAnnotated="8" xsi:schemaLocation="../schema/lexUnit.xsd" xmlns="http://framenet.icsi.berkeley.edu" xmlns:xsi="http://www.w3.org/2001/XMLSchema-instance">
    <header>
        <corpus description="Wall Street Journal Texts from the PropBank Project" name="PropBank" ID="115">
            <document description="Aetna Life and Casualty" name="AetnaLifeAndCasualty" ID="23019"/>
        </corpus>
        <corpus description="Texts from Nuclear Threat Initiative website, created by Center for Non-Proliferation Studies" name="NTI" ID="135">
            <document description="Iran Biological" name="Iran_Biological" ID="23513"/>
            <document description="WMD News 04/21/2006" name="WMDNews_042106" ID="23605"/>
            <document description="WMD News 06/26/2006" name="WMDNews_062606" ID="23621"/>
        </corpus>
        <corpus description="American National Corpus Texts" name="ANC" ID="195">
            <document description="Slate magazine article: Entrepreneur as Madonna" name="EntrepreneurAsMadonna" ID="23646"/>
        </corpus>
        <corpus description="LUCorpus-v0.3" name="LUCorpus-v0.3" ID="205">
            <document description="wsj_1640.mrg-NEW" name="wsj_1640.mrg-NEW" ID="23727"/>
        </corpus>
        <frame>
            <FE fgColor="FFFFFF" bgColor="9F79EE" type="Peripheral" abbrev="Compense" name="Compensation"/>
            <FE fgColor="FFFFFF" bgColor="00008B" type="Peripheral" abbrev="CB" name="Contract_basis"/>
            <FE fgColor="000000" bgColor="FFFF00" type="Extra-Thematic" abbrev="" name="Descriptor"/>
            <FE fgColor="FFFFFF" bgColor="006400" type="Peripheral" abbrev="Dur" name="Duration"/>
            <FE fgColor="FFFFFF" bgColor="0000FF" type="Core" abbrev="Empee" name="Employee"/>
            <FE fgColor="FFFFFF" bgColor="FF0000" type="Core" abbrev="Emper" name="Employer"/>
            <FE fgColor="FFFFFF" bgColor="00BFFF" type="Core" abbrev="Field" name="Field"/>
            <FE fgColor="FFFFFF" bgColor="FF69B4" type="Peripheral" abbrev="Mnr" name="Manner"/>
            <FE fgColor="FFFFFF" bgColor="008000" type="Peripheral" abbrev="Place" name="Place"/>
            <FE fgColor="FFFFFF" bgColor="9400D3" type="Core" abbrev="Posit" name="Position"/>
            <FE fgColor="FFFFFF" bgColor="800080" type="Extra-Thematic" abbrev="Purp" name="Purpose"/>
            <FE fgColor="FFFFFF" bgColor="A52A2A" type="Peripheral" abbrev="Sub" name="Subgroup"/>
            <FE fgColor="FFFFFF" bgColor="808080" type="Core" abbrev="Task" name="Task"/>
            <FE fgColor="FFFFFF" bgColor="FFA500" type="Peripheral" abbrev="Time" name="Time"/>
        </frame>
    </header>
    <definition>COD:   a person that is employed for wage or salary</definition>
    <lexeme POS="N" name="employee"/>
    <valences>
        <FERealization total="1">
            <FE name="Descriptor"/>
            <pattern total="1">
                <valenceUnit GF="Dep" PT="AJP" FE="Descriptor"/>
                <annoSet ID="6547671"/>
            </pattern>
        </FERealization>
        <FERealization total="8">
            <FE name="Employee"/>
            <pattern total="8">
                <valenceUnit GF="" PT="DEN" FE="Employee"/>
                <annoSet ID="4530819"/>
                <annoSet ID="6523797"/>
                <annoSet ID="6535203"/>
                <annoSet ID="6537026"/>
                <annoSet ID="6537031"/>
                <annoSet ID="6537041"/>
                <annoSet ID="6538626"/>
                <annoSet ID="6547671"/>
            </pattern>
        </FERealization>
        <FERealization total="3">
            <FE name="Employer"/>
            <pattern total="1">
                <valenceUnit GF="" PT="INI" FE="Employer"/>
                <annoSet ID="6547671"/>
            </pattern>
            <pattern total="1">
                <valenceUnit GF="Dep" PT="N" FE="Employer"/>
                <annoSet ID="6535203"/>
            </pattern>
            <pattern total="1">
                <valenceUnit GF="Gen" PT="Poss" FE="Employer"/>
                <annoSet ID="6538626"/>
            </pattern>
        </FERealization>
        <FERealization total="1">
            <FE name="Task"/>
            <pattern total="1">
                <valenceUnit GF="Dep" PT="A" FE="Task"/>
                <annoSet ID="6523797"/>
            </pattern>
        </FERealization>
        <FEGroupRealization total="1">
            <FE name="Descriptor"/>
            <FE name="Employee"/>
            <FE name="Employer"/>
            <pattern total="1">
                <valenceUnit GF="Dep" PT="AJP" FE="Descriptor"/>
                <valenceUnit GF="" PT="DEN" FE="Employee"/>
                <valenceUnit GF="" PT="INI" FE="Employer"/>
                <annoSet ID="6547671"/>
            </pattern>
        </FEGroupRealization>
        <FEGroupRealization total="4">
            <FE name="Employee"/>
            <pattern total="4">
                <valenceUnit GF="" PT="DEN" FE="Employee"/>
                <annoSet ID="4530819"/>
                <annoSet ID="6537026"/>
                <annoSet ID="6537031"/>
                <annoSet ID="6537041"/>
            </pattern>
        </FEGroupRealization>
        <FEGroupRealization total="2">
            <FE name="Employee"/>
            <FE name="Employer"/>
            <pattern total="1">
                <valenceUnit GF="" PT="DEN" FE="Employee"/>
                <valenceUnit GF="Dep" PT="N" FE="Employer"/>
                <annoSet ID="6535203"/>
            </pattern>
            <pattern total="1">
                <valenceUnit GF="" PT="DEN" FE="Employee"/>
                <valenceUnit GF="Gen" PT="Poss" FE="Employer"/>
                <annoSet ID="6538626"/>
            </pattern>
        </FEGroupRealization>
        <FEGroupRealization total="1">
            <FE name="Employee"/>
            <FE name="Task"/>
            <pattern total="1">
                <valenceUnit GF="" PT="DEN" FE="Employee"/>
                <valenceUnit GF="Dep" PT="A" FE="Task"/>
                <annoSet ID="6523797"/>
            </pattern>
        </FEGroupRealization>
    </valences>
    <subCorpus name="manually-added">
        <sentence corpID="115" docID="23019" sentNo="1" paragNo="5" aPos="0" ID="2824536">
            <text>However , Aetna 's employee benefits division , which includes its group health insurance operations , posted a 34 % profit gain to $ 106 million .</text>
            <annotationSet cDate="02/12/2007 01:00:09 PST Mon" status="UNANN" ID="4530791">
                <layer rank="1" name="PENN">
                    <label end="6" start="0" name="rb"/>
                    <label end="8" start="8" name=","/>
                    <label end="14" start="10" name="NP"/>
                    <label end="17" start="16" name="POS"/>
                    <label end="26" start="19" name="nn"/>
                    <label end="35" start="28" name="nns"/>
                    <label end="44" start="37" name="nn"/>
                    <label end="46" start="46" name=","/>
                    <label end="52" start="48" name="wdt"/>
                    <label end="61" start="54" name="VVZ"/>
                    <label end="65" start="63" name="PP$"/>
                    <label end="71" start="67" name="nn"/>
                    <label end="78" start="73" name="nn"/>
                    <label end="88" start="80" name="nn"/>
                    <label end="99" start="90" name="nns"/>
                    <label end="101" start="101" name=","/>
                    <label end="108" start="103" name="VVD"/>
                    <label end="110" start="110" name="dt"/>
                    <label end="113" start="112" name="cd"/>
                    <label end="115" start="115" name="nn"/>
                    <label end="122" start="117" name="nn"/>
                    <label end="127" start="124" name="nn"/>
                    <label end="130" start="129" name="to"/>
                    <label end="132" start="132" name="$"/>
                    <label end="136" start="134" name="cd"/>
                    <label end="144" start="138" name="cd"/>
                    <label end="146" start="146" name="sent"/>
                </layer>
                <layer rank="1" name="NER">
                    <label end="14" start="10" name="organization"/>
                    <label end="115" start="112" name="percent"/>
                    <label end="144" start="132" name="money"/>
                </layer>
                <layer rank="1" name="WSL">
                    <label end="6" start="0" name="NT"/>
                    <label end="8" start="8" name="NT"/>
                    <label end="14" start="10" name="NT"/>
                    <label end="17" start="16" name="NT"/>
                    <label end="46" start="46" name="NT"/>
                    <label end="52" start="48" name="NT"/>
                    <label end="65" start="63" name="NT"/>
                    <label end="101" start="101" name="NT"/>
                    <label end="110" start="110" name="NT"/>
                    <label end="113" start="112" name="NT"/>
                    <label end="130" start="129" name="NT"/>
                    <label end="132" start="132" name="NT"/>
                    <label end="136" start="134" name="NT"/>
                    <label end="144" start="138" name="NT"/>
                    <label end="146" start="146" name="NT"/>
                </layer>
            </annotationSet>
            <annotationSet cDate="02/12/2007 04:42:51 PST Mon" status="MANUAL" ID="4530819">
                <layer rank="1" name="Target">
                    <label cBy="MJE" end="26" start="19" name="Target"/>
                </layer>
                <layer rank="1" name="FE">
                    <label cBy="MJE" feID="2807" end="26" start="19" name="Employee"/>
                </layer>
                <layer rank="1" name="GF"/>
                <layer rank="1" name="PT"/>
                <layer rank="1" name="Other"/>
                <layer rank="1" name="Sent"/>
                <layer rank="1" name="Noun"/>
            </annotationSet>
        </sentence>
        <sentence corpID="135" docID="23513" sentNo="3" paragNo="32" aPos="0" ID="4096970">
            <text>AKU employs 480 full - time teachers and 550 administrative employees .</text>
            <annotationSet cDate="02/25/2005 12:37:40 PST Fri" status="UNANN" ID="6522635">
                <layer rank="1" name="PENN">
                    <label end="2" start="0" name="NP"/>
                    <label end="10" start="4" name="VVZ"/>
                    <label end="14" start="12" name="cd"/>
                    <label end="19" start="16" name="jj"/>
                    <label end="21" start="21" name=":"/>
                    <label end="26" start="23" name="nn"/>
                    <label end="35" start="28" name="nns"/>
                    <label end="39" start="37" name="cc"/>
                    <label end="43" start="41" name="cd"/>
                    <label end="58" start="45" name="jj"/>
                    <label end="68" start="60" name="nns"/>
                    <label end="70" start="70" name="sent"/>
                </layer>
                <layer rank="1" name="NER">
                    <label end="2" start="0" name="organization"/>
                </layer>
                <layer rank="1" name="WSL">
                    <label end="2" start="0" name="NT"/>
                    <label end="14" start="12" name="NT"/>
                    <label end="21" start="21" name="NT"/>
                    <label end="39" start="37" name="NT"/>
                    <label end="43" start="41" name="NT"/>
                    <label end="70" start="70" name="NT"/>
                </layer>
            </annotationSet>
            <annotationSet cDate="03/03/2005 09:05:45 PST Thu" status="MANUAL" ID="6523797">
                <layer rank="1" name="Target">
                    <label cBy="MJE" end="68" start="60" name="Target"/>
                </layer>
                <layer rank="1" name="FE">
                    <label cBy="MJE" feID="2807" end="68" start="60" name="Employee"/>
                    <label cBy="MJE" feID="2814" end="58" start="45" name="Task"/>
                </layer>
                <layer rank="1" name="GF">
                    <label end="58" start="45" name="Dep"/>
                </layer>
                <layer rank="1" name="PT">
                    <label end="58" start="45" name="A"/>
                </layer>
                <layer rank="1" name="Other"/>
                <layer rank="1" name="Sent"/>
                <layer rank="1" name="Noun"/>
            </annotationSet>
        </sentence>
        <sentence corpID="135" docID="23605" sentNo="1" paragNo="16" aPos="0" ID="4099616">
            <text>`` Four Aberdeen Proving Ground employees were taken to a local hospital yesterday after a report of a chemical leak , the third incident in about a week during which workers were at risk of exposure to lethal substances at the Army base in Harford County .</text>
            <annotationSet cDate="06/06/2006 02:40:01 PDT Tue" status="UNANN" ID="6534957">
                <layer rank="1" name="PENN">
                    <label end="1" start="0" name="``"/>
                    <label end="6" start="3" name="NP"/>
                    <label end="15" start="8" name="NP"/>
                    <label end="23" start="17" name="VVG"/>
                    <label end="30" start="25" name="nn"/>
                    <label end="40" start="32" name="nns"/>
                    <label end="45" start="42" name="VBD"/>
                    <label end="51" start="47" name="VVN"/>
                    <label end="54" start="53" name="to"/>
                    <label end="56" start="56" name="dt"/>
                    <label end="62" start="58" name="jj"/>
                    <label end="71" start="64" name="nn"/>
                    <label end="81" start="73" name="nn"/>
                    <label end="87" start="83" name="in"/>
                    <label end="89" start="89" name="dt"/>
                    <label end="96" start="91" name="nn"/>
                    <label end="99" start="98" name="in"/>
                    <label end="101" start="101" name="dt"/>
                    <label end="110" start="103" name="nn"/>
                    <label end="115" start="112" name="nn"/>
                    <label end="117" start="117" name=","/>
                    <label end="121" start="119" name="dt"/>
                    <label end="127" start="123" name="jj"/>
                    <label end="136" start="129" name="nn"/>
                    <label end="139" start="138" name="in"/>
                    <label end="145" start="141" name="in"/>
                    <label end="147" start="147" name="dt"/>
                    <label end="152" start="149" name="nn"/>
                    <label end="159" start="154" name="in"/>
                    <label end="165" start="161" name="wdt"/>
                    <label end="173" start="167" name="nns"/>
                    <label end="178" start="175" name="VBD"/>
                    <label end="181" start="180" name="in"/>
                    <label end="186" start="183" name="nn"/>
                    <label end="189" start="188" name="in"/>
                    <label end="198" start="191" name="nn"/>
                    <label end="201" start="200" name="to"/>
                    <label end="208" start="203" name="jj"/>
                    <label end="219" start="210" name="nns"/>
                    <label end="222" start="221" name="in"/>
                    <label end="226" start="224" name="dt"/>
                    <label end="231" start="228" name="NP"/>
                    <label end="236" start="233" name="nn"/>
                    <label end="239" start="238" name="in"/>
                    <label end="247" start="241" name="NP"/>
                    <label end="254" start="249" name="NP"/>
                    <label end="256" start="256" name="sent"/>
                </layer>
                <layer rank="1" name="NER">
                    <label end="30" start="8" name="organization"/>
                    <label end="231" start="228" name="organization"/>
                    <label end="254" start="241" name="location"/>
                </layer>
                <layer rank="1" name="WSL">
                    <label end="1" start="0" name="NT"/>
                    <label end="15" start="8" name="NT"/>
                    <label end="45" start="42" name="NT"/>
                    <label end="54" start="53" name="NT"/>
                    <label end="56" start="56" name="NT"/>
                    <label end="89" start="89" name="NT"/>
                    <label end="99" start="98" name="NT"/>
                    <label end="101" start="101" name="NT"/>
                    <label end="117" start="117" name="NT"/>
                    <label end="121" start="119" name="NT"/>
                    <label end="139" start="138" name="NT"/>
                    <label end="145" start="141" name="NT"/>
                    <label end="147" start="147" name="NT"/>
                    <label end="165" start="161" name="NT"/>
                    <label end="178" start="175" name="NT"/>
                    <label end="181" start="180" name="NT"/>
                    <label end="189" start="188" name="NT"/>
                    <label end="201" start="200" name="NT"/>
                    <label end="226" start="224" name="NT"/>
                    <label end="247" start="241" name="NT"/>
                    <label end="256" start="256" name="NT"/>
                </layer>
            </annotationSet>
            <annotationSet cDate="06/09/2006 03:10:43 PDT Fri" status="MANUAL" ID="6535203">
                <layer rank="1" name="Target">
                    <label cBy="RLG" end="40" start="32" name="Target"/>
                </layer>
                <layer rank="1" name="FE">
                    <label cBy="RLG" feID="2808" end="30" start="8" name="Employer"/>
                    <label cBy="RLG" feID="2807" end="40" start="32" name="Employee"/>
                </layer>
                <layer rank="1" name="GF">
                    <label end="30" start="8" name="Dep"/>
                </layer>
                <layer rank="1" name="PT">
                    <label end="30" start="8" name="N"/>
                </layer>
                <layer rank="1" name="Other"/>
                <layer rank="1" name="Sent"/>
                <layer rank="1" name="Noun"/>
            </annotationSet>
        </sentence>
        <sentence corpID="135" docID="23621" sentNo="2" paragNo="10" aPos="0" ID="4099761">
            <text>`` Our employees and those of our subcontractors work safely every day and that 's why we are honored with these awards , '' said Westinghouse Anniston Project Manager Bob Love .</text>
            <annotationSet cDate="07/18/2006 02:44:52 PDT Tue" status="UNANN" ID="6536847">
                <layer rank="1" name="PENN">
                    <label end="1" start="0" name="``"/>
                    <label end="5" start="3" name="PP$"/>
                    <label end="15" start="7" name="nns"/>
                    <label end="19" start="17" name="cc"/>
                    <label end="25" start="21" name="dt"/>
                    <label end="28" start="27" name="in"/>
                    <label end="32" start="30" name="PP$"/>
                    <label end="47" start="34" name="nns"/>
                    <label end="52" start="49" name="VVP"/>
                    <label end="59" start="54" name="rb"/>
                    <label end="65" start="61" name="dt"/>
                    <label end="69" start="67" name="nn"/>
                    <label end="73" start="71" name="cc"/>
                    <label end="78" start="75" name="dt"/>
                    <label end="81" start="80" name="VBZ"/>
                    <label end="85" start="83" name="wrb"/>
                    <label end="88" start="87" name="PP"/>
                    <label end="92" start="90" name="vbp"/>
                    <label end="100" start="94" name="VVN"/>
                    <label end="105" start="102" name="in"/>
                    <label end="111" start="107" name="dt"/>
                    <label end="118" start="113" name="nns"/>
                    <label end="120" start="120" name=","/>
                    <label end="123" start="122" name="''"/>
                    <label end="128" start="125" name="VVD"/>
                    <label end="141" start="130" name="NP"/>
                    <label end="150" start="143" name="NP"/>
                    <label end="158" start="152" name="NP"/>
                    <label end="166" start="160" name="NP"/>
                    <label end="170" start="168" name="NP"/>
                    <label end="175" start="172" name="NP"/>
                    <label end="177" start="177" name="sent"/>
                </layer>
                <layer rank="1" name="NER">
                    <label end="175" start="168" name="person"/>
                    <label end="150" start="130" name="organization"/>
                </layer>
                <layer rank="1" name="WSL">
                    <label end="1" start="0" name="NT"/>
                    <label end="5" start="3" name="NT"/>
                    <label end="19" start="17" name="NT"/>
                    <label end="25" start="21" name="NT"/>
                    <label end="28" start="27" name="NT"/>
                    <label end="32" start="30" name="NT"/>
                    <label end="65" start="61" name="NT"/>
                    <label end="73" start="71" name="NT"/>
                    <label end="78" start="75" name="NT"/>
                    <label end="81" start="80" name="NT"/>
                    <label end="88" start="87" name="NT"/>
                    <label end="92" start="90" name="NT"/>
                    <label end="105" start="102" name="NT"/>
                    <label end="111" start="107" name="NT"/>
                    <label end="120" start="120" name="NT"/>
                    <label end="123" start="122" name="NT"/>
                    <label end="141" start="130" name="NT"/>
                    <label end="150" start="143" name="NT"/>
                    <label end="170" start="168" name="NT"/>
                    <label end="175" start="172" name="NT"/>
                    <label end="177" start="177" name="NT"/>
                </layer>
            </annotationSet>
            <annotationSet cDate="07/21/2006 01:43:29 PDT Fri" status="MANUAL" ID="6537026">
                <layer rank="1" name="Target">
                    <label cBy="KmG" end="15" start="7" name="Target"/>
                </layer>
                <layer rank="1" name="FE">
                    <label cBy="KmG" feID="2807" end="15" start="7" name="Employee"/>
                </layer>
                <layer rank="1" name="GF"/>
                <layer rank="1" name="PT"/>
                <layer rank="1" name="Other"/>
                <layer rank="1" name="Sent"/>
                <layer rank="1" name="Noun"/>
            </annotationSet>
        </sentence>
        <sentence corpID="135" docID="23621" sentNo="3" paragNo="10" aPos="0" ID="4099762">
            <text>`` Awards like this reflect the safe work the employees do each and every day as they protect themselves , the environment and the community .</text>
            <annotationSet cDate="07/18/2006 02:44:53 PDT Tue" status="UNANN" ID="6536848">
                <layer rank="1" name="PENN">
                    <label end="1" start="0" name="``"/>
                    <label end="8" start="3" name="nns"/>
                    <label end="13" start="10" name="in"/>
                    <label end="18" start="15" name="dt"/>
                    <label end="26" start="20" name="VVP"/>
                    <label end="30" start="28" name="dt"/>
                    <label end="35" start="32" name="jj"/>
                    <label end="40" start="37" name="nn"/>
                    <label end="44" start="42" name="dt"/>
                    <label end="54" start="46" name="nns"/>
                    <label end="57" start="56" name="VVP"/>
                    <label end="62" start="59" name="dt"/>
                    <label end="66" start="64" name="cc"/>
                    <label end="72" start="68" name="dt"/>
                    <label end="76" start="74" name="nn"/>
                    <label end="79" start="78" name="in"/>
                    <label end="84" start="81" name="PP"/>
                    <label end="92" start="86" name="VV"/>
                    <label end="103" start="94" name="PP"/>
                    <label end="105" start="105" name=","/>
                    <label end="109" start="107" name="dt"/>
                    <label end="121" start="111" name="nn"/>
                    <label end="125" start="123" name="cc"/>
                    <label end="129" start="127" name="dt"/>
                    <label end="139" start="131" name="nn"/>
                    <label end="141" start="141" name="sent"/>
                </layer>
                <layer rank="1" name="NER"/>
                <layer rank="1" name="WSL">
                    <label end="1" start="0" name="NT"/>
                    <label end="13" start="10" name="NT"/>
                    <label end="18" start="15" name="NT"/>
                    <label end="30" start="28" name="NT"/>
                    <label end="44" start="42" name="NT"/>
                    <label end="62" start="59" name="NT"/>
                    <label end="66" start="64" name="NT"/>
                    <label end="72" start="68" name="NT"/>
                    <label end="79" start="78" name="NT"/>
                    <label end="84" start="81" name="NT"/>
                    <label end="103" start="94" name="NT"/>
                    <label end="105" start="105" name="NT"/>
                    <label end="109" start="107" name="NT"/>
                    <label end="125" start="123" name="NT"/>
                    <label end="129" start="127" name="NT"/>
                    <label end="141" start="141" name="NT"/>
                    <label end="121" start="111" name="Nonrelational"/>
                </layer>
            </annotationSet>
            <annotationSet cDate="07/21/2006 02:16:22 PDT Fri" status="MANUAL" ID="6537031">
                <layer rank="1" name="Target">
                    <label cBy="KmG" end="54" start="46" name="Target"/>
                </layer>
                <layer rank="1" name="FE">
                    <label cBy="KmG" feID="2807" end="54" start="46" name="Employee"/>
                </layer>
                <layer rank="1" name="GF"/>
                <layer rank="1" name="PT"/>
                <layer rank="1" name="Other"/>
                <layer rank="1" name="Sent"/>
                <layer rank="1" name="Noun"/>
            </annotationSet>
        </sentence>
        <sentence corpID="135" docID="23621" sentNo="5" paragNo="10" aPos="0" ID="4099764">
            <text>The employees deserve the recognition . ''</text>
            <annotationSet cDate="07/18/2006 02:44:54 PDT Tue" status="UNANN" ID="6536850">
                <layer rank="1" name="PENN">
                    <label end="2" start="0" name="dt"/>
                    <label end="12" start="4" name="nns"/>
                    <label end="20" start="14" name="VVP"/>
                    <label end="24" start="22" name="dt"/>
                    <label end="36" start="26" name="nn"/>
                    <label end="38" start="38" name="sent"/>
                    <label end="41" start="40" name="''"/>
                </layer>
                <layer rank="1" name="NER"/>
                <layer rank="1" name="WSL">
                    <label end="2" start="0" name="NT"/>
                    <label end="24" start="22" name="NT"/>
                    <label end="38" start="38" name="NT"/>
                    <label end="41" start="40" name="NT"/>
                </layer>
            </annotationSet>
            <annotationSet cDate="07/21/2006 02:44:26 PDT Fri" status="MANUAL" ID="6537041">
                <layer rank="1" name="Target">
                    <label cBy="KmG" end="12" start="4" name="Target"/>
                </layer>
                <layer rank="1" name="FE">
                    <label cBy="KmG" feID="2807" end="12" start="4" name="Employee"/>
                </layer>
                <layer rank="1" name="GF"/>
                <layer rank="1" name="PT"/>
                <layer rank="1" name="Other"/>
                <layer rank="1" name="Sent"/>
                <layer rank="1" name="Noun"/>
            </annotationSet>
        </sentence>
        <sentence corpID="195" docID="23646" sentNo="3" paragNo="6" aPos="0" ID="4100300">
            <text>AOL would never have existed if it had been founded here , I am sure , since its employees would have been mocked into obscurity by the digerati .</text>
            <annotationSet cDate="09/28/2006 01:56:41 PDT Thu" status="UNANN" ID="6538380">
                <layer rank="1" name="PENN">
                    <label end="2" start="0" name="NP"/>
                    <label end="8" start="4" name="md"/>
                    <label end="14" start="10" name="rb"/>
                    <label end="19" start="16" name="VH"/>
                    <label end="27" start="21" name="VVN"/>
                    <label end="30" start="29" name="in"/>
                    <label end="33" start="32" name="PP"/>
                    <label end="37" start="35" name="VHD"/>
                    <label end="42" start="39" name="VBN"/>
                    <label end="50" start="44" name="VVN"/>
                    <label end="55" start="52" name="rb"/>
                    <label end="57" start="57" name=","/>
                    <label end="59" start="59" name="PP"/>
                    <label end="62" start="61" name="vbp"/>
                    <label end="67" start="64" name="jj"/>
                    <label end="69" start="69" name=","/>
                    <label end="75" start="71" name="in"/>
                    <label end="79" start="77" name="PP$"/>
                    <label end="89" start="81" name="nns"/>
                    <label end="95" start="91" name="md"/>
                    <label end="100" start="97" name="VH"/>
                    <label end="105" start="102" name="VBN"/>
                    <label end="112" start="107" name="VVN"/>
                    <label end="117" start="114" name="in"/>
                    <label end="127" start="119" name="nn"/>
                    <label end="130" start="129" name="in"/>
                    <label end="134" start="132" name="dt"/>
                    <label end="143" start="136" name="nn"/>
                    <label end="145" start="145" name="sent"/>
                </layer>
                <layer rank="1" name="NER">
                    <label end="2" start="0" name="organization"/>
                </layer>
                <layer rank="1" name="WSL">
                    <label end="2" start="0" name="NT"/>
                    <label end="8" start="4" name="NT"/>
                    <label end="19" start="16" name="NT"/>
                    <label end="33" start="32" name="NT"/>
                    <label end="37" start="35" name="NT"/>
                    <label end="42" start="39" name="NT"/>
                    <label end="57" start="57" name="NT"/>
                    <label end="59" start="59" name="NT"/>
                    <label end="62" start="61" name="NT"/>
                    <label end="69" start="69" name="NT"/>
                    <label end="79" start="77" name="NT"/>
                    <label end="95" start="91" name="NT"/>
                    <label end="100" start="97" name="NT"/>
                    <label end="105" start="102" name="NT"/>
                    <label end="134" start="132" name="NT"/>
                    <label end="145" start="145" name="NT"/>
                    <label end="143" start="136" name="Nonrelational"/>
                    <label end="130" start="129" name="NT"/>
                </layer>
            </annotationSet>
            <annotationSet cDate="10/04/2006 03:28:24 PDT Wed" status="MANUAL" ID="6538626">
                <layer rank="1" name="Target">
                    <label cBy="KmG" end="89" start="81" name="Target"/>
                </layer>
                <layer rank="1" name="FE">
                    <label cBy="KmG" feID="2808" end="79" start="77" name="Employer"/>
                    <label cBy="KmG" feID="2807" end="89" start="81" name="Employee"/>
                </layer>
                <layer rank="1" name="GF">
                    <label end="79" start="77" name="Gen"/>
                </layer>
                <layer rank="1" name="PT">
                    <label end="79" start="77" name="Poss"/>
                </layer>
                <layer rank="1" name="Other"/>
                <layer rank="1" name="Sent"/>
                <layer rank="1" name="Noun"/>
            </annotationSet>
        </sentence>
        <sentence corpID="205" docID="23727" sentNo="1" paragNo="1" aPos="0" ID="4101844">
            <text>Electronic theft by foreign and industrial spies and disgruntled employees is costing U.S. companies billions and eroding their international competitive advantage .</text>
            <annotationSet cDate="08/15/2007 04:21:47 PDT Wed" status="UNANN" ID="6545602">
                <layer rank="1" name="PENN">
                    <label end="9" start="0" name="jj"/>
                    <label end="15" start="11" name="nn"/>
                    <label end="18" start="17" name="in"/>
                    <label end="26" start="20" name="jj"/>
                    <label end="30" start="28" name="cc"/>
                    <label end="41" start="32" name="jj"/>
                    <label end="47" start="43" name="nns"/>
                    <label end="51" start="49" name="cc"/>
                    <label end="63" start="53" name="jj"/>
                    <label end="73" start="65" name="nns"/>
                    <label end="76" start="75" name="VBZ"/>
                    <label end="84" start="78" name="VVG"/>
                    <label end="89" start="86" name="NP"/>
                    <label end="99" start="91" name="nns"/>
                    <label end="108" start="101" name="nns"/>
                    <label end="112" start="110" name="cc"/>
                    <label end="120" start="114" name="VVG"/>
                    <label end="126" start="122" name="PP$"/>
                    <label end="140" start="128" name="jj"/>
                    <label end="152" start="142" name="jj"/>
                    <label end="162" start="154" name="nn"/>
                    <label end="164" start="164" name="sent"/>
                </layer>
                <layer rank="1" name="NER">
                    <label end="89" start="86" name="location"/>
                </layer>
                <layer rank="1" name="WSL">
                    <label end="18" start="17" name="NT"/>
                    <label end="30" start="28" name="NT"/>
                    <label end="51" start="49" name="NT"/>
                    <label end="76" start="75" name="NT"/>
                    <label end="89" start="86" name="NT"/>
                    <label end="112" start="110" name="NT"/>
                    <label end="126" start="122" name="NT"/>
                    <label end="164" start="164" name="NT"/>
                </layer>
            </annotationSet>
            <annotationSet cDate="09/10/2007 05:43:44 PDT Mon" status="MANUAL" ID="6547671">
                <layer rank="1" name="Target">
                    <label cBy="RLG" end="73" start="65" name="Target"/>
                </layer>
                <layer rank="1" name="FE">
                    <label cBy="RLG" feID="2807" end="73" start="65" name="Employee"/>
                    <label cBy="RLG" feID="2808" itype="INI" name="Employer"/>
                    <label cBy="RLG" feID="10901" end="63" start="53" name="Descriptor"/>
                </layer>
                <layer rank="1" name="GF">
                    <label end="63" start="53" name="Dep"/>
                </layer>
                <layer rank="1" name="PT">
                    <label end="63" start="53" name="AJP"/>
                </layer>
                <layer rank="1" name="Other"/>
                <layer rank="1" name="Sent"/>
                <layer rank="1" name="Noun"/>
            </annotationSet>
        </sentence>
    </subCorpus>
</lexUnit>