<?xml version="1.0" encoding="UTF-8" standalone="yes"?>
<?xml-stylesheet type="text/xsl" href="lexUnit.xsl"?>
<lexUnit status="Finished_Initial" POS="V" name="hazard.v" ID="8480" frame="Statement" frameID="43" totalAnnotated="6" xsi:schemaLocation="../schema/lexUnit.xsd" xmlns="http://framenet.icsi.berkeley.edu" xmlns:xsi="http://www.w3.org/2001/XMLSchema-instance">
    <header>
        <corpus description="BNC2" name="BNC2" ID="111">
            <document description="bncp" name="bncp" ID="421"/>
        </corpus>
        <frame>
            <FE fgColor="FFFFFF" bgColor="006400" type="Extra-Thematic" abbrev="Add" name="Addressee"/>
            <FE fgColor="FFFFFF" bgColor="00008B" type="Extra-Thematic" abbrev="Cf" name="Communicative_force"/>
            <FE fgColor="000000" bgColor="2E8B57" type="Extra-Thematic" abbrev="" name="Containing_event"/>
            <FE fgColor="000000" bgColor="EEE8AA" type="Extra-Thematic" abbrev="Deg" name="Degree"/>
            <FE fgColor="FFFFFF" bgColor="9400D3" type="Extra-Thematic" abbrev="Dep" name="Depictive"/>
            <FE fgColor="00008B" bgColor="FFFF00" type="Extra-Thematic" abbrev="Eve" name="Event_description"/>
            <FE fgColor="FFFFFF" bgColor="1E90FF" type="Extra-Thematic" abbrev="" name="Frequency"/>
            <FE fgColor="000000" bgColor="d0d0d0" type="Extra-Thematic" abbrev="Gro" name="Group"/>
            <FE fgColor="FFFFFF" bgColor="7CCD7C" type="Extra-Thematic" abbrev="ICause" name="Internal_cause"/>
            <FE fgColor="FFFFFF" bgColor="2E8B57" type="Extra-Thematic" abbrev="Ite" name="Iterations"/>
            <FE fgColor="FFFFFF" bgColor="FF00FF" type="Peripheral" abbrev="Manr" name="Manner"/>
            <FE fgColor="FFFFFF" bgColor="A52A2A" type="Peripheral" abbrev="Mns" name="Means"/>
            <FE fgColor="FFFFFF" bgColor="808080" type="Core" abbrev="Medium" name="Medium"/>
            <FE fgColor="FFFFFF" bgColor="00BFFF" type="Core" abbrev="Msg" name="Message"/>
            <FE fgColor="FFFFFF" bgColor="9F79EE" type="Extra-Thematic" abbrev="" name="Occasion"/>
            <FE fgColor="FFFFFF" bgColor="90876C" type="Extra-Thematic" abbrev="par" name="Particular_iteration"/>
            <FE fgColor="FFFFFF" bgColor="008000" type="Peripheral" abbrev="Pla" name="Place"/>
            <FE fgColor="FFFFFF" bgColor="FF0000" type="Core" abbrev="Spkr" name="Speaker"/>
            <FE fgColor="FFFFFF" bgColor="FFA500" type="Peripheral" abbrev="Time" name="Time"/>
            <FE fgColor="FFFFFF" bgColor="0000FF" type="Core" abbrev="Top" name="Topic"/>
        </frame>
    </header>
    <definition>COD: venture to say</definition>
    <lexeme POS="V" name="hazard"/>
    <valences>
        <FERealization total="6">
            <FE name="Message"/>
            <pattern total="6">
                <valenceUnit GF="Dep" PT="QUO" FE="Message"/>
                <annoSet ID="1847181"/>
                <annoSet ID="1847185"/>
                <annoSet ID="1847195"/>
                <annoSet ID="1847199"/>
                <annoSet ID="1847201"/>
                <annoSet ID="1847235"/>
            </pattern>
        </FERealization>
        <FERealization total="6">
            <FE name="Speaker"/>
            <pattern total="6">
                <valenceUnit GF="Ext" PT="NP" FE="Speaker"/>
                <annoSet ID="1847181"/>
                <annoSet ID="1847185"/>
                <annoSet ID="1847195"/>
                <annoSet ID="1847199"/>
                <annoSet ID="1847201"/>
                <annoSet ID="1847235"/>
            </pattern>
        </FERealization>
        <FEGroupRealization total="6">
            <FE name="Message"/>
            <FE name="Speaker"/>
            <pattern total="6">
                <valenceUnit GF="Dep" PT="QUO" FE="Message"/>
                <valenceUnit GF="Ext" PT="NP" FE="Speaker"/>
                <annoSet ID="1847181"/>
                <annoSet ID="1847185"/>
                <annoSet ID="1847195"/>
                <annoSet ID="1847199"/>
                <annoSet ID="1847201"/>
                <annoSet ID="1847235"/>
            </pattern>
        </FEGroupRealization>
    </valences>
    <subCorpus name="01-W-XP-W-T-(1)">
        <sentence corpID="111" docID="421" sentNo="2" paragNo="1662" aPos="0" ID="1200010">
            <text>` You know what I mean , anyway , &quot; he hazarded , giving up , and added ` As the challenged parties my lords Lio!rt and Liartes have choice of weapons . &quot;</text>
            <annotationSet cDate="03/28/2003 12:14:36 PST Fri" status="UNANN" ID="1847180">
                <layer rank="1" name="PENN">
                    <label end="4" start="2" name="PP"/>
                    <label end="9" start="6" name="VVP"/>
                    <label end="14" start="11" name="wp"/>
                    <label end="16" start="16" name="PP"/>
                    <label end="21" start="18" name="VVP"/>
                    <label end="23" start="23" name=","/>
                    <label end="30" start="25" name="rb"/>
                    <label end="32" start="32" name=","/>
                    <label end="37" start="36" name="PP"/>
                    <label end="46" start="39" name="VVD"/>
                    <label end="48" start="48" name=","/>
                    <label end="55" start="50" name="VVG"/>
                    <label end="58" start="57" name="rp"/>
                    <label end="60" start="60" name=","/>
                    <label end="64" start="62" name="cc"/>
                    <label end="70" start="66" name="VVD"/>
                    <label end="75" start="74" name="in"/>
                    <label end="79" start="77" name="dt"/>
                    <label end="90" start="81" name="VVN"/>
                    <label end="98" start="92" name="nns"/>
                    <label end="101" start="100" name="PP$"/>
                    <label end="107" start="103" name="nns"/>
                    <label end="114" start="109" name="NP"/>
                    <label end="118" start="116" name="cc"/>
                    <label end="126" start="120" name="NP"/>
                    <label end="131" start="128" name="VHP"/>
                    <label end="138" start="133" name="nn"/>
                    <label end="141" start="140" name="in"/>
                    <label end="149" start="143" name="nns"/>
                    <label end="151" start="151" name="sent"/>
                </layer>
                <layer rank="1" name="NER"/>
                <layer rank="1" name="WSL"/>
            </annotationSet>
            <annotationSet cDate="03/28/2003 12:14:38 PST Fri" status="MANUAL" ID="1847181">
                <layer rank="1" name="Target">
                    <label cBy="GlY" end="46" start="39" name="Target"/>
                </layer>
                <layer rank="1" name="FE">
                    <label cBy="GlY" feID="183" end="37" start="36" name="Speaker"/>
                    <label cBy="RLG" feID="185" end="34" start="0" name="Message"/>
                </layer>
                <layer rank="1" name="GF">
                    <label end="37" start="36" name="Ext"/>
                    <label end="34" start="0" name="Dep"/>
                </layer>
                <layer rank="1" name="PT">
                    <label end="37" start="36" name="NP"/>
                    <label end="34" start="0" name="QUO"/>
                </layer>
                <layer rank="1" name="Other"/>
                <layer rank="1" name="Sent"/>
                <layer rank="1" name="Verb"/>
            </annotationSet>
        </sentence>
        <sentence corpID="111" docID="421" sentNo="1" paragNo="102" aPos="0" ID="1200012">
            <text>` You want to buy some ? &quot; she hazarded .</text>
            <annotationSet cDate="03/28/2003 12:14:40 PST Fri" status="UNANN" ID="1847184">
                <layer rank="1" name="PENN">
                    <label end="4" start="2" name="PP"/>
                    <label end="9" start="6" name="VVP"/>
                    <label end="12" start="11" name="to"/>
                    <label end="16" start="14" name="VV"/>
                    <label end="21" start="18" name="dt"/>
                    <label end="23" start="23" name="sent"/>
                    <label end="29" start="27" name="PP"/>
                    <label end="38" start="31" name="VVD"/>
                    <label end="40" start="40" name="sent"/>
                </layer>
                <layer rank="1" name="NER"/>
                <layer rank="1" name="WSL"/>
            </annotationSet>
            <annotationSet cDate="03/28/2003 12:14:40 PST Fri" status="MANUAL" ID="1847185">
                <layer rank="1" name="Target">
                    <label cBy="GlY" end="38" start="31" name="Target"/>
                </layer>
                <layer rank="1" name="FE">
                    <label cBy="GlY" feID="183" end="29" start="27" name="Speaker"/>
                    <label cBy="RLG" feID="185" end="25" start="0" name="Message"/>
                </layer>
                <layer rank="1" name="GF">
                    <label end="29" start="27" name="Ext"/>
                    <label end="25" start="0" name="Dep"/>
                </layer>
                <layer rank="1" name="PT">
                    <label end="29" start="27" name="NP"/>
                    <label end="25" start="0" name="QUO"/>
                </layer>
                <layer rank="1" name="Other"/>
                <layer rank="1" name="Sent"/>
                <layer rank="1" name="Verb"/>
            </annotationSet>
        </sentence>
        <sentence corpID="111" docID="421" sentNo="4" paragNo="483" aPos="0" ID="1200017">
            <text>` Was n't there something about a princess locked up by her cruel father ? &quot; she hazarded .</text>
            <annotationSet cDate="03/28/2003 12:14:47 PST Fri" status="UNANN" ID="1847194">
                <layer rank="1" name="PENN">
                    <label end="4" start="2" name="VBD"/>
                    <label end="8" start="6" name="rb"/>
                    <label end="14" start="10" name="rb"/>
                    <label end="24" start="16" name="nn"/>
                    <label end="30" start="26" name="in"/>
                    <label end="32" start="32" name="dt"/>
                    <label end="41" start="34" name="nn"/>
                    <label end="48" start="43" name="VVN"/>
                    <label end="51" start="50" name="rp"/>
                    <label end="54" start="53" name="in"/>
                    <label end="58" start="56" name="PP$"/>
                    <label end="64" start="60" name="jj"/>
                    <label end="71" start="66" name="nn"/>
                    <label end="73" start="73" name="sent"/>
                    <label end="79" start="77" name="PP"/>
                    <label end="88" start="81" name="VVD"/>
                    <label end="90" start="90" name="sent"/>
                </layer>
                <layer rank="1" name="NER"/>
                <layer rank="1" name="WSL"/>
            </annotationSet>
            <annotationSet cDate="03/28/2003 12:14:47 PST Fri" status="MANUAL" ID="1847195">
                <layer rank="1" name="Target">
                    <label cBy="GlY" end="88" start="81" name="Target"/>
                </layer>
                <layer rank="1" name="FE">
                    <label cBy="GlY" feID="183" end="79" start="77" name="Speaker"/>
                    <label cBy="RLG" feID="185" end="75" start="0" name="Message"/>
                </layer>
                <layer rank="1" name="GF">
                    <label end="79" start="77" name="Ext"/>
                    <label end="75" start="0" name="Dep"/>
                </layer>
                <layer rank="1" name="PT">
                    <label end="79" start="77" name="NP"/>
                    <label end="75" start="0" name="QUO"/>
                </layer>
                <layer rank="1" name="Other"/>
                <layer rank="1" name="Sent"/>
                <layer rank="1" name="Verb"/>
            </annotationSet>
        </sentence>
        <sentence corpID="111" docID="421" sentNo="1" paragNo="1252" aPos="0" ID="1200019">
            <text>` Is it an arranged marriage between the two of you ? &quot; she hazarded .</text>
            <annotationSet cDate="03/28/2003 12:14:49 PST Fri" status="UNANN" ID="1847198">
                <layer rank="1" name="PENN">
                    <label end="3" start="2" name="VBZ"/>
                    <label end="6" start="5" name="PP"/>
                    <label end="9" start="8" name="dt"/>
                    <label end="18" start="11" name="VVN"/>
                    <label end="27" start="20" name="nn"/>
                    <label end="35" start="29" name="in"/>
                    <label end="39" start="37" name="dt"/>
                    <label end="43" start="41" name="cd"/>
                    <label end="46" start="45" name="in"/>
                    <label end="50" start="48" name="PP"/>
                    <label end="52" start="52" name="sent"/>
                    <label end="58" start="56" name="PP"/>
                    <label end="67" start="60" name="VVD"/>
                    <label end="69" start="69" name="sent"/>
                </layer>
                <layer rank="1" name="NER"/>
                <layer rank="1" name="WSL"/>
            </annotationSet>
            <annotationSet cDate="03/28/2003 12:14:50 PST Fri" status="MANUAL" ID="1847199">
                <layer rank="1" name="Target">
                    <label cBy="GlY" end="67" start="60" name="Target"/>
                </layer>
                <layer rank="1" name="FE">
                    <label cBy="GlY" feID="183" end="58" start="56" name="Speaker"/>
                    <label cBy="RLG" feID="185" end="54" start="0" name="Message"/>
                </layer>
                <layer rank="1" name="GF">
                    <label end="58" start="56" name="Ext"/>
                    <label end="54" start="0" name="Dep"/>
                </layer>
                <layer rank="1" name="PT">
                    <label end="58" start="56" name="NP"/>
                    <label end="54" start="0" name="QUO"/>
                </layer>
                <layer rank="1" name="Other"/>
                <layer rank="1" name="Sent"/>
                <layer rank="1" name="Verb"/>
            </annotationSet>
        </sentence>
        <sentence corpID="111" docID="421" sentNo="1" paragNo="511" aPos="0" ID="1200020">
            <text>` A shore station , I should n't wonder , &quot; Lucinda hazarded .</text>
            <annotationSet cDate="03/28/2003 12:14:50 PST Fri" status="UNANN" ID="1847200">
                <layer rank="1" name="PENN">
                    <label end="2" start="2" name="dt"/>
                    <label end="8" start="4" name="nn"/>
                    <label end="16" start="10" name="nn"/>
                    <label end="18" start="18" name=","/>
                    <label end="20" start="20" name="PP"/>
                    <label end="27" start="22" name="md"/>
                    <label end="31" start="29" name="rb"/>
                    <label end="38" start="33" name="VV"/>
                    <label end="40" start="40" name=","/>
                    <label end="50" start="44" name="NP"/>
                    <label end="59" start="52" name="VVD"/>
                    <label end="61" start="61" name="sent"/>
                </layer>
                <layer rank="1" name="NER"/>
                <layer rank="1" name="WSL"/>
            </annotationSet>
            <annotationSet cDate="03/28/2003 12:14:51 PST Fri" status="MANUAL" ID="1847201">
                <layer rank="1" name="Target">
                    <label cBy="GlY" end="59" start="52" name="Target"/>
                </layer>
                <layer rank="1" name="FE">
                    <label cBy="GlY" feID="185" end="38" start="2" name="Message"/>
                    <label cBy="GlY" feID="183" end="50" start="44" name="Speaker"/>
                </layer>
                <layer rank="1" name="GF">
                    <label end="38" start="2" name="Dep"/>
                    <label end="50" start="44" name="Ext"/>
                </layer>
                <layer rank="1" name="PT">
                    <label end="38" start="2" name="QUO"/>
                    <label end="50" start="44" name="NP"/>
                </layer>
                <layer rank="1" name="Other"/>
                <layer rank="1" name="Sent"/>
                <layer rank="1" name="Verb"/>
            </annotationSet>
        </sentence>
    </subCorpus>
    <subCorpus name="02-W``-XP-W''-T-NP-(1)"/>
    <subCorpus name="other-matched-(1)"/>
    <subCorpus name="other-unmatched-(1)">
        <sentence corpID="111" docID="421" sentNo="1" paragNo="1517" aPos="0" ID="1200037">
            <text>` What are the other-- &quot; Hrun paused , his lips moved soundlessly and then he hazarded , ` two ? &quot;</text>
            <annotationSet cDate="03/28/2003 12:15:11 PST Fri" status="UNANN" ID="1847234">
                <layer rank="1" name="PENN">
                    <label end="5" start="2" name="wp"/>
                    <label end="9" start="7" name="vbp"/>
                    <label end="13" start="11" name="dt"/>
                    <label end="21" start="15" name=":"/>
                    <label end="28" start="25" name="NP"/>
                    <label end="35" start="30" name="VVD"/>
                    <label end="37" start="37" name=","/>
                    <label end="41" start="39" name="PP$"/>
                    <label end="46" start="43" name="nns"/>
                    <label end="52" start="48" name="VVD"/>
                    <label end="64" start="54" name="rb"/>
                    <label end="68" start="66" name="cc"/>
                    <label end="73" start="70" name="rb"/>
                    <label end="76" start="75" name="PP"/>
                    <label end="85" start="78" name="VVD"/>
                    <label end="87" start="87" name=","/>
                    <label end="93" start="91" name="cd"/>
                    <label end="95" start="95" name="sent"/>
                </layer>
                <layer rank="1" name="NER"/>
                <layer rank="1" name="WSL"/>
            </annotationSet>
            <annotationSet cDate="03/28/2003 12:15:11 PST Fri" status="MANUAL" ID="1847235">
                <layer rank="1" name="Target">
                    <label cBy="GlY" end="85" start="78" name="Target"/>
                </layer>
                <layer rank="1" name="FE">
                    <label cBy="GlY" feID="183" end="76" start="75" name="Speaker"/>
                    <label cBy="RLG" feID="185" end="97" start="89" name="Message"/>
                </layer>
                <layer rank="1" name="GF">
                    <label end="76" start="75" name="Ext"/>
                    <label end="97" start="89" name="Dep"/>
                </layer>
                <layer rank="1" name="PT">
                    <label end="76" start="75" name="NP"/>
                    <label end="97" start="89" name="QUO"/>
                </layer>
                <layer rank="1" name="Other"/>
                <layer rank="1" name="Sent"/>
                <layer rank="1" name="Verb"/>
            </annotationSet>
        </sentence>
    </subCorpus>
</lexUnit>