<?xml version="1.0" encoding="UTF-8" standalone="yes"?>
<?xml-stylesheet type="text/xsl" href="lexUnit.xsl"?>
<lexUnit status="Insufficient_Attestations" POS="V" name="total.v" ID="8463" frame="Render_nonfunctional" frameID="416" totalAnnotated="0" xsi:schemaLocation="../schema/lexUnit.xsd" xmlns="http://framenet.icsi.berkeley.edu" xmlns:xsi="http://www.w3.org/2001/XMLSchema-instance">
    <header>
        <frame>
            <FE fgColor="FFFFFF" bgColor="FF0000" type="Core" abbrev="" name="Agent"/>
            <FE fgColor="FFFFFF" bgColor="0000FF" type="Core" abbrev="Art" name="Artifact"/>
            <FE fgColor="FFFFFF" bgColor="2E8B57" type="Core" abbrev="cau" name="Cause"/>
            <FE fgColor="000000" bgColor="EEE8AA" type="Extra-Thematic" abbrev="" name="Degree"/>
            <FE fgColor="FFFFFF" bgColor="808080" type="Peripheral" abbrev="" name="Depictive"/>
            <FE fgColor="000000" bgColor="7FFF00" type="Extra-Thematic" abbrev="" name="Duration"/>
            <FE fgColor="FFFFFF" bgColor="006400" type="Extra-Thematic" abbrev="" name="Frequency"/>
            <FE fgColor="FFFFFF" bgColor="FF00FF" type="Peripheral" abbrev="man" name="Manner"/>
            <FE fgColor="FFFFFF" bgColor="FF69B4" type="Peripheral" abbrev="Mns" name="Means"/>
            <FE fgColor="000000" bgColor="FFA500" type="Peripheral" abbrev="pla" name="Place"/>
            <FE fgColor="FFFFFF" bgColor="800080" type="Extra-Thematic" abbrev="Purp" name="Purpose"/>
            <FE fgColor="FFFFFF" bgColor="008000" type="Peripheral" abbrev="tim" name="Time"/>
        </frame>
    </header>
    <definition>COD: destroy or kill.</definition>
    <lexeme POS="V" name="total"/>
    <valences/>
</lexUnit>