<?xml version="1.0" encoding="UTF-8" standalone="yes"?>
<?xml-stylesheet type="text/xsl" href="lexUnit.xsl"?>
<lexUnit status="Created" POS="V" name="etch.v" ID="8532" frame="Processing_materials" frameID="620" totalAnnotated="0" xsi:schemaLocation="../schema/lexUnit.xsd" xmlns="http://framenet.icsi.berkeley.edu" xmlns:xsi="http://www.w3.org/2001/XMLSchema-instance">
    <header>
        <frame>
            <FE fgColor="FFFFFF" bgColor="FF0000" type="Core" abbrev="" name="Agent"/>
            <FE fgColor="FFFFFF" bgColor="FF00FF" type="Core" abbrev="Alt" name="Alterant"/>
            <FE fgColor="000000" bgColor="d0d0d0" type="Extra-Thematic" abbrev="dim" name="Dimension"/>
            <FE fgColor="000000" bgColor="FFFF00" type="Extra-Thematic" abbrev="" name="Duration"/>
            <FE fgColor="FFFFFF" bgColor="1E90FF" type="Extra-Thematic" abbrev="Exp" name="Explanation"/>
            <FE fgColor="FFFFFF" bgColor="00BFFF" type="Peripheral" abbrev="" name="Manner"/>
            <FE fgColor="FFFFFF" bgColor="0000FF" type="Core" abbrev="Mat" name="Material"/>
            <FE fgColor="FFFFFF" bgColor="008000" type="Peripheral" abbrev="pla" name="Place"/>
            <FE fgColor="FFFFFF" bgColor="800080" type="Peripheral" abbrev="Pur" name="Purpose"/>
            <FE fgColor="FFFFFF" bgColor="9400D3" type="Extra-Thematic" abbrev="" name="Result"/>
            <FE fgColor="FFFFFF" bgColor="FF69B4" type="Extra-Thematic" abbrev="" name="Subregion"/>
            <FE fgColor="FFFFFF" bgColor="FFA500" type="Peripheral" abbrev="" name="Time"/>
        </frame>
    </header>
    <definition>FN: apply a chemical (usually an acid) to a surface to make it rougher.</definition>
    <lexeme POS="V" name="etch"/>
    <valences/>
</lexUnit>