<?xml version="1.0" encoding="UTF-8" standalone="yes"?>
<?xml-stylesheet type="text/xsl" href="lexUnit.xsl"?>
<lexUnit status="Created" POS="A" name="real.a" ID="8572" frame="Existence" frameID="660" totalAnnotated="10" xsi:schemaLocation="../schema/lexUnit.xsd" xmlns="http://framenet.icsi.berkeley.edu" xmlns:xsi="http://www.w3.org/2001/XMLSchema-instance">
    <header>
        <corpus description="Wall Street Journal Texts from the PropBank Project" name="PropBank" ID="115">
            <document description="Polemic Progressive Education" name="PolemicProgressiveEducation" ID="23011"/>
        </corpus>
        <corpus description="Texts from Nuclear Threat Initiative website, created by Center for Non-Proliferation Studies" name="NTI" ID="135">
            <document description="North Korea Chemical Overview" name="NorthKorea_ChemicalOverview" ID="23611"/>
        </corpus>
        <corpus description="American National Corpus Texts" name="ANC" ID="195">
            <document description="Berlitz History of Las Vegas" name="HistoryOfLasVegas" ID="23691"/>
            <document description="Berlitz Where to Go in Hong Kong" name="WhereToHongKong" ID="23771"/>
            <document description="Goodwill fund-raising letter" name="110CYL069" ID="23794"/>
            <document description="Children's home fund-raising letter" name="112C-L013" ID="23811"/>
        </corpus>
        <frame>
            <FE fgColor="FFFFFF" bgColor="00008B" type="Extra-Thematic" abbrev="Circumstances" name="Circumstances"/>
            <FE fgColor="FFFFFF" bgColor="1E90FF" type="Extra-Thematic" abbrev="" name="Concessive"/>
            <FE fgColor="000000" bgColor="EEE8AA" type="Extra-Thematic" abbrev="" name="Depictive"/>
            <FE fgColor="FFFFFF" bgColor="008000" type="Extra-Thematic" abbrev="Dur" name="Duration"/>
            <FE fgColor="FFFFFF" bgColor="0000FF" type="Core" abbrev="Ent" name="Entity"/>
            <FE fgColor="FFFFFF" bgColor="A9A9A9" type="Extra-Thematic" abbrev="Exp" name="Explanation"/>
            <FE fgColor="FFFFFF" bgColor="800080" type="Extra-Thematic" abbrev="Use" name="Inherent_purpose"/>
            <FE fgColor="FFFFFF" bgColor="FF0000" type="Peripheral" abbrev="Place" name="Place"/>
            <FE fgColor="FFFFFF" bgColor="A52A2A" type="Extra-Thematic" abbrev="" name="State"/>
            <FE fgColor="FFFFFF" bgColor="FFA500" type="Peripheral" abbrev="Time" name="Time"/>
            <FE fgColor="FFFFFF" bgColor="9F79EE" type="Extra-Thematic" abbrev="Vie" name="Viewpoint"/>
        </frame>
    </header>
    <definition>COD: actually existing or occurring in fact; not imagined or supposed.</definition>
    <lexeme POS="A" name="real"/>
    <valences>
        <FERealization total="10">
            <FE name="Entity"/>
            <pattern total="9">
                <valenceUnit GF="Head" PT="N" FE="Entity"/>
                <annoSet ID="4530249"/>
                <annoSet ID="6536158"/>
                <annoSet ID="6557051"/>
                <annoSet ID="6557053"/>
                <annoSet ID="6557055"/>
                <annoSet ID="6557551"/>
                <annoSet ID="6560091"/>
                <annoSet ID="6560982"/>
                <annoSet ID="6562618"/>
            </pattern>
            <pattern total="1">
                <valenceUnit GF="Ext" PT="NP" FE="Entity"/>
                <annoSet ID="6557044"/>
            </pattern>
        </FERealization>
        <FEGroupRealization total="10">
            <FE name="Entity"/>
            <pattern total="9">
                <valenceUnit GF="Head" PT="N" FE="Entity"/>
                <annoSet ID="4530249"/>
                <annoSet ID="6536158"/>
                <annoSet ID="6557051"/>
                <annoSet ID="6557053"/>
                <annoSet ID="6557055"/>
                <annoSet ID="6557551"/>
                <annoSet ID="6560091"/>
                <annoSet ID="6560982"/>
                <annoSet ID="6562618"/>
            </pattern>
            <pattern total="1">
                <valenceUnit GF="Ext" PT="NP" FE="Entity"/>
                <annoSet ID="6557044"/>
            </pattern>
        </FEGroupRealization>
    </valences>
    <subCorpus name="manually-added">
        <sentence corpID="115" docID="23011" sentNo="3" paragNo="14" aPos="0" ID="2824356">
            <text>There is neither mystery nor paradox in the fact that as educational expenditures ( in real terms ) have increased sharply in the past quarter-of-a-century -- we now spend more per pupil than any other country in the world -- educational performance has declined .</text>
            <annotationSet cDate="02/05/2004 08:30:09 PST Thu" status="UNANN" ID="4528351">
                <layer rank="1" name="PENN">
                    <label end="4" start="0" name="ex"/>
                    <label end="7" start="6" name="VBZ"/>
                    <label end="15" start="9" name="dt"/>
                    <label end="23" start="17" name="nn"/>
                    <label end="27" start="25" name="cc"/>
                    <label end="35" start="29" name="nn"/>
                    <label end="38" start="37" name="in"/>
                    <label end="42" start="40" name="dt"/>
                    <label end="47" start="44" name="nn"/>
                    <label end="52" start="49" name="in"/>
                    <label end="55" start="54" name="in"/>
                    <label end="67" start="57" name="jj"/>
                    <label end="80" start="69" name="nns"/>
                    <label end="82" start="82" name="("/>
                    <label end="85" start="84" name="in"/>
                    <label end="90" start="87" name="jj"/>
                    <label end="96" start="92" name="nns"/>
                    <label end="98" start="98" name=")"/>
                    <label end="103" start="100" name="VHP"/>
                    <label end="113" start="105" name="VVN"/>
                    <label end="121" start="115" name="rb"/>
                    <label end="124" start="123" name="in"/>
                    <label end="128" start="126" name="dt"/>
                    <label end="133" start="130" name="jj"/>
                    <label end="154" start="135" name="nn"/>
                    <label end="157" start="156" name=":"/>
                    <label end="160" start="159" name="PP"/>
                    <label end="164" start="162" name="rb"/>
                    <label end="170" start="166" name="VVP"/>
                    <label end="175" start="172" name="rbr"/>
                    <label end="179" start="177" name="in"/>
                    <label end="185" start="181" name="nn"/>
                    <label end="190" start="187" name="in"/>
                    <label end="194" start="192" name="dt"/>
                    <label end="200" start="196" name="jj"/>
                    <label end="208" start="202" name="nn"/>
                    <label end="211" start="210" name="in"/>
                    <label end="215" start="213" name="dt"/>
                    <label end="221" start="217" name="nn"/>
                    <label end="224" start="223" name=":"/>
                    <label end="236" start="226" name="jj"/>
                    <label end="248" start="238" name="nn"/>
                    <label end="252" start="250" name="VHZ"/>
                    <label end="261" start="254" name="VVN"/>
                    <label end="263" start="263" name="sent"/>
                </layer>
                <layer rank="1" name="NER"/>
                <layer rank="1" name="WSL">
                    <label end="82" start="82" name="NT"/>
                    <label end="85" start="84" name="NT"/>
                    <label end="98" start="98" name="NT"/>
                    <label end="103" start="100" name="NT"/>
                    <label end="121" start="115" name="NT"/>
                    <label end="164" start="162" name="NT"/>
                    <label end="252" start="250" name="NT"/>
                    <label end="263" start="263" name="NT"/>
                    <label end="15" start="9" name="NT"/>
                    <label end="27" start="25" name="NT"/>
                    <label end="42" start="40" name="NT"/>
                    <label end="52" start="49" name="NT"/>
                    <label end="55" start="54" name="NT"/>
                    <label end="128" start="126" name="NT"/>
                    <label end="157" start="156" name="NT"/>
                    <label end="160" start="159" name="NT"/>
                    <label end="179" start="177" name="NT"/>
                    <label end="190" start="187" name="NT"/>
                    <label end="194" start="192" name="NT"/>
                    <label end="215" start="213" name="NT"/>
                    <label end="224" start="223" name="NT"/>
                </layer>
            </annotationSet>
            <annotationSet cDate="03/20/2005 01:28:08 PST Sun" status="MANUAL" ID="4530249">
                <layer rank="1" name="Target">
                    <label cBy="Pam" end="90" start="87" name="Target"/>
                </layer>
                <layer rank="1" name="FE">
                    <label cBy="Pam" feID="4381" end="96" start="92" name="Entity"/>
                </layer>
                <layer rank="1" name="GF">
                    <label end="96" start="92" name="Head"/>
                </layer>
                <layer rank="1" name="PT">
                    <label end="96" start="92" name="N"/>
                </layer>
                <layer rank="1" name="Other"/>
                <layer rank="1" name="Sent"/>
                <layer rank="1" name="Adj"/>
            </annotationSet>
        </sentence>
        <sentence corpID="135" docID="23611" sentNo="2" paragNo="5" aPos="0" ID="4099672">
            <text>It noted the utility of forcing the enemy to `` suit up '' in preparation for real or imagined use of chemical agents , for doing so would degrade the fighting ability of enemy forces .</text>
            <annotationSet cDate="06/27/2006 04:44:57 PDT Tue" status="UNANN" ID="6535880">
                <layer rank="1" name="PENN">
                    <label end="1" start="0" name="PP"/>
                    <label end="7" start="3" name="VVD"/>
                    <label end="11" start="9" name="dt"/>
                    <label end="19" start="13" name="nn"/>
                    <label end="22" start="21" name="in"/>
                    <label end="30" start="24" name="VVG"/>
                    <label end="34" start="32" name="dt"/>
                    <label end="40" start="36" name="nn"/>
                    <label end="43" start="42" name="to"/>
                    <label end="46" start="45" name="``"/>
                    <label end="51" start="48" name="VV"/>
                    <label end="54" start="53" name="rb"/>
                    <label end="57" start="56" name="''"/>
                    <label end="60" start="59" name="in"/>
                    <label end="72" start="62" name="nn"/>
                    <label end="76" start="74" name="in"/>
                    <label end="81" start="78" name="jj"/>
                    <label end="84" start="83" name="cc"/>
                    <label end="93" start="86" name="VVN"/>
                    <label end="97" start="95" name="nn"/>
                    <label end="100" start="99" name="in"/>
                    <label end="109" start="102" name="jj"/>
                    <label end="116" start="111" name="nns"/>
                    <label end="118" start="118" name=","/>
                    <label end="122" start="120" name="in"/>
                    <label end="128" start="124" name="VVG"/>
                    <label end="131" start="130" name="rb"/>
                    <label end="137" start="133" name="md"/>
                    <label end="145" start="139" name="VV"/>
                    <label end="149" start="147" name="dt"/>
                    <label end="158" start="151" name="VVG"/>
                    <label end="166" start="160" name="nn"/>
                    <label end="169" start="168" name="in"/>
                    <label end="175" start="171" name="nn"/>
                    <label end="182" start="177" name="nns"/>
                    <label end="184" start="184" name="sent"/>
                </layer>
                <layer rank="1" name="NER"/>
                <layer rank="1" name="WSL">
                    <label end="1" start="0" name="NT"/>
                    <label end="11" start="9" name="NT"/>
                    <label end="22" start="21" name="NT"/>
                    <label end="34" start="32" name="NT"/>
                    <label end="43" start="42" name="NT"/>
                    <label end="46" start="45" name="NT"/>
                    <label end="54" start="53" name="NT"/>
                    <label end="57" start="56" name="NT"/>
                    <label end="60" start="59" name="NT"/>
                    <label end="76" start="74" name="NT"/>
                    <label end="84" start="83" name="NT"/>
                    <label end="100" start="99" name="NT"/>
                    <label end="118" start="118" name="NT"/>
                    <label end="122" start="120" name="NT"/>
                    <label end="128" start="124" name="NT"/>
                    <label end="131" start="130" name="NT"/>
                    <label end="137" start="133" name="NT"/>
                    <label end="149" start="147" name="NT"/>
                    <label end="169" start="168" name="NT"/>
                    <label end="184" start="184" name="NT"/>
                </layer>
            </annotationSet>
            <annotationSet cDate="06/30/2006 11:45:00 PDT Fri" status="MANUAL" ID="6536158">
                <layer rank="1" name="Target">
                    <label cBy="KmG" end="81" start="78" name="Target"/>
                </layer>
                <layer rank="1" name="FE">
                    <label cBy="KmG" feID="4381" end="116" start="95" name="Entity"/>
                </layer>
                <layer rank="1" name="GF">
                    <label end="116" start="95" name="Head"/>
                </layer>
                <layer rank="1" name="PT">
                    <label end="116" start="95" name="N"/>
                </layer>
                <layer rank="1" name="Other"/>
                <layer rank="1" name="Sent"/>
                <layer rank="1" name="Adj"/>
            </annotationSet>
        </sentence>
        <sentence corpID="195" docID="23794" sentNo="1" paragNo="15" aPos="0" ID="4106479">
            <text>These people and their successes are real .</text>
            <annotationSet cDate="11/19/2008 04:11:09 PST Wed" status="UNANN" ID="6556596">
                <layer rank="1" name="PENN">
                    <label end="4" start="0" name="dt"/>
                    <label end="11" start="6" name="nns"/>
                    <label end="15" start="13" name="cc"/>
                    <label end="21" start="17" name="PP$"/>
                    <label end="31" start="23" name="nns"/>
                    <label end="35" start="33" name="vbp"/>
                    <label end="40" start="37" name="jj"/>
                    <label end="42" start="42" name="sent"/>
                </layer>
                <layer rank="1" name="NER"/>
                <layer rank="1" name="WSL">
                    <label end="4" start="0" name="NT"/>
                    <label end="15" start="13" name="NT"/>
                    <label end="21" start="17" name="NT"/>
                    <label end="35" start="33" name="NT"/>
                    <label end="42" start="42" name="NT"/>
                </layer>
            </annotationSet>
            <annotationSet cDate="11/25/2008 04:55:22 PST Tue" status="MANUAL" ID="6557044">
                <layer rank="1" name="Target">
                    <label cBy="AlK" end="40" start="37" name="Target"/>
                </layer>
                <layer rank="1" name="FE">
                    <label cBy="MLC" feID="4381" end="31" start="0" name="Entity"/>
                </layer>
                <layer rank="1" name="GF">
                    <label end="31" start="0" name="Ext"/>
                </layer>
                <layer rank="1" name="PT">
                    <label end="31" start="0" name="NP"/>
                </layer>
                <layer rank="1" name="Other"/>
                <layer rank="1" name="Sent"/>
                <layer rank="1" name="Adj">
                    <label end="35" start="33" name="Cop"/>
                </layer>
            </annotationSet>
        </sentence>
        <sentence corpID="195" docID="23794" sentNo="1" paragNo="16" aPos="0" ID="4106482">
            <text>Real work .</text>
            <annotationSet cDate="11/19/2008 04:11:09 PST Wed" status="UNANN" ID="6556599">
                <layer rank="1" name="PENN">
                    <label end="3" start="0" name="jj"/>
                    <label end="8" start="5" name="nn"/>
                    <label end="10" start="10" name="sent"/>
                </layer>
                <layer rank="1" name="NER"/>
                <layer rank="1" name="WSL">
                    <label end="10" start="10" name="NT"/>
                </layer>
            </annotationSet>
            <annotationSet cDate="11/25/2008 04:57:53 PST Tue" status="MANUAL" ID="6557051">
                <layer rank="1" name="Target">
                    <label cBy="AlK" end="3" start="0" name="Target"/>
                </layer>
                <layer rank="1" name="FE">
                    <label cBy="MLC" feID="4381" end="8" start="5" name="Entity"/>
                </layer>
                <layer rank="1" name="GF">
                    <label end="8" start="5" name="Head"/>
                </layer>
                <layer rank="1" name="PT">
                    <label end="8" start="5" name="N"/>
                </layer>
                <layer rank="1" name="Other"/>
                <layer rank="1" name="Sent"/>
                <layer rank="1" name="Adj"/>
            </annotationSet>
        </sentence>
        <sentence corpID="195" docID="23794" sentNo="2" paragNo="16" aPos="0" ID="4106483">
            <text>Real results .</text>
            <annotationSet cDate="11/19/2008 04:11:09 PST Wed" status="UNANN" ID="6556600">
                <layer rank="1" name="PENN">
                    <label end="3" start="0" name="jj"/>
                    <label end="11" start="5" name="nns"/>
                    <label end="13" start="13" name="sent"/>
                </layer>
                <layer rank="1" name="NER"/>
                <layer rank="1" name="WSL">
                    <label end="13" start="13" name="NT"/>
                </layer>
            </annotationSet>
            <annotationSet cDate="11/25/2008 04:57:58 PST Tue" status="MANUAL" ID="6557053">
                <layer rank="1" name="Target">
                    <label cBy="AlK" end="3" start="0" name="Target"/>
                </layer>
                <layer rank="1" name="FE">
                    <label cBy="MLC" feID="4381" end="11" start="5" name="Entity"/>
                </layer>
                <layer rank="1" name="GF">
                    <label end="11" start="5" name="Head"/>
                </layer>
                <layer rank="1" name="PT">
                    <label end="11" start="5" name="N"/>
                </layer>
                <layer rank="1" name="Other"/>
                <layer rank="1" name="Sent"/>
                <layer rank="1" name="Adj"/>
            </annotationSet>
        </sentence>
        <sentence corpID="195" docID="23794" sentNo="3" paragNo="16" aPos="0" ID="4106484">
            <text>A real difference in people 's lives -- in all of our lives .</text>
            <annotationSet cDate="11/19/2008 04:11:09 PST Wed" status="UNANN" ID="6556601">
                <layer rank="1" name="PENN">
                    <label end="0" start="0" name="dt"/>
                    <label end="5" start="2" name="jj"/>
                    <label end="16" start="7" name="nn"/>
                    <label end="19" start="18" name="in"/>
                    <label end="26" start="21" name="nns"/>
                    <label end="29" start="28" name="POS"/>
                    <label end="35" start="31" name="nns"/>
                    <label end="38" start="37" name=":"/>
                    <label end="41" start="40" name="in"/>
                    <label end="45" start="43" name="dt"/>
                    <label end="48" start="47" name="in"/>
                    <label end="52" start="50" name="PP$"/>
                    <label end="58" start="54" name="nns"/>
                    <label end="60" start="60" name="sent"/>
                </layer>
                <layer rank="1" name="NER"/>
                <layer rank="1" name="WSL">
                    <label end="0" start="0" name="NT"/>
                    <label end="19" start="18" name="NT"/>
                    <label end="29" start="28" name="NT"/>
                    <label end="38" start="37" name="NT"/>
                    <label end="41" start="40" name="NT"/>
                    <label end="52" start="50" name="NT"/>
                    <label end="60" start="60" name="NT"/>
                </layer>
            </annotationSet>
            <annotationSet cDate="11/25/2008 04:58:08 PST Tue" status="MANUAL" ID="6557055">
                <layer rank="1" name="Target">
                    <label cBy="AlK" end="5" start="2" name="Target"/>
                </layer>
                <layer rank="1" name="FE">
                    <label cBy="MLC" feID="4381" end="58" start="7" name="Entity"/>
                </layer>
                <layer rank="1" name="GF">
                    <label end="58" start="7" name="Head"/>
                </layer>
                <layer rank="1" name="PT">
                    <label end="58" start="7" name="N"/>
                </layer>
                <layer rank="1" name="Other"/>
                <layer rank="1" name="Sent"/>
                <layer rank="1" name="Adj"/>
            </annotationSet>
        </sentence>
        <sentence corpID="195" docID="23811" sentNo="4" paragNo="4" aPos="0" ID="4106594">
            <text>Real people !</text>
            <annotationSet cDate="01/08/2009 11:47:14 PST Thu" status="UNANN" ID="6557491">
                <layer rank="1" name="PENN">
                    <label end="3" start="0" name="jj"/>
                    <label end="10" start="5" name="nns"/>
                    <label end="12" start="12" name="sent"/>
                </layer>
                <layer rank="1" name="NER"/>
                <layer rank="1" name="WSL">
                    <label end="12" start="12" name="NT"/>
                </layer>
            </annotationSet>
            <annotationSet cDate="01/12/2009 03:56:12 PST Mon" status="MANUAL" ID="6557551">
                <layer rank="1" name="Target">
                    <label cBy="AlK" end="3" start="0" name="Target"/>
                </layer>
                <layer rank="1" name="FE">
                    <label cBy="AlK" feID="4381" end="10" start="5" name="Entity"/>
                </layer>
                <layer rank="1" name="GF">
                    <label end="10" start="5" name="Head"/>
                </layer>
                <layer rank="1" name="PT">
                    <label end="10" start="5" name="N"/>
                </layer>
                <layer rank="1" name="Other"/>
                <layer rank="1" name="Sent"/>
                <layer rank="1" name="Adj"/>
            </annotationSet>
        </sentence>
        <sentence corpID="195" docID="23794" sentNo="3" paragNo="17" aPos="0" ID="4106487">
            <text>Your support helps provide real solutions .</text>
            <annotationSet cDate="11/19/2008 04:11:10 PST Wed" status="UNANN" ID="6556604">
                <layer rank="1" name="PENN">
                    <label end="3" start="0" name="PP$"/>
                    <label end="11" start="5" name="nn"/>
                    <label end="17" start="13" name="VVZ"/>
                    <label end="25" start="19" name="VV"/>
                    <label end="30" start="27" name="jj"/>
                    <label end="40" start="32" name="nns"/>
                    <label end="42" start="42" name="sent"/>
                </layer>
                <layer rank="1" name="NER"/>
                <layer rank="1" name="WSL">
                    <label end="3" start="0" name="NT"/>
                    <label end="42" start="42" name="NT"/>
                </layer>
            </annotationSet>
            <annotationSet cDate="01/18/2011 12:49:43 PST Tue" status="MANUAL" ID="6560091">
                <layer rank="1" name="Target">
                    <label cBy="MLC" end="30" start="27" name="Target"/>
                </layer>
                <layer rank="1" name="FE">
                    <label cBy="MLC" feID="4381" end="40" start="32" name="Entity"/>
                </layer>
                <layer rank="1" name="GF">
                    <label end="40" start="32" name="Head"/>
                </layer>
                <layer rank="1" name="PT">
                    <label end="40" start="32" name="N"/>
                </layer>
                <layer rank="1" name="Other"/>
                <layer rank="1" name="Sent"/>
                <layer rank="1" name="Adj"/>
            </annotationSet>
        </sentence>
        <sentence corpID="195" docID="23771" sentNo="2" paragNo="126" aPos="0" ID="4106238">
            <text>The scary traffic is a real experience - vehicles of all kinds jockey for position on crowded streets , missing each other by inches , and speeding on the freeways is rampant .</text>
            <annotationSet cDate="07/25/2008 01:21:02 PDT Fri" status="UNANN" ID="6555328">
                <layer rank="1" name="PENN">
                    <label end="2" start="0" name="dt"/>
                    <label end="8" start="4" name="jj"/>
                    <label end="16" start="10" name="nn"/>
                    <label end="19" start="18" name="VBZ"/>
                    <label end="21" start="21" name="dt"/>
                    <label end="26" start="23" name="jj"/>
                    <label end="37" start="28" name="nn"/>
                    <label end="39" start="39" name=":"/>
                    <label end="48" start="41" name="nns"/>
                    <label end="51" start="50" name="in"/>
                    <label end="55" start="53" name="dt"/>
                    <label end="61" start="57" name="nns"/>
                    <label end="68" start="63" name="nn"/>
                    <label end="72" start="70" name="in"/>
                    <label end="81" start="74" name="nn"/>
                    <label end="84" start="83" name="in"/>
                    <label end="92" start="86" name="jj"/>
                    <label end="100" start="94" name="nns"/>
                    <label end="102" start="102" name=","/>
                    <label end="110" start="104" name="VVG"/>
                    <label end="115" start="112" name="dt"/>
                    <label end="121" start="117" name="jj"/>
                    <label end="124" start="123" name="in"/>
                    <label end="131" start="126" name="nns"/>
                    <label end="133" start="133" name=","/>
                    <label end="137" start="135" name="cc"/>
                    <label end="146" start="139" name="VVG"/>
                    <label end="149" start="148" name="in"/>
                    <label end="153" start="151" name="dt"/>
                    <label end="162" start="155" name="nns"/>
                    <label end="165" start="164" name="VBZ"/>
                    <label end="173" start="167" name="jj"/>
                    <label end="175" start="175" name="sent"/>
                </layer>
                <layer rank="1" name="NER"/>
                <layer rank="1" name="WSL">
                    <label end="2" start="0" name="NT"/>
                    <label end="19" start="18" name="NT"/>
                    <label end="21" start="21" name="NT"/>
                    <label end="39" start="39" name="NT"/>
                    <label end="51" start="50" name="NT"/>
                    <label end="72" start="70" name="NT"/>
                    <label end="84" start="83" name="NT"/>
                    <label end="102" start="102" name="NT"/>
                    <label end="115" start="112" name="NT"/>
                    <label end="124" start="123" name="NT"/>
                    <label end="133" start="133" name="NT"/>
                    <label end="137" start="135" name="NT"/>
                    <label end="149" start="148" name="NT"/>
                    <label end="153" start="151" name="NT"/>
                    <label end="165" start="164" name="NT"/>
                    <label end="175" start="175" name="NT"/>
                </layer>
            </annotationSet>
            <annotationSet cDate="01/26/2011 04:42:34 PST Wed" status="MANUAL" ID="6560982">
                <layer rank="1" name="Target">
                    <label cBy="MLC" end="26" start="23" name="Target"/>
                </layer>
                <layer rank="1" name="FE">
                    <label cBy="MLC" feID="4381" end="37" start="28" name="Entity"/>
                </layer>
                <layer rank="1" name="GF">
                    <label end="37" start="28" name="Head"/>
                </layer>
                <layer rank="1" name="PT">
                    <label end="37" start="28" name="N"/>
                </layer>
                <layer rank="1" name="Other"/>
                <layer rank="1" name="Sent"/>
                <layer rank="1" name="Adj"/>
            </annotationSet>
        </sentence>
        <sentence corpID="195" docID="23691" sentNo="2" paragNo="18" aPos="0" ID="4101079">
            <text>With rail service in place and forty blocks of private property , it was ready to become a real town .</text>
            <annotationSet cDate="03/12/2007 02:46:55 PDT Mon" status="UNANN" ID="6541872">
                <layer rank="1" name="PENN">
                    <label end="3" start="0" name="in"/>
                    <label end="8" start="5" name="nn"/>
                    <label end="16" start="10" name="nn"/>
                    <label end="19" start="18" name="in"/>
                    <label end="25" start="21" name="nn"/>
                    <label end="29" start="27" name="cc"/>
                    <label end="35" start="31" name="nn"/>
                    <label end="42" start="37" name="nns"/>
                    <label end="45" start="44" name="in"/>
                    <label end="53" start="47" name="jj"/>
                    <label end="62" start="55" name="nn"/>
                    <label end="64" start="64" name=","/>
                    <label end="67" start="66" name="PP"/>
                    <label end="71" start="69" name="VBD"/>
                    <label end="77" start="73" name="jj"/>
                    <label end="80" start="79" name="to"/>
                    <label end="87" start="82" name="VV"/>
                    <label end="89" start="89" name="dt"/>
                    <label end="94" start="91" name="jj"/>
                    <label end="99" start="96" name="nn"/>
                    <label end="101" start="101" name="sent"/>
                </layer>
                <layer rank="1" name="NER"/>
                <layer rank="1" name="WSL">
                    <label end="3" start="0" name="NT"/>
                    <label end="19" start="18" name="NT"/>
                    <label end="29" start="27" name="NT"/>
                    <label end="45" start="44" name="NT"/>
                    <label end="64" start="64" name="NT"/>
                    <label end="67" start="66" name="NT"/>
                    <label end="71" start="69" name="NT"/>
                    <label end="80" start="79" name="NT"/>
                    <label end="89" start="89" name="NT"/>
                    <label end="101" start="101" name="NT"/>
                </layer>
            </annotationSet>
            <annotationSet cDate="05/03/2011 05:43:30 PDT Tue" status="MANUAL" ID="6562618">
                <layer rank="1" name="Target">
                    <label cBy="MLC" end="94" start="91" name="Target"/>
                </layer>
                <layer rank="1" name="FE">
                    <label cBy="MLC" feID="4381" end="99" start="96" name="Entity"/>
                </layer>
                <layer rank="1" name="GF">
                    <label end="99" start="96" name="Head"/>
                </layer>
                <layer rank="1" name="PT">
                    <label end="99" start="96" name="N"/>
                </layer>
                <layer rank="1" name="Other"/>
                <layer rank="1" name="Sent"/>
                <layer rank="1" name="Adj"/>
            </annotationSet>
        </sentence>
    </subCorpus>
</lexUnit>