<?xml version="1.0" encoding="UTF-8" standalone="yes"?>
<?xml-stylesheet type="text/xsl" href="lexUnit.xsl"?>
<lexUnit status="Finished_Initial" POS="N" name="ringer.n" ID="8671" frame="Similarity" frameID="481" totalAnnotated="6" xsi:schemaLocation="../schema/lexUnit.xsd" xmlns="http://framenet.icsi.berkeley.edu" xmlns:xsi="http://www.w3.org/2001/XMLSchema-instance">
    <header>
        <corpus description="BNC2" name="BNC2" ID="111">
            <document description="bncp" name="bncp" ID="421"/>
        </corpus>
        <corpus description="LDC Newswire corpus from AP" name="AP" ID="113">
            <document description="apwsE980218.0548" name="apwsE980218.0548" ID="1542"/>
        </corpus>
        <frame>
            <FE fgColor="FFFFFF" bgColor="2E8B57" type="Extra-Thematic" abbrev="cir" name="Circumstances"/>
            <FE fgColor="FFFFFF" bgColor="FF69B4" type="Peripheral" abbrev="" name="Degree"/>
            <FE fgColor="000000" bgColor="FFA500" type="Extra-Thematic" abbrev="" name="Depictive"/>
            <FE fgColor="FFFFFF" bgColor="00BFFF" type="Core" abbrev="" name="Differentiating_fact"/>
            <FE fgColor="FFFFFF" bgColor="9400D3" type="Core" abbrev="" name="Dimension"/>
            <FE fgColor="FFFFFF" bgColor="FF0000" type="Core" abbrev="" name="Entities"/>
            <FE fgColor="FFFFFF" bgColor="0000FF" type="Core" abbrev="ent1" name="Entity_1"/>
            <FE fgColor="FFFFFF" bgColor="008000" type="Core" abbrev="ent2" name="Entity_2"/>
            <FE fgColor="000000" bgColor="EEE8AA" type="Extra-Thematic" abbrev="Exp" name="Explanation"/>
            <FE fgColor="000000" bgColor="FF00FF" type="Peripheral" abbrev="" name="Manner"/>
            <FE fgColor="000000" bgColor="FFFF00" type="Peripheral" abbrev="" name="Place"/>
            <FE fgColor="FFFFFF" bgColor="90876C" type="Peripheral" abbrev="" name="Time"/>
        </frame>
    </header>
    <definition>FN: somebody who strongly resembles another person</definition>
    <lexeme POS="N" name="ringer"/>
    <valences>
        <governor type="Sup" lemma="be">
            <annoSet ID="1875427"/>
            <annoSet ID="1875811"/>
        </governor>
        <FERealization total="6">
            <FE name="Degree"/>
            <pattern total="4">
                <valenceUnit GF="Dep" PT="A" FE="Degree"/>
                <annoSet ID="1875417"/>
                <annoSet ID="1875457"/>
                <annoSet ID="1875471"/>
                <annoSet ID="1875811"/>
            </pattern>
            <pattern total="2">
                <valenceUnit GF="Dep" PT="N" FE="Degree"/>
                <annoSet ID="1875427"/>
                <annoSet ID="1875445"/>
            </pattern>
        </FERealization>
        <FERealization total="6">
            <FE name="Entity_1"/>
            <pattern total="6">
                <valenceUnit GF="Ext" PT="NP" FE="Entity_1"/>
                <annoSet ID="1875417"/>
                <annoSet ID="1875427"/>
                <annoSet ID="1875445"/>
                <annoSet ID="1875457"/>
                <annoSet ID="1875471"/>
                <annoSet ID="1875811"/>
            </pattern>
        </FERealization>
        <FERealization total="6">
            <FE name="Entity_2"/>
            <pattern total="6">
                <valenceUnit GF="Dep" PT="PP[for]" FE="Entity_2"/>
                <annoSet ID="1875417"/>
                <annoSet ID="1875427"/>
                <annoSet ID="1875445"/>
                <annoSet ID="1875457"/>
                <annoSet ID="1875471"/>
                <annoSet ID="1875811"/>
            </pattern>
        </FERealization>
        <FEGroupRealization total="1">
            <FE name="Degree"/>
            <FE name="Entity_1"/>
            <FE name="Entity_1"/>
            <FE name="Entity_2"/>
            <pattern total="1">
                <valenceUnit GF="Dep" PT="A" FE="Degree"/>
                <valenceUnit GF="Ext" PT="NP" FE="Entity_1"/>
                <valenceUnit GF="Ext" PT="NP" FE="Entity_1"/>
                <valenceUnit GF="Dep" PT="PP[for]" FE="Entity_2"/>
                <annoSet ID="1875811"/>
            </pattern>
        </FEGroupRealization>
        <FEGroupRealization total="5">
            <FE name="Degree"/>
            <FE name="Entity_1"/>
            <FE name="Entity_2"/>
            <pattern total="3">
                <valenceUnit GF="Dep" PT="A" FE="Degree"/>
                <valenceUnit GF="Ext" PT="NP" FE="Entity_1"/>
                <valenceUnit GF="Dep" PT="PP[for]" FE="Entity_2"/>
                <annoSet ID="1875417"/>
                <annoSet ID="1875457"/>
                <annoSet ID="1875471"/>
            </pattern>
            <pattern total="2">
                <valenceUnit GF="Dep" PT="N" FE="Degree"/>
                <valenceUnit GF="Ext" PT="NP" FE="Entity_1"/>
                <valenceUnit GF="Dep" PT="PP[for]" FE="Entity_2"/>
                <annoSet ID="1875427"/>
                <annoSet ID="1875445"/>
            </pattern>
        </FEGroupRealization>
    </valences>
    <subCorpus name="01-T-(2)">
        <sentence corpID="111" docID="421" sentNo="3" paragNo="3772" aPos="0" ID="1214158">
            <text>People tell me that if I was a bit taller , I 'd be a dead ringer for that Malcolm Allison geezer .</text>
            <annotationSet cDate="04/30/2003 07:32:47 PDT Wed" status="UNANN" ID="1875416">
                <layer rank="1" name="PENN">
                    <label end="5" start="0" name="nns"/>
                    <label end="10" start="7" name="VVP"/>
                    <label end="13" start="12" name="PP"/>
                    <label end="18" start="15" name="in"/>
                    <label end="21" start="20" name="in"/>
                    <label end="23" start="23" name="PP"/>
                    <label end="27" start="25" name="VBD"/>
                    <label end="29" start="29" name="dt"/>
                    <label end="33" start="31" name="rb"/>
                    <label end="40" start="35" name="jjr"/>
                    <label end="42" start="42" name=","/>
                    <label end="44" start="44" name="PP"/>
                    <label end="47" start="46" name="md"/>
                    <label end="50" start="49" name="vb"/>
                    <label end="52" start="52" name="dt"/>
                    <label end="57" start="54" name="jj"/>
                    <label end="64" start="59" name="nn"/>
                    <label end="68" start="66" name="in"/>
                    <label end="73" start="70" name="dt"/>
                    <label end="81" start="75" name="NP"/>
                    <label end="89" start="83" name="NP"/>
                    <label end="96" start="91" name="nn"/>
                    <label end="98" start="98" name="sent"/>
                </layer>
                <layer rank="1" name="NER"/>
                <layer rank="1" name="WSL"/>
            </annotationSet>
            <annotationSet cDate="04/30/2003 07:32:47 PDT Wed" status="MANUAL" ID="1875417">
                <layer rank="1" name="Target">
                    <label cBy="JKR" end="64" start="59" name="Target"/>
                </layer>
                <layer rank="1" name="FE">
                    <label cBy="JKR" feID="4027" end="44" start="44" name="Entity_1"/>
                    <label cBy="JKR" feID="4230" end="57" start="54" name="Degree"/>
                    <label cBy="JKR" feID="4028" end="96" start="66" name="Entity_2"/>
                </layer>
                <layer rank="1" name="GF">
                    <label end="44" start="44" name="Ext"/>
                    <label end="57" start="54" name="Dep"/>
                    <label end="96" start="66" name="Dep"/>
                </layer>
                <layer rank="1" name="PT">
                    <label end="44" start="44" name="NP"/>
                    <label end="57" start="54" name="A"/>
                    <label end="96" start="66" name="PP"/>
                </layer>
                <layer rank="1" name="Other"/>
                <layer rank="1" name="Sent"/>
                <layer rank="1" name="Noun">
                    <label end="50" start="49" name="Cop"/>
                </layer>
            </annotationSet>
        </sentence>
        <sentence corpID="111" docID="421" sentNo="2" paragNo="2650" aPos="0" ID="1214163">
            <text>In profile , he 's an absolute ringer for the cricketer Ian Botham -- moustache and all .</text>
            <annotationSet cDate="04/30/2003 07:32:49 PDT Wed" status="UNANN" ID="1875426">
                <layer rank="1" name="PENN">
                    <label end="1" start="0" name="in"/>
                    <label end="9" start="3" name="nn"/>
                    <label end="11" start="11" name=","/>
                    <label end="14" start="13" name="PP"/>
                    <label end="17" start="16" name="VBZ"/>
                    <label end="20" start="19" name="dt"/>
                    <label end="29" start="22" name="jj"/>
                    <label end="36" start="31" name="nn"/>
                    <label end="40" start="38" name="in"/>
                    <label end="44" start="42" name="dt"/>
                    <label end="54" start="46" name="nn"/>
                    <label end="58" start="56" name="NP"/>
                    <label end="65" start="60" name="NP"/>
                    <label end="68" start="67" name=":"/>
                    <label end="78" start="70" name="nn"/>
                    <label end="82" start="80" name="cc"/>
                    <label end="86" start="84" name="rb"/>
                    <label end="88" start="88" name="sent"/>
                </layer>
                <layer rank="1" name="NER"/>
                <layer rank="1" name="WSL"/>
            </annotationSet>
            <annotationSet cDate="04/30/2003 07:32:49 PDT Wed" status="MANUAL" ID="1875427">
                <layer rank="1" name="Target">
                    <label cBy="JKR" end="36" start="31" name="Target"/>
                </layer>
                <layer rank="1" name="FE">
                    <label cBy="JKR" feID="4027" end="14" start="13" name="Entity_1"/>
                    <label cBy="JKR" feID="4230" end="29" start="22" name="Degree"/>
                    <label cBy="JKR" feID="4028" end="65" start="38" name="Entity_2"/>
                </layer>
                <layer rank="1" name="GF">
                    <label end="14" start="13" name="Ext"/>
                    <label end="29" start="22" name="Dep"/>
                    <label end="65" start="38" name="Dep"/>
                </layer>
                <layer rank="1" name="PT">
                    <label end="14" start="13" name="NP"/>
                    <label end="29" start="22" name="N"/>
                    <label end="65" start="38" name="PP"/>
                </layer>
                <layer rank="1" name="Other"/>
                <layer rank="1" name="Sent"/>
                <layer rank="1" name="Noun">
                    <label end="17" start="16" name="Supp"/>
                </layer>
            </annotationSet>
        </sentence>
        <sentence corpID="111" docID="421" sentNo="3" paragNo="72" aPos="0" ID="1214172">
            <text>If I had put a tea cosy on my head I would have been a dead ringer for Mrs Pankhurst , but it affected my behaviour even more than my looks .</text>
            <annotationSet cDate="04/30/2003 07:32:54 PDT Wed" status="UNANN" ID="1875444">
                <layer rank="1" name="PENN">
                    <label end="1" start="0" name="in"/>
                    <label end="3" start="3" name="PP"/>
                    <label end="7" start="5" name="VHD"/>
                    <label end="11" start="9" name="VVN"/>
                    <label end="13" start="13" name="dt"/>
                    <label end="17" start="15" name="nn"/>
                    <label end="22" start="19" name="nn"/>
                    <label end="25" start="24" name="in"/>
                    <label end="28" start="27" name="PP$"/>
                    <label end="33" start="30" name="nn"/>
                    <label end="35" start="35" name="PP"/>
                    <label end="41" start="37" name="md"/>
                    <label end="46" start="43" name="VH"/>
                    <label end="51" start="48" name="VBN"/>
                    <label end="53" start="53" name="dt"/>
                    <label end="58" start="55" name="jj"/>
                    <label end="65" start="60" name="nn"/>
                    <label end="69" start="67" name="in"/>
                    <label end="73" start="71" name="nn"/>
                    <label end="83" start="75" name="NP"/>
                    <label end="85" start="85" name=","/>
                    <label end="89" start="87" name="cc"/>
                    <label end="92" start="91" name="PP"/>
                    <label end="101" start="94" name="VVD"/>
                    <label end="104" start="103" name="PP$"/>
                    <label end="114" start="106" name="nn"/>
                    <label end="119" start="116" name="rb"/>
                    <label end="124" start="121" name="jjr"/>
                    <label end="129" start="126" name="in"/>
                    <label end="132" start="131" name="PP$"/>
                    <label end="138" start="134" name="nns"/>
                    <label end="140" start="140" name="sent"/>
                </layer>
                <layer rank="1" name="NER"/>
                <layer rank="1" name="WSL"/>
            </annotationSet>
            <annotationSet cDate="04/30/2003 07:32:54 PDT Wed" status="MANUAL" ID="1875445">
                <layer rank="1" name="Target">
                    <label cBy="JKR" end="65" start="60" name="Target"/>
                </layer>
                <layer rank="1" name="FE">
                    <label cBy="JKR" feID="4027" end="35" start="35" name="Entity_1"/>
                    <label cBy="JKR" feID="4230" end="58" start="55" name="Degree"/>
                    <label cBy="JKR" feID="4028" end="83" start="67" name="Entity_2"/>
                </layer>
                <layer rank="1" name="GF">
                    <label end="35" start="35" name="Ext"/>
                    <label end="58" start="55" name="Dep"/>
                    <label end="83" start="67" name="Dep"/>
                </layer>
                <layer rank="1" name="PT">
                    <label end="35" start="35" name="NP"/>
                    <label end="58" start="55" name="N"/>
                    <label end="83" start="67" name="PP"/>
                </layer>
                <layer rank="1" name="Other"/>
                <layer rank="1" name="Sent"/>
                <layer rank="1" name="Noun">
                    <label end="51" start="48" name="Cop"/>
                </layer>
            </annotationSet>
        </sentence>
        <sentence corpID="111" docID="421" sentNo="2" paragNo="621" aPos="0" ID="1214178">
            <text>Makes him a dead ringer for Millenium Warriors methinks …</text>
            <annotationSet cDate="04/30/2003 07:32:56 PDT Wed" status="UNANN" ID="1875456">
                <layer rank="1" name="PENN">
                    <label end="4" start="0" name="VVZ"/>
                    <label end="8" start="6" name="PP"/>
                    <label end="10" start="10" name="dt"/>
                    <label end="15" start="12" name="jj"/>
                    <label end="22" start="17" name="nn"/>
                    <label end="26" start="24" name="in"/>
                    <label end="36" start="28" name="NP"/>
                    <label end="45" start="38" name="nns"/>
                    <label end="54" start="47" name="rb"/>
                    <label end="56" start="56" name="jj"/>
                </layer>
                <layer rank="1" name="NER"/>
                <layer rank="1" name="WSL"/>
            </annotationSet>
            <annotationSet cDate="04/30/2003 07:32:56 PDT Wed" status="MANUAL" ID="1875457">
                <layer rank="1" name="Target">
                    <label cBy="JKR" end="22" start="17" name="Target"/>
                </layer>
                <layer rank="1" name="FE">
                    <label cBy="JKR" feID="4027" end="8" start="6" name="Entity_1"/>
                    <label cBy="JKR" feID="4230" end="15" start="12" name="Degree"/>
                    <label cBy="JKR" feID="4028" end="45" start="24" name="Entity_2"/>
                </layer>
                <layer rank="1" name="GF">
                    <label end="8" start="6" name="Ext"/>
                    <label end="15" start="12" name="Dep"/>
                    <label end="45" start="24" name="Dep"/>
                </layer>
                <layer rank="1" name="PT">
                    <label end="8" start="6" name="NP"/>
                    <label end="15" start="12" name="A"/>
                    <label end="45" start="24" name="PP"/>
                </layer>
                <layer rank="1" name="Other"/>
                <layer rank="1" name="Sent"/>
                <layer rank="1" name="Noun"/>
            </annotationSet>
        </sentence>
        <sentence corpID="111" docID="421" sentNo="1" paragNo="929" aPos="0" ID="1214185">
            <text>Perhaps unsurprisingly , considering the patronage they have enjoyed from Clint &amp; Co , they 're dead ringers for the Poppies .</text>
            <annotationSet cDate="04/30/2003 07:32:59 PDT Wed" status="UNANN" ID="1875470">
                <layer rank="1" name="PENN">
                    <label end="6" start="0" name="rb"/>
                    <label end="21" start="8" name="rb"/>
                    <label end="23" start="23" name=","/>
                    <label end="35" start="25" name="VVG"/>
                    <label end="39" start="37" name="dt"/>
                    <label end="49" start="41" name="nn"/>
                    <label end="54" start="51" name="PP"/>
                    <label end="59" start="56" name="VHP"/>
                    <label end="67" start="61" name="VVN"/>
                    <label end="72" start="69" name="in"/>
                    <label end="78" start="74" name="NP"/>
                    <label end="84" start="80" name="nn"/>
                    <label end="83" start="82" name="NP"/>
                    <label end="85" start="85" name=","/>
                    <label end="90" start="87" name="PP"/>
                    <label end="94" start="92" name="vbp"/>
                    <label end="99" start="96" name="jj"/>
                    <label end="107" start="101" name="nns"/>
                    <label end="111" start="109" name="in"/>
                    <label end="115" start="113" name="dt"/>
                    <label end="123" start="117" name="nns"/>
                    <label end="125" start="125" name="sent"/>
                </layer>
                <layer rank="1" name="NER"/>
                <layer rank="1" name="WSL"/>
            </annotationSet>
            <annotationSet cDate="04/30/2003 07:32:59 PDT Wed" status="MANUAL" ID="1875471">
                <layer rank="1" name="Target">
                    <label cBy="JKR" end="107" start="101" name="Target"/>
                </layer>
                <layer rank="1" name="FE">
                    <label cBy="JKR" feID="4027" end="90" start="87" name="Entity_1"/>
                    <label cBy="JKR" feID="4230" end="99" start="96" name="Degree"/>
                    <label cBy="JKR" feID="4028" end="123" start="109" name="Entity_2"/>
                </layer>
                <layer rank="1" name="GF">
                    <label end="90" start="87" name="Ext"/>
                    <label end="99" start="96" name="Dep"/>
                    <label end="123" start="109" name="Dep"/>
                </layer>
                <layer rank="1" name="PT">
                    <label end="90" start="87" name="NP"/>
                    <label end="99" start="96" name="A"/>
                    <label end="123" start="109" name="PP"/>
                </layer>
                <layer rank="1" name="Other"/>
                <layer rank="1" name="Sent"/>
                <layer rank="1" name="Noun">
                    <label end="94" start="92" name="Cop"/>
                </layer>
            </annotationSet>
        </sentence>
    </subCorpus>
    <subCorpus name="other-matched-(2)"/>
    <subCorpus name="other-unmatched-(2)"/>
    <subCorpus name="01-T-(3)">
        <sentence corpID="113" docID="1542" sentNo="1" paragNo="16" aPos="0" ID="1214355">
            <text>JERRY Seinfeld has found a new passion in life - daily foot massages from a gal who 's a dead ringer for his ex , Shoshana Lonstein .</text>
            <annotationSet cDate="04/30/2003 09:46:06 PDT Wed" status="UNANN" ID="1875810">
                <layer rank="1" name="PENN">
                    <label end="4" start="0" name="nn"/>
                    <label end="13" start="6" name="NP"/>
                    <label end="17" start="15" name="VHZ"/>
                    <label end="23" start="19" name="VVN"/>
                    <label end="25" start="25" name="dt"/>
                    <label end="29" start="27" name="jj"/>
                    <label end="37" start="31" name="nn"/>
                    <label end="40" start="39" name="in"/>
                    <label end="45" start="42" name="nn"/>
                    <label end="47" start="47" name=":"/>
                    <label end="53" start="49" name="jj"/>
                    <label end="58" start="55" name="nn"/>
                    <label end="67" start="60" name="nns"/>
                    <label end="72" start="69" name="in"/>
                    <label end="74" start="74" name="dt"/>
                    <label end="78" start="76" name="nn"/>
                    <label end="82" start="80" name="wp"/>
                    <label end="85" start="84" name="VBZ"/>
                    <label end="87" start="87" name="dt"/>
                    <label end="92" start="89" name="jj"/>
                    <label end="99" start="94" name="nn"/>
                    <label end="103" start="101" name="in"/>
                    <label end="107" start="105" name="PP$"/>
                    <label end="110" start="109" name="jj"/>
                    <label end="112" start="112" name=","/>
                    <label end="121" start="114" name="NP"/>
                    <label end="130" start="123" name="NP"/>
                    <label end="132" start="132" name="sent"/>
                </layer>
                <layer rank="1" name="NER"/>
                <layer rank="1" name="WSL"/>
            </annotationSet>
            <annotationSet cDate="04/30/2003 09:46:06 PDT Wed" status="MANUAL" ID="1875811">
                <layer rank="1" name="Target">
                    <label cBy="JKR" end="99" start="94" name="Target"/>
                </layer>
                <layer rank="1" name="FE">
                    <label cBy="JKR" feID="4027" end="78" start="74" name="Entity_1"/>
                    <label cBy="JKR" feID="4230" end="92" start="89" name="Degree"/>
                    <label cBy="JKR" feID="4028" end="130" start="101" name="Entity_2"/>
                    <label cBy="Hay" feID="4027" end="82" start="80" name="Entity_1"/>
                </layer>
                <layer rank="1" name="GF">
                    <label end="78" start="74" name="Ext"/>
                    <label end="92" start="89" name="Dep"/>
                    <label end="130" start="101" name="Dep"/>
                    <label end="82" start="80" name="Ext"/>
                </layer>
                <layer rank="1" name="PT">
                    <label end="78" start="74" name="NP"/>
                    <label end="92" start="89" name="A"/>
                    <label end="130" start="101" name="PP"/>
                    <label end="82" start="80" name="NP"/>
                </layer>
                <layer rank="1" name="Other">
                    <label end="78" start="74" name="Ant"/>
                    <label end="82" start="80" name="Rel"/>
                </layer>
                <layer rank="1" name="Sent"/>
                <layer rank="1" name="Noun">
                    <label end="85" start="84" name="Supp"/>
                </layer>
            </annotationSet>
        </sentence>
    </subCorpus>
    <subCorpus name="other-matched-(3)"/>
    <subCorpus name="other-unmatched-(3)"/>
</lexUnit>