<?xml version="1.0" encoding="UTF-8" standalone="yes"?>
<?xml-stylesheet type="text/xsl" href="lexUnit.xsl"?>
<lexUnit status="Insufficient_Attestations" POS="V" name="euthanize.v" ID="8650" frame="Killing" frameID="590" totalAnnotated="0" xsi:schemaLocation="../schema/lexUnit.xsd" xmlns="http://framenet.icsi.berkeley.edu" xmlns:xsi="http://www.w3.org/2001/XMLSchema-instance">
    <header>
        <frame>
            <FE fgColor="FFFFFF" bgColor="00008B" type="Extra-Thematic" abbrev="ben" name="Beneficiary"/>
            <FE fgColor="FFFFFF" bgColor="808080" type="Core" abbrev="" name="Cause"/>
            <FE fgColor="FFFFFF" bgColor="006400" type="Extra-Thematic" abbrev="" name="Circumstances"/>
            <FE fgColor="000000" bgColor="EEE8AA" type="Extra-Thematic" abbrev="" name="Containing_event"/>
            <FE fgColor="FFFFFF" bgColor="A52A2A" type="Peripheral" abbrev="" name="Degree"/>
            <FE fgColor="FFFFFF" bgColor="FF00FF" type="Extra-Thematic" abbrev="Dep" name="Depictive"/>
            <FE fgColor="FFFFFF" bgColor="90876C" type="Extra-Thematic" abbrev="Exp" name="Explanation"/>
            <FE fgColor="000000" bgColor="FFA500" type="Extra-Thematic" abbrev="" name="Frequency"/>
            <FE fgColor="FFFFFF" bgColor="00BFFF" type="Core" abbrev="Instr" name="Instrument"/>
            <FE fgColor="FFFFFF" bgColor="FF0000" type="Core" abbrev="Kill" name="Killer"/>
            <FE fgColor="FFFFFF" bgColor="1E90FF" type="Peripheral" abbrev="Man" name="Manner"/>
            <FE fgColor="FFFFFF" bgColor="FF69B4" type="Core" abbrev="" name="Means"/>
            <FE fgColor="000000" bgColor="7CCD73" type="Extra-Thematic" abbrev="" name="Period_of_iterations"/>
            <FE fgColor="FFFFFF" bgColor="008000" type="Peripheral" abbrev="Loc" name="Place"/>
            <FE fgColor="FFFFFF" bgColor="800080" type="Extra-Thematic" abbrev="Purp" name="Purpose"/>
            <FE fgColor="FFFFFF" bgColor="9400D3" type="Extra-Thematic" abbrev="" name="Result"/>
            <FE fgColor="FFFFFF" bgColor="FFA500" type="Peripheral" abbrev="" name="Time"/>
            <FE fgColor="FFFFFF" bgColor="0000FF" type="Core" abbrev="" name="Victim"/>
        </frame>
    </header>
    <definition>COD:  put (an animal) to death humanely.</definition>
    <lexeme POS="V" name="euthanize"/>
    <valences/>
</lexUnit>