<?xml version="1.0" encoding="UTF-8" standalone="yes"?>
<?xml-stylesheet type="text/xsl" href="lexUnit.xsl"?>
<lexUnit status="Insufficient_Attestations" POS="V" name="befog.v" ID="8692" frame="Eclipse" frameID="652" totalAnnotated="0" xsi:schemaLocation="../schema/lexUnit.xsd" xmlns="http://framenet.icsi.berkeley.edu" xmlns:xsi="http://www.w3.org/2001/XMLSchema-instance">
    <header>
        <frame>
            <FE fgColor="FFFFFF" bgColor="FF69B4" type="Peripheral" abbrev="Degree" name="Degree"/>
            <FE fgColor="FFFFFF" bgColor="0000FF" type="Core" abbrev="Eclipsed" name="Eclipsed"/>
            <FE fgColor="FFFFFF" bgColor="FF0000" type="Core" abbrev="Obstruction" name="Obstruction"/>
            <FE fgColor="FFFFFF" bgColor="7CCD7C" type="Extra-Thematic" abbrev="sub" name="Subregion"/>
            <FE fgColor="FFFFFF" bgColor="008000" type="Extra-Thematic" abbrev="VP" name="Vantage_point"/>
        </frame>
    </header>
    <definition>FN: to block an entity from view as if obscured by fog</definition>
    <lexeme POS="V" name="befog"/>
    <valences/>
    <subCorpus name="01-T-(1)"/>
</lexUnit>