<?xml version="1.0" encoding="UTF-8" standalone="yes"?>
<?xml-stylesheet type="text/xsl" href="lexUnit.xsl"?>
<lexUnit status="Created" incorporatedFE="Text" POS="N" name="meditation.n" ID="8747" frame="Text" frameID="298" totalAnnotated="0" xsi:schemaLocation="../schema/lexUnit.xsd" xmlns="http://framenet.icsi.berkeley.edu" xmlns:xsi="http://www.w3.org/2001/XMLSchema-instance">
    <header>
        <frame>
            <FE fgColor="FFFFFF" bgColor="FF0000" type="Peripheral" abbrev="Author" name="Author"/>
            <FE fgColor="FFFFFF" bgColor="008000" type="Extra-Thematic" abbrev="Ben" name="Beneficiary"/>
            <FE fgColor="FFFFFF" bgColor="0000FF" type="Extra-Thematic" abbrev="Cont_text" name="Containing_text"/>
            <FE fgColor="000000" bgColor="FFD700" type="Extra-Thematic" abbrev="" name="Descriptor"/>
            <FE fgColor="FFFFFF" bgColor="9400D3" type="Extra-Thematic" abbrev="Genre" name="Genre"/>
            <FE fgColor="FFFFFF" bgColor="00008B" type="Extra-Thematic" abbrev="Mat" name="Material"/>
            <FE fgColor="FFFFFF" bgColor="808080" type="Peripheral" abbrev="Medium" name="Medium"/>
            <FE fgColor="FFFFFF" bgColor="2E8B57" type="Extra-Thematic" abbrev="pla" name="Place"/>
            <FE fgColor="FFFFFF" bgColor="FF69B4" type="Extra-Thematic" abbrev="Cmpnt" name="Subpart"/>
            <FE fgColor="FFFFFF" bgColor="9F79EE" type="Core" abbrev="Text" name="Text"/>
            <FE fgColor="FFFFFF" bgColor="FFA500" type="Extra-Thematic" abbrev="Time" name="Time_of_creation"/>
            <FE fgColor="FFFFFF" bgColor="1E90FF" type="Extra-Thematic" abbrev="Title" name="Title"/>
            <FE fgColor="FFFFFF" bgColor="FF00FF" type="Peripheral" abbrev="Top" name="Topic"/>
            <FE fgColor="FFFFFF" bgColor="800080" type="Peripheral" abbrev="Use" name="Use"/>
        </frame>
    </header>
    <definition>COD: a discourse expressing considered thoughts on a subject. </definition>
    <lexeme POS="N" name="meditation"/>
    <valences/>
</lexUnit>