<?xml version="1.0" encoding="UTF-8" standalone="yes"?>
<?xml-stylesheet type="text/xsl" href="lexUnit.xsl"?>
<lexUnit status="Created" POS="N" name="disbursement.n" ID="8744" frame="Commerce_pay" frameID="180" totalAnnotated="0" xsi:schemaLocation="../schema/lexUnit.xsd" xmlns="http://framenet.icsi.berkeley.edu" xmlns:xsi="http://www.w3.org/2001/XMLSchema-instance">
    <header>
        <frame>
            <FE fgColor="FFFFFF" bgColor="00008B" type="Core" abbrev="Byr" name="Buyer"/>
            <FE fgColor="000000" bgColor="FFFF00" type="Extra-Thematic" abbrev="Cir" name="Circumstances"/>
            <FE fgColor="FFFFFF" bgColor="008000" type="Extra-Thematic" abbrev="Exp" name="Explanation"/>
            <FE fgColor="000000" bgColor="FF69B4" type="Extra-Thematic" abbrev="Fre" name="Frequency"/>
            <FE fgColor="FFFFFF" bgColor="006400" type="Core" abbrev="Gds" name="Goods"/>
            <FE fgColor="FFFFFF" bgColor="9400D3" type="Peripheral" abbrev="" name="Manner"/>
            <FE fgColor="FFFFFF" bgColor="FF69B4" type="Peripheral" abbrev="Mns" name="Means"/>
            <FE fgColor="FFFFFF" bgColor="7CCD73" type="Core" abbrev="Mny" name="Money"/>
            <FE fgColor="FFFFFF" bgColor="9F79EE" type="Peripheral" abbrev="Place" name="Place"/>
            <FE fgColor="FFFFFF" bgColor="800080" type="Peripheral" abbrev="Purp" name="Purpose"/>
            <FE fgColor="FFFFFF" bgColor="00BFFF" type="Core" abbrev="Rate" name="Rate"/>
            <FE fgColor="FFFFFF" bgColor="FF0000" type="Core" abbrev="Slr" name="Seller"/>
            <FE fgColor="FFFFFF" bgColor="FFA500" type="Peripheral" abbrev="Time" name="Time"/>
            <FE fgColor="FFFFFF" bgColor="A52A2A" type="Peripheral" abbrev="Unit" name="Unit"/>
        </frame>
    </header>
    <definition>FN: payment (from a fund)</definition>
    <lexeme POS="N" name="disbursement"/>
    <valences/>
</lexUnit>