<?xml version="1.0" encoding="UTF-8" standalone="yes"?>
<?xml-stylesheet type="text/xsl" href="lexUnit.xsl"?>
<lexUnit status="Created" POS="N" name="cemetery.n" ID="8712" frame="Locale_by_use" frameID="196" totalAnnotated="1" xsi:schemaLocation="../schema/lexUnit.xsd" xmlns="http://framenet.icsi.berkeley.edu" xmlns:xsi="http://www.w3.org/2001/XMLSchema-instance">
    <header>
        <corpus description="American National Corpus Texts" name="ANC" ID="195">
            <document description="Berlitz Where to Go in Hong Kong" name="WhereToHongKong" ID="23771"/>
        </corpus>
        <frame>
            <FE fgColor="FFFFFF" bgColor="006400" type="Extra-Thematic" abbrev="" name="Circumstances"/>
            <FE fgColor="FFFFFF" bgColor="808080" type="Peripheral" abbrev="Cnst" name="Constituent_parts"/>
            <FE fgColor="FFFFFF" bgColor="FF0000" type="Extra-Thematic" abbrev="ContP" name="Container_possessor"/>
            <FE fgColor="FFFFFF" bgColor="FFA500" type="Extra-Thematic" abbrev="des" name="Descriptor"/>
            <FE fgColor="FFFFFF" bgColor="2E8B57" type="Extra-Thematic" abbrev="FormC" name="Formational_cause"/>
            <FE fgColor="FFFFFF" bgColor="800080" type="Core" abbrev="Lcl" name="Locale"/>
            <FE fgColor="FFFFFF" bgColor="A52A2A" type="Extra-Thematic" abbrev="Name" name="Name"/>
            <FE fgColor="FFFFFF" bgColor="0000FF" type="Peripheral" abbrev="RelLoc" name="Relative_location"/>
            <FE fgColor="FFFFFF" bgColor="00BFFF" type="Core-Unexpressed" abbrev="use" name="Use"/>
        </frame>
    </header>
    <definition>COD: a large burial ground. </definition>
    <lexeme POS="N" name="cemetery"/>
    <valences>
        <FERealization total="1">
            <FE name="Locale"/>
            <pattern total="1">
                <valenceUnit GF="" PT="DEN" FE="Locale"/>
                <annoSet ID="6561860"/>
            </pattern>
        </FERealization>
        <FERealization total="1">
            <FE name="Name"/>
            <pattern total="1">
                <valenceUnit GF="Dep" PT="N" FE="Name"/>
                <annoSet ID="6561860"/>
            </pattern>
        </FERealization>
        <FERealization total="1">
            <FE name="Use"/>
            <pattern total="1">
                <valenceUnit GF="" PT="INI" FE="Use"/>
                <annoSet ID="6561860"/>
            </pattern>
        </FERealization>
        <FEGroupRealization total="1">
            <FE name="Locale"/>
            <FE name="Name"/>
            <FE name="Use"/>
            <pattern total="1">
                <valenceUnit GF="" PT="DEN" FE="Locale"/>
                <valenceUnit GF="Dep" PT="N" FE="Name"/>
                <valenceUnit GF="" PT="INI" FE="Use"/>
                <annoSet ID="6561860"/>
            </pattern>
        </FEGroupRealization>
    </valences>
    <subCorpus name="manually-added">
        <sentence corpID="195" docID="23771" sentNo="3" paragNo="104" aPos="0" ID="4106154">
            <text>Next to the museum , behind a gate ( opened to anyone who knocks ) , is the Old Protestant Cemetery .</text>
            <annotationSet cDate="07/25/2008 01:20:13 PDT Fri" status="UNANN" ID="6555244">
                <layer rank="1" name="PENN">
                    <label end="3" start="0" name="jj"/>
                    <label end="6" start="5" name="to"/>
                    <label end="10" start="8" name="dt"/>
                    <label end="17" start="12" name="nn"/>
                    <label end="19" start="19" name=","/>
                    <label end="26" start="21" name="in"/>
                    <label end="28" start="28" name="dt"/>
                    <label end="33" start="30" name="nn"/>
                    <label end="35" start="35" name="("/>
                    <label end="42" start="37" name="VVN"/>
                    <label end="45" start="44" name="to"/>
                    <label end="52" start="47" name="nn"/>
                    <label end="56" start="54" name="wp"/>
                    <label end="63" start="58" name="VVZ"/>
                    <label end="65" start="65" name=")"/>
                    <label end="67" start="67" name=","/>
                    <label end="70" start="69" name="VBZ"/>
                    <label end="74" start="72" name="dt"/>
                    <label end="78" start="76" name="jj"/>
                    <label end="89" start="80" name="jj"/>
                    <label end="98" start="91" name="nn"/>
                    <label end="100" start="100" name="sent"/>
                </layer>
                <layer rank="1" name="NER">
                    <label end="98" start="91" name="location"/>
                </layer>
                <layer rank="1" name="WSL">
                    <label end="10" start="8" name="NT"/>
                    <label end="19" start="19" name="NT"/>
                    <label end="28" start="28" name="NT"/>
                    <label end="35" start="35" name="NT"/>
                    <label end="45" start="44" name="NT"/>
                    <label end="56" start="54" name="NT"/>
                    <label end="65" start="65" name="NT"/>
                    <label end="67" start="67" name="NT"/>
                    <label end="70" start="69" name="NT"/>
                    <label end="74" start="72" name="NT"/>
                    <label end="100" start="100" name="NT"/>
                </layer>
            </annotationSet>
            <annotationSet cDate="01/31/2011 01:34:20 PST Mon" status="MANUAL" ID="6561860">
                <layer rank="1" name="Target">
                    <label cBy="MLC" end="98" start="91" name="Target"/>
                </layer>
                <layer rank="1" name="FE">
                    <label cBy="MLC" feID="1588" end="98" start="91" name="Locale"/>
                    <label cBy="MLC" feID="6697" itype="INI" name="Use"/>
                    <label cBy="MLC" feID="1598" end="89" start="76" name="Name"/>
                </layer>
                <layer rank="1" name="GF">
                    <label end="89" start="76" name="Dep"/>
                </layer>
                <layer rank="1" name="PT">
                    <label end="89" start="76" name="N"/>
                </layer>
                <layer rank="1" name="Other"/>
                <layer rank="1" name="Sent"/>
                <layer rank="1" name="Noun"/>
            </annotationSet>
        </sentence>
    </subCorpus>
</lexUnit>