<?xml version="1.0" encoding="UTF-8" standalone="yes"?>
<?xml-stylesheet type="text/xsl" href="lexUnit.xsl"?>
<lexUnit status="Created" POS="V" name="collect.v" ID="8740" frame="Commerce_collect" frameID="210" totalAnnotated="0" xsi:schemaLocation="../schema/lexUnit.xsd" xmlns="http://framenet.icsi.berkeley.edu" xmlns:xsi="http://www.w3.org/2001/XMLSchema-instance">
    <header>
        <frame>
            <FE fgColor="FFFFFF" bgColor="00008B" type="Core" abbrev="Byr" name="Buyer"/>
            <FE fgColor="FFFFFF" bgColor="008000" type="Extra-Thematic" abbrev="Exp" name="Explanation"/>
            <FE fgColor="FFFFFF" bgColor="006400" type="Core" abbrev="Gds" name="Goods"/>
            <FE fgColor="FFFFFF" bgColor="9400D3" type="Peripheral" abbrev="" name="Manner"/>
            <FE fgColor="FFFFFF" bgColor="FF69B4" type="Peripheral" abbrev="Mns" name="Means"/>
            <FE fgColor="FFFFFF" bgColor="0000FF" type="Core" abbrev="Mny" name="Money"/>
            <FE fgColor="FFFFFF" bgColor="9F79EE" type="Peripheral" abbrev="Place" name="Place"/>
            <FE fgColor="FFFFFF" bgColor="800080" type="Peripheral" abbrev="Purp" name="Purpose"/>
            <FE fgColor="FFFFFF" bgColor="00BFFF" type="Core" abbrev="Rate" name="Rate"/>
            <FE fgColor="FFFFFF" bgColor="FF0000" type="Core" abbrev="Slr" name="Seller"/>
            <FE fgColor="FFFFFF" bgColor="FFA500" type="Peripheral" abbrev="Time" name="Time"/>
            <FE fgColor="FFFFFF" bgColor="A52A2A" type="Peripheral" abbrev="Unit" name="Unit"/>
        </frame>
    </header>
    <definition>COD: call for and receive (something) as a right or due.</definition>
    <lexeme POS="V" name="collect"/>
    <valences/>
</lexUnit>