<?xml version="1.0" encoding="UTF-8" standalone="yes"?>
<?xml-stylesheet type="text/xsl" href="lexUnit.xsl"?>
<lexUnit status="Created" POS="V" name="sail.v" ID="8753" frame="Ride_vehicle" frameID="690" totalAnnotated="0" xsi:schemaLocation="../schema/lexUnit.xsd" xmlns="http://framenet.icsi.berkeley.edu" xmlns:xsi="http://www.w3.org/2001/XMLSchema-instance">
    <header>
        <frame>
            <FE fgColor="FFFFFF" bgColor="9400D3" type="Core" abbrev="" name="Area"/>
            <FE fgColor="000000" bgColor="d0d0d0" type="Extra-Thematic" abbrev="CT" name="Cotheme"/>
            <FE fgColor="FFFFFF" bgColor="1E90FF" type="Extra-Thematic" abbrev="" name="Depictive"/>
            <FE fgColor="FFFFFF" bgColor="FF69B4" type="Peripheral" abbrev="" name="Distance"/>
            <FE fgColor="FFFFFF" bgColor="2E8B57" type="Peripheral" abbrev="" name="Duration"/>
            <FE fgColor="FFFFFF" bgColor="00BFFF" type="Core" abbrev="" name="Goal"/>
            <FE fgColor="FFFFFF" bgColor="FF00FF" type="Peripheral" abbrev="" name="Manner"/>
            <FE fgColor="FFFFFF" bgColor="A52A2A" type="Core" abbrev="" name="Path"/>
            <FE fgColor="FFFFFF" bgColor="0000FF" type="Peripheral" abbrev="Pur" name="Purpose"/>
            <FE fgColor="FFFFFF" bgColor="A9A9A9" type="Peripheral" abbrev="" name="Road"/>
            <FE fgColor="FFFFFF" bgColor="7CCD73" type="Peripheral" abbrev="" name="Route"/>
            <FE fgColor="FFFFFF" bgColor="006400" type="Core" abbrev="" name="Source"/>
            <FE fgColor="FFFFFF" bgColor="800080" type="Peripheral" abbrev="" name="Speed"/>
            <FE fgColor="FFFFFF" bgColor="FF0000" type="Core" abbrev="Thm" name="Theme"/>
            <FE fgColor="000000" bgColor="FFA500" type="Peripheral" abbrev="Time" name="Time"/>
            <FE fgColor="FFFFFF" bgColor="00008B" type="Core" abbrev="" name="Vehicle"/>
        </frame>
    </header>
    <definition>COD: travel in a sailing boat as a sport or for recreation or travel in a ship or boat using sails or engine power or travel by ship on or across (a sea) or on (a route).</definition>
    <lexeme POS="V" name="sail"/>
    <valences/>
</lexUnit>