<?xml version="1.0" encoding="UTF-8" standalone="yes"?>
<?xml-stylesheet type="text/xsl" href="lexUnit.xsl"?>
<lexUnit status="Finished_Initial" POS="A" name="exhilarated.a" ID="8810" frame="Emotion_directed" frameID="46" totalAnnotated="6" xsi:schemaLocation="../schema/lexUnit.xsd" xmlns="http://framenet.icsi.berkeley.edu" xmlns:xsi="http://www.w3.org/2001/XMLSchema-instance">
    <header>
        <corpus description="LDC Newswire corpus from AP" name="AP" ID="113">
            <document description="apwsE970201.0307" name="apwsE970201.0307" ID="7774"/>
            <document description="apwsE941128.0454" name="apwsE941128.0454" ID="7778"/>
            <document description="apwsE950915.0081" name="apwsE950915.0081" ID="7780"/>
        </corpus>
        <frame>
            <FE fgColor="FFFFFF" bgColor="00BFFF" type="Extra-Thematic" abbrev="cir" name="Circumstances"/>
            <FE fgColor="FFFFFF" bgColor="FF69B4" type="Peripheral" abbrev="Degr" name="Degree"/>
            <FE fgColor="FFFFFF" bgColor="0000FF" type="Extra-Thematic" abbrev="ET" name="Empathy_target"/>
            <FE fgColor="FFFFFF" bgColor="A52A2A" type="Core" abbrev="Event" name="Event"/>
            <FE fgColor="FFFFFF" bgColor="800080" type="Core" abbrev="Exp" name="Experiencer"/>
            <FE fgColor="FFFFFF" bgColor="00008B" type="Extra-Thematic" abbrev="Exp" name="Explanation"/>
            <FE fgColor="FFFFFF" bgColor="008000" type="Core" abbrev="Exr" name="Expressor"/>
            <FE fgColor="000000" bgColor="7FFF00" type="Extra-Thematic" abbrev="" name="Frequency"/>
            <FE fgColor="FFFFFF" bgColor="FF00FF" type="Peripheral" abbrev="" name="Manner"/>
            <FE fgColor="FFFFFF" bgColor="2E8B57" type="Peripheral" abbrev="" name="Parameter"/>
            <FE fgColor="FFFFFF" bgColor="9F79EE" type="Core" abbrev="State" name="State"/>
            <FE fgColor="FFFFFF" bgColor="FF0000" type="Core" abbrev="Stim" name="Stimulus"/>
            <FE fgColor="FFFFFF" bgColor="FFA500" type="Core" abbrev="Top" name="Topic"/>
        </frame>
    </header>
    <definition>FN: filled with feelings of excitement and enthusiasm</definition>
    <lexeme POS="A" name="exhilarated"/>
    <valences>
        <governor type="Ctrlr" lemma="feel">
            <annoSet ID="1493557"/>
            <annoSet ID="2055736"/>
        </governor>
        <FERealization total="1">
            <FE name="Degree"/>
            <pattern total="1">
                <valenceUnit GF="Dep" PT="AVP" FE="Degree"/>
                <annoSet ID="2055736"/>
            </pattern>
        </FERealization>
        <FERealization total="6">
            <FE name="Experiencer"/>
            <pattern total="5">
                <valenceUnit GF="Ext" PT="NP" FE="Experiencer"/>
                <annoSet ID="1493557"/>
                <annoSet ID="1493561"/>
                <annoSet ID="2055722"/>
                <annoSet ID="2055730"/>
                <annoSet ID="2055736"/>
            </pattern>
            <pattern total="1">
                <valenceUnit GF="Head" PT="N" FE="Experiencer"/>
                <annoSet ID="1493559"/>
            </pattern>
        </FERealization>
        <FERealization total="3">
            <FE name="Stimulus"/>
            <pattern total="1">
                <valenceUnit GF="Dep" PT="PP[by]" FE="Stimulus"/>
                <annoSet ID="2055730"/>
            </pattern>
            <pattern total="1">
                <valenceUnit GF="Dep" PT="Sfin" FE="Stimulus"/>
                <annoSet ID="1493557"/>
            </pattern>
            <pattern total="1">
                <valenceUnit GF="Dep" PT="Sinterrog" FE="Stimulus"/>
                <annoSet ID="2055722"/>
            </pattern>
        </FERealization>
        <FEGroupRealization total="1">
            <FE name="Degree"/>
            <FE name="Experiencer"/>
            <pattern total="1">
                <valenceUnit GF="Dep" PT="AVP" FE="Degree"/>
                <valenceUnit GF="Ext" PT="NP" FE="Experiencer"/>
                <annoSet ID="2055736"/>
            </pattern>
        </FEGroupRealization>
        <FEGroupRealization total="2">
            <FE name="Experiencer"/>
            <pattern total="1">
                <valenceUnit GF="Head" PT="N" FE="Experiencer"/>
                <annoSet ID="1493559"/>
            </pattern>
            <pattern total="1">
                <valenceUnit GF="Ext" PT="NP" FE="Experiencer"/>
                <annoSet ID="1493561"/>
            </pattern>
        </FEGroupRealization>
        <FEGroupRealization total="3">
            <FE name="Experiencer"/>
            <FE name="Stimulus"/>
            <pattern total="1">
                <valenceUnit GF="Ext" PT="NP" FE="Experiencer"/>
                <valenceUnit GF="Dep" PT="PP[by]" FE="Stimulus"/>
                <annoSet ID="2055730"/>
            </pattern>
            <pattern total="1">
                <valenceUnit GF="Ext" PT="NP" FE="Experiencer"/>
                <valenceUnit GF="Dep" PT="Sfin" FE="Stimulus"/>
                <annoSet ID="1493557"/>
            </pattern>
            <pattern total="1">
                <valenceUnit GF="Ext" PT="NP" FE="Experiencer"/>
                <valenceUnit GF="Dep" PT="Sinterrog" FE="Stimulus"/>
                <annoSet ID="2055722"/>
            </pattern>
        </FEGroupRealization>
    </valences>
    <subCorpus name="A-001-all">
        <sentence sentNo="0" aPos="7617832" ID="1020685">
            <text>Now that he was committed to a course of action he felt exhilarated . </text>
            <annotationSet cDate="01/07/2003 11:18:56 PST Tue" status="UNANN" ID="1493556">
                <layer rank="1" name="BNC">
                    <label end="2" start="0" name="CJS"/>
                    <label end="7" start="4" name="CJS"/>
                    <label end="10" start="9" name="PNP"/>
                    <label end="14" start="12" name="VBD"/>
                    <label end="24" start="16" name="VVN"/>
                    <label end="27" start="26" name="PRP"/>
                    <label end="29" start="29" name="AT0"/>
                    <label end="36" start="31" name="NN1"/>
                    <label end="39" start="38" name="PRF"/>
                    <label end="46" start="41" name="NN1"/>
                    <label end="49" start="48" name="PNP"/>
                    <label end="54" start="51" name="VVD"/>
                    <label end="66" start="56" name="AJ0-VVD"/>
                    <label end="68" start="68" name="PUN"/>
                </layer>
                <layer rank="1" name="NER"/>
                <layer rank="1" name="WSL"/>
            </annotationSet>
            <annotationSet cDate="01/07/2003 11:18:56 PST Tue" status="MANUAL" ID="1493557">
                <layer rank="1" name="FE">
                    <label cBy="Sns" feID="194" end="49" start="48" name="Experiencer"/>
                    <label cBy="Sns" feID="197" end="46" start="0" name="Stimulus"/>
                </layer>
                <layer rank="1" name="GF">
                    <label end="49" start="48" name="Ext"/>
                    <label end="46" start="0" name="Dep"/>
                </layer>
                <layer rank="1" name="PT">
                    <label end="49" start="48" name="NP"/>
                    <label end="46" start="0" name="Sfin"/>
                </layer>
                <layer rank="1" name="Sent"/>
                <layer rank="1" name="Other"/>
                <layer rank="1" name="Target">
                    <label cBy="BoC" end="66" start="56" name="Target"/>
                </layer>
                <layer rank="1" name="Adj">
                    <label end="54" start="51" name="Ctrlr"/>
                </layer>
            </annotationSet>
        </sentence>
        <sentence sentNo="0" aPos="9860769" ID="1020686">
            <text>Instead , I made my way back along the sand , watching some evidently exhilarated surfers . </text>
            <annotationSet cDate="01/07/2003 11:18:56 PST Tue" status="UNANN" ID="1493558">
                <layer rank="1" name="BNC">
                    <label end="6" start="0" name="AV0"/>
                    <label end="8" start="8" name="PUN"/>
                    <label end="10" start="10" name="PNP"/>
                    <label end="15" start="12" name="VVD"/>
                    <label end="18" start="17" name="DPS"/>
                    <label end="22" start="20" name="NN1"/>
                    <label end="27" start="24" name="AVP"/>
                    <label end="33" start="29" name="PRP"/>
                    <label end="37" start="35" name="AT0"/>
                    <label end="42" start="39" name="NN1"/>
                    <label end="44" start="44" name="PUN"/>
                    <label end="53" start="46" name="VVG"/>
                    <label end="58" start="55" name="DT0"/>
                    <label end="68" start="60" name="AV0"/>
                    <label end="80" start="70" name="AJ0-VVD"/>
                    <label end="88" start="82" name="NN2"/>
                    <label end="90" start="90" name="PUN"/>
                </layer>
                <layer rank="1" name="NER"/>
                <layer rank="1" name="WSL"/>
            </annotationSet>
            <annotationSet cDate="01/07/2003 11:18:56 PST Tue" status="MANUAL" ID="1493559">
                <layer rank="1" name="FE">
                    <label cBy="Sns" feID="194" end="88" start="82" name="Experiencer"/>
                </layer>
                <layer rank="1" name="GF">
                    <label end="88" start="82" name="Head"/>
                </layer>
                <layer rank="1" name="PT">
                    <label end="88" start="82" name="N"/>
                </layer>
                <layer rank="1" name="Sent"/>
                <layer rank="1" name="Other"/>
                <layer rank="1" name="Target">
                    <label cBy="BoC" end="80" start="70" name="Target"/>
                </layer>
                <layer rank="1" name="Adj"/>
            </annotationSet>
        </sentence>
        <sentence sentNo="0" aPos="35631371" ID="1020687">
            <text>As the programme of meetings rolled on , sometimes with many presentations on the same day , Horsley was exhilarated , amazed and excited . </text>
            <annotationSet cDate="01/07/2003 11:18:56 PST Tue" status="UNANN" ID="1493560">
                <layer rank="1" name="BNC">
                    <label end="1" start="0" name="CJS-PRP"/>
                    <label end="5" start="3" name="AT0"/>
                    <label end="15" start="7" name="NN1"/>
                    <label end="18" start="17" name="PRF"/>
                    <label end="27" start="20" name="NN2"/>
                    <label end="34" start="29" name="VVD"/>
                    <label end="37" start="36" name="AVP"/>
                    <label end="39" start="39" name="PUN"/>
                    <label end="49" start="41" name="AV0"/>
                    <label end="54" start="51" name="PRP"/>
                    <label end="59" start="56" name="DT0"/>
                    <label end="73" start="61" name="NN2"/>
                    <label end="76" start="75" name="PRP"/>
                    <label end="80" start="78" name="AT0"/>
                    <label end="85" start="82" name="DT0"/>
                    <label end="89" start="87" name="NN1"/>
                    <label end="91" start="91" name="PUN"/>
                    <label end="99" start="93" name="NP0"/>
                    <label end="103" start="101" name="VBD"/>
                    <label end="115" start="105" name="AJ0-VVN"/>
                    <label end="117" start="117" name="PUN"/>
                    <label end="124" start="119" name="AJ0-VVD"/>
                    <label end="128" start="126" name="CJC"/>
                    <label end="136" start="130" name="VVD"/>
                    <label end="138" start="138" name="PUN"/>
                </layer>
                <layer rank="1" name="NER"/>
                <layer rank="1" name="WSL"/>
            </annotationSet>
            <annotationSet cDate="01/07/2003 11:18:56 PST Tue" status="MANUAL" ID="1493561">
                <layer rank="1" name="FE">
                    <label cBy="Sns" feID="194" end="99" start="93" name="Experiencer"/>
                </layer>
                <layer rank="1" name="GF">
                    <label end="99" start="93" name="Ext"/>
                </layer>
                <layer rank="1" name="PT">
                    <label end="99" start="93" name="NP"/>
                </layer>
                <layer rank="1" name="Sent"/>
                <layer rank="1" name="Other"/>
                <layer rank="1" name="Target">
                    <label cBy="BoC" end="115" start="105" name="Target"/>
                </layer>
                <layer rank="1" name="Adj">
                    <label end="103" start="101" name="Cop"/>
                </layer>
            </annotationSet>
        </sentence>
    </subCorpus>
    <subCorpus name="01-T-(1)">
        <sentence corpID="113" docID="7774" sentNo="2" paragNo="9" aPos="111688263" ID="1303780">
            <text>He was exhilarated when he heard Ornette Coleman improvising free jazz with his plastic saxophone at a club .</text>
            <annotationSet cDate="01/14/2005 12:07:21 PST Fri" status="UNANN" ID="2055721">
                <layer rank="1" name="PENN">
                    <label end="1" start="0" name="PP"/>
                    <label end="5" start="3" name="VBD"/>
                    <label end="17" start="7" name="VVN"/>
                    <label end="22" start="19" name="wrb"/>
                    <label end="25" start="24" name="PP"/>
                    <label end="31" start="27" name="VVD"/>
                    <label end="39" start="33" name="NP"/>
                    <label end="47" start="41" name="NP"/>
                    <label end="59" start="49" name="VVG"/>
                    <label end="64" start="61" name="jj"/>
                    <label end="69" start="66" name="nn"/>
                    <label end="74" start="71" name="in"/>
                    <label end="78" start="76" name="PP$"/>
                    <label end="86" start="80" name="jj"/>
                    <label end="96" start="88" name="nn"/>
                    <label end="99" start="98" name="in"/>
                    <label end="101" start="101" name="dt"/>
                    <label end="106" start="103" name="nn"/>
                    <label end="108" start="108" name="sent"/>
                </layer>
                <layer rank="1" name="NER"/>
                <layer rank="1" name="WSL"/>
            </annotationSet>
            <annotationSet cDate="01/14/2005 12:07:21 PST Fri" status="MANUAL" ID="2055722">
                <layer rank="1" name="Target">
                    <label cBy="Pam" end="17" start="7" name="Target"/>
                </layer>
                <layer rank="1" name="FE">
                    <label cBy="Pam" feID="194" end="1" start="0" name="Experiencer"/>
                    <label cBy="Pam" feID="197" end="106" start="19" name="Stimulus"/>
                </layer>
                <layer rank="1" name="GF">
                    <label end="1" start="0" name="Ext"/>
                    <label end="106" start="19" name="Dep"/>
                </layer>
                <layer rank="1" name="PT">
                    <label end="1" start="0" name="NP"/>
                    <label end="106" start="19" name="Sinterrog"/>
                </layer>
                <layer rank="1" name="Other"/>
                <layer rank="1" name="Sent"/>
                <layer rank="1" name="Adj">
                    <label end="5" start="3" name="Cop"/>
                </layer>
            </annotationSet>
        </sentence>
        <sentence corpID="113" docID="7778" sentNo="1" paragNo="12" aPos="4008209" ID="1303784">
            <text>Reflecting on the experience , Donia said : `` I think you 're exhilarated by the determination and strength of the human spirit . ''</text>
            <annotationSet cDate="01/14/2005 12:07:24 PST Fri" status="UNANN" ID="2055729">
                <layer rank="1" name="PENN">
                    <label end="9" start="0" name="VVG"/>
                    <label end="12" start="11" name="in"/>
                    <label end="16" start="14" name="dt"/>
                    <label end="27" start="18" name="nn"/>
                    <label end="29" start="29" name=","/>
                    <label end="35" start="31" name="NP"/>
                    <label end="40" start="37" name="VVD"/>
                    <label end="42" start="42" name=":"/>
                    <label end="45" start="44" name="``"/>
                    <label end="47" start="47" name="PP"/>
                    <label end="53" start="49" name="VVP"/>
                    <label end="57" start="55" name="PP"/>
                    <label end="61" start="59" name="vbp"/>
                    <label end="73" start="63" name="VVN"/>
                    <label end="76" start="75" name="in"/>
                    <label end="80" start="78" name="dt"/>
                    <label end="94" start="82" name="nn"/>
                    <label end="98" start="96" name="cc"/>
                    <label end="107" start="100" name="nn"/>
                    <label end="110" start="109" name="in"/>
                    <label end="114" start="112" name="dt"/>
                    <label end="120" start="116" name="jj"/>
                    <label end="127" start="122" name="nn"/>
                    <label end="129" start="129" name="sent"/>
                    <label end="132" start="131" name="''"/>
                </layer>
                <layer rank="1" name="NER"/>
                <layer rank="1" name="WSL"/>
            </annotationSet>
            <annotationSet cDate="01/14/2005 12:07:24 PST Fri" status="MANUAL" ID="2055730">
                <layer rank="1" name="Target">
                    <label cBy="Pam" end="73" start="63" name="Target"/>
                </layer>
                <layer rank="1" name="FE">
                    <label cBy="Pam" feID="194" end="57" start="55" name="Experiencer"/>
                    <label cBy="Pam" feID="197" end="127" start="75" name="Stimulus"/>
                </layer>
                <layer rank="1" name="GF">
                    <label end="57" start="55" name="Ext"/>
                    <label end="127" start="75" name="Dep"/>
                </layer>
                <layer rank="1" name="PT">
                    <label end="57" start="55" name="NP"/>
                    <label end="127" start="75" name="PP"/>
                </layer>
                <layer rank="1" name="Other"/>
                <layer rank="1" name="Sent"/>
                <layer rank="1" name="Adj">
                    <label end="61" start="59" name="Cop"/>
                </layer>
            </annotationSet>
        </sentence>
        <sentence corpID="113" docID="7780" sentNo="1" paragNo="8" aPos="90711993" ID="1303787">
            <text>`` We feel at this point actually quite exhilarated , '' said Nicola McIntyre of San Francisco .</text>
            <annotationSet cDate="01/14/2005 12:07:25 PST Fri" status="UNANN" ID="2055735">
                <layer rank="1" name="PENN">
                    <label end="1" start="0" name="``"/>
                    <label end="4" start="3" name="PP"/>
                    <label end="9" start="6" name="VVP"/>
                    <label end="12" start="11" name="in"/>
                    <label end="17" start="14" name="dt"/>
                    <label end="23" start="19" name="nn"/>
                    <label end="32" start="25" name="rb"/>
                    <label end="38" start="34" name="rb"/>
                    <label end="50" start="40" name="VVN"/>
                    <label end="52" start="52" name=","/>
                    <label end="55" start="54" name="''"/>
                    <label end="60" start="57" name="VVD"/>
                    <label end="67" start="62" name="NP"/>
                    <label end="76" start="69" name="NP"/>
                    <label end="79" start="78" name="in"/>
                    <label end="83" start="81" name="NP"/>
                    <label end="93" start="85" name="NP"/>
                    <label end="95" start="95" name="sent"/>
                </layer>
                <layer rank="1" name="NER"/>
                <layer rank="1" name="WSL"/>
            </annotationSet>
            <annotationSet cDate="01/14/2005 12:07:25 PST Fri" status="MANUAL" ID="2055736">
                <layer rank="1" name="Target">
                    <label cBy="Pam" end="50" start="40" name="Target"/>
                </layer>
                <layer rank="1" name="FE">
                    <label cBy="Pam" feID="194" end="4" start="3" name="Experiencer"/>
                    <label cBy="Pam" feID="1891" end="38" start="34" name="Degree"/>
                </layer>
                <layer rank="1" name="GF">
                    <label end="4" start="3" name="Ext"/>
                    <label end="38" start="34" name="Dep"/>
                </layer>
                <layer rank="1" name="PT">
                    <label end="4" start="3" name="NP"/>
                    <label end="38" start="34" name="AVP"/>
                </layer>
                <layer rank="1" name="Other"/>
                <layer rank="1" name="Sent"/>
                <layer rank="1" name="Adj">
                    <label end="9" start="6" name="Ctrlr"/>
                </layer>
            </annotationSet>
        </sentence>
    </subCorpus>
    <subCorpus name="other-matched-(1)"/>
    <subCorpus name="other-unmatched-(1)"/>
</lexUnit>