<?xml version="1.0" encoding="UTF-8" standalone="yes"?>
<?xml-stylesheet type="text/xsl" href="lexUnit.xsl"?>
<lexUnit status="Finished_Initial" POS="N" name="glee.n" ID="8843" frame="Emotion_directed" frameID="46" totalAnnotated="7" xsi:schemaLocation="../schema/lexUnit.xsd" xmlns="http://framenet.icsi.berkeley.edu" xmlns:xsi="http://www.w3.org/2001/XMLSchema-instance">
    <header>
        <frame>
            <FE fgColor="FFFFFF" bgColor="00BFFF" type="Extra-Thematic" abbrev="cir" name="Circumstances"/>
            <FE fgColor="FFFFFF" bgColor="FF69B4" type="Peripheral" abbrev="Degr" name="Degree"/>
            <FE fgColor="FFFFFF" bgColor="0000FF" type="Extra-Thematic" abbrev="ET" name="Empathy_target"/>
            <FE fgColor="FFFFFF" bgColor="A52A2A" type="Core" abbrev="Event" name="Event"/>
            <FE fgColor="FFFFFF" bgColor="800080" type="Core" abbrev="Exp" name="Experiencer"/>
            <FE fgColor="FFFFFF" bgColor="00008B" type="Extra-Thematic" abbrev="Exp" name="Explanation"/>
            <FE fgColor="FFFFFF" bgColor="008000" type="Core" abbrev="Exr" name="Expressor"/>
            <FE fgColor="000000" bgColor="7FFF00" type="Extra-Thematic" abbrev="" name="Frequency"/>
            <FE fgColor="FFFFFF" bgColor="FF00FF" type="Peripheral" abbrev="" name="Manner"/>
            <FE fgColor="FFFFFF" bgColor="2E8B57" type="Peripheral" abbrev="" name="Parameter"/>
            <FE fgColor="FFFFFF" bgColor="9F79EE" type="Core" abbrev="State" name="State"/>
            <FE fgColor="FFFFFF" bgColor="FF0000" type="Core" abbrev="Stim" name="Stimulus"/>
            <FE fgColor="FFFFFF" bgColor="FFA500" type="Core" abbrev="Top" name="Topic"/>
        </frame>
    </header>
    <definition>COD: great delight</definition>
    <lexeme POS="N" name="glee"/>
    <valences>
        <FERealization total="7">
            <FE name="Experiencer"/>
            <pattern total="1">
                <valenceUnit GF="Dep" PT="PP[of]" FE="Experiencer"/>
                <annoSet ID="829169"/>
            </pattern>
            <pattern total="6">
                <valenceUnit GF="Gen" PT="Poss" FE="Experiencer"/>
                <annoSet ID="829107"/>
                <annoSet ID="829111"/>
                <annoSet ID="829131"/>
                <annoSet ID="829137"/>
                <annoSet ID="829197"/>
                <annoSet ID="829209"/>
            </pattern>
        </FERealization>
        <FERealization total="3">
            <FE name="Stimulus"/>
            <pattern total="2">
                <valenceUnit GF="Dep" PT="PP[at]" FE="Stimulus"/>
                <annoSet ID="829107"/>
                <annoSet ID="829111"/>
            </pattern>
            <pattern total="1">
                <valenceUnit GF="Dep" PT="PPing[over]" FE="Stimulus"/>
                <annoSet ID="829209"/>
            </pattern>
        </FERealization>
        <FEGroupRealization total="4">
            <FE name="Experiencer"/>
            <pattern total="1">
                <valenceUnit GF="Dep" PT="PP[of]" FE="Experiencer"/>
                <annoSet ID="829169"/>
            </pattern>
            <pattern total="3">
                <valenceUnit GF="Gen" PT="Poss" FE="Experiencer"/>
                <annoSet ID="829131"/>
                <annoSet ID="829137"/>
                <annoSet ID="829197"/>
            </pattern>
        </FEGroupRealization>
        <FEGroupRealization total="3">
            <FE name="Experiencer"/>
            <FE name="Stimulus"/>
            <pattern total="2">
                <valenceUnit GF="Gen" PT="Poss" FE="Experiencer"/>
                <valenceUnit GF="Dep" PT="PP[at]" FE="Stimulus"/>
                <annoSet ID="829107"/>
                <annoSet ID="829111"/>
            </pattern>
            <pattern total="1">
                <valenceUnit GF="Gen" PT="Poss" FE="Experiencer"/>
                <valenceUnit GF="Dep" PT="PPing[over]" FE="Stimulus"/>
                <annoSet ID="829209"/>
            </pattern>
        </FEGroupRealization>
    </valences>
    <subCorpus name="N-250-s20-ppat">
        <sentence sentNo="0" aPos="7464951" ID="675799">
            <text>Mention of the press 's glee at the humiliation of the investigators behind this summer 's high-profile surveillance project Operation Blackbird , who were fooled by an obvious hoax , brings out Tarr 's own nascent conspiracy theory . </text>
            <annotationSet cDate="01/07/2003 10:24:10 PST Tue" status="UNANN" ID="829106">
                <layer rank="1" name="BNC">
                    <label end="6" start="0" name="NN1"/>
                    <label end="9" start="8" name="PRF"/>
                    <label end="13" start="11" name="AT0"/>
                    <label end="19" start="15" name="NN0"/>
                    <label end="22" start="21" name="POS"/>
                    <label end="27" start="24" name="NN1"/>
                    <label end="30" start="29" name="PRP"/>
                    <label end="34" start="32" name="AT0"/>
                    <label end="46" start="36" name="NN1"/>
                    <label end="49" start="48" name="PRF"/>
                    <label end="53" start="51" name="AT0"/>
                    <label end="67" start="55" name="NN2"/>
                    <label end="74" start="69" name="PRP"/>
                    <label end="79" start="76" name="DT0"/>
                    <label end="86" start="81" name="NN1"/>
                    <label end="89" start="88" name="POS"/>
                    <label end="102" start="91" name="AJ0-NN1"/>
                    <label end="115" start="104" name="NN1"/>
                    <label end="123" start="117" name="NN1-VVB"/>
                    <label end="133" start="125" name="NN1"/>
                    <label end="143" start="135" name="NN1-NP0"/>
                    <label end="145" start="145" name="PUN"/>
                    <label end="149" start="147" name="PNQ"/>
                    <label end="154" start="151" name="VBD"/>
                    <label end="161" start="156" name="VVN"/>
                    <label end="164" start="163" name="PRP"/>
                    <label end="167" start="166" name="AT0"/>
                    <label end="175" start="169" name="AJ0"/>
                    <label end="180" start="177" name="NN1"/>
                    <label end="182" start="182" name="PUN"/>
                    <label end="189" start="184" name="VVZ"/>
                    <label end="193" start="191" name="AVP"/>
                    <label end="198" start="195" name="NN1-NP0"/>
                    <label end="201" start="200" name="POS"/>
                    <label end="205" start="203" name="DT0"/>
                    <label end="213" start="207" name="AJ0"/>
                    <label end="224" start="215" name="NN1"/>
                    <label end="231" start="226" name="NN1"/>
                    <label end="233" start="233" name="PUN"/>
                </layer>
                <layer rank="1" name="NER"/>
                <layer rank="1" name="WSL"/>
            </annotationSet>
            <annotationSet cDate="01/07/2003 10:24:11 PST Tue" status="MANUAL" ID="829107">
                <layer rank="1" name="FE">
                    <label cBy="KCo" feID="194" end="22" start="11" name="Experiencer"/>
                    <label cBy="KCo" feID="197" end="143" start="29" name="Stimulus"/>
                </layer>
                <layer rank="1" name="GF">
                    <label end="22" start="11" name="Gen"/>
                    <label end="143" start="29" name="Dep"/>
                </layer>
                <layer rank="1" name="PT">
                    <label end="22" start="11" name="Poss"/>
                    <label end="143" start="29" name="PP"/>
                </layer>
                <layer rank="1" name="Sent"/>
                <layer rank="1" name="Other"/>
                <layer rank="1" name="Target">
                    <label cBy="BoC" end="27" start="24" name="Target"/>
                </layer>
                <layer rank="1" name="Noun"/>
            </annotationSet>
        </sentence>
        <sentence sentNo="0" aPos="106686994" ID="675801">
            <text>Many Labour MPs could not hide their glee at the SNP 's action , such is their antipathy to cross-party co-operation . </text>
            <annotationSet cDate="01/07/2003 10:24:11 PST Tue" status="UNANN" ID="829110">
                <layer rank="1" name="BNC">
                    <label end="3" start="0" name="DT0"/>
                    <label end="10" start="5" name="AJ0"/>
                    <label end="14" start="12" name="NN2"/>
                    <label end="20" start="16" name="VM0"/>
                    <label end="24" start="22" name="XX0"/>
                    <label end="29" start="26" name="VVI"/>
                    <label end="35" start="31" name="DPS"/>
                    <label end="40" start="37" name="NN1"/>
                    <label end="43" start="42" name="PRP"/>
                    <label end="47" start="45" name="AT0"/>
                    <label end="51" start="49" name="NP0"/>
                    <label end="54" start="53" name="POS"/>
                    <label end="61" start="56" name="NN1"/>
                    <label end="63" start="63" name="PUN"/>
                    <label end="68" start="65" name="DT0"/>
                    <label end="71" start="70" name="VBZ"/>
                    <label end="77" start="73" name="DPS"/>
                    <label end="87" start="79" name="NN1"/>
                    <label end="90" start="89" name="PRP"/>
                    <label end="102" start="92" name="AJ0"/>
                    <label end="115" start="104" name="NN1"/>
                    <label end="117" start="117" name="PUN"/>
                </layer>
                <layer rank="1" name="NER"/>
                <layer rank="1" name="WSL"/>
            </annotationSet>
            <annotationSet cDate="01/07/2003 10:24:11 PST Tue" status="MANUAL" ID="829111">
                <layer rank="1" name="FE">
                    <label cBy="KCo" feID="194" end="35" start="31" name="Experiencer"/>
                    <label cBy="KCo" feID="197" end="61" start="42" name="Stimulus"/>
                </layer>
                <layer rank="1" name="GF">
                    <label end="35" start="31" name="Gen"/>
                    <label end="61" start="42" name="Dep"/>
                </layer>
                <layer rank="1" name="PT">
                    <label end="35" start="31" name="Poss"/>
                    <label end="61" start="42" name="PP"/>
                </layer>
                <layer rank="1" name="Sent"/>
                <layer rank="1" name="Other"/>
                <layer rank="1" name="Target">
                    <label cBy="BoC" end="40" start="37" name="Target"/>
                </layer>
                <layer rank="1" name="Noun"/>
            </annotationSet>
        </sentence>
    </subCorpus>
    <subCorpus name="N-250-s20-ppin"/>
    <subCorpus name="N-250-s20-ppover"/>
    <subCorpus name="N-280-s20-poss">
        <sentence sentNo="0" aPos="66027280" ID="675811">
            <text>The bouncer 's glee , the masculine grunts in the background of ` Quite right , too &quot; , were a timely reminder of surviving and thriving misogyny , and of the petty power struggle it engenders . </text>
            <annotationSet cDate="01/07/2003 10:24:12 PST Tue" status="UNANN" ID="829130">
                <layer rank="1" name="BNC">
                    <label end="2" start="0" name="AT0"/>
                    <label end="10" start="4" name="NN1"/>
                    <label end="13" start="12" name="POS"/>
                    <label end="18" start="15" name="NN1"/>
                    <label end="20" start="20" name="PUN"/>
                    <label end="24" start="22" name="AT0"/>
                    <label end="34" start="26" name="AJ0"/>
                    <label end="41" start="36" name="NN2"/>
                    <label end="44" start="43" name="PRP"/>
                    <label end="48" start="46" name="AT0"/>
                    <label end="59" start="50" name="NN1"/>
                    <label end="62" start="61" name="PRF"/>
                    <label end="64" start="64" name="PUQ"/>
                    <label end="70" start="66" name="AV0"/>
                    <label end="76" start="72" name="AV0"/>
                    <label end="78" start="78" name="PUN"/>
                    <label end="82" start="80" name="AV0"/>
                    <label end="84" start="84" name="PUQ"/>
                    <label end="86" start="86" name="PUN"/>
                    <label end="91" start="88" name="VBD"/>
                    <label end="93" start="93" name="AT0"/>
                    <label end="100" start="95" name="AJ0"/>
                    <label end="109" start="102" name="NN1"/>
                    <label end="112" start="111" name="PRF"/>
                    <label end="122" start="114" name="NN1-VVG"/>
                    <label end="126" start="124" name="CJC"/>
                    <label end="135" start="128" name="AJ0"/>
                    <label end="144" start="137" name="NN1"/>
                    <label end="146" start="146" name="PUN"/>
                    <label end="150" start="148" name="CJC"/>
                    <label end="153" start="152" name="PRF"/>
                    <label end="157" start="155" name="AT0"/>
                    <label end="163" start="159" name="AJ0"/>
                    <label end="169" start="165" name="NN1"/>
                    <label end="178" start="171" name="NN1"/>
                    <label end="181" start="180" name="PNP"/>
                    <label end="191" start="183" name="VVZ"/>
                    <label end="193" start="193" name="PUN"/>
                </layer>
                <layer rank="1" name="NER"/>
                <layer rank="1" name="WSL"/>
            </annotationSet>
            <annotationSet cDate="01/07/2003 10:24:12 PST Tue" status="MANUAL" ID="829131">
                <layer rank="1" name="FE">
                    <label cBy="KCo" feID="194" end="13" start="0" name="Experiencer"/>
                </layer>
                <layer rank="1" name="GF">
                    <label end="13" start="0" name="Gen"/>
                </layer>
                <layer rank="1" name="PT">
                    <label end="13" start="0" name="Poss"/>
                </layer>
                <layer rank="1" name="Sent"/>
                <layer rank="1" name="Other"/>
                <layer rank="1" name="Target">
                    <label cBy="BoC" end="18" start="15" name="Target"/>
                </layer>
                <layer rank="1" name="Noun"/>
            </annotationSet>
        </sentence>
        <sentence sentNo="0" aPos="101404997" ID="675814">
            <text>Vitor went down on his hunkers and , much to the child 's glee , spent a minute or two admiring the toy . </text>
            <annotationSet cDate="01/07/2003 10:24:12 PST Tue" status="UNANN" ID="829136">
                <layer rank="1" name="BNC">
                    <label end="4" start="0" name="NN1-NP0"/>
                    <label end="9" start="6" name="VVD"/>
                    <label end="14" start="11" name="AVP"/>
                    <label end="17" start="16" name="PRP"/>
                    <label end="21" start="19" name="DPS"/>
                    <label end="29" start="23" name="NN2"/>
                    <label end="33" start="31" name="CJC"/>
                    <label end="35" start="35" name="PUN"/>
                    <label end="40" start="37" name="AV0"/>
                    <label end="43" start="42" name="PRP"/>
                    <label end="47" start="45" name="AT0"/>
                    <label end="53" start="49" name="NN1"/>
                    <label end="56" start="55" name="POS"/>
                    <label end="61" start="58" name="NN1"/>
                    <label end="63" start="63" name="PUN"/>
                    <label end="69" start="65" name="VVD-VVN"/>
                    <label end="71" start="71" name="AT0"/>
                    <label end="78" start="73" name="NN1"/>
                    <label end="81" start="80" name="CJC"/>
                    <label end="85" start="83" name="CRD"/>
                    <label end="94" start="87" name="VVG"/>
                    <label end="98" start="96" name="AT0"/>
                    <label end="102" start="100" name="NN1"/>
                    <label end="104" start="104" name="PUN"/>
                </layer>
                <layer rank="1" name="NER"/>
                <layer rank="1" name="WSL"/>
            </annotationSet>
            <annotationSet cDate="01/07/2003 10:24:12 PST Tue" status="MANUAL" ID="829137">
                <layer rank="1" name="FE">
                    <label cBy="KCo" feID="194" end="56" start="45" name="Experiencer"/>
                </layer>
                <layer rank="1" name="GF">
                    <label end="56" start="45" name="Gen"/>
                </layer>
                <layer rank="1" name="PT">
                    <label end="56" start="45" name="Poss"/>
                </layer>
                <layer rank="1" name="Sent"/>
                <layer rank="1" name="Other"/>
                <layer rank="1" name="Target">
                    <label cBy="BoC" end="61" start="58" name="Target"/>
                </layer>
                <layer rank="1" name="Noun"/>
            </annotationSet>
        </sentence>
    </subCorpus>
    <subCorpus name="N-330-s20-period"/>
    <subCorpus name="N-340-s20-ppother">
        <sentence sentNo="0" aPos="76305123" ID="675830">
            <text>The Gorengs made their home in the former diplomatic quarter , the area which had , to the glee of the Chinese in the Toku-ru warehouse , been accidentally shelled by the malai navy on invasion day . </text>
            <annotationSet cDate="01/07/2003 10:24:14 PST Tue" status="UNANN" ID="829168">
                <layer rank="1" name="BNC">
                    <label end="2" start="0" name="AT0"/>
                    <label end="10" start="4" name="NP0"/>
                    <label end="15" start="12" name="VVD"/>
                    <label end="21" start="17" name="DPS"/>
                    <label end="26" start="23" name="NN1"/>
                    <label end="29" start="28" name="PRP"/>
                    <label end="33" start="31" name="AT0"/>
                    <label end="40" start="35" name="DT0"/>
                    <label end="51" start="42" name="AJ0"/>
                    <label end="59" start="53" name="NN1"/>
                    <label end="61" start="61" name="PUN"/>
                    <label end="65" start="63" name="AT0"/>
                    <label end="70" start="67" name="NN1"/>
                    <label end="76" start="72" name="DTQ"/>
                    <label end="80" start="78" name="VHD"/>
                    <label end="82" start="82" name="PUN"/>
                    <label end="85" start="84" name="PRP"/>
                    <label end="89" start="87" name="AT0"/>
                    <label end="94" start="91" name="NN1"/>
                    <label end="97" start="96" name="PRF"/>
                    <label end="101" start="99" name="AT0"/>
                    <label end="109" start="103" name="AJ0-NN1"/>
                    <label end="112" start="111" name="PRP"/>
                    <label end="116" start="114" name="AT0"/>
                    <label end="124" start="118" name="AJ0"/>
                    <label end="134" start="126" name="NN1"/>
                    <label end="136" start="136" name="PUN"/>
                    <label end="141" start="138" name="VBN"/>
                    <label end="154" start="143" name="AV0"/>
                    <label end="162" start="156" name="VVN"/>
                    <label end="165" start="164" name="PRP"/>
                    <label end="169" start="167" name="AT0"/>
                    <label end="175" start="171" name="UNC"/>
                    <label end="180" start="177" name="NN0"/>
                    <label end="183" start="182" name="PRP"/>
                    <label end="192" start="185" name="NN1"/>
                    <label end="196" start="194" name="NN1"/>
                    <label end="198" start="198" name="PUN"/>
                </layer>
                <layer rank="1" name="NER"/>
                <layer rank="1" name="WSL"/>
            </annotationSet>
            <annotationSet cDate="01/07/2003 10:24:14 PST Tue" status="MANUAL" ID="829169">
                <layer rank="1" name="FE">
                    <label cBy="KCo" feID="194" end="134" start="96" name="Experiencer"/>
                </layer>
                <layer rank="1" name="GF">
                    <label end="134" start="96" name="Dep"/>
                </layer>
                <layer rank="1" name="PT">
                    <label end="134" start="96" name="PP"/>
                </layer>
                <layer rank="1" name="Sent"/>
                <layer rank="1" name="Other"/>
                <layer rank="1" name="Target">
                    <label cBy="BoC" end="94" start="91" name="Target"/>
                </layer>
                <layer rank="1" name="Noun"/>
            </annotationSet>
        </sentence>
    </subCorpus>
    <subCorpus name="N-340a-s20-ppother">
        <sentence sentNo="0" aPos="57521963" ID="675844">
            <text>She wished she could share her glee with Adam . </text>
            <annotationSet cDate="01/07/2003 10:24:19 PST Tue" status="UNANN" ID="829196">
                <layer rank="1" name="BNC">
                    <label end="2" start="0" name="PNP"/>
                    <label end="9" start="4" name="VVD"/>
                    <label end="13" start="11" name="PNP"/>
                    <label end="19" start="15" name="VM0"/>
                    <label end="25" start="21" name="VVI"/>
                    <label end="29" start="27" name="DPS"/>
                    <label end="34" start="31" name="NN1"/>
                    <label end="39" start="36" name="PRP"/>
                    <label end="44" start="41" name="NP0"/>
                    <label end="46" start="46" name="PUN"/>
                </layer>
                <layer rank="1" name="NER"/>
                <layer rank="1" name="WSL"/>
            </annotationSet>
            <annotationSet cDate="01/07/2003 10:24:19 PST Tue" status="MANUAL" ID="829197">
                <layer rank="1" name="FE">
                    <label cBy="KCo" feID="194" end="29" start="27" name="Experiencer"/>
                </layer>
                <layer rank="1" name="GF">
                    <label end="29" start="27" name="Gen"/>
                </layer>
                <layer rank="1" name="PT">
                    <label end="29" start="27" name="Poss"/>
                </layer>
                <layer rank="1" name="Sent"/>
                <layer rank="1" name="Other"/>
                <layer rank="1" name="Target">
                    <label cBy="BoC" end="34" start="31" name="Target"/>
                </layer>
                <layer rank="1" name="Noun"/>
            </annotationSet>
        </sentence>
    </subCorpus>
    <subCorpus name="N-370-s20-pother">
        <sentence sentNo="0" aPos="1225400" ID="675850">
            <text>Whereas in Crime and Punishment and in the novels which follow he can , though his narrow glee over being ahead of the fact is unworthy of his art and of what ` idealism &quot; and ` deeper realism &quot; intend . </text>
            <annotationSet cDate="01/07/2003 10:24:19 PST Tue" status="UNANN" ID="829208">
                <layer rank="1" name="BNC">
                    <label end="6" start="0" name="CJS"/>
                    <label end="9" start="8" name="PRP"/>
                    <label end="15" start="11" name="NN1-NP0"/>
                    <label end="19" start="17" name="CJC"/>
                    <label end="30" start="21" name="NN1-NP0"/>
                    <label end="34" start="32" name="CJC"/>
                    <label end="37" start="36" name="PRP"/>
                    <label end="41" start="39" name="AT0"/>
                    <label end="48" start="43" name="NN2"/>
                    <label end="54" start="50" name="DTQ"/>
                    <label end="61" start="56" name="VVB"/>
                    <label end="64" start="63" name="PNP"/>
                    <label end="68" start="66" name="VM0"/>
                    <label end="70" start="70" name="PUN"/>
                    <label end="77" start="72" name="CJS"/>
                    <label end="81" start="79" name="DPS"/>
                    <label end="88" start="83" name="AJ0"/>
                    <label end="93" start="90" name="NN1"/>
                    <label end="98" start="95" name="PRP"/>
                    <label end="104" start="100" name="VBG"/>
                    <label end="110" start="106" name="PRP"/>
                    <label end="113" start="112" name="PRP"/>
                    <label end="117" start="115" name="AT0"/>
                    <label end="122" start="119" name="NN1"/>
                    <label end="125" start="124" name="VBZ"/>
                    <label end="134" start="127" name="AJ0"/>
                    <label end="137" start="136" name="PRF"/>
                    <label end="141" start="139" name="DPS"/>
                    <label end="145" start="143" name="NN1"/>
                    <label end="149" start="147" name="CJC"/>
                    <label end="152" start="151" name="PRF"/>
                    <label end="157" start="154" name="DTQ"/>
                    <label end="159" start="159" name="PUQ"/>
                    <label end="168" start="161" name="NN1"/>
                    <label end="170" start="170" name="PUQ"/>
                    <label end="174" start="172" name="CJC"/>
                    <label end="176" start="176" name="PUQ"/>
                    <label end="183" start="178" name="AJC"/>
                    <label end="191" start="185" name="NN1"/>
                    <label end="193" start="193" name="PUQ"/>
                    <label end="200" start="195" name="VVB"/>
                    <label end="202" start="202" name="PUN"/>
                </layer>
                <layer rank="1" name="NER"/>
                <layer rank="1" name="WSL"/>
            </annotationSet>
            <annotationSet cDate="01/07/2003 10:24:19 PST Tue" status="MANUAL" ID="829209">
                <layer rank="1" name="FE">
                    <label cBy="KCo" feID="194" end="81" start="79" name="Experiencer"/>
                    <label cBy="KCo" feID="197" end="122" start="95" name="Stimulus"/>
                </layer>
                <layer rank="1" name="GF">
                    <label end="81" start="79" name="Gen"/>
                    <label end="122" start="95" name="Dep"/>
                </layer>
                <layer rank="1" name="PT">
                    <label end="81" start="79" name="Poss"/>
                    <label end="122" start="95" name="PPing"/>
                </layer>
                <layer rank="1" name="Sent"/>
                <layer rank="1" name="Other"/>
                <layer rank="1" name="Target">
                    <label cBy="BoC" end="93" start="90" name="Target"/>
                </layer>
                <layer rank="1" name="Noun"/>
            </annotationSet>
        </sentence>
    </subCorpus>
    <subCorpus name="N-380-s20-other"/>
    <subCorpus name="N-429-s20-lcoll-in"/>
    <subCorpus name="N-429-s20-lcoll-with"/>
    <subCorpus name="N-429-s20-lcoll-without"/>
</lexUnit>