<?xml version="1.0" encoding="UTF-8" standalone="yes"?>
<?xml-stylesheet type="text/xsl" href="lexUnit.xsl"?>
<lexUnit status="Finished_Initial" incorporatedFE="Case" POS="N" name="case.n" ID="8830" frame="Trial" frameID="201" totalAnnotated="19" xsi:schemaLocation="../schema/lexUnit.xsd" xmlns="http://framenet.icsi.berkeley.edu" xmlns:xsi="http://www.w3.org/2001/XMLSchema-instance">
    <header>
        <corpus description="BNC2" name="BNC2" ID="111">
            <document description="bncp" name="bncp" ID="421"/>
        </corpus>
        <corpus description="LUCorpus-v0.3" name="LUCorpus-v0.3" ID="205">
            <document description="sw2025-ms98-a-trans.ascii-1-NEW" name="sw2025-ms98-a-trans.ascii-1-NEW" ID="23731"/>
        </corpus>
        <corpus description="Texts from WikiMedia--WikiNews and Wikipedia" name="WikiTexts" ID="246">
            <document description="Fires_4" name="Fires_4" ID="25619"/>
        </corpus>
        <frame>
            <FE fgColor="FFFFFF" bgColor="1E90FF" type="Core" abbrev="Cse" name="Case"/>
            <FE fgColor="FFFFFF" bgColor="A52A2A" type="Core" abbrev="Chg" name="Charges"/>
            <FE fgColor="FFFFFF" bgColor="9F79EE" type="Core" abbrev="Crt" name="Court"/>
            <FE fgColor="FFFFFF" bgColor="0000FF" type="Core" abbrev="Defend" name="Defendant"/>
            <FE fgColor="FFFFFF" bgColor="00BFFF" type="Core" abbrev="Defens" name="Defense"/>
            <FE fgColor="FFFFFF" bgColor="FF0000" type="Core" abbrev="Judge" name="Judge"/>
            <FE fgColor="FFFFFF" bgColor="9400D3" type="Core" abbrev="Jury" name="Jury"/>
            <FE fgColor="FFFFFF" bgColor="90876C" type="Extra-Thematic" abbrev="" name="Manner"/>
            <FE fgColor="FFFFFF" bgColor="008000" type="Peripheral" abbrev="P" name="Place"/>
            <FE fgColor="FFFFFF" bgColor="800080" type="Core" abbrev="Prsc" name="Prosecution"/>
            <FE fgColor="FFFFFF" bgColor="FFA500" type="Peripheral" abbrev="T" name="Time"/>
        </frame>
    </header>
    <definition>COD: an incident under official investigation by the police, or a legal action, especially one that is to be decided in a court of law, or a legal action that has been decided and may be cited as a precedent. </definition>
    <lexeme POS="N" name="case"/>
    <valences>
        <governor type="Sup" lemma="hear">
            <annoSet ID="1902389"/>
            <annoSet ID="1923385"/>
        </governor>
        <governor type="Ctrlr" lemma="try">
            <annoSet ID="2555981"/>
        </governor>
        <FERealization total="18">
            <FE name="Case"/>
            <pattern total="18">
                <valenceUnit GF="" PT="DEN" FE="Case"/>
                <annoSet ID="1902381"/>
                <annoSet ID="1902389"/>
                <annoSet ID="1902411"/>
                <annoSet ID="1902427"/>
                <annoSet ID="1902509"/>
                <annoSet ID="1902587"/>
                <annoSet ID="1923219"/>
                <annoSet ID="1923221"/>
                <annoSet ID="1923227"/>
                <annoSet ID="1923243"/>
                <annoSet ID="1923247"/>
                <annoSet ID="1923261"/>
                <annoSet ID="1923285"/>
                <annoSet ID="1923385"/>
                <annoSet ID="2555975"/>
                <annoSet ID="2555981"/>
                <annoSet ID="6551272"/>
                <annoSet ID="6669700"/>
            </pattern>
        </FERealization>
        <FERealization total="3">
            <FE name="Charges"/>
            <pattern total="2">
                <valenceUnit GF="Dep" PT="N" FE="Charges"/>
                <annoSet ID="1923219"/>
                <annoSet ID="1923243"/>
            </pattern>
            <pattern total="1">
                <valenceUnit GF="Dep" PT="PP[of]" FE="Charges"/>
                <annoSet ID="1902427"/>
            </pattern>
        </FERealization>
        <FERealization total="1">
            <FE name="Court"/>
            <pattern total="1">
                <valenceUnit GF="Dep" PT="PP[in]" FE="Court"/>
                <annoSet ID="1923385"/>
            </pattern>
        </FERealization>
        <FERealization total="8">
            <FE name="Defendant"/>
            <pattern total="1">
                <valenceUnit GF="Dep" PT="N" FE="Defendant"/>
                <annoSet ID="1923285"/>
            </pattern>
            <pattern total="1">
                <valenceUnit GF="Dep" PT="NP" FE="Defendant"/>
                <annoSet ID="6551272"/>
            </pattern>
            <pattern total="1">
                <valenceUnit GF="Ext" PT="NP" FE="Defendant"/>
                <annoSet ID="1923221"/>
            </pattern>
            <pattern total="2">
                <valenceUnit GF="Dep" PT="PP[against]" FE="Defendant"/>
                <annoSet ID="1902381"/>
                <annoSet ID="1902411"/>
            </pattern>
            <pattern total="2">
                <valenceUnit GF="Dep" PT="PP[of]" FE="Defendant"/>
                <annoSet ID="1923227"/>
                <annoSet ID="2555981"/>
            </pattern>
            <pattern total="1">
                <valenceUnit GF="Dep" PT="A" FE="Defendant"/>
                <annoSet ID="6550814"/>
            </pattern>
        </FERealization>
        <FERealization total="1">
            <FE name="Defense"/>
            <pattern total="1">
                <valenceUnit GF="Gen" PT="Poss" FE="Defense"/>
                <annoSet ID="1902587"/>
            </pattern>
        </FERealization>
        <FERealization total="3">
            <FE name="Judge"/>
            <pattern total="2">
                <valenceUnit GF="" PT="CNI" FE="Judge"/>
                <annoSet ID="1902389"/>
                <annoSet ID="1923385"/>
            </pattern>
            <pattern total="1">
                <valenceUnit GF="Gen" PT="Poss" FE="Judge"/>
                <annoSet ID="1923247"/>
            </pattern>
        </FERealization>
        <FERealization total="1">
            <FE name="Jury"/>
            <pattern total="1">
                <valenceUnit GF="Ext" PT="NP" FE="Jury"/>
                <annoSet ID="2555981"/>
            </pattern>
        </FERealization>
        <FERealization total="1">
            <FE name="Prosecution"/>
            <pattern total="1">
                <valenceUnit GF="Ext" PT="NP" FE="Prosecution"/>
                <annoSet ID="2555975"/>
            </pattern>
        </FERealization>
        <FERealization total="3">
            <FE name="Time"/>
            <pattern total="2">
                <valenceUnit GF="Dep" PT="NP" FE="Time"/>
                <annoSet ID="1923261"/>
                <annoSet ID="1923385"/>
            </pattern>
            <pattern total="1">
                <valenceUnit GF="Dep" PT="PP[at]" FE="Time"/>
                <annoSet ID="1902389"/>
            </pattern>
        </FERealization>
        <FEGroupRealization total="2">
            <FE name="Case"/>
            <pattern total="2">
                <valenceUnit GF="" PT="DEN" FE="Case"/>
                <annoSet ID="1902509"/>
                <annoSet ID="6669700"/>
            </pattern>
        </FEGroupRealization>
        <FEGroupRealization total="3">
            <FE name="Case"/>
            <FE name="Charges"/>
            <pattern total="2">
                <valenceUnit GF="" PT="DEN" FE="Case"/>
                <valenceUnit GF="Dep" PT="N" FE="Charges"/>
                <annoSet ID="1923219"/>
                <annoSet ID="1923243"/>
            </pattern>
            <pattern total="1">
                <valenceUnit GF="" PT="DEN" FE="Case"/>
                <valenceUnit GF="Dep" PT="PP[of]" FE="Charges"/>
                <annoSet ID="1902427"/>
            </pattern>
        </FEGroupRealization>
        <FEGroupRealization total="1">
            <FE name="Case"/>
            <FE name="Court"/>
            <FE name="Judge"/>
            <FE name="Time"/>
            <pattern total="1">
                <valenceUnit GF="" PT="DEN" FE="Case"/>
                <valenceUnit GF="Dep" PT="PP[in]" FE="Court"/>
                <valenceUnit GF="" PT="CNI" FE="Judge"/>
                <valenceUnit GF="Dep" PT="NP" FE="Time"/>
                <annoSet ID="1923385"/>
            </pattern>
        </FEGroupRealization>
        <FEGroupRealization total="6">
            <FE name="Case"/>
            <FE name="Defendant"/>
            <pattern total="1">
                <valenceUnit GF="" PT="DEN" FE="Case"/>
                <valenceUnit GF="Dep" PT="N" FE="Defendant"/>
                <annoSet ID="1923285"/>
            </pattern>
            <pattern total="1">
                <valenceUnit GF="" PT="DEN" FE="Case"/>
                <valenceUnit GF="Dep" PT="NP" FE="Defendant"/>
                <annoSet ID="6551272"/>
            </pattern>
            <pattern total="1">
                <valenceUnit GF="" PT="DEN" FE="Case"/>
                <valenceUnit GF="Ext" PT="NP" FE="Defendant"/>
                <annoSet ID="1923221"/>
            </pattern>
            <pattern total="2">
                <valenceUnit GF="" PT="DEN" FE="Case"/>
                <valenceUnit GF="Dep" PT="PP[against]" FE="Defendant"/>
                <annoSet ID="1902381"/>
                <annoSet ID="1902411"/>
            </pattern>
            <pattern total="1">
                <valenceUnit GF="" PT="DEN" FE="Case"/>
                <valenceUnit GF="Dep" PT="PP[of]" FE="Defendant"/>
                <annoSet ID="1923227"/>
            </pattern>
        </FEGroupRealization>
        <FEGroupRealization total="1">
            <FE name="Case"/>
            <FE name="Defendant"/>
            <FE name="Jury"/>
            <pattern total="1">
                <valenceUnit GF="" PT="DEN" FE="Case"/>
                <valenceUnit GF="Dep" PT="PP[of]" FE="Defendant"/>
                <valenceUnit GF="Ext" PT="NP" FE="Jury"/>
                <annoSet ID="2555981"/>
            </pattern>
        </FEGroupRealization>
        <FEGroupRealization total="1">
            <FE name="Case"/>
            <FE name="Defense"/>
            <pattern total="1">
                <valenceUnit GF="" PT="DEN" FE="Case"/>
                <valenceUnit GF="Gen" PT="Poss" FE="Defense"/>
                <annoSet ID="1902587"/>
            </pattern>
        </FEGroupRealization>
        <FEGroupRealization total="1">
            <FE name="Case"/>
            <FE name="Judge"/>
            <pattern total="1">
                <valenceUnit GF="" PT="DEN" FE="Case"/>
                <valenceUnit GF="Gen" PT="Poss" FE="Judge"/>
                <annoSet ID="1923247"/>
            </pattern>
        </FEGroupRealization>
        <FEGroupRealization total="1">
            <FE name="Case"/>
            <FE name="Judge"/>
            <FE name="Time"/>
            <pattern total="1">
                <valenceUnit GF="" PT="DEN" FE="Case"/>
                <valenceUnit GF="" PT="CNI" FE="Judge"/>
                <valenceUnit GF="Dep" PT="PP[at]" FE="Time"/>
                <annoSet ID="1902389"/>
            </pattern>
        </FEGroupRealization>
        <FEGroupRealization total="1">
            <FE name="Case"/>
            <FE name="Prosecution"/>
            <pattern total="1">
                <valenceUnit GF="" PT="DEN" FE="Case"/>
                <valenceUnit GF="Ext" PT="NP" FE="Prosecution"/>
                <annoSet ID="2555975"/>
            </pattern>
        </FEGroupRealization>
        <FEGroupRealization total="1">
            <FE name="Case"/>
            <FE name="Time"/>
            <pattern total="1">
                <valenceUnit GF="" PT="DEN" FE="Case"/>
                <valenceUnit GF="Dep" PT="NP" FE="Time"/>
                <annoSet ID="1923261"/>
            </pattern>
        </FEGroupRealization>
        <FEGroupRealization total="1">
            <FE name="Defendant"/>
            <pattern total="1">
                <valenceUnit GF="Dep" PT="A" FE="Defendant"/>
                <annoSet ID="6550814"/>
            </pattern>
        </FEGroupRealization>
    </valences>
    <subCorpus name="01-NPevidence,judge,jury-T-(1)"/>
    <subCorpus name="03-T-PPof,in,on-(1)">
        <sentence corpID="111" docID="421" sentNo="4" paragNo="534" aPos="0" ID="1227665">
            <text>You will at least be able to test the strength of the case against you .</text>
            <annotationSet cDate="06/13/2003 01:48:13 PDT Fri" status="UNANN" ID="1902380">
                <layer rank="1" name="PENN">
                    <label end="2" start="0" name="PP"/>
                    <label end="7" start="4" name="md"/>
                    <label end="10" start="9" name="in"/>
                    <label end="16" start="12" name="jjs"/>
                    <label end="19" start="18" name="vb"/>
                    <label end="24" start="21" name="jj"/>
                    <label end="27" start="26" name="to"/>
                    <label end="32" start="29" name="VV"/>
                    <label end="36" start="34" name="dt"/>
                    <label end="45" start="38" name="nn"/>
                    <label end="48" start="47" name="in"/>
                    <label end="52" start="50" name="dt"/>
                    <label end="57" start="54" name="nn"/>
                    <label end="65" start="59" name="in"/>
                    <label end="69" start="67" name="PP"/>
                    <label end="71" start="71" name="sent"/>
                </layer>
                <layer rank="1" name="NER"/>
                <layer rank="1" name="WSL"/>
            </annotationSet>
            <annotationSet cDate="06/13/2003 01:48:14 PDT Fri" status="MANUAL" ID="1902381">
                <layer rank="1" name="Target">
                    <label cBy="CFB" end="57" start="54" name="Target"/>
                </layer>
                <layer rank="1" name="FE">
                    <label cBy="JKR" feID="1654" end="69" start="59" name="Defendant"/>
                    <label cBy="JKR" feID="3659" end="57" start="54" name="Case"/>
                </layer>
                <layer rank="1" name="GF">
                    <label end="69" start="59" name="Dep"/>
                </layer>
                <layer rank="1" name="PT">
                    <label end="69" start="59" name="PP"/>
                </layer>
                <layer rank="1" name="Other"/>
                <layer rank="1" name="Sent"/>
                <layer rank="1" name="Noun"/>
            </annotationSet>
        </sentence>
    </subCorpus>
    <subCorpus name="04-NPcourt,trial,process-T-(1)">
        <sentence corpID="111" docID="421" sentNo="4" paragNo="34" aPos="0" ID="1227669">
            <text>-- The court has been told that the order did not in fact contain that recitation. -- ` On this occasion the court ordered that the case should be heard at the end of August 1991 .</text>
            <annotationSet cDate="06/13/2003 01:48:16 PDT Fri" status="UNANN" ID="1902388">
                <layer rank="1" name="PENN">
                    <label end="1" start="0" name=":"/>
                    <label end="5" start="3" name="dt"/>
                    <label end="11" start="7" name="nn"/>
                    <label end="15" start="13" name="VHZ"/>
                    <label end="20" start="17" name="VBN"/>
                    <label end="25" start="22" name="VVN"/>
                    <label end="30" start="27" name="in"/>
                    <label end="34" start="32" name="dt"/>
                    <label end="40" start="36" name="nn"/>
                    <label end="44" start="42" name="VVD"/>
                    <label end="48" start="46" name="rb"/>
                    <label end="51" start="50" name="in"/>
                    <label end="56" start="53" name="nn"/>
                    <label end="64" start="58" name="VVP"/>
                    <label end="69" start="66" name="dt"/>
                    <label end="81" start="71" name="nn"/>
                    <label end="84" start="83" name=":"/>
                    <label end="89" start="88" name="in"/>
                    <label end="94" start="91" name="dt"/>
                    <label end="103" start="96" name="nn"/>
                    <label end="107" start="105" name="dt"/>
                    <label end="113" start="109" name="nn"/>
                    <label end="121" start="115" name="VVN"/>
                    <label end="126" start="123" name="in"/>
                    <label end="130" start="128" name="dt"/>
                    <label end="135" start="132" name="nn"/>
                    <label end="142" start="137" name="md"/>
                    <label end="145" start="144" name="vb"/>
                    <label end="151" start="147" name="VVN"/>
                    <label end="154" start="153" name="in"/>
                    <label end="158" start="156" name="dt"/>
                    <label end="162" start="160" name="nn"/>
                    <label end="165" start="164" name="in"/>
                    <label end="172" start="167" name="NP"/>
                    <label end="177" start="174" name="cd"/>
                    <label end="179" start="179" name="sent"/>
                </layer>
                <layer rank="1" name="NER"/>
                <layer rank="1" name="WSL"/>
            </annotationSet>
            <annotationSet cDate="06/13/2003 01:48:17 PDT Fri" status="MANUAL" ID="1902389">
                <layer rank="1" name="Target">
                    <label cBy="CFB" end="135" start="132" name="Target"/>
                </layer>
                <layer rank="1" name="FE">
                    <label cBy="JKR" feID="1655" itype="CNI" name="Judge"/>
                    <label cBy="JKR" feID="1653" end="177" start="153" name="Time"/>
                    <label cBy="Hay" feID="3659" end="135" start="132" name="Case"/>
                </layer>
                <layer rank="1" name="GF">
                    <label end="177" start="153" name="Dep"/>
                </layer>
                <layer rank="1" name="PT">
                    <label end="177" start="153" name="PP"/>
                </layer>
                <layer rank="1" name="Other"/>
                <layer rank="1" name="Sent"/>
                <layer rank="1" name="Noun">
                    <label end="151" start="147" name="Supp"/>
                </layer>
            </annotationSet>
        </sentence>
    </subCorpus>
    <subCorpus name="other-matched-(1)">
        <sentence corpID="111" docID="421" sentNo="4" paragNo="3815" aPos="0" ID="1227680">
            <text>Indeed , the case against the soldier involved rests primarily on his evidence , not hers .</text>
            <annotationSet cDate="06/13/2003 01:48:26 PDT Fri" status="UNANN" ID="1902410">
                <layer rank="1" name="PENN">
                    <label end="5" start="0" name="rb"/>
                    <label end="7" start="7" name=","/>
                    <label end="11" start="9" name="dt"/>
                    <label end="16" start="13" name="nn"/>
                    <label end="24" start="18" name="in"/>
                    <label end="28" start="26" name="dt"/>
                    <label end="36" start="30" name="nn"/>
                    <label end="45" start="38" name="VVN"/>
                    <label end="51" start="47" name="VVZ"/>
                    <label end="61" start="53" name="rb"/>
                    <label end="64" start="63" name="in"/>
                    <label end="68" start="66" name="PP$"/>
                    <label end="77" start="70" name="nn"/>
                    <label end="79" start="79" name=","/>
                    <label end="83" start="81" name="rb"/>
                    <label end="88" start="85" name="nns"/>
                    <label end="90" start="90" name="sent"/>
                </layer>
                <layer rank="1" name="NER"/>
                <layer rank="1" name="WSL"/>
            </annotationSet>
            <annotationSet cDate="06/13/2003 01:48:26 PDT Fri" status="MANUAL" ID="1902411">
                <layer rank="1" name="Target">
                    <label cBy="CFB" end="16" start="13" name="Target"/>
                </layer>
                <layer rank="1" name="FE">
                    <label cBy="JKR" feID="3659" end="16" start="13" name="Case"/>
                    <label cBy="JKR" feID="1654" end="36" start="18" name="Defendant"/>
                </layer>
                <layer rank="1" name="GF">
                    <label end="36" start="18" name="Dep"/>
                </layer>
                <layer rank="1" name="PT">
                    <label end="36" start="18" name="PP"/>
                </layer>
                <layer rank="1" name="Other"/>
                <layer rank="1" name="Sent"/>
                <layer rank="1" name="Noun"/>
            </annotationSet>
        </sentence>
        <sentence corpID="111" docID="421" sentNo="1" paragNo="394" aPos="0" ID="1227688">
            <text>It was comparatively rare for cases of assaults against females to receive sustained coverage and , indeed , there were only three cases where at least one newspaper covered the case on three or more separate days .</text>
            <annotationSet cDate="06/13/2003 01:48:33 PDT Fri" status="UNANN" ID="1902426">
                <layer rank="1" name="PENN">
                    <label end="1" start="0" name="PP"/>
                    <label end="5" start="3" name="VBD"/>
                    <label end="19" start="7" name="rb"/>
                    <label end="24" start="21" name="jj"/>
                    <label end="28" start="26" name="in"/>
                    <label end="34" start="30" name="nns"/>
                    <label end="37" start="36" name="in"/>
                    <label end="46" start="39" name="nns"/>
                    <label end="54" start="48" name="in"/>
                    <label end="62" start="56" name="nns"/>
                    <label end="65" start="64" name="to"/>
                    <label end="73" start="67" name="VV"/>
                    <label end="83" start="75" name="jj"/>
                    <label end="92" start="85" name="nn"/>
                    <label end="96" start="94" name="cc"/>
                    <label end="98" start="98" name=","/>
                    <label end="105" start="100" name="rb"/>
                    <label end="107" start="107" name=","/>
                    <label end="113" start="109" name="ex"/>
                    <label end="118" start="115" name="VBD"/>
                    <label end="123" start="120" name="rb"/>
                    <label end="129" start="125" name="cd"/>
                    <label end="135" start="131" name="nns"/>
                    <label end="141" start="137" name="wrb"/>
                    <label end="144" start="143" name="in"/>
                    <label end="150" start="146" name="jjs"/>
                    <label end="154" start="152" name="cd"/>
                    <label end="164" start="156" name="nn"/>
                    <label end="172" start="166" name="VVD"/>
                    <label end="176" start="174" name="dt"/>
                    <label end="181" start="178" name="nn"/>
                    <label end="184" start="183" name="in"/>
                    <label end="190" start="186" name="cd"/>
                    <label end="193" start="192" name="cc"/>
                    <label end="198" start="195" name="jjr"/>
                    <label end="207" start="200" name="jj"/>
                    <label end="212" start="209" name="nns"/>
                    <label end="214" start="214" name="sent"/>
                </layer>
                <layer rank="1" name="NER"/>
                <layer rank="1" name="WSL"/>
            </annotationSet>
            <annotationSet cDate="06/13/2003 01:48:34 PDT Fri" status="MANUAL" ID="1902427">
                <layer rank="1" name="Target">
                    <label cBy="CFB" end="34" start="30" name="Target"/>
                </layer>
                <layer rank="1" name="FE">
                    <label cBy="CFB" feID="1647" end="62" start="36" name="Charges"/>
                    <label cBy="Hay" feID="3659" end="34" start="30" name="Case"/>
                </layer>
                <layer rank="1" name="GF">
                    <label end="62" start="36" name="Dep"/>
                </layer>
                <layer rank="1" name="PT">
                    <label end="62" start="36" name="PP"/>
                </layer>
                <layer rank="1" name="Other"/>
                <layer rank="1" name="Sent"/>
                <layer rank="1" name="Noun"/>
            </annotationSet>
        </sentence>
    </subCorpus>
    <subCorpus name="other-unmatched-(1)">
        <sentence corpID="111" docID="421" sentNo="3" paragNo="73" aPos="0" ID="1227729">
            <text>The essential reasoning in these two cases is that section 7(4) can not bear two different constructions .</text>
            <annotationSet cDate="06/13/2003 01:49:13 PDT Fri" status="UNANN" ID="1902508">
                <layer rank="1" name="PENN">
                    <label end="2" start="0" name="dt"/>
                    <label end="12" start="4" name="jj"/>
                    <label end="22" start="14" name="nn"/>
                    <label end="25" start="24" name="in"/>
                    <label end="31" start="27" name="dt"/>
                    <label end="35" start="33" name="cd"/>
                    <label end="41" start="37" name="nns"/>
                    <label end="44" start="43" name="VBZ"/>
                    <label end="49" start="46" name="in"/>
                    <label end="57" start="51" name="nn"/>
                    <label end="62" start="59" name="nns"/>
                    <label end="66" start="64" name="md"/>
                    <label end="70" start="68" name="rb"/>
                    <label end="75" start="72" name="VV"/>
                    <label end="79" start="77" name="cd"/>
                    <label end="89" start="81" name="jj"/>
                    <label end="103" start="91" name="nns"/>
                    <label end="105" start="105" name="sent"/>
                </layer>
                <layer rank="1" name="NER"/>
                <layer rank="1" name="WSL"/>
            </annotationSet>
            <annotationSet cDate="06/13/2003 01:49:13 PDT Fri" status="MANUAL" ID="1902509">
                <layer rank="1" name="Target">
                    <label cBy="CFB" end="41" start="37" name="Target"/>
                </layer>
                <layer rank="1" name="FE">
                    <label cBy="JKR" feID="3659" end="41" start="37" name="Case"/>
                </layer>
                <layer rank="1" name="GF"/>
                <layer rank="1" name="PT"/>
                <layer rank="1" name="Other"/>
                <layer rank="1" name="Sent"/>
                <layer rank="1" name="Noun"/>
            </annotationSet>
        </sentence>
        <sentence corpID="111" docID="421" sentNo="2" paragNo="59" aPos="0" ID="1227768">
            <text>One of the marks of a competent lawyer is his ability to know what gaps there are in the facts of his case .</text>
            <annotationSet cDate="06/13/2003 01:49:43 PDT Fri" status="UNANN" ID="1902586">
                <layer rank="1" name="PENN">
                    <label end="2" start="0" name="cd"/>
                    <label end="5" start="4" name="in"/>
                    <label end="9" start="7" name="dt"/>
                    <label end="15" start="11" name="nns"/>
                    <label end="18" start="17" name="in"/>
                    <label end="20" start="20" name="dt"/>
                    <label end="30" start="22" name="jj"/>
                    <label end="37" start="32" name="nn"/>
                    <label end="40" start="39" name="VBZ"/>
                    <label end="44" start="42" name="PP$"/>
                    <label end="52" start="46" name="nn"/>
                    <label end="55" start="54" name="to"/>
                    <label end="60" start="57" name="VV"/>
                    <label end="65" start="62" name="wp"/>
                    <label end="70" start="67" name="nns"/>
                    <label end="76" start="72" name="ex"/>
                    <label end="80" start="78" name="vbp"/>
                    <label end="83" start="82" name="in"/>
                    <label end="87" start="85" name="dt"/>
                    <label end="93" start="89" name="nns"/>
                    <label end="96" start="95" name="in"/>
                    <label end="100" start="98" name="PP$"/>
                    <label end="105" start="102" name="nn"/>
                    <label end="107" start="107" name="sent"/>
                </layer>
                <layer rank="1" name="NER"/>
                <layer rank="1" name="WSL"/>
            </annotationSet>
            <annotationSet cDate="06/13/2003 01:49:43 PDT Fri" status="MANUAL" ID="1902587">
                <layer rank="1" name="Target">
                    <label cBy="CFB" end="105" start="102" name="Target"/>
                </layer>
                <layer rank="1" name="FE">
                    <label cBy="CFB" feID="1649" end="100" start="98" name="Defense"/>
                    <label cBy="Hay" feID="3659" end="105" start="102" name="Case"/>
                </layer>
                <layer rank="1" name="GF">
                    <label end="100" start="98" name="Gen"/>
                </layer>
                <layer rank="1" name="PT">
                    <label end="100" start="98" name="Poss"/>
                </layer>
                <layer rank="1" name="Other"/>
                <layer rank="1" name="Sent"/>
                <layer rank="1" name="Noun"/>
            </annotationSet>
        </sentence>
    </subCorpus>
    <subCorpus name="01-Wevidence,judge,jury-T-(2)">
        <sentence corpID="111" docID="421" sentNo="1" paragNo="973" aPos="0" ID="1238093">
            <text>The Guinness affair has also raised the question of abolishing trial by jury in the case of serious fraud cases in favour of investigation and prosecution by the self-regulatory bodies .</text>
            <annotationSet cDate="07/11/2003 09:39:13 PDT Fri" status="UNANN" ID="1923218">
                <layer rank="1" name="PENN">
                    <label end="2" start="0" name="dt"/>
                    <label end="11" start="4" name="NP"/>
                    <label end="18" start="13" name="nn"/>
                    <label end="22" start="20" name="VHZ"/>
                    <label end="27" start="24" name="rb"/>
                    <label end="34" start="29" name="VVN"/>
                    <label end="38" start="36" name="dt"/>
                    <label end="47" start="40" name="nn"/>
                    <label end="50" start="49" name="in"/>
                    <label end="61" start="52" name="VVG"/>
                    <label end="67" start="63" name="nn"/>
                    <label end="70" start="69" name="in"/>
                    <label end="75" start="72" name="nn"/>
                    <label end="78" start="77" name="in"/>
                    <label end="82" start="80" name="dt"/>
                    <label end="87" start="84" name="nn"/>
                    <label end="90" start="89" name="in"/>
                    <label end="98" start="92" name="jj"/>
                    <label end="104" start="100" name="nn"/>
                    <label end="110" start="106" name="nns"/>
                    <label end="113" start="112" name="in"/>
                    <label end="120" start="115" name="nn"/>
                    <label end="123" start="122" name="in"/>
                    <label end="137" start="125" name="nn"/>
                    <label end="141" start="139" name="cc"/>
                    <label end="153" start="143" name="nn"/>
                    <label end="156" start="155" name="in"/>
                    <label end="160" start="158" name="dt"/>
                    <label end="176" start="162" name="jj"/>
                    <label end="183" start="178" name="nns"/>
                    <label end="185" start="185" name="sent"/>
                </layer>
                <layer rank="1" name="NER"/>
                <layer rank="1" name="WSL"/>
            </annotationSet>
            <annotationSet cDate="07/11/2003 09:39:13 PDT Fri" status="MANUAL" ID="1923219">
                <layer rank="1" name="Target">
                    <label cBy="CFB" end="110" start="106" name="Target"/>
                </layer>
                <layer rank="1" name="FE">
                    <label cBy="CFB" feID="1647" end="104" start="100" name="Charges"/>
                    <label cBy="Hay" feID="3659" end="110" start="106" name="Case"/>
                </layer>
                <layer rank="1" name="GF">
                    <label end="104" start="100" name="Dep"/>
                </layer>
                <layer rank="1" name="PT">
                    <label end="104" start="100" name="N"/>
                </layer>
                <layer rank="1" name="Other"/>
                <layer rank="1" name="Sent"/>
                <layer rank="1" name="Noun"/>
            </annotationSet>
        </sentence>
        <sentence corpID="111" docID="421" sentNo="1" paragNo="3481" aPos="0" ID="1238094">
            <text>FOUR men are suing Merseyside Police for damages after they waited nearly four years to face charges only for the Crown Prosecution Service to offer no evidence when their cases came to court .</text>
            <annotationSet cDate="07/11/2003 09:39:15 PDT Fri" status="UNANN" ID="1923220">
                <layer rank="1" name="PENN">
                    <label end="3" start="0" name="cd"/>
                    <label end="7" start="5" name="nns"/>
                    <label end="11" start="9" name="vbp"/>
                    <label end="17" start="13" name="VVG"/>
                    <label end="28" start="19" name="nn"/>
                    <label end="35" start="30" name="nns"/>
                    <label end="39" start="37" name="in"/>
                    <label end="47" start="41" name="nns"/>
                    <label end="53" start="49" name="in"/>
                    <label end="58" start="55" name="PP"/>
                    <label end="65" start="60" name="VVD"/>
                    <label end="72" start="67" name="rb"/>
                    <label end="77" start="74" name="cd"/>
                    <label end="83" start="79" name="nns"/>
                    <label end="86" start="85" name="to"/>
                    <label end="91" start="88" name="VV"/>
                    <label end="99" start="93" name="nns"/>
                    <label end="104" start="101" name="rb"/>
                    <label end="108" start="106" name="in"/>
                    <label end="112" start="110" name="dt"/>
                    <label end="118" start="114" name="NP"/>
                    <label end="130" start="120" name="nn"/>
                    <label end="138" start="132" name="NP"/>
                    <label end="141" start="140" name="to"/>
                    <label end="147" start="143" name="VV"/>
                    <label end="150" start="149" name="dt"/>
                    <label end="159" start="152" name="nn"/>
                    <label end="164" start="161" name="wrb"/>
                    <label end="170" start="166" name="PP$"/>
                    <label end="176" start="172" name="nns"/>
                    <label end="181" start="178" name="VVD"/>
                    <label end="184" start="183" name="to"/>
                    <label end="190" start="186" name="nn"/>
                    <label end="192" start="192" name="sent"/>
                </layer>
                <layer rank="1" name="NER"/>
                <layer rank="1" name="WSL"/>
            </annotationSet>
            <annotationSet cDate="07/11/2003 09:39:15 PDT Fri" status="MANUAL" ID="1923221">
                <layer rank="1" name="Target">
                    <label cBy="RLG" end="176" start="172" name="Target"/>
                </layer>
                <layer rank="1" name="FE">
                    <label cBy="GlY" feID="1654" end="170" start="166" name="Defendant"/>
                    <label cBy="GlY" feID="3659" end="176" start="172" name="Case"/>
                </layer>
                <layer rank="1" name="GF">
                    <label end="170" start="166" name="Ext"/>
                </layer>
                <layer rank="1" name="PT">
                    <label end="170" start="166" name="NP"/>
                </layer>
                <layer rank="1" name="Other"/>
                <layer rank="1" name="Sent"/>
                <layer rank="1" name="Noun"/>
            </annotationSet>
        </sentence>
        <sentence corpID="111" docID="421" sentNo="7829" paragNo="125" aPos="0" ID="1238097">
            <text>A judge at the Old Bailey has been explaining his full reasons for stopping the trial of the three retired detectives who were accused of tampering with evidence in the case of the Birmingham Six .</text>
            <annotationSet cDate="07/11/2003 09:39:16 PDT Fri" status="UNANN" ID="1923226">
                <layer rank="1" name="PENN">
                    <label end="0" start="0" name="dt"/>
                    <label end="6" start="2" name="nn"/>
                    <label end="9" start="8" name="in"/>
                    <label end="13" start="11" name="dt"/>
                    <label end="17" start="15" name="NP"/>
                    <label end="24" start="19" name="NP"/>
                    <label end="28" start="26" name="VHZ"/>
                    <label end="33" start="30" name="VBN"/>
                    <label end="44" start="35" name="VVG"/>
                    <label end="48" start="46" name="PP$"/>
                    <label end="53" start="50" name="jj"/>
                    <label end="61" start="55" name="nns"/>
                    <label end="65" start="63" name="in"/>
                    <label end="74" start="67" name="VVG"/>
                    <label end="78" start="76" name="dt"/>
                    <label end="84" start="80" name="nn"/>
                    <label end="87" start="86" name="in"/>
                    <label end="91" start="89" name="dt"/>
                    <label end="97" start="93" name="cd"/>
                    <label end="105" start="99" name="jj"/>
                    <label end="116" start="107" name="nns"/>
                    <label end="120" start="118" name="wp"/>
                    <label end="125" start="122" name="VBD"/>
                    <label end="133" start="127" name="VVN"/>
                    <label end="136" start="135" name="in"/>
                    <label end="146" start="138" name="VVG"/>
                    <label end="151" start="148" name="in"/>
                    <label end="160" start="153" name="nn"/>
                    <label end="163" start="162" name="in"/>
                    <label end="167" start="165" name="dt"/>
                    <label end="172" start="169" name="nn"/>
                    <label end="175" start="174" name="in"/>
                    <label end="179" start="177" name="dt"/>
                    <label end="190" start="181" name="NP"/>
                    <label end="194" start="192" name="cd"/>
                    <label end="196" start="196" name="sent"/>
                </layer>
                <layer rank="1" name="NER"/>
                <layer rank="1" name="WSL"/>
            </annotationSet>
            <annotationSet cDate="07/11/2003 09:39:17 PDT Fri" status="MANUAL" ID="1923227">
                <layer rank="1" name="Target">
                    <label cBy="RLG" end="172" start="169" name="Target"/>
                </layer>
                <layer rank="1" name="FE">
                    <label cBy="CFB" feID="1654" end="194" start="174" name="Defendant"/>
                    <label cBy="Hay" feID="3659" end="172" start="169" name="Case"/>
                </layer>
                <layer rank="1" name="GF">
                    <label end="194" start="174" name="Dep"/>
                </layer>
                <layer rank="1" name="PT">
                    <label end="194" start="174" name="PP"/>
                </layer>
                <layer rank="1" name="Other"/>
                <layer rank="1" name="Sent"/>
                <layer rank="1" name="Noun"/>
            </annotationSet>
        </sentence>
        <sentence corpID="111" docID="421" sentNo="2" paragNo="8" aPos="0" ID="1238105">
            <text>They involve the authority to be given to the unsubstantiated evidence of a woman in a rape case and the question of her character , real or assumed .</text>
            <annotationSet cDate="07/11/2003 09:39:20 PDT Fri" status="UNANN" ID="1923242">
                <layer rank="1" name="PENN">
                    <label end="3" start="0" name="PP"/>
                    <label end="11" start="5" name="VVP"/>
                    <label end="15" start="13" name="dt"/>
                    <label end="25" start="17" name="nn"/>
                    <label end="28" start="27" name="to"/>
                    <label end="31" start="30" name="vb"/>
                    <label end="37" start="33" name="VVN"/>
                    <label end="40" start="39" name="to"/>
                    <label end="44" start="42" name="dt"/>
                    <label end="60" start="46" name="jj"/>
                    <label end="69" start="62" name="nn"/>
                    <label end="72" start="71" name="in"/>
                    <label end="74" start="74" name="dt"/>
                    <label end="80" start="76" name="nn"/>
                    <label end="83" start="82" name="in"/>
                    <label end="85" start="85" name="dt"/>
                    <label end="90" start="87" name="nn"/>
                    <label end="95" start="92" name="nn"/>
                    <label end="99" start="97" name="cc"/>
                    <label end="103" start="101" name="dt"/>
                    <label end="112" start="105" name="nn"/>
                    <label end="115" start="114" name="in"/>
                    <label end="119" start="117" name="PP$"/>
                    <label end="129" start="121" name="nn"/>
                    <label end="131" start="131" name=","/>
                    <label end="136" start="133" name="jj"/>
                    <label end="139" start="138" name="cc"/>
                    <label end="147" start="141" name="VVN"/>
                    <label end="149" start="149" name="sent"/>
                </layer>
                <layer rank="1" name="NER"/>
                <layer rank="1" name="WSL"/>
            </annotationSet>
            <annotationSet cDate="07/11/2003 09:39:20 PDT Fri" status="MANUAL" ID="1923243">
                <layer rank="1" name="Target">
                    <label cBy="RLG" end="95" start="92" name="Target"/>
                </layer>
                <layer rank="1" name="FE">
                    <label cBy="JKR" feID="1647" end="90" start="87" name="Charges"/>
                    <label cBy="Hay" feID="3659" end="95" start="92" name="Case"/>
                </layer>
                <layer rank="1" name="GF">
                    <label end="90" start="87" name="Dep"/>
                </layer>
                <layer rank="1" name="PT">
                    <label end="90" start="87" name="N"/>
                </layer>
                <layer rank="1" name="Other"/>
                <layer rank="1" name="Sent"/>
                <layer rank="1" name="Noun"/>
            </annotationSet>
        </sentence>
        <sentence corpID="111" docID="421" sentNo="10" paragNo="55" aPos="0" ID="1238107">
            <text>Even in private encounters , judges do not discuss their cases with politicians , and in return politicians should avoid embarrassing judges by involving them in what are essentially political issues .</text>
            <annotationSet cDate="07/11/2003 09:39:21 PDT Fri" status="UNANN" ID="1923246">
                <layer rank="1" name="PENN">
                    <label end="3" start="0" name="rb"/>
                    <label end="6" start="5" name="in"/>
                    <label end="14" start="8" name="jj"/>
                    <label end="25" start="16" name="nns"/>
                    <label end="27" start="27" name=","/>
                    <label end="34" start="29" name="nns"/>
                    <label end="37" start="36" name="VVP"/>
                    <label end="41" start="39" name="rb"/>
                    <label end="49" start="43" name="VV"/>
                    <label end="55" start="51" name="PP$"/>
                    <label end="61" start="57" name="nns"/>
                    <label end="66" start="63" name="in"/>
                    <label end="78" start="68" name="nns"/>
                    <label end="80" start="80" name=","/>
                    <label end="84" start="82" name="cc"/>
                    <label end="87" start="86" name="in"/>
                    <label end="94" start="89" name="nn"/>
                    <label end="106" start="96" name="nns"/>
                    <label end="113" start="108" name="md"/>
                    <label end="119" start="115" name="VV"/>
                    <label end="132" start="121" name="jj"/>
                    <label end="139" start="134" name="nns"/>
                    <label end="142" start="141" name="in"/>
                    <label end="152" start="144" name="VVG"/>
                    <label end="157" start="154" name="PP"/>
                    <label end="160" start="159" name="in"/>
                    <label end="165" start="162" name="wp"/>
                    <label end="169" start="167" name="vbp"/>
                    <label end="181" start="171" name="rb"/>
                    <label end="191" start="183" name="jj"/>
                    <label end="198" start="193" name="nns"/>
                    <label end="200" start="200" name="sent"/>
                </layer>
                <layer rank="1" name="NER"/>
                <layer rank="1" name="WSL"/>
            </annotationSet>
            <annotationSet cDate="07/11/2003 09:39:21 PDT Fri" status="MANUAL" ID="1923247">
                <layer rank="1" name="Target">
                    <label cBy="RLG" end="61" start="57" name="Target"/>
                </layer>
                <layer rank="1" name="FE">
                    <label cBy="CFB" feID="1655" end="55" start="51" name="Judge"/>
                    <label cBy="Hay" feID="3659" end="61" start="57" name="Case"/>
                </layer>
                <layer rank="1" name="GF">
                    <label end="55" start="51" name="Gen"/>
                </layer>
                <layer rank="1" name="PT">
                    <label end="55" start="51" name="Poss"/>
                </layer>
                <layer rank="1" name="Other"/>
                <layer rank="1" name="Sent"/>
                <layer rank="1" name="Noun"/>
            </annotationSet>
        </sentence>
    </subCorpus>
    <subCorpus name="02-Wlegal,opening-T-(2)">
        <sentence corpID="111" docID="421" sentNo="3" paragNo="551" aPos="0" ID="1238114">
            <text>Opening the case yesterday , a Crown lawyer told the jury that Mr Winning was employed by the Housing Executive to protect property from vandals .</text>
            <annotationSet cDate="07/11/2003 09:39:24 PDT Fri" status="UNANN" ID="1923260">
                <layer rank="1" name="PENN">
                    <label end="6" start="0" name="VVG"/>
                    <label end="10" start="8" name="dt"/>
                    <label end="15" start="12" name="nn"/>
                    <label end="25" start="17" name="nn"/>
                    <label end="27" start="27" name=","/>
                    <label end="29" start="29" name="dt"/>
                    <label end="35" start="31" name="NP"/>
                    <label end="42" start="37" name="nn"/>
                    <label end="47" start="44" name="VVD"/>
                    <label end="51" start="49" name="dt"/>
                    <label end="56" start="53" name="nn"/>
                    <label end="61" start="58" name="in"/>
                    <label end="64" start="63" name="NP"/>
                    <label end="72" start="66" name="nn"/>
                    <label end="76" start="74" name="VBD"/>
                    <label end="85" start="78" name="VVN"/>
                    <label end="88" start="87" name="in"/>
                    <label end="92" start="90" name="dt"/>
                    <label end="100" start="94" name="NP"/>
                    <label end="110" start="102" name="NP"/>
                    <label end="113" start="112" name="to"/>
                    <label end="121" start="115" name="VV"/>
                    <label end="130" start="123" name="nn"/>
                    <label end="135" start="132" name="in"/>
                    <label end="143" start="137" name="nns"/>
                    <label end="145" start="145" name="sent"/>
                </layer>
                <layer rank="1" name="NER"/>
                <layer rank="1" name="WSL"/>
            </annotationSet>
            <annotationSet cDate="07/11/2003 09:39:24 PDT Fri" status="MANUAL" ID="1923261">
                <layer rank="1" name="Target">
                    <label cBy="RLG" end="15" start="12" name="Target"/>
                </layer>
                <layer rank="1" name="FE">
                    <label cBy="GlY" feID="3659" end="15" start="12" name="Case"/>
                    <label cBy="GlY" feID="1653" end="25" start="17" name="Time"/>
                </layer>
                <layer rank="1" name="GF">
                    <label end="25" start="17" name="Dep"/>
                </layer>
                <layer rank="1" name="PT">
                    <label end="25" start="17" name="NP"/>
                </layer>
                <layer rank="1" name="Other"/>
                <layer rank="1" name="Sent"/>
                <layer rank="1" name="Noun"/>
            </annotationSet>
        </sentence>
        <sentence corpID="111" docID="421" sentNo="1" paragNo="17" aPos="0" ID="1238126">
            <text>The legal ramifications of the Hains case are tortuous .</text>
            <annotationSet cDate="07/11/2003 09:39:29 PDT Fri" status="UNANN" ID="1923284">
                <layer rank="1" name="PENN">
                    <label end="2" start="0" name="dt"/>
                    <label end="8" start="4" name="jj"/>
                    <label end="22" start="10" name="nns"/>
                    <label end="25" start="24" name="in"/>
                    <label end="29" start="27" name="dt"/>
                    <label end="35" start="31" name="NP"/>
                    <label end="40" start="37" name="nn"/>
                    <label end="44" start="42" name="vbp"/>
                    <label end="53" start="46" name="jj"/>
                    <label end="55" start="55" name="sent"/>
                </layer>
                <layer rank="1" name="NER"/>
                <layer rank="1" name="WSL"/>
            </annotationSet>
            <annotationSet cDate="07/11/2003 09:39:29 PDT Fri" status="MANUAL" ID="1923285">
                <layer rank="1" name="Target">
                    <label cBy="RLG" end="40" start="37" name="Target"/>
                </layer>
                <layer rank="1" name="FE">
                    <label cBy="CFB" feID="1654" end="35" start="31" name="Defendant"/>
                    <label cBy="Hay" feID="3659" end="40" start="37" name="Case"/>
                </layer>
                <layer rank="1" name="GF">
                    <label end="35" start="31" name="Dep"/>
                </layer>
                <layer rank="1" name="PT">
                    <label end="35" start="31" name="N"/>
                </layer>
                <layer rank="1" name="Other"/>
                <layer rank="1" name="Sent"/>
                <layer rank="1" name="Noun"/>
            </annotationSet>
        </sentence>
    </subCorpus>
    <subCorpus name="03-T-PPOF-(2)"/>
    <subCorpus name="04-T-PPin-(2)"/>
    <subCorpus name="05-T-PPon-(2)">
        <sentence corpID="111" docID="421" sentNo="6" paragNo="9" aPos="0" ID="1238176">
            <text>In cases involving media rights heard in British courts today , the Convention and the cases on it decided by the European Court are usually cited in argument on behalf of the media .</text>
            <annotationSet cDate="07/11/2003 09:39:53 PDT Fri" status="UNANN" ID="1923384">
                <layer rank="1" name="PENN">
                    <label end="1" start="0" name="in"/>
                    <label end="7" start="3" name="nns"/>
                    <label end="17" start="9" name="VVG"/>
                    <label end="23" start="19" name="nns"/>
                    <label end="30" start="25" name="nns"/>
                    <label end="36" start="32" name="VVN"/>
                    <label end="39" start="38" name="in"/>
                    <label end="47" start="41" name="jj"/>
                    <label end="54" start="49" name="nns"/>
                    <label end="60" start="56" name="nn"/>
                    <label end="62" start="62" name=","/>
                    <label end="66" start="64" name="dt"/>
                    <label end="77" start="68" name="NP"/>
                    <label end="81" start="79" name="cc"/>
                    <label end="85" start="83" name="dt"/>
                    <label end="91" start="87" name="nns"/>
                    <label end="94" start="93" name="in"/>
                    <label end="97" start="96" name="PP"/>
                    <label end="105" start="99" name="VVD"/>
                    <label end="108" start="107" name="in"/>
                    <label end="112" start="110" name="dt"/>
                    <label end="121" start="114" name="NP"/>
                    <label end="127" start="123" name="NP"/>
                    <label end="131" start="129" name="vbp"/>
                    <label end="139" start="133" name="rb"/>
                    <label end="145" start="141" name="VVN"/>
                    <label end="148" start="147" name="in"/>
                    <label end="157" start="150" name="nn"/>
                    <label end="160" start="159" name="in"/>
                    <label end="167" start="162" name="nn"/>
                    <label end="170" start="169" name="in"/>
                    <label end="174" start="172" name="dt"/>
                    <label end="180" start="176" name="nns"/>
                    <label end="182" start="182" name="sent"/>
                </layer>
                <layer rank="1" name="NER"/>
                <layer rank="1" name="WSL"/>
            </annotationSet>
            <annotationSet cDate="07/11/2003 09:39:53 PDT Fri" status="MANUAL" ID="1923385">
                <layer rank="1" name="Target">
                    <label cBy="CFB" end="7" start="3" name="Target"/>
                </layer>
                <layer rank="1" name="FE">
                    <label cBy="GlY" feID="1653" end="60" start="56" name="Time"/>
                    <label cBy="CFB" feID="1655" itype="CNI" name="Judge"/>
                    <label cBy="CFB" feID="1648" end="54" start="38" name="Court"/>
                    <label cBy="Hay" feID="3659" end="7" start="3" name="Case"/>
                </layer>
                <layer rank="1" name="GF">
                    <label end="60" start="56" name="Dep"/>
                    <label end="54" start="38" name="Dep"/>
                </layer>
                <layer rank="1" name="PT">
                    <label end="60" start="56" name="NP"/>
                    <label end="54" start="38" name="PP"/>
                </layer>
                <layer rank="1" name="Other"/>
                <layer rank="1" name="Sent"/>
                <layer rank="1" name="Noun">
                    <label end="36" start="32" name="Supp"/>
                </layer>
            </annotationSet>
        </sentence>
    </subCorpus>
    <subCorpus name="06-Wcourt,trial,process-T-(2)"/>
    <subCorpus name="other-matched-(2)"/>
    <subCorpus name="other-unmatched-(2)"/>
    <subCorpus name="01-Wprosecutor-(3)">
        <sentence corpID="111" docID="421" sentNo="4" paragNo="536" aPos="90079158" ID="1556607">
            <text>Two government prosecutors in the case had resigned on Jan. 9 , claiming that intimidation of witnesses had made their task impossible .</text>
            <annotationSet cDate="05/21/2010 12:10:47 PDT Fri" status="UNANN" ID="2555974">
                <layer rank="1" name="PENN">
                    <label end="2" start="0" name="cd"/>
                    <label end="13" start="4" name="nn"/>
                    <label end="25" start="15" name="nns"/>
                    <label end="28" start="27" name="in"/>
                    <label end="32" start="30" name="dt"/>
                    <label end="37" start="34" name="nn"/>
                    <label end="41" start="39" name="VHD"/>
                    <label end="50" start="43" name="VVN"/>
                    <label end="53" start="52" name="in"/>
                    <label end="58" start="55" name="NP"/>
                    <label end="60" start="60" name="cd"/>
                    <label end="62" start="62" name=","/>
                    <label end="71" start="64" name="VVG"/>
                    <label end="76" start="73" name="dt"/>
                    <label end="89" start="78" name="nn"/>
                    <label end="92" start="91" name="in"/>
                    <label end="102" start="94" name="nns"/>
                    <label end="106" start="104" name="VHD"/>
                    <label end="111" start="108" name="VVN"/>
                    <label end="117" start="113" name="PP$"/>
                    <label end="122" start="119" name="nn"/>
                    <label end="133" start="124" name="jj"/>
                    <label end="135" start="135" name="sent"/>
                </layer>
                <layer rank="1" name="NER"/>
                <layer rank="1" name="WSL"/>
            </annotationSet>
            <annotationSet cDate="05/21/2010 12:10:47 PDT Fri" status="MANUAL" ID="2555975">
                <layer rank="1" name="Target">
                    <label cBy="AnW" end="37" start="34" name="Target"/>
                </layer>
                <layer rank="1" name="FE">
                    <label cBy="AnW" feID="1652" end="25" start="0" name="Prosecution"/>
                    <label cBy="AnW" feID="3659" end="37" start="34" name="Case"/>
                </layer>
                <layer rank="1" name="GF">
                    <label end="25" start="0" name="Ext"/>
                </layer>
                <layer rank="1" name="PT">
                    <label end="25" start="0" name="NP"/>
                </layer>
                <layer rank="1" name="Other"/>
                <layer rank="1" name="Sent"/>
                <layer rank="1" name="Noun">
                    <label end="28" start="27" name="Supp"/>
                </layer>
            </annotationSet>
        </sentence>
    </subCorpus>
    <subCorpus name="02-Wjury-(3)">
        <sentence corpID="111" docID="421" sentNo="1" paragNo="417" aPos="46133046" ID="1556610">
            <text>THE jury trying the case of a man accused of robbing a supermarket and shooting two people who tried to stop him was discharged last night after failing to reach a verdict .</text>
            <annotationSet cDate="05/21/2010 12:10:47 PDT Fri" status="UNANN" ID="2555980">
                <layer rank="1" name="PENN">
                    <label end="2" start="0" name="dt"/>
                    <label end="7" start="4" name="nn"/>
                    <label end="14" start="9" name="VVG"/>
                    <label end="18" start="16" name="dt"/>
                    <label end="23" start="20" name="nn"/>
                    <label end="26" start="25" name="in"/>
                    <label end="28" start="28" name="dt"/>
                    <label end="32" start="30" name="nn"/>
                    <label end="40" start="34" name="VVN"/>
                    <label end="43" start="42" name="in"/>
                    <label end="51" start="45" name="VVG"/>
                    <label end="53" start="53" name="dt"/>
                    <label end="65" start="55" name="nn"/>
                    <label end="69" start="67" name="cc"/>
                    <label end="78" start="71" name="VVG"/>
                    <label end="82" start="80" name="cd"/>
                    <label end="89" start="84" name="nns"/>
                    <label end="93" start="91" name="wp"/>
                    <label end="99" start="95" name="VVD"/>
                    <label end="102" start="101" name="to"/>
                    <label end="107" start="104" name="VV"/>
                    <label end="111" start="109" name="PP"/>
                    <label end="115" start="113" name="VBD"/>
                    <label end="126" start="117" name="VVN"/>
                    <label end="131" start="128" name="jj"/>
                    <label end="137" start="133" name="nn"/>
                    <label end="143" start="139" name="in"/>
                    <label end="151" start="145" name="VVG"/>
                    <label end="154" start="153" name="to"/>
                    <label end="160" start="156" name="VV"/>
                    <label end="162" start="162" name="dt"/>
                    <label end="170" start="164" name="nn"/>
                    <label end="172" start="172" name="sent"/>
                </layer>
                <layer rank="1" name="NER"/>
                <layer rank="1" name="WSL"/>
            </annotationSet>
            <annotationSet cDate="05/21/2010 12:10:47 PDT Fri" status="MANUAL" ID="2555981">
                <layer rank="1" name="Target">
                    <label cBy="AnW" end="23" start="20" name="Target"/>
                </layer>
                <layer rank="1" name="FE">
                    <label cBy="AnW" feID="1650" end="7" start="0" name="Jury"/>
                    <label cBy="AnW" feID="3659" end="23" start="20" name="Case"/>
                    <label cBy="AnW" feID="1654" end="111" start="25" name="Defendant"/>
                </layer>
                <layer rank="1" name="GF">
                    <label end="7" start="0" name="Ext"/>
                    <label end="111" start="25" name="Dep"/>
                </layer>
                <layer rank="1" name="PT">
                    <label end="7" start="0" name="NP"/>
                    <label end="111" start="25" name="PP"/>
                </layer>
                <layer rank="1" name="Other"/>
                <layer rank="1" name="Sent"/>
                <layer rank="1" name="Noun">
                    <label end="14" start="9" name="Ctrlr"/>
                </layer>
            </annotationSet>
        </sentence>
    </subCorpus>
    <subCorpus name="other-matched-(3)"/>
    <subCorpus name="other-unmatched-(3)"/>
    <subCorpus name="manually-added">
        <sentence corpID="205" docID="23731" sentNo="1" paragNo="5" aPos="0" ID="4102186">
            <text>Um I personally think to set a mark with the judicial system and we 're talking about criminal - criminal cases that they should bring back .</text>
            <annotationSet cDate="08/16/2007 05:31:59 PDT Thu" status="UNANN" ID="6545944">
                <layer rank="1" name="PENN">
                    <label end="1" start="0" name="NP"/>
                    <label end="3" start="3" name="PP"/>
                    <label end="14" start="5" name="rb"/>
                    <label end="20" start="16" name="VVP"/>
                    <label end="23" start="22" name="to"/>
                    <label end="27" start="25" name="VV"/>
                    <label end="29" start="29" name="dt"/>
                    <label end="34" start="31" name="nn"/>
                    <label end="39" start="36" name="in"/>
                    <label end="43" start="41" name="dt"/>
                    <label end="52" start="45" name="jj"/>
                    <label end="59" start="54" name="nn"/>
                    <label end="63" start="61" name="cc"/>
                    <label end="66" start="65" name="PP"/>
                    <label end="70" start="68" name="vbp"/>
                    <label end="78" start="72" name="VVG"/>
                    <label end="84" start="80" name="rb"/>
                    <label end="93" start="86" name="jj"/>
                    <label end="95" start="95" name=":"/>
                    <label end="104" start="97" name="jj"/>
                    <label end="110" start="106" name="nns"/>
                    <label end="115" start="112" name="in"/>
                    <label end="120" start="117" name="PP"/>
                    <label end="127" start="122" name="md"/>
                    <label end="133" start="129" name="VV"/>
                    <label end="138" start="135" name="rb"/>
                    <label end="140" start="140" name="sent"/>
                </layer>
                <layer rank="1" name="NER">
                    <label end="1" start="0" name="person"/>
                </layer>
                <layer rank="1" name="WSL">
                    <label end="1" start="0" name="NT"/>
                    <label end="3" start="3" name="NT"/>
                    <label end="14" start="5" name="NT"/>
                    <label end="23" start="22" name="NT"/>
                    <label end="29" start="29" name="NT"/>
                    <label end="39" start="36" name="NT"/>
                    <label end="43" start="41" name="NT"/>
                    <label end="63" start="61" name="NT"/>
                    <label end="66" start="65" name="NT"/>
                    <label end="70" start="68" name="NT"/>
                    <label end="84" start="80" name="NT"/>
                    <label end="95" start="95" name="NT"/>
                    <label end="115" start="112" name="NT"/>
                    <label end="120" start="117" name="NT"/>
                    <label end="138" start="135" name="NT"/>
                    <label end="140" start="140" name="NT"/>
                </layer>
            </annotationSet>
            <annotationSet cDate="11/09/2007 05:15:11 PST Fri" status="MANUAL" ID="6550814">
                <layer rank="1" name="Target">
                    <label cBy="JKs" end="110" start="106" name="Target"/>
                </layer>
                <layer rank="1" name="FE">
                    <label cBy="JKs" feID="1654" end="104" start="97" name="Defendant"/>
                </layer>
                <layer rank="1" name="GF">
                    <label end="104" start="97" name="Dep"/>
                </layer>
                <layer rank="1" name="PT">
                    <label end="104" start="97" name="A"/>
                </layer>
                <layer rank="1" name="Other"/>
                <layer rank="1" name="Sent"/>
                <layer rank="1" name="Noun"/>
            </annotationSet>
        </sentence>
        <sentence corpID="205" docID="23731" sentNo="1" paragNo="28" aPos="0" ID="4102218">
            <text>The old Charles Manson case , i mean , the guy is really -</text>
            <annotationSet cDate="08/16/2007 05:32:07 PDT Thu" status="UNANN" ID="6545976">
                <layer rank="1" name="PENN">
                    <label end="2" start="0" name="dt"/>
                    <label end="6" start="4" name="jj"/>
                    <label end="14" start="8" name="NP"/>
                    <label end="21" start="16" name="NP"/>
                    <label end="26" start="23" name="nn"/>
                    <label end="28" start="28" name=","/>
                    <label end="30" start="30" name="nns"/>
                    <label end="35" start="32" name="VVP"/>
                    <label end="37" start="37" name=","/>
                    <label end="41" start="39" name="dt"/>
                    <label end="45" start="43" name="nn"/>
                    <label end="48" start="47" name="VBZ"/>
                    <label end="55" start="50" name="rb"/>
                    <label end="57" start="57" name=":"/>
                </layer>
                <layer rank="1" name="NER">
                    <label end="21" start="8" name="person"/>
                </layer>
                <layer rank="1" name="WSL">
                    <label end="2" start="0" name="NT"/>
                    <label end="14" start="8" name="NT"/>
                    <label end="21" start="16" name="NT"/>
                    <label end="28" start="28" name="NT"/>
                    <label end="37" start="37" name="NT"/>
                    <label end="41" start="39" name="NT"/>
                    <label end="48" start="47" name="NT"/>
                    <label end="55" start="50" name="NT"/>
                    <label end="57" start="57" name="NT"/>
                </layer>
            </annotationSet>
            <annotationSet cDate="11/15/2007 04:52:32 PST Thu" status="MANUAL" ID="6551272">
                <layer rank="1" name="Target">
                    <label cBy="JKs" end="26" start="23" name="Target"/>
                </layer>
                <layer rank="1" name="FE">
                    <label cBy="JKs" feID="3659" end="26" start="23" name="Case"/>
                    <label cBy="JKs" feID="1654" end="21" start="8" name="Defendant"/>
                </layer>
                <layer rank="1" name="GF">
                    <label end="21" start="8" name="Dep"/>
                </layer>
                <layer rank="1" name="PT">
                    <label end="21" start="8" name="NP"/>
                </layer>
                <layer rank="1" name="Other"/>
                <layer rank="1" name="Sent"/>
                <layer rank="1" name="Noun"/>
            </annotationSet>
        </sentence>
        <sentence corpID="246" docID="25619" sentNo="1" paragNo="12" aPos="0" ID="4165022">
            <text>Although Santa Barbara County Sheriff Bill Brown believes that `` this fire was the result of carelessness , not criminal intent , '' the county district attorney will still have to review the case .</text>
            <annotationSet cDate="07/17/2014 11:44:04 PDT Thu" status="UNANN" ID="6669192">
                <layer rank="1" name="PENN">
                    <label end="7" start="0" name="in"/>
                    <label end="13" start="9" name="NP"/>
                    <label end="21" start="15" name="NP"/>
                    <label end="28" start="23" name="NP"/>
                    <label end="36" start="30" name="NP"/>
                    <label end="41" start="38" name="NP"/>
                    <label end="47" start="43" name="NP"/>
                    <label end="56" start="49" name="VVZ"/>
                    <label end="61" start="58" name="IN/that"/>
                    <label end="64" start="63" name="``"/>
                    <label end="69" start="66" name="dt"/>
                    <label end="74" start="71" name="nn"/>
                    <label end="78" start="76" name="VBD"/>
                    <label end="82" start="80" name="dt"/>
                    <label end="89" start="84" name="nn"/>
                    <label end="92" start="91" name="in"/>
                    <label end="105" start="94" name="nn"/>
                    <label end="107" start="107" name=","/>
                    <label end="111" start="109" name="rb"/>
                    <label end="120" start="113" name="jj"/>
                    <label end="127" start="122" name="nn"/>
                    <label end="129" start="129" name=","/>
                    <label end="132" start="131" name="''"/>
                    <label end="136" start="134" name="dt"/>
                    <label end="143" start="138" name="nn"/>
                    <label end="152" start="145" name="nn"/>
                    <label end="161" start="154" name="nn"/>
                    <label end="166" start="163" name="md"/>
                    <label end="172" start="168" name="rb"/>
                    <label end="177" start="174" name="VH"/>
                    <label end="180" start="179" name="to"/>
                    <label end="187" start="182" name="VV"/>
                    <label end="191" start="189" name="dt"/>
                    <label end="196" start="193" name="nn"/>
                    <label end="198" start="198" name="sent"/>
                </layer>
                <layer rank="1" name="NER">
                    <label end="21" start="9" name="location"/>
                    <label end="36" start="23" name="organization"/>
                    <label end="47" start="38" name="person"/>
                </layer>
                <layer rank="1" name="WSL">
                    <label end="7" start="0" name="NT"/>
                    <label end="13" start="9" name="NT"/>
                    <label end="21" start="15" name="NT"/>
                    <label end="28" start="23" name="NT"/>
                    <label end="36" start="30" name="NT"/>
                    <label end="41" start="38" name="NT"/>
                    <label end="47" start="43" name="NT"/>
                    <label end="64" start="63" name="NT"/>
                    <label end="69" start="66" name="NT"/>
                    <label end="78" start="76" name="NT"/>
                    <label end="82" start="80" name="NT"/>
                    <label end="92" start="91" name="NT"/>
                    <label end="107" start="107" name="NT"/>
                    <label end="111" start="109" name="NT"/>
                    <label end="129" start="129" name="NT"/>
                    <label end="132" start="131" name="NT"/>
                    <label end="136" start="134" name="NT"/>
                    <label end="166" start="163" name="NT"/>
                    <label end="172" start="168" name="NT"/>
                    <label end="180" start="179" name="NT"/>
                    <label end="191" start="189" name="NT"/>
                    <label end="198" start="198" name="NT"/>
                </layer>
            </annotationSet>
            <annotationSet cDate="07/18/2014 02:30:26 PDT Fri" status="MANUAL" ID="6669700">
                <layer rank="1" name="Target">
                    <label cBy="WMcQ" end="196" start="193" name="Target"/>
                </layer>
                <layer rank="1" name="FE">
                    <label cBy="WMcQ" feID="3659" end="196" start="193" name="Case"/>
                </layer>
                <layer rank="1" name="GF"/>
                <layer rank="1" name="PT"/>
                <layer rank="1" name="Other"/>
                <layer rank="1" name="Sent"/>
                <layer rank="1" name="Noun"/>
            </annotationSet>
        </sentence>
    </subCorpus>
</lexUnit>