<?xml version="1.0" encoding="UTF-8" standalone="yes"?>
<?xml-stylesheet type="text/xsl" href="lexUnit.xsl"?>
<lexUnit status="Finished_Initial" POS="A" name="mournful.a" ID="8868" frame="Emotion_directed" frameID="46" totalAnnotated="16" xsi:schemaLocation="../schema/lexUnit.xsd" xmlns="http://framenet.icsi.berkeley.edu" xmlns:xsi="http://www.w3.org/2001/XMLSchema-instance">
    <header>
        <frame>
            <FE fgColor="FFFFFF" bgColor="00BFFF" type="Extra-Thematic" abbrev="cir" name="Circumstances"/>
            <FE fgColor="FFFFFF" bgColor="FF69B4" type="Peripheral" abbrev="Degr" name="Degree"/>
            <FE fgColor="FFFFFF" bgColor="0000FF" type="Extra-Thematic" abbrev="ET" name="Empathy_target"/>
            <FE fgColor="FFFFFF" bgColor="A52A2A" type="Core" abbrev="Event" name="Event"/>
            <FE fgColor="FFFFFF" bgColor="800080" type="Core" abbrev="Exp" name="Experiencer"/>
            <FE fgColor="FFFFFF" bgColor="00008B" type="Extra-Thematic" abbrev="Exp" name="Explanation"/>
            <FE fgColor="FFFFFF" bgColor="008000" type="Core" abbrev="Exr" name="Expressor"/>
            <FE fgColor="000000" bgColor="7FFF00" type="Extra-Thematic" abbrev="" name="Frequency"/>
            <FE fgColor="FFFFFF" bgColor="FF00FF" type="Peripheral" abbrev="" name="Manner"/>
            <FE fgColor="FFFFFF" bgColor="2E8B57" type="Peripheral" abbrev="" name="Parameter"/>
            <FE fgColor="FFFFFF" bgColor="9F79EE" type="Core" abbrev="State" name="State"/>
            <FE fgColor="FFFFFF" bgColor="FF0000" type="Core" abbrev="Stim" name="Stimulus"/>
            <FE fgColor="FFFFFF" bgColor="FFA500" type="Core" abbrev="Top" name="Topic"/>
        </frame>
    </header>
    <definition>FN: feeling or expressing grief or sadness</definition>
    <lexeme POS="A" name="mournful"/>
    <valences>
        <governor type="Gov" lemma="look">
            <annoSet ID="1505591"/>
        </governor>
        <FERealization total="4">
            <FE name="Degree"/>
            <pattern total="4">
                <valenceUnit GF="Dep" PT="AVP" FE="Degree"/>
                <annoSet ID="1505575"/>
                <annoSet ID="1505577"/>
                <annoSet ID="1505633"/>
                <annoSet ID="1505707"/>
            </pattern>
        </FERealization>
        <FERealization total="5">
            <FE name="Experiencer"/>
            <pattern total="3">
                <valenceUnit GF="Ext" PT="NP" FE="Experiencer"/>
                <annoSet ID="1505555"/>
                <annoSet ID="1505575"/>
                <annoSet ID="1505633"/>
            </pattern>
            <pattern total="2">
                <valenceUnit GF="Head" PT="N" FE="Experiencer"/>
                <annoSet ID="1505561"/>
                <annoSet ID="1505619"/>
            </pattern>
        </FERealization>
        <FERealization total="10">
            <FE name="Expressor"/>
            <pattern total="2">
                <valenceUnit GF="Ext" PT="NP" FE="Expressor"/>
                <annoSet ID="1505577"/>
                <annoSet ID="1505707"/>
            </pattern>
            <pattern total="7">
                <valenceUnit GF="Head" PT="N" FE="Expressor"/>
                <annoSet ID="1505597"/>
                <annoSet ID="1505609"/>
                <annoSet ID="1505613"/>
                <annoSet ID="1505629"/>
                <annoSet ID="1505647"/>
                <annoSet ID="1505671"/>
                <annoSet ID="1505687"/>
            </pattern>
            <pattern total="1">
                <valenceUnit GF="Dep" PT="NP" FE="Expressor"/>
                <annoSet ID="1505625"/>
            </pattern>
        </FERealization>
        <FEGroupRealization total="2">
            <FE name="Degree"/>
            <FE name="Experiencer"/>
            <pattern total="2">
                <valenceUnit GF="Dep" PT="AVP" FE="Degree"/>
                <valenceUnit GF="Ext" PT="NP" FE="Experiencer"/>
                <annoSet ID="1505575"/>
                <annoSet ID="1505633"/>
            </pattern>
        </FEGroupRealization>
        <FEGroupRealization total="2">
            <FE name="Degree"/>
            <FE name="Expressor"/>
            <pattern total="2">
                <valenceUnit GF="Dep" PT="AVP" FE="Degree"/>
                <valenceUnit GF="Ext" PT="NP" FE="Expressor"/>
                <annoSet ID="1505577"/>
                <annoSet ID="1505707"/>
            </pattern>
        </FEGroupRealization>
        <FEGroupRealization total="3">
            <FE name="Experiencer"/>
            <pattern total="2">
                <valenceUnit GF="Head" PT="N" FE="Experiencer"/>
                <annoSet ID="1505561"/>
                <annoSet ID="1505619"/>
            </pattern>
            <pattern total="1">
                <valenceUnit GF="Ext" PT="NP" FE="Experiencer"/>
                <annoSet ID="1505555"/>
            </pattern>
        </FEGroupRealization>
        <FEGroupRealization total="8">
            <FE name="Expressor"/>
            <pattern total="7">
                <valenceUnit GF="Head" PT="N" FE="Expressor"/>
                <annoSet ID="1505597"/>
                <annoSet ID="1505609"/>
                <annoSet ID="1505613"/>
                <annoSet ID="1505629"/>
                <annoSet ID="1505647"/>
                <annoSet ID="1505671"/>
                <annoSet ID="1505687"/>
            </pattern>
            <pattern total="1">
                <valenceUnit GF="Dep" PT="NP" FE="Expressor"/>
                <annoSet ID="1505625"/>
            </pattern>
        </FEGroupRealization>
    </valences>
    <subCorpus name="A-001-all">
        <sentence sentNo="0" aPos="1976320" ID="1026828">
            <text>Brian Davies , also from near Coventry , had entered some immense pumpkins and marrows , but seemed mournful . </text>
            <annotationSet cDate="01/07/2003 11:33:08 PST Tue" status="UNANN" ID="1505554">
                <layer rank="1" name="BNC">
                    <label end="4" start="0" name="NP0"/>
                    <label end="11" start="6" name="NP0"/>
                    <label end="13" start="13" name="PUN"/>
                    <label end="18" start="15" name="AV0"/>
                    <label end="23" start="20" name="PRP"/>
                    <label end="28" start="25" name="PRP"/>
                    <label end="37" start="30" name="NP0"/>
                    <label end="39" start="39" name="PUN"/>
                    <label end="43" start="41" name="VHD"/>
                    <label end="51" start="45" name="VVN"/>
                    <label end="56" start="53" name="DT0"/>
                    <label end="64" start="58" name="AJ0"/>
                    <label end="73" start="66" name="NN2"/>
                    <label end="77" start="75" name="CJC"/>
                    <label end="85" start="79" name="NN2"/>
                    <label end="87" start="87" name="PUN"/>
                    <label end="91" start="89" name="CJC"/>
                    <label end="98" start="93" name="VVD"/>
                    <label end="107" start="100" name="AJ0"/>
                    <label end="109" start="109" name="PUN"/>
                </layer>
                <layer rank="1" name="NER"/>
                <layer rank="1" name="WSL"/>
            </annotationSet>
            <annotationSet cDate="01/07/2003 11:33:08 PST Tue" status="MANUAL" ID="1505555">
                <layer rank="1" name="FE">
                    <label cBy="Sns" feID="194" end="37" start="0" name="Experiencer"/>
                </layer>
                <layer rank="1" name="GF">
                    <label end="37" start="0" name="Ext"/>
                </layer>
                <layer rank="1" name="PT">
                    <label end="37" start="0" name="NP"/>
                </layer>
                <layer rank="1" name="Sent"/>
                <layer rank="1" name="Other"/>
                <layer rank="1" name="Target">
                    <label cBy="BoC" end="107" start="100" name="Target"/>
                </layer>
                <layer rank="1" name="Adj">
                    <label end="98" start="93" name="Cop"/>
                </layer>
            </annotationSet>
        </sentence>
        <sentence sentNo="0" aPos="6616264" ID="1026831">
            <text>On the other hand , the most important person , the cameraman , wore jeans and a Micky Mouse T-shirt , over which his mournful , deadpan moon face shone incongruously . </text>
            <annotationSet cDate="01/07/2003 11:33:08 PST Tue" status="UNANN" ID="1505560">
                <layer rank="1" name="BNC">
                    <label end="1" start="0" name="PRP"/>
                    <label end="5" start="3" name="AT0"/>
                    <label end="11" start="7" name="AJ0"/>
                    <label end="16" start="13" name="NN1"/>
                    <label end="18" start="18" name="PUN"/>
                    <label end="22" start="20" name="AT0"/>
                    <label end="27" start="24" name="AV0"/>
                    <label end="37" start="29" name="AJ0"/>
                    <label end="44" start="39" name="NN1"/>
                    <label end="46" start="46" name="PUN"/>
                    <label end="50" start="48" name="AT0"/>
                    <label end="60" start="52" name="NN1"/>
                    <label end="62" start="62" name="PUN"/>
                    <label end="67" start="64" name="VVD"/>
                    <label end="73" start="69" name="NN2"/>
                    <label end="77" start="75" name="CJC"/>
                    <label end="79" start="79" name="AT0"/>
                    <label end="85" start="81" name="AJ0"/>
                    <label end="91" start="87" name="NN1"/>
                    <label end="99" start="93" name="NN1"/>
                    <label end="101" start="101" name="PUN"/>
                    <label end="106" start="103" name="PRP"/>
                    <label end="112" start="108" name="DTQ"/>
                    <label end="116" start="114" name="DPS"/>
                    <label end="125" start="118" name="AJ0"/>
                    <label end="127" start="127" name="PUN"/>
                    <label end="135" start="129" name="NN1"/>
                    <label end="140" start="137" name="NN1"/>
                    <label end="145" start="142" name="NN1"/>
                    <label end="151" start="147" name="VVD-VVN"/>
                    <label end="165" start="153" name="AV0"/>
                    <label end="167" start="167" name="PUN"/>
                </layer>
                <layer rank="1" name="NER"/>
                <layer rank="1" name="WSL"/>
            </annotationSet>
            <annotationSet cDate="01/07/2003 11:33:08 PST Tue" status="MANUAL" ID="1505561">
                <layer rank="1" name="FE">
                    <label cBy="Sns" feID="194" end="145" start="137" name="Experiencer"/>
                </layer>
                <layer rank="1" name="GF">
                    <label end="145" start="137" name="Head"/>
                </layer>
                <layer rank="1" name="PT">
                    <label end="145" start="137" name="N"/>
                </layer>
                <layer rank="1" name="Sent"/>
                <layer rank="1" name="Other"/>
                <layer rank="1" name="Target">
                    <label cBy="BoC" end="125" start="118" name="Target"/>
                </layer>
                <layer rank="1" name="Adj"/>
            </annotationSet>
        </sentence>
        <sentence sentNo="0" aPos="8476283" ID="1026838">
            <text>It is her whole situation -- she is so mournful and silently accusing and sometimes , Robert , I think her as mad as Landor with all this nonsense she makes of the Bible from time to time . </text>
            <annotationSet cDate="01/07/2003 11:33:09 PST Tue" status="UNANN" ID="1505574">
                <layer rank="1" name="BNC">
                    <label end="1" start="0" name="PNP"/>
                    <label end="4" start="3" name="VBZ"/>
                    <label end="8" start="6" name="DPS"/>
                    <label end="14" start="10" name="AJ0"/>
                    <label end="24" start="16" name="NN1"/>
                    <label end="27" start="26" name="PUN"/>
                    <label end="31" start="29" name="PNP"/>
                    <label end="34" start="33" name="VBZ"/>
                    <label end="37" start="36" name="AV0"/>
                    <label end="46" start="39" name="AJ0"/>
                    <label end="50" start="48" name="CJC"/>
                    <label end="59" start="52" name="AV0"/>
                    <label end="68" start="61" name="AJ0-VVG"/>
                    <label end="72" start="70" name="CJC"/>
                    <label end="82" start="74" name="AV0"/>
                    <label end="84" start="84" name="PUN"/>
                    <label end="91" start="86" name="NP0"/>
                    <label end="93" start="93" name="PUN"/>
                    <label end="95" start="95" name="PNP"/>
                    <label end="101" start="97" name="VVB"/>
                    <label end="105" start="103" name="PNP"/>
                    <label end="108" start="107" name="AV0"/>
                    <label end="112" start="110" name="AJ0"/>
                    <label end="115" start="114" name="CJS"/>
                    <label end="122" start="117" name="NN1-NP0"/>
                    <label end="127" start="124" name="PRP"/>
                    <label end="131" start="129" name="DT0"/>
                    <label end="136" start="133" name="DT0"/>
                    <label end="145" start="138" name="NN1"/>
                    <label end="149" start="147" name="PNP"/>
                    <label end="155" start="151" name="VVZ"/>
                    <label end="158" start="157" name="PRF"/>
                    <label end="162" start="160" name="AT0"/>
                    <label end="168" start="164" name="NN1"/>
                    <label end="173" start="170" name="AV0"/>
                    <label end="178" start="175" name="AV0"/>
                    <label end="181" start="180" name="AV0"/>
                    <label end="186" start="183" name="AV0"/>
                    <label end="188" start="188" name="PUN"/>
                </layer>
                <layer rank="1" name="NER"/>
                <layer rank="1" name="WSL"/>
            </annotationSet>
            <annotationSet cDate="01/07/2003 11:33:09 PST Tue" status="MANUAL" ID="1505575">
                <layer rank="1" name="FE">
                    <label cBy="Sns" feID="194" end="31" start="29" name="Experiencer"/>
                    <label cBy="Sns" feID="1891" end="37" start="36" name="Degree"/>
                </layer>
                <layer rank="1" name="GF">
                    <label end="31" start="29" name="Ext"/>
                    <label end="37" start="36" name="Dep"/>
                </layer>
                <layer rank="1" name="PT">
                    <label end="31" start="29" name="NP"/>
                    <label end="37" start="36" name="AVP"/>
                </layer>
                <layer rank="1" name="Sent"/>
                <layer rank="1" name="Other"/>
                <layer rank="1" name="Target">
                    <label cBy="BoC" end="46" start="39" name="Target"/>
                </layer>
                <layer rank="1" name="Adj">
                    <label end="34" start="33" name="Cop"/>
                </layer>
            </annotationSet>
        </sentence>
        <sentence sentNo="0" aPos="8625633" ID="1026839">
            <text>His face was completely serious , even slightly mournful . </text>
            <annotationSet cDate="01/07/2003 11:33:10 PST Tue" status="UNANN" ID="1505576">
                <layer rank="1" name="BNC">
                    <label end="2" start="0" name="DPS"/>
                    <label end="7" start="4" name="NN1"/>
                    <label end="11" start="9" name="VBD"/>
                    <label end="22" start="13" name="AV0"/>
                    <label end="30" start="24" name="AJ0"/>
                    <label end="32" start="32" name="PUN"/>
                    <label end="37" start="34" name="AV0"/>
                    <label end="46" start="39" name="AV0"/>
                    <label end="55" start="48" name="AJ0"/>
                    <label end="57" start="57" name="PUN"/>
                </layer>
                <layer rank="1" name="NER"/>
                <layer rank="1" name="WSL"/>
            </annotationSet>
            <annotationSet cDate="01/07/2003 11:33:10 PST Tue" status="MANUAL" ID="1505577">
                <layer rank="1" name="FE">
                    <label cBy="Sns" feID="1893" end="7" start="0" name="Expressor"/>
                    <label cBy="Sns" feID="1891" end="46" start="39" name="Degree"/>
                </layer>
                <layer rank="1" name="GF">
                    <label end="7" start="0" name="Ext"/>
                    <label end="46" start="39" name="Dep"/>
                </layer>
                <layer rank="1" name="PT">
                    <label end="7" start="0" name="NP"/>
                    <label end="46" start="39" name="AVP"/>
                </layer>
                <layer rank="1" name="Sent"/>
                <layer rank="1" name="Other"/>
                <layer rank="1" name="Target">
                    <label cBy="BoC" end="55" start="48" name="Target"/>
                </layer>
                <layer rank="1" name="Adj">
                    <label end="11" start="9" name="Cop"/>
                </layer>
            </annotationSet>
        </sentence>
        <sentence sentNo="0" aPos="15089863" ID="1026846">
            <text>He was at the graveside looking mournful and interesting . </text>
            <annotationSet cDate="01/07/2003 11:33:12 PST Tue" status="UNANN" ID="1505590">
                <layer rank="1" name="BNC">
                    <label end="1" start="0" name="PNP"/>
                    <label end="5" start="3" name="VBD"/>
                    <label end="8" start="7" name="PRP"/>
                    <label end="12" start="10" name="AT0"/>
                    <label end="22" start="14" name="NN1"/>
                    <label end="30" start="24" name="VVG"/>
                    <label end="39" start="32" name="AJ0"/>
                    <label end="43" start="41" name="CJC"/>
                    <label end="55" start="45" name="AJ0"/>
                    <label end="57" start="57" name="PUN"/>
                </layer>
                <layer rank="1" name="NER"/>
                <layer rank="1" name="WSL"/>
            </annotationSet>
            <annotationSet cDate="01/07/2003 11:33:12 PST Tue" status="MANUAL" ID="1505591">
                <layer rank="1" name="FE"/>
                <layer rank="1" name="GF"/>
                <layer rank="1" name="PT"/>
                <layer rank="1" name="Sent"/>
                <layer rank="1" name="Other"/>
                <layer rank="1" name="Target">
                    <label cBy="BoC" end="39" start="32" name="Target"/>
                </layer>
                <layer rank="1" name="Adj">
                    <label end="30" start="24" name="Gov"/>
                    <label end="39" start="32" name="X"/>
                </layer>
            </annotationSet>
        </sentence>
        <sentence sentNo="0" aPos="17776449" ID="1026849">
            <text>He had a narrow mournful face , tapering to a long pointed chin . </text>
            <annotationSet cDate="01/07/2003 11:33:12 PST Tue" status="UNANN" ID="1505596">
                <layer rank="1" name="BNC">
                    <label end="1" start="0" name="PNP"/>
                    <label end="5" start="3" name="VHD"/>
                    <label end="7" start="7" name="AT0"/>
                    <label end="14" start="9" name="AJ0"/>
                    <label end="23" start="16" name="AJ0"/>
                    <label end="28" start="25" name="NN1"/>
                    <label end="30" start="30" name="PUN"/>
                    <label end="39" start="32" name="VVG"/>
                    <label end="42" start="41" name="PRP"/>
                    <label end="44" start="44" name="AT0"/>
                    <label end="49" start="46" name="AJ0-AV0"/>
                    <label end="57" start="51" name="AJ0"/>
                    <label end="62" start="59" name="NN1"/>
                    <label end="64" start="64" name="PUN"/>
                </layer>
                <layer rank="1" name="NER"/>
                <layer rank="1" name="WSL"/>
            </annotationSet>
            <annotationSet cDate="01/07/2003 11:33:12 PST Tue" status="MANUAL" ID="1505597">
                <layer rank="1" name="FE">
                    <label cBy="Sns" feID="1893" end="28" start="25" name="Expressor"/>
                </layer>
                <layer rank="1" name="GF">
                    <label end="28" start="25" name="Head"/>
                </layer>
                <layer rank="1" name="PT">
                    <label end="28" start="25" name="N"/>
                </layer>
                <layer rank="1" name="Sent"/>
                <layer rank="1" name="Other"/>
                <layer rank="1" name="Target">
                    <label cBy="BoC" end="23" start="16" name="Target"/>
                </layer>
                <layer rank="1" name="Adj"/>
            </annotationSet>
        </sentence>
        <sentence sentNo="0" aPos="24050658" ID="1026855">
            <text>They 'd had a skinful so were n't in a particularly noticing mood but they saw and heard nothing , nothing except what they described as a kind of mournful whistling coming from deep in the wood . &quot; </text>
            <annotationSet cDate="01/07/2003 11:33:13 PST Tue" status="UNANN" ID="1505608">
                <layer rank="1" name="BNC">
                    <label end="3" start="0" name="PNP"/>
                    <label end="6" start="5" name="VHD"/>
                    <label end="10" start="8" name="VHN"/>
                    <label end="12" start="12" name="AT0"/>
                    <label end="20" start="14" name="NN1"/>
                    <label end="23" start="22" name="CJS"/>
                    <label end="28" start="25" name="VBD"/>
                    <label end="32" start="30" name="XX0"/>
                    <label end="35" start="34" name="PRP"/>
                    <label end="37" start="37" name="AT0"/>
                    <label end="50" start="39" name="AV0"/>
                    <label end="59" start="52" name="AJ0-VVG"/>
                    <label end="64" start="61" name="NN1"/>
                    <label end="68" start="66" name="CJC"/>
                    <label end="73" start="70" name="PNP"/>
                    <label end="77" start="75" name="VVD"/>
                    <label end="81" start="79" name="CJC"/>
                    <label end="87" start="83" name="VVD-VVN"/>
                    <label end="95" start="89" name="PNI"/>
                    <label end="97" start="97" name="PUN"/>
                    <label end="105" start="99" name="PNI"/>
                    <label end="112" start="107" name="CJS-PRP"/>
                    <label end="117" start="114" name="DTQ"/>
                    <label end="122" start="119" name="PNP"/>
                    <label end="132" start="124" name="VVD"/>
                    <label end="135" start="134" name="PRP"/>
                    <label end="137" start="137" name="AT0"/>
                    <label end="142" start="139" name="NN1"/>
                    <label end="145" start="144" name="PRF"/>
                    <label end="154" start="147" name="AJ0"/>
                    <label end="164" start="156" name="AJ0-NN1"/>
                    <label end="171" start="166" name="AJ0-VVG"/>
                    <label end="176" start="173" name="PRP"/>
                    <label end="181" start="178" name="AJ0-AV0"/>
                    <label end="184" start="183" name="PRP"/>
                    <label end="188" start="186" name="AT0"/>
                    <label end="193" start="190" name="NN1"/>
                    <label end="195" start="195" name="PUN"/>
                    <label end="197" start="197" name="PUQ"/>
                </layer>
                <layer rank="1" name="NER"/>
                <layer rank="1" name="WSL"/>
            </annotationSet>
            <annotationSet cDate="01/07/2003 11:33:13 PST Tue" status="MANUAL" ID="1505609">
                <layer rank="1" name="FE">
                    <label cBy="Sns" feID="1893" end="164" start="156" name="Expressor"/>
                </layer>
                <layer rank="1" name="GF">
                    <label end="164" start="156" name="Head"/>
                </layer>
                <layer rank="1" name="PT">
                    <label end="164" start="156" name="N"/>
                </layer>
                <layer rank="1" name="Sent"/>
                <layer rank="1" name="Other"/>
                <layer rank="1" name="Target">
                    <label cBy="BoC" end="154" start="147" name="Target"/>
                </layer>
                <layer rank="1" name="Adj"/>
            </annotationSet>
        </sentence>
        <sentence sentNo="0" aPos="25630136" ID="1026857">
            <text>Gloom , on the other hand , sees a noisy , grimy city with crowded underground stations , overpriced restaurants , jostling strangers and mournful faces . </text>
            <annotationSet cDate="01/07/2003 11:33:13 PST Tue" status="UNANN" ID="1505612">
                <layer rank="1" name="BNC">
                    <label end="4" start="0" name="NN1-NP0"/>
                    <label end="6" start="6" name="PUN"/>
                    <label end="9" start="8" name="PRP"/>
                    <label end="13" start="11" name="AT0"/>
                    <label end="19" start="15" name="AJ0"/>
                    <label end="24" start="21" name="NN1"/>
                    <label end="26" start="26" name="PUN"/>
                    <label end="31" start="28" name="VVZ"/>
                    <label end="33" start="33" name="AT0"/>
                    <label end="39" start="35" name="AJ0"/>
                    <label end="41" start="41" name="PUN"/>
                    <label end="47" start="43" name="AJ0"/>
                    <label end="52" start="49" name="NN1"/>
                    <label end="57" start="54" name="PRP"/>
                    <label end="65" start="59" name="AJ0"/>
                    <label end="77" start="67" name="AJ0"/>
                    <label end="86" start="79" name="NN2"/>
                    <label end="88" start="88" name="PUN"/>
                    <label end="99" start="90" name="AJ0-VVD"/>
                    <label end="111" start="101" name="NN2"/>
                    <label end="113" start="113" name="PUN"/>
                    <label end="122" start="115" name="VVG"/>
                    <label end="132" start="124" name="NN2"/>
                    <label end="136" start="134" name="CJC"/>
                    <label end="145" start="138" name="AJ0"/>
                    <label end="151" start="147" name="NN2"/>
                    <label end="153" start="153" name="PUN"/>
                </layer>
                <layer rank="1" name="NER"/>
                <layer rank="1" name="WSL"/>
            </annotationSet>
            <annotationSet cDate="01/07/2003 11:33:13 PST Tue" status="MANUAL" ID="1505613">
                <layer rank="1" name="FE">
                    <label cBy="Sns" feID="1893" end="151" start="147" name="Expressor"/>
                </layer>
                <layer rank="1" name="GF">
                    <label end="151" start="147" name="Head"/>
                </layer>
                <layer rank="1" name="PT">
                    <label end="151" start="147" name="N"/>
                </layer>
                <layer rank="1" name="Sent"/>
                <layer rank="1" name="Other"/>
                <layer rank="1" name="Target">
                    <label cBy="BoC" end="145" start="138" name="Target"/>
                </layer>
                <layer rank="1" name="Adj"/>
            </annotationSet>
        </sentence>
        <sentence sentNo="0" aPos="27601628" ID="1026860">
            <text>` It gobbled up the bird in one go , &quot; said a mournful bird-watcher yesterday . </text>
            <annotationSet cDate="01/07/2003 11:33:13 PST Tue" status="UNANN" ID="1505618">
                <layer rank="1" name="BNC">
                    <label end="0" start="0" name="PUQ"/>
                    <label end="3" start="2" name="PNP"/>
                    <label end="11" start="5" name="VVD"/>
                    <label end="14" start="13" name="AVP"/>
                    <label end="18" start="16" name="AT0"/>
                    <label end="23" start="20" name="NN1"/>
                    <label end="26" start="25" name="PRP"/>
                    <label end="30" start="28" name="CRD-PNI"/>
                    <label end="33" start="32" name="VVB"/>
                    <label end="35" start="35" name="PUN"/>
                    <label end="37" start="37" name="PUQ"/>
                    <label end="42" start="39" name="VVD"/>
                    <label end="44" start="44" name="AT0"/>
                    <label end="53" start="46" name="AJ0"/>
                    <label end="66" start="55" name="NN1"/>
                    <label end="76" start="68" name="AV0"/>
                    <label end="78" start="78" name="PUN"/>
                </layer>
                <layer rank="1" name="NER"/>
                <layer rank="1" name="WSL"/>
            </annotationSet>
            <annotationSet cDate="01/07/2003 11:33:13 PST Tue" status="MANUAL" ID="1505619">
                <layer rank="1" name="FE">
                    <label cBy="Sns" feID="194" end="66" start="55" name="Experiencer"/>
                </layer>
                <layer rank="1" name="GF">
                    <label end="66" start="55" name="Head"/>
                </layer>
                <layer rank="1" name="PT">
                    <label end="66" start="55" name="N"/>
                </layer>
                <layer rank="1" name="Sent"/>
                <layer rank="1" name="Other"/>
                <layer rank="1" name="Target">
                    <label cBy="BoC" end="53" start="46" name="Target"/>
                </layer>
                <layer rank="1" name="Adj"/>
            </annotationSet>
        </sentence>
        <sentence sentNo="0" aPos="32291075" ID="1026863">
            <text>There was the mournful sound of human voices , and then a jolt . </text>
            <annotationSet cDate="01/07/2003 11:33:14 PST Tue" status="UNANN" ID="1505624">
                <layer rank="1" name="BNC">
                    <label end="4" start="0" name="EX0"/>
                    <label end="8" start="6" name="VBD"/>
                    <label end="12" start="10" name="AT0"/>
                    <label end="21" start="14" name="AJ0"/>
                    <label end="27" start="23" name="NN1"/>
                    <label end="30" start="29" name="PRF"/>
                    <label end="36" start="32" name="AJ0"/>
                    <label end="43" start="38" name="NN2"/>
                    <label end="45" start="45" name="PUN"/>
                    <label end="49" start="47" name="CJC"/>
                    <label end="54" start="51" name="AV0"/>
                    <label end="56" start="56" name="AT0"/>
                    <label end="61" start="58" name="NN1"/>
                    <label end="63" start="63" name="PUN"/>
                </layer>
                <layer rank="1" name="NER"/>
                <layer rank="1" name="WSL"/>
            </annotationSet>
            <annotationSet cDate="01/07/2003 11:33:14 PST Tue" status="MANUAL" ID="1505625">
                <layer rank="1" name="FE">
                    <label cBy="Sns" feID="1893" end="43" start="23" name="Expressor"/>
                </layer>
                <layer rank="1" name="GF">
                    <label end="43" start="23" name="Dep"/>
                </layer>
                <layer rank="1" name="PT">
                    <label end="43" start="23" name="NP"/>
                </layer>
                <layer rank="1" name="Sent"/>
                <layer rank="1" name="Other">
                    <label end="4" start="0" name="Null"/>
                </layer>
                <layer rank="1" name="Target">
                    <label cBy="BoC" end="21" start="14" name="Target"/>
                </layer>
                <layer rank="1" name="Adj">
                    <label end="8" start="6" name="Cop"/>
                </layer>
            </annotationSet>
        </sentence>
        <sentence sentNo="0" aPos="32416584" ID="1026865">
            <text>I could n't bear the mournful look on his face . </text>
            <annotationSet cDate="01/07/2003 11:33:14 PST Tue" status="UNANN" ID="1505628">
                <layer rank="1" name="BNC">
                    <label end="0" start="0" name="PNP"/>
                    <label end="6" start="2" name="VM0"/>
                    <label end="10" start="8" name="XX0"/>
                    <label end="15" start="12" name="VVI"/>
                    <label end="19" start="17" name="AT0"/>
                    <label end="28" start="21" name="AJ0"/>
                    <label end="33" start="30" name="NN1"/>
                    <label end="36" start="35" name="PRP"/>
                    <label end="40" start="38" name="DPS"/>
                    <label end="45" start="42" name="NN1"/>
                    <label end="47" start="47" name="PUN"/>
                </layer>
                <layer rank="1" name="NER"/>
                <layer rank="1" name="WSL"/>
            </annotationSet>
            <annotationSet cDate="01/07/2003 11:33:14 PST Tue" status="MANUAL" ID="1505629">
                <layer rank="1" name="FE">
                    <label cBy="Sns" feID="1893" end="45" start="30" name="Expressor"/>
                </layer>
                <layer rank="1" name="GF">
                    <label end="45" start="30" name="Head"/>
                </layer>
                <layer rank="1" name="PT">
                    <label end="45" start="30" name="N"/>
                </layer>
                <layer rank="1" name="Sent"/>
                <layer rank="1" name="Other"/>
                <layer rank="1" name="Target">
                    <label cBy="BoC" end="28" start="21" name="Target"/>
                </layer>
                <layer rank="1" name="Adj"/>
            </annotationSet>
        </sentence>
        <sentence sentNo="0" aPos="36508919" ID="1026867">
            <text>How dare you seem so mournful . &quot; </text>
            <annotationSet cDate="01/07/2003 11:33:14 PST Tue" status="UNANN" ID="1505632">
                <layer rank="1" name="BNC">
                    <label end="2" start="0" name="AVQ"/>
                    <label end="7" start="4" name="VVB"/>
                    <label end="11" start="9" name="PNP"/>
                    <label end="16" start="13" name="VVI"/>
                    <label end="19" start="18" name="AV0"/>
                    <label end="28" start="21" name="AJ0"/>
                    <label end="30" start="30" name="PUN"/>
                    <label end="32" start="32" name="PUQ"/>
                </layer>
                <layer rank="1" name="NER"/>
                <layer rank="1" name="WSL"/>
            </annotationSet>
            <annotationSet cDate="01/07/2003 11:33:14 PST Tue" status="MANUAL" ID="1505633">
                <layer rank="1" name="FE">
                    <label cBy="Sns" feID="194" end="11" start="9" name="Experiencer"/>
                    <label cBy="Sns" feID="1891" end="19" start="18" name="Degree"/>
                </layer>
                <layer rank="1" name="GF">
                    <label end="11" start="9" name="Ext"/>
                    <label end="19" start="18" name="Dep"/>
                </layer>
                <layer rank="1" name="PT">
                    <label end="11" start="9" name="NP"/>
                    <label end="19" start="18" name="AVP"/>
                </layer>
                <layer rank="1" name="Sent"/>
                <layer rank="1" name="Other"/>
                <layer rank="1" name="Target">
                    <label cBy="BoC" end="28" start="21" name="Target"/>
                </layer>
                <layer rank="1" name="Adj">
                    <label end="16" start="13" name="Cop"/>
                </layer>
            </annotationSet>
        </sentence>
        <sentence sentNo="0" aPos="49312688" ID="1026874">
            <text>He was drawn to such slow , mournful music and he carried it with him everywhere . </text>
            <annotationSet cDate="01/07/2003 11:33:15 PST Tue" status="UNANN" ID="1505646">
                <layer rank="1" name="BNC">
                    <label end="1" start="0" name="PNP"/>
                    <label end="5" start="3" name="VBD"/>
                    <label end="11" start="7" name="VVN"/>
                    <label end="14" start="13" name="PRP"/>
                    <label end="19" start="16" name="DT0"/>
                    <label end="24" start="21" name="AJ0"/>
                    <label end="26" start="26" name="PUN"/>
                    <label end="35" start="28" name="AJ0"/>
                    <label end="41" start="37" name="NN1"/>
                    <label end="45" start="43" name="CJC"/>
                    <label end="48" start="47" name="PNP"/>
                    <label end="56" start="50" name="VVD"/>
                    <label end="59" start="58" name="PNP"/>
                    <label end="64" start="61" name="PRP"/>
                    <label end="68" start="66" name="PNP"/>
                    <label end="79" start="70" name="AV0"/>
                    <label end="81" start="81" name="PUN"/>
                </layer>
                <layer rank="1" name="NER"/>
                <layer rank="1" name="WSL"/>
            </annotationSet>
            <annotationSet cDate="01/07/2003 11:33:15 PST Tue" status="MANUAL" ID="1505647">
                <layer rank="1" name="FE">
                    <label cBy="Sns" feID="1893" end="41" start="37" name="Expressor"/>
                </layer>
                <layer rank="1" name="GF">
                    <label end="41" start="37" name="Head"/>
                </layer>
                <layer rank="1" name="PT">
                    <label end="41" start="37" name="N"/>
                </layer>
                <layer rank="1" name="Sent"/>
                <layer rank="1" name="Other"/>
                <layer rank="1" name="Target">
                    <label cBy="BoC" end="35" start="28" name="Target"/>
                </layer>
                <layer rank="1" name="Adj"/>
            </annotationSet>
        </sentence>
        <sentence sentNo="0" aPos="59198366" ID="1026886">
            <text>Joe sat with his head in his hands not hearing the mournful sound of a tug edging shorewards in the direction of the docks or the lonely cry of the seagulls overhead . </text>
            <annotationSet cDate="01/07/2003 11:33:16 PST Tue" status="UNANN" ID="1505670">
                <layer rank="1" name="BNC">
                    <label end="2" start="0" name="NP0"/>
                    <label end="6" start="4" name="VVD"/>
                    <label end="11" start="8" name="PRP"/>
                    <label end="15" start="13" name="DPS"/>
                    <label end="20" start="17" name="NN1"/>
                    <label end="23" start="22" name="PRP"/>
                    <label end="27" start="25" name="DPS"/>
                    <label end="33" start="29" name="NN2"/>
                    <label end="37" start="35" name="XX0"/>
                    <label end="45" start="39" name="VVG"/>
                    <label end="49" start="47" name="AT0"/>
                    <label end="58" start="51" name="AJ0"/>
                    <label end="64" start="60" name="NN1"/>
                    <label end="67" start="66" name="PRF"/>
                    <label end="69" start="69" name="AT0"/>
                    <label end="73" start="71" name="NN1"/>
                    <label end="80" start="75" name="NN1-VVG"/>
                    <label end="91" start="82" name="AV0"/>
                    <label end="94" start="93" name="PRP"/>
                    <label end="98" start="96" name="AT0"/>
                    <label end="108" start="100" name="NN1"/>
                    <label end="111" start="110" name="PRF"/>
                    <label end="115" start="113" name="AT0"/>
                    <label end="121" start="117" name="NN2"/>
                    <label end="124" start="123" name="CJC"/>
                    <label end="128" start="126" name="AT0"/>
                    <label end="135" start="130" name="AJ0"/>
                    <label end="139" start="137" name="NN1"/>
                    <label end="142" start="141" name="PRF"/>
                    <label end="146" start="144" name="AT0"/>
                    <label end="155" start="148" name="NN2"/>
                    <label end="164" start="157" name="AV0"/>
                    <label end="166" start="166" name="PUN"/>
                </layer>
                <layer rank="1" name="NER"/>
                <layer rank="1" name="WSL"/>
            </annotationSet>
            <annotationSet cDate="01/07/2003 11:33:16 PST Tue" status="MANUAL" ID="1505671">
                <layer rank="1" name="FE">
                    <label cBy="Sns" feID="1893" end="121" start="60" name="Expressor"/>
                </layer>
                <layer rank="1" name="GF">
                    <label end="121" start="60" name="Head"/>
                </layer>
                <layer rank="1" name="PT">
                    <label end="121" start="60" name="N"/>
                </layer>
                <layer rank="1" name="Sent"/>
                <layer rank="1" name="Other"/>
                <layer rank="1" name="Target">
                    <label cBy="BoC" end="58" start="51" name="Target"/>
                </layer>
                <layer rank="1" name="Adj"/>
            </annotationSet>
        </sentence>
        <sentence sentNo="0" aPos="70379293" ID="1026894">
            <text>With her long hair drooping round her face and her large , mournful eyes , she looked like a lost basset-hound puppy . </text>
            <annotationSet cDate="01/07/2003 11:33:17 PST Tue" status="UNANN" ID="1505686">
                <layer rank="1" name="BNC">
                    <label end="3" start="0" name="PRP"/>
                    <label end="7" start="5" name="DPS"/>
                    <label end="12" start="9" name="AJ0"/>
                    <label end="17" start="14" name="NN1"/>
                    <label end="26" start="19" name="VVG"/>
                    <label end="32" start="28" name="AVP-PRP"/>
                    <label end="36" start="34" name="DPS"/>
                    <label end="41" start="38" name="NN1"/>
                    <label end="45" start="43" name="CJC"/>
                    <label end="49" start="47" name="DPS"/>
                    <label end="55" start="51" name="AJ0"/>
                    <label end="57" start="57" name="PUN"/>
                    <label end="66" start="59" name="AJ0"/>
                    <label end="71" start="68" name="NN2"/>
                    <label end="73" start="73" name="PUN"/>
                    <label end="77" start="75" name="PNP"/>
                    <label end="84" start="79" name="VVD"/>
                    <label end="89" start="86" name="PRP"/>
                    <label end="91" start="91" name="AT0"/>
                    <label end="96" start="93" name="AJ0"/>
                    <label end="109" start="98" name="AJ0-NN1"/>
                    <label end="115" start="111" name="NN1"/>
                    <label end="117" start="117" name="PUN"/>
                </layer>
                <layer rank="1" name="NER"/>
                <layer rank="1" name="WSL"/>
            </annotationSet>
            <annotationSet cDate="01/07/2003 11:33:17 PST Tue" status="MANUAL" ID="1505687">
                <layer rank="1" name="FE">
                    <label cBy="Sns" feID="1893" end="71" start="68" name="Expressor"/>
                </layer>
                <layer rank="1" name="GF">
                    <label end="71" start="68" name="Head"/>
                </layer>
                <layer rank="1" name="PT">
                    <label end="71" start="68" name="N"/>
                </layer>
                <layer rank="1" name="Sent"/>
                <layer rank="1" name="Other"/>
                <layer rank="1" name="Target">
                    <label cBy="BoC" end="66" start="59" name="Target"/>
                </layer>
                <layer rank="1" name="Adj"/>
            </annotationSet>
        </sentence>
        <sentence sentNo="0" aPos="75755766" ID="1026904">
            <text>The merchant 's long face was even more mournful and the friar was sure the man had been crying . </text>
            <annotationSet cDate="01/07/2003 11:33:18 PST Tue" status="UNANN" ID="1505706">
                <layer rank="1" name="BNC">
                    <label end="2" start="0" name="AT0"/>
                    <label end="11" start="4" name="NN1"/>
                    <label end="14" start="13" name="POS"/>
                    <label end="19" start="16" name="AJ0"/>
                    <label end="24" start="21" name="NN1"/>
                    <label end="28" start="26" name="VBD"/>
                    <label end="33" start="30" name="AV0"/>
                    <label end="38" start="35" name="AV0"/>
                    <label end="47" start="40" name="AJ0"/>
                    <label end="51" start="49" name="CJC"/>
                    <label end="55" start="53" name="AT0"/>
                    <label end="61" start="57" name="NN1"/>
                    <label end="65" start="63" name="VBD"/>
                    <label end="70" start="67" name="AJ0-AV0"/>
                    <label end="74" start="72" name="AT0"/>
                    <label end="78" start="76" name="NN1"/>
                    <label end="82" start="80" name="VHD"/>
                    <label end="87" start="84" name="VBN"/>
                    <label end="94" start="89" name="VVG"/>
                    <label end="96" start="96" name="PUN"/>
                </layer>
                <layer rank="1" name="NER"/>
                <layer rank="1" name="WSL"/>
            </annotationSet>
            <annotationSet cDate="01/07/2003 11:33:18 PST Tue" status="MANUAL" ID="1505707">
                <layer rank="1" name="FE">
                    <label cBy="Sns" feID="1893" end="24" start="0" name="Expressor"/>
                    <label cBy="Sns" feID="1891" end="38" start="30" name="Degree"/>
                </layer>
                <layer rank="1" name="GF">
                    <label end="24" start="0" name="Ext"/>
                    <label end="38" start="30" name="Dep"/>
                </layer>
                <layer rank="1" name="PT">
                    <label end="24" start="0" name="NP"/>
                    <label end="38" start="30" name="AVP"/>
                </layer>
                <layer rank="1" name="Sent"/>
                <layer rank="1" name="Other"/>
                <layer rank="1" name="Target">
                    <label cBy="BoC" end="47" start="40" name="Target"/>
                </layer>
                <layer rank="1" name="Adj">
                    <label end="28" start="26" name="Cop"/>
                </layer>
            </annotationSet>
        </sentence>
    </subCorpus>
</lexUnit>