<?xml version="1.0" encoding="UTF-8" standalone="yes"?>
<?xml-stylesheet type="text/xsl" href="lexUnit.xsl"?>
<lexUnit status="Finished_Initial" POS="A" name="gleeful.a" ID="8831" frame="Emotion_directed" frameID="46" totalAnnotated="9" xsi:schemaLocation="../schema/lexUnit.xsd" xmlns="http://framenet.icsi.berkeley.edu" xmlns:xsi="http://www.w3.org/2001/XMLSchema-instance">
    <header>
        <frame>
            <FE fgColor="FFFFFF" bgColor="00BFFF" type="Extra-Thematic" abbrev="cir" name="Circumstances"/>
            <FE fgColor="FFFFFF" bgColor="FF69B4" type="Peripheral" abbrev="Degr" name="Degree"/>
            <FE fgColor="FFFFFF" bgColor="0000FF" type="Extra-Thematic" abbrev="ET" name="Empathy_target"/>
            <FE fgColor="FFFFFF" bgColor="A52A2A" type="Core" abbrev="Event" name="Event"/>
            <FE fgColor="FFFFFF" bgColor="800080" type="Core" abbrev="Exp" name="Experiencer"/>
            <FE fgColor="FFFFFF" bgColor="00008B" type="Extra-Thematic" abbrev="Exp" name="Explanation"/>
            <FE fgColor="FFFFFF" bgColor="008000" type="Core" abbrev="Exr" name="Expressor"/>
            <FE fgColor="000000" bgColor="7FFF00" type="Extra-Thematic" abbrev="" name="Frequency"/>
            <FE fgColor="FFFFFF" bgColor="FF00FF" type="Peripheral" abbrev="" name="Manner"/>
            <FE fgColor="FFFFFF" bgColor="2E8B57" type="Peripheral" abbrev="" name="Parameter"/>
            <FE fgColor="FFFFFF" bgColor="9F79EE" type="Core" abbrev="State" name="State"/>
            <FE fgColor="FFFFFF" bgColor="FF0000" type="Core" abbrev="Stim" name="Stimulus"/>
            <FE fgColor="FFFFFF" bgColor="FFA500" type="Core" abbrev="Top" name="Topic"/>
        </frame>
    </header>
    <definition>COD: exuberantly or triumphantly joyful. </definition>
    <lexeme POS="A" name="gleeful"/>
    <valences>
        <FERealization total="1">
            <FE name="Degree"/>
            <pattern total="1">
                <valenceUnit GF="Dep" PT="AVP" FE="Degree"/>
                <annoSet ID="1505813"/>
            </pattern>
        </FERealization>
        <FERealization total="5">
            <FE name="Experiencer"/>
            <pattern total="2">
                <valenceUnit GF="Head" PT="N" FE="Experiencer"/>
                <annoSet ID="1505763"/>
                <annoSet ID="1505831"/>
            </pattern>
            <pattern total="2">
                <valenceUnit GF="Ext" PT="NP" FE="Experiencer"/>
                <annoSet ID="1505765"/>
                <annoSet ID="1505781"/>
            </pattern>
            <pattern total="1">
                <valenceUnit GF="Gen" PT="Poss" FE="Experiencer"/>
                <annoSet ID="1505805"/>
            </pattern>
        </FERealization>
        <FERealization total="5">
            <FE name="Expressor"/>
            <pattern total="2">
                <valenceUnit GF="Ext" PT="NP" FE="Expressor"/>
                <annoSet ID="1505803"/>
                <annoSet ID="1505813"/>
            </pattern>
            <pattern total="3">
                <valenceUnit GF="Head" PT="N" FE="Expressor"/>
                <annoSet ID="1505771"/>
                <annoSet ID="1505805"/>
                <annoSet ID="1505823"/>
            </pattern>
        </FERealization>
        <FERealization total="1">
            <FE name="Manner"/>
            <pattern total="1">
                <valenceUnit GF="Dep" PT="AVP" FE="Manner"/>
                <annoSet ID="1505781"/>
            </pattern>
        </FERealization>
        <FERealization total="1">
            <FE name="Stimulus"/>
            <pattern total="1">
                <valenceUnit GF="Dep" PT="Sfin" FE="Stimulus"/>
                <annoSet ID="1505781"/>
            </pattern>
        </FERealization>
        <FERealization total="1">
            <FE name="Topic"/>
            <pattern total="1">
                <valenceUnit GF="Dep" PT="PP[about]" FE="Topic"/>
                <annoSet ID="1505765"/>
            </pattern>
        </FERealization>
        <FEGroupRealization total="1">
            <FE name="Degree"/>
            <FE name="Expressor"/>
            <pattern total="1">
                <valenceUnit GF="Dep" PT="AVP" FE="Degree"/>
                <valenceUnit GF="Ext" PT="NP" FE="Expressor"/>
                <annoSet ID="1505813"/>
            </pattern>
        </FEGroupRealization>
        <FEGroupRealization total="2">
            <FE name="Experiencer"/>
            <pattern total="2">
                <valenceUnit GF="Head" PT="N" FE="Experiencer"/>
                <annoSet ID="1505763"/>
                <annoSet ID="1505831"/>
            </pattern>
        </FEGroupRealization>
        <FEGroupRealization total="1">
            <FE name="Experiencer"/>
            <FE name="Expressor"/>
            <pattern total="1">
                <valenceUnit GF="Gen" PT="Poss" FE="Experiencer"/>
                <valenceUnit GF="Head" PT="N" FE="Expressor"/>
                <annoSet ID="1505805"/>
            </pattern>
        </FEGroupRealization>
        <FEGroupRealization total="1">
            <FE name="Experiencer"/>
            <FE name="Manner"/>
            <FE name="Stimulus"/>
            <pattern total="1">
                <valenceUnit GF="Ext" PT="NP" FE="Experiencer"/>
                <valenceUnit GF="Dep" PT="AVP" FE="Manner"/>
                <valenceUnit GF="Dep" PT="Sfin" FE="Stimulus"/>
                <annoSet ID="1505781"/>
            </pattern>
        </FEGroupRealization>
        <FEGroupRealization total="1">
            <FE name="Experiencer"/>
            <FE name="Topic"/>
            <pattern total="1">
                <valenceUnit GF="Ext" PT="NP" FE="Experiencer"/>
                <valenceUnit GF="Dep" PT="PP[about]" FE="Topic"/>
                <annoSet ID="1505765"/>
            </pattern>
        </FEGroupRealization>
        <FEGroupRealization total="3">
            <FE name="Expressor"/>
            <pattern total="2">
                <valenceUnit GF="Head" PT="N" FE="Expressor"/>
                <annoSet ID="1505771"/>
                <annoSet ID="1505823"/>
            </pattern>
            <pattern total="1">
                <valenceUnit GF="Ext" PT="NP" FE="Expressor"/>
                <annoSet ID="1505803"/>
            </pattern>
        </FEGroupRealization>
    </valences>
    <subCorpus name="A-001-all">
        <sentence sentNo="0" aPos="1870438" ID="1026932">
            <text>Within the next few months -- and long before the next election -- they will have to settle these questions or see the spectre of the Winter of Discontent raised to haunt them by gleeful Conservative politicians . </text>
            <annotationSet cDate="01/07/2003 11:33:22 PST Tue" status="UNANN" ID="1505762">
                <layer rank="1" name="BNC">
                    <label end="5" start="0" name="PRP"/>
                    <label end="9" start="7" name="AT0"/>
                    <label end="14" start="11" name="ORD"/>
                    <label end="18" start="16" name="DT0"/>
                    <label end="25" start="20" name="NN2"/>
                    <label end="28" start="27" name="PUN"/>
                    <label end="32" start="30" name="CJC"/>
                    <label end="37" start="34" name="AJ0-AV0"/>
                    <label end="44" start="39" name="CJS-PRP"/>
                    <label end="48" start="46" name="AT0"/>
                    <label end="53" start="50" name="ORD"/>
                    <label end="62" start="55" name="NN1"/>
                    <label end="65" start="64" name="PUN"/>
                    <label end="70" start="67" name="PNP"/>
                    <label end="75" start="72" name="VM0"/>
                    <label end="80" start="77" name="VHI"/>
                    <label end="83" start="82" name="TO0"/>
                    <label end="90" start="85" name="VVI"/>
                    <label end="96" start="92" name="DT0"/>
                    <label end="106" start="98" name="NN2"/>
                    <label end="109" start="108" name="CJC"/>
                    <label end="113" start="111" name="VVB"/>
                    <label end="117" start="115" name="AT0"/>
                    <label end="125" start="119" name="NN1"/>
                    <label end="128" start="127" name="PRF"/>
                    <label end="132" start="130" name="AT0"/>
                    <label end="139" start="134" name="NN1"/>
                    <label end="142" start="141" name="PRF"/>
                    <label end="153" start="144" name="NN1-NP0"/>
                    <label end="160" start="155" name="VVD-VVN"/>
                    <label end="163" start="162" name="TO0"/>
                    <label end="169" start="165" name="VVI"/>
                    <label end="174" start="171" name="PNP"/>
                    <label end="177" start="176" name="PRP"/>
                    <label end="185" start="179" name="AJ0"/>
                    <label end="198" start="187" name="AJ0-NN1"/>
                    <label end="210" start="200" name="NN2"/>
                    <label end="212" start="212" name="PUN"/>
                </layer>
                <layer rank="1" name="NER"/>
                <layer rank="1" name="WSL"/>
            </annotationSet>
            <annotationSet cDate="01/07/2003 11:33:22 PST Tue" status="MANUAL" ID="1505763">
                <layer rank="1" name="FE">
                    <label cBy="Sns" feID="194" end="210" start="187" name="Experiencer"/>
                </layer>
                <layer rank="1" name="GF">
                    <label end="210" start="187" name="Head"/>
                </layer>
                <layer rank="1" name="PT">
                    <label end="210" start="187" name="N"/>
                </layer>
                <layer rank="1" name="Sent"/>
                <layer rank="1" name="Other"/>
                <layer rank="1" name="Target">
                    <label cBy="BoC" end="185" start="179" name="Target"/>
                </layer>
                <layer rank="1" name="Adj"/>
            </annotationSet>
        </sentence>
        <sentence sentNo="0" aPos="3093903" ID="1026933">
            <text>He was gleeful about the idea of a Faber ` Vaudeville &quot; production in 1929 where he starred as a baritone singing Bolovian Ballads and a song about a blue baboon . </text>
            <annotationSet cDate="01/07/2003 11:33:22 PST Tue" status="UNANN" ID="1505764">
                <layer rank="1" name="BNC">
                    <label end="1" start="0" name="PNP"/>
                    <label end="5" start="3" name="VBD"/>
                    <label end="13" start="7" name="AJ0"/>
                    <label end="19" start="15" name="PRP"/>
                    <label end="23" start="21" name="AT0"/>
                    <label end="28" start="25" name="NN1"/>
                    <label end="31" start="30" name="PRF"/>
                    <label end="33" start="33" name="AT0"/>
                    <label end="39" start="35" name="NP0"/>
                    <label end="41" start="41" name="PUQ"/>
                    <label end="52" start="43" name="NP0"/>
                    <label end="54" start="54" name="PUQ"/>
                    <label end="65" start="56" name="NN1"/>
                    <label end="68" start="67" name="PRP"/>
                    <label end="73" start="70" name="CRD"/>
                    <label end="79" start="75" name="AVQ"/>
                    <label end="82" start="81" name="PNP"/>
                    <label end="90" start="84" name="VVD"/>
                    <label end="93" start="92" name="PRP"/>
                    <label end="95" start="95" name="AT0"/>
                    <label end="104" start="97" name="NN1"/>
                    <label end="112" start="106" name="VVG"/>
                    <label end="121" start="114" name="AJ0"/>
                    <label end="129" start="123" name="NN2"/>
                    <label end="133" start="131" name="CJC"/>
                    <label end="135" start="135" name="AT0"/>
                    <label end="140" start="137" name="NN1"/>
                    <label end="146" start="142" name="PRP"/>
                    <label end="148" start="148" name="AT0"/>
                    <label end="153" start="150" name="AJ0"/>
                    <label end="160" start="155" name="NN1"/>
                    <label end="162" start="162" name="PUN"/>
                </layer>
                <layer rank="1" name="NER"/>
                <layer rank="1" name="WSL"/>
            </annotationSet>
            <annotationSet cDate="01/07/2003 11:33:22 PST Tue" status="MANUAL" ID="1505765">
                <layer rank="1" name="FE">
                    <label cBy="Sns" feID="194" end="1" start="0" name="Experiencer"/>
                    <label cBy="Sns" feID="196" end="160" start="15" name="Topic"/>
                </layer>
                <layer rank="1" name="GF">
                    <label end="1" start="0" name="Ext"/>
                    <label end="160" start="15" name="Dep"/>
                </layer>
                <layer rank="1" name="PT">
                    <label end="1" start="0" name="NP"/>
                    <label end="160" start="15" name="PP"/>
                </layer>
                <layer rank="1" name="Sent"/>
                <layer rank="1" name="Other"/>
                <layer rank="1" name="Target">
                    <label cBy="BoC" end="13" start="7" name="Target"/>
                </layer>
                <layer rank="1" name="Adj">
                    <label end="5" start="3" name="Cop"/>
                </layer>
            </annotationSet>
        </sentence>
        <sentence sentNo="0" aPos="9817168" ID="1026936">
            <text>Doisneau is a small , bird-like man with mischievous eyes and a gleeful laugh . </text>
            <annotationSet cDate="01/07/2003 11:33:22 PST Tue" status="UNANN" ID="1505770">
                <layer rank="1" name="BNC">
                    <label end="7" start="0" name="NN1-NP0"/>
                    <label end="10" start="9" name="VBZ"/>
                    <label end="12" start="12" name="AT0"/>
                    <label end="18" start="14" name="AJ0"/>
                    <label end="20" start="20" name="PUN"/>
                    <label end="30" start="22" name="AJ0"/>
                    <label end="34" start="32" name="NN1"/>
                    <label end="39" start="36" name="PRP"/>
                    <label end="51" start="41" name="AJ0"/>
                    <label end="56" start="53" name="NN2"/>
                    <label end="60" start="58" name="CJC"/>
                    <label end="62" start="62" name="AT0"/>
                    <label end="70" start="64" name="AJ0"/>
                    <label end="76" start="72" name="NN1"/>
                    <label end="78" start="78" name="PUN"/>
                </layer>
                <layer rank="1" name="NER"/>
                <layer rank="1" name="WSL"/>
            </annotationSet>
            <annotationSet cDate="01/07/2003 11:33:23 PST Tue" status="MANUAL" ID="1505771">
                <layer rank="1" name="FE">
                    <label cBy="Sns" feID="1893" end="76" start="72" name="Expressor"/>
                </layer>
                <layer rank="1" name="GF">
                    <label end="76" start="72" name="Head"/>
                </layer>
                <layer rank="1" name="PT">
                    <label end="76" start="72" name="N"/>
                </layer>
                <layer rank="1" name="Sent"/>
                <layer rank="1" name="Other"/>
                <layer rank="1" name="Target">
                    <label cBy="BoC" end="70" start="64" name="Target"/>
                </layer>
                <layer rank="1" name="Adj"/>
            </annotationSet>
        </sentence>
        <sentence sentNo="0" aPos="21361916" ID="1026941">
            <text>Clive also attended , visibly gleeful that he had spared the school any undesirable publicity by unloading me in the nick of time . </text>
            <annotationSet cDate="01/07/2003 11:33:23 PST Tue" status="UNANN" ID="1505780">
                <layer rank="1" name="BNC">
                    <label end="4" start="0" name="NP0"/>
                    <label end="9" start="6" name="AV0"/>
                    <label end="18" start="11" name="VVD-VVN"/>
                    <label end="20" start="20" name="PUN"/>
                    <label end="28" start="22" name="AV0"/>
                    <label end="36" start="30" name="AJ0"/>
                    <label end="41" start="38" name="CJT"/>
                    <label end="44" start="43" name="PNP"/>
                    <label end="48" start="46" name="VHD"/>
                    <label end="55" start="50" name="VVN"/>
                    <label end="59" start="57" name="AT0"/>
                    <label end="66" start="61" name="NN1"/>
                    <label end="70" start="68" name="DT0"/>
                    <label end="82" start="72" name="AJ0"/>
                    <label end="92" start="84" name="NN1"/>
                    <label end="95" start="94" name="PRP"/>
                    <label end="105" start="97" name="VVG"/>
                    <label end="108" start="107" name="PNP"/>
                    <label end="111" start="110" name="PRP"/>
                    <label end="115" start="113" name="AT0"/>
                    <label end="120" start="117" name="NN1"/>
                    <label end="123" start="122" name="PRF"/>
                    <label end="128" start="125" name="NN1"/>
                    <label end="130" start="130" name="PUN"/>
                </layer>
                <layer rank="1" name="NER"/>
                <layer rank="1" name="WSL"/>
            </annotationSet>
            <annotationSet cDate="01/07/2003 11:33:23 PST Tue" status="MANUAL" ID="1505781">
                <layer rank="1" name="FE">
                    <label cBy="Sns" feID="194" end="4" start="0" name="Experiencer"/>
                    <label cBy="Sns" feID="4627" end="28" start="22" name="Manner"/>
                    <label cBy="Sns" feID="197" end="128" start="38" name="Stimulus"/>
                </layer>
                <layer rank="1" name="GF">
                    <label end="4" start="0" name="Ext"/>
                    <label end="28" start="22" name="Dep"/>
                    <label end="128" start="38" name="Dep"/>
                </layer>
                <layer rank="1" name="PT">
                    <label end="4" start="0" name="NP"/>
                    <label end="28" start="22" name="AVP"/>
                    <label end="128" start="38" name="Sfin"/>
                </layer>
                <layer rank="1" name="Sent"/>
                <layer rank="1" name="Other"/>
                <layer rank="1" name="Target">
                    <label cBy="BoC" end="36" start="30" name="Target"/>
                </layer>
                <layer rank="1" name="Adj"/>
            </annotationSet>
        </sentence>
        <sentence sentNo="0" aPos="53564520" ID="1026952">
            <text>Connor 's voice was gleeful . </text>
            <annotationSet cDate="01/07/2003 11:33:26 PST Tue" status="UNANN" ID="1505802">
                <layer rank="1" name="BNC">
                    <label end="5" start="0" name="NP0"/>
                    <label end="8" start="7" name="POS"/>
                    <label end="14" start="10" name="NN1"/>
                    <label end="18" start="16" name="VBD"/>
                    <label end="26" start="20" name="AJ0"/>
                    <label end="28" start="28" name="PUN"/>
                </layer>
                <layer rank="1" name="NER"/>
                <layer rank="1" name="WSL"/>
            </annotationSet>
            <annotationSet cDate="01/07/2003 11:33:26 PST Tue" status="MANUAL" ID="1505803">
                <layer rank="1" name="FE">
                    <label cBy="Sns" feID="1893" end="14" start="0" name="Expressor"/>
                </layer>
                <layer rank="1" name="GF">
                    <label end="14" start="0" name="Ext"/>
                </layer>
                <layer rank="1" name="PT">
                    <label end="14" start="0" name="NP"/>
                </layer>
                <layer rank="1" name="Sent"/>
                <layer rank="1" name="Other"/>
                <layer rank="1" name="Target">
                    <label cBy="BoC" end="26" start="20" name="Target"/>
                </layer>
                <layer rank="1" name="Adj">
                    <label end="18" start="16" name="Cop"/>
                </layer>
            </annotationSet>
        </sentence>
        <sentence sentNo="0" aPos="59696932" ID="1026953">
            <text>Culley imagined Susan 's gleeful smile as she waited for Yorke to work it out . </text>
            <annotationSet cDate="01/07/2003 11:33:27 PST Tue" status="UNANN" ID="1505804">
                <layer rank="1" name="BNC">
                    <label end="5" start="0" name="NN1-NP0"/>
                    <label end="14" start="7" name="VVD"/>
                    <label end="20" start="16" name="NP0"/>
                    <label end="23" start="22" name="POS"/>
                    <label end="31" start="25" name="AJ0"/>
                    <label end="37" start="33" name="NN1"/>
                    <label end="40" start="39" name="CJS"/>
                    <label end="44" start="42" name="PNP"/>
                    <label end="51" start="46" name="VVD"/>
                    <label end="55" start="53" name="PRP"/>
                    <label end="61" start="57" name="NP0"/>
                    <label end="64" start="63" name="TO0"/>
                    <label end="69" start="66" name="VVI"/>
                    <label end="72" start="71" name="PNP"/>
                    <label end="76" start="74" name="AVP"/>
                    <label end="78" start="78" name="PUN"/>
                </layer>
                <layer rank="1" name="NER"/>
                <layer rank="1" name="WSL"/>
            </annotationSet>
            <annotationSet cDate="01/07/2003 11:33:27 PST Tue" status="MANUAL" ID="1505805">
                <layer rank="1" name="FE">
                    <label cBy="Sns" feID="194" end="23" start="16" name="Experiencer"/>
                    <label cBy="Sns" feID="1893" end="37" start="33" name="Expressor"/>
                </layer>
                <layer rank="1" name="GF">
                    <label end="23" start="16" name="Gen"/>
                    <label end="37" start="33" name="Head"/>
                </layer>
                <layer rank="1" name="PT">
                    <label end="23" start="16" name="Poss"/>
                    <label end="37" start="33" name="N"/>
                </layer>
                <layer rank="1" name="Sent"/>
                <layer rank="1" name="Other"/>
                <layer rank="1" name="Target">
                    <label cBy="BoC" end="31" start="25" name="Target"/>
                </layer>
                <layer rank="1" name="Adj"/>
            </annotationSet>
        </sentence>
        <sentence sentNo="0" aPos="71195736" ID="1026957">
            <text>But Matta was gazing at him , and his grin was wider , more gleeful . </text>
            <annotationSet cDate="01/07/2003 11:33:27 PST Tue" status="UNANN" ID="1505812">
                <layer rank="1" name="BNC">
                    <label end="2" start="0" name="CJC"/>
                    <label end="8" start="4" name="NP0"/>
                    <label end="12" start="10" name="VBD"/>
                    <label end="19" start="14" name="VVG"/>
                    <label end="22" start="21" name="PRP"/>
                    <label end="26" start="24" name="PNP"/>
                    <label end="28" start="28" name="PUN"/>
                    <label end="32" start="30" name="CJC"/>
                    <label end="36" start="34" name="DPS"/>
                    <label end="41" start="38" name="NN1"/>
                    <label end="45" start="43" name="VBD"/>
                    <label end="51" start="47" name="AJC"/>
                    <label end="53" start="53" name="PUN"/>
                    <label end="58" start="55" name="AV0"/>
                    <label end="66" start="60" name="AJ0"/>
                    <label end="68" start="68" name="PUN"/>
                </layer>
                <layer rank="1" name="NER"/>
                <layer rank="1" name="WSL"/>
            </annotationSet>
            <annotationSet cDate="01/07/2003 11:33:27 PST Tue" status="MANUAL" ID="1505813">
                <layer rank="1" name="FE">
                    <label cBy="Sns" feID="1893" end="41" start="34" name="Expressor"/>
                    <label cBy="Sns" feID="1891" end="58" start="55" name="Degree"/>
                </layer>
                <layer rank="1" name="GF">
                    <label end="41" start="34" name="Ext"/>
                    <label end="58" start="55" name="Dep"/>
                </layer>
                <layer rank="1" name="PT">
                    <label end="41" start="34" name="NP"/>
                    <label end="58" start="55" name="AVP"/>
                </layer>
                <layer rank="1" name="Sent"/>
                <layer rank="1" name="Other"/>
                <layer rank="1" name="Target">
                    <label cBy="BoC" end="66" start="60" name="Target"/>
                </layer>
                <layer rank="1" name="Adj">
                    <label end="45" start="43" name="Cop"/>
                </layer>
            </annotationSet>
        </sentence>
        <sentence sentNo="0" aPos="86976792" ID="1026962">
            <text>She was interrupted by another hoarse , gleeful chuckle . </text>
            <annotationSet cDate="01/07/2003 11:33:28 PST Tue" status="UNANN" ID="1505822">
                <layer rank="1" name="BNC">
                    <label end="2" start="0" name="PNP"/>
                    <label end="6" start="4" name="VBD"/>
                    <label end="18" start="8" name="VVN"/>
                    <label end="21" start="20" name="PRP"/>
                    <label end="29" start="23" name="DT0"/>
                    <label end="36" start="31" name="AJ0"/>
                    <label end="38" start="38" name="PUN"/>
                    <label end="46" start="40" name="AJ0"/>
                    <label end="54" start="48" name="NN1"/>
                    <label end="56" start="56" name="PUN"/>
                </layer>
                <layer rank="1" name="NER"/>
                <layer rank="1" name="WSL"/>
            </annotationSet>
            <annotationSet cDate="01/07/2003 11:33:28 PST Tue" status="MANUAL" ID="1505823">
                <layer rank="1" name="FE">
                    <label cBy="Sns" feID="1893" end="54" start="48" name="Expressor"/>
                </layer>
                <layer rank="1" name="GF">
                    <label end="54" start="48" name="Head"/>
                </layer>
                <layer rank="1" name="PT">
                    <label end="54" start="48" name="N"/>
                </layer>
                <layer rank="1" name="Sent"/>
                <layer rank="1" name="Other"/>
                <layer rank="1" name="Target">
                    <label cBy="BoC" end="46" start="40" name="Target"/>
                </layer>
                <layer rank="1" name="Adj"/>
            </annotationSet>
        </sentence>
        <sentence sentNo="0" aPos="106188518" ID="1026966">
            <text>Gleeful opposition leaders and Tory Euro-sceptics said the Government 's handling of Maastricht had descended into ` shambles &quot; . </text>
            <annotationSet cDate="01/07/2003 11:33:28 PST Tue" status="UNANN" ID="1505830">
                <layer rank="1" name="BNC">
                    <label end="6" start="0" name="AJ0"/>
                    <label end="17" start="8" name="NN1"/>
                    <label end="25" start="19" name="NN2"/>
                    <label end="29" start="27" name="CJC"/>
                    <label end="34" start="31" name="AJ0"/>
                    <label end="48" start="36" name="NN2"/>
                    <label end="53" start="50" name="VVD"/>
                    <label end="57" start="55" name="AT0"/>
                    <label end="68" start="59" name="NN0"/>
                    <label end="71" start="70" name="VBZ"/>
                    <label end="80" start="73" name="NN1-VVG"/>
                    <label end="83" start="82" name="PRF"/>
                    <label end="94" start="85" name="NN1-NP0"/>
                    <label end="98" start="96" name="VHD"/>
                    <label end="108" start="100" name="VVN"/>
                    <label end="113" start="110" name="PRP"/>
                    <label end="115" start="115" name="PUQ"/>
                    <label end="124" start="117" name="NN2"/>
                    <label end="126" start="126" name="PUQ"/>
                    <label end="128" start="128" name="PUN"/>
                </layer>
                <layer rank="1" name="NER"/>
                <layer rank="1" name="WSL"/>
            </annotationSet>
            <annotationSet cDate="01/07/2003 11:33:28 PST Tue" status="MANUAL" ID="1505831">
                <layer rank="1" name="FE">
                    <label cBy="Sns" feID="194" end="25" start="8" name="Experiencer"/>
                </layer>
                <layer rank="1" name="GF">
                    <label end="25" start="8" name="Head"/>
                </layer>
                <layer rank="1" name="PT">
                    <label end="25" start="8" name="N"/>
                </layer>
                <layer rank="1" name="Sent"/>
                <layer rank="1" name="Other"/>
                <layer rank="1" name="Target">
                    <label cBy="BoC" end="6" start="0" name="Target"/>
                </layer>
                <layer rank="1" name="Adj"/>
            </annotationSet>
        </sentence>
    </subCorpus>
</lexUnit>