<?xml version="1.0" encoding="UTF-8" standalone="yes"?>
<?xml-stylesheet type="text/xsl" href="lexUnit.xsl"?>
<lexUnit status="Insufficient_Attestations" POS="V" name="paddle.v" ID="8867" frame="Bringing" frameID="240" totalAnnotated="1" xsi:schemaLocation="../schema/lexUnit.xsd" xmlns="http://framenet.icsi.berkeley.edu" xmlns:xsi="http://www.w3.org/2001/XMLSchema-instance">
    <header>
        <corpus description="LDC Newswire corpus from AP" name="AP" ID="113">
            <document description="apwsE950819.0092" name="apwsE950819.0092" ID="15331"/>
        </corpus>
        <frame>
            <FE fgColor="FFFFFF" bgColor="FF0000" type="Core" abbrev="Agt" name="Agent"/>
            <FE fgColor="FFFFFF" bgColor="808080" type="Core" abbrev="Area" name="Area"/>
            <FE fgColor="000000" bgColor="EEE8AA" type="Extra-Thematic" abbrev="" name="Beneficiary"/>
            <FE fgColor="FFFFFF" bgColor="9F79EE" type="Core" abbrev="Car" name="Carrier"/>
            <FE fgColor="000000" bgColor="FFFF00" type="Extra-Thematic" abbrev="co-p" name="Co-participant"/>
            <FE fgColor="FFFFFF" bgColor="800080" type="Peripheral" abbrev="CL" name="Constant_location"/>
            <FE fgColor="000000" bgColor="7CCD73" type="Extra-Thematic" abbrev="" name="Degree"/>
            <FE fgColor="FFFFFF" bgColor="9400D3" type="Extra-Thematic" abbrev="Dep" name="Depictive"/>
            <FE fgColor="FFFFFF" bgColor="1E90FF" type="Peripheral" abbrev="Dist" name="Distance"/>
            <FE fgColor="000000" bgColor="7FFF00" type="Extra-Thematic" abbrev="" name="Duration"/>
            <FE fgColor="FFFFFF" bgColor="90876C" type="Extra-Thematic" abbrev="" name="Explanation"/>
            <FE fgColor="FFFFFF" bgColor="2E8B57" type="Extra-Thematic" abbrev="" name="Frequency"/>
            <FE fgColor="FFFFFF" bgColor="A52A2A" type="Core" abbrev="goa" name="Goal"/>
            <FE fgColor="FFFFFF" bgColor="FF00FF" type="Peripheral" abbrev="Manr" name="Manner"/>
            <FE fgColor="FFFFFF" bgColor="FF69B4" type="Peripheral" abbrev="Mns" name="Means"/>
            <FE fgColor="000000" bgColor="90876C" type="Extra-Thematic" abbrev="" name="Particular_iteration"/>
            <FE fgColor="FFFFFF" bgColor="FFA500" type="Core" abbrev="Path" name="Path"/>
            <FE fgColor="FFFFFF" bgColor="7CCD7C" type="Extra-Thematic" abbrev="" name="Period_of_iterations"/>
            <FE fgColor="FFFFFF" bgColor="008000" type="Peripheral" abbrev="Place" name="Place"/>
            <FE fgColor="FFFFFF" bgColor="00BFFF" type="Peripheral" abbrev="Pps" name="Purpose"/>
            <FE fgColor="FFFFFF" bgColor="008000" type="Core" abbrev="sou" name="Source"/>
            <FE fgColor="FFFFFF" bgColor="00008B" type="Peripheral" abbrev="" name="Speed"/>
            <FE fgColor="FFFFFF" bgColor="0000FF" type="Core" abbrev="Theme" name="Theme"/>
            <FE fgColor="FFFFFF" bgColor="FFA500" type="Peripheral" abbrev="Time" name="Time"/>
        </frame>
    </header>
    <definition>FN: transport by non-motorized watercraft</definition>
    <lexeme POS="V" name="paddle"/>
    <valences>
        <FERealization total="1">
            <FE name="Agent"/>
            <pattern total="1">
                <valenceUnit GF="Ext" PT="NP" FE="Agent"/>
                <annoSet ID="2260433"/>
            </pattern>
        </FERealization>
        <FERealization total="1">
            <FE name="Constant_location"/>
            <pattern total="1">
                <valenceUnit GF="Dep" PT="PP[in]" FE="Constant_location"/>
                <annoSet ID="2260433"/>
            </pattern>
        </FERealization>
        <FERealization total="1">
            <FE name="Theme"/>
            <pattern total="1">
                <valenceUnit GF="Obj" PT="NP" FE="Theme"/>
                <annoSet ID="2260433"/>
            </pattern>
        </FERealization>
        <FEGroupRealization total="1">
            <FE name="Agent"/>
            <FE name="Constant_location"/>
            <FE name="Theme"/>
            <pattern total="1">
                <valenceUnit GF="Ext" PT="NP" FE="Agent"/>
                <valenceUnit GF="Dep" PT="PP[in]" FE="Constant_location"/>
                <valenceUnit GF="Obj" PT="NP" FE="Theme"/>
                <annoSet ID="2260433"/>
            </pattern>
        </FEGroupRealization>
    </valences>
    <subCorpus name="01-NP-T-NP-PPto,from,across-(1)"/>
    <subCorpus name="02-NP-T-NP-Wout,up,down-(1)">
        <sentence corpID="113" docID="15331" sentNo="1" paragNo="13" aPos="83645967" ID="1406296">
            <text>`` I 'm just taking the chance to make more money , '' said Le The Khoi , a construction worker turned ferryman paddling passengers in his wooden boat .</text>
            <annotationSet cDate="12/01/2006 04:54:14 PST Fri" status="UNANN" ID="2260432">
                <layer rank="1" name="PENN">
                    <label end="1" start="0" name="``"/>
                    <label end="3" start="3" name="PP"/>
                    <label end="6" start="5" name="vbp"/>
                    <label end="11" start="8" name="rb"/>
                    <label end="18" start="13" name="VVG"/>
                    <label end="22" start="20" name="dt"/>
                    <label end="29" start="24" name="nn"/>
                    <label end="32" start="31" name="to"/>
                    <label end="37" start="34" name="VV"/>
                    <label end="42" start="39" name="jjr"/>
                    <label end="48" start="44" name="nn"/>
                    <label end="50" start="50" name=","/>
                    <label end="53" start="52" name="''"/>
                    <label end="58" start="55" name="VVD"/>
                    <label end="61" start="60" name="NP"/>
                    <label end="65" start="63" name="NP"/>
                    <label end="70" start="67" name="NP"/>
                    <label end="72" start="72" name=","/>
                    <label end="74" start="74" name="dt"/>
                    <label end="87" start="76" name="nn"/>
                    <label end="94" start="89" name="nn"/>
                    <label end="101" start="96" name="VVD"/>
                    <label end="110" start="103" name="nn"/>
                    <label end="119" start="112" name="VVG"/>
                    <label end="130" start="121" name="nns"/>
                    <label end="133" start="132" name="in"/>
                    <label end="137" start="135" name="PP$"/>
                    <label end="144" start="139" name="jj"/>
                    <label end="149" start="146" name="nn"/>
                    <label end="151" start="151" name="sent"/>
                </layer>
                <layer rank="1" name="NER"/>
                <layer rank="1" name="WSL"/>
            </annotationSet>
            <annotationSet cDate="12/01/2006 04:54:15 PST Fri" status="MANUAL" ID="2260433">
                <layer rank="1" name="Target">
                    <label cBy="KmG" end="119" start="112" name="Target"/>
                </layer>
                <layer rank="1" name="FE">
                    <label cBy="KmG" feID="2117" end="110" start="60" name="Agent"/>
                    <label cBy="KmG" feID="2121" end="130" start="121" name="Theme"/>
                    <label cBy="KmG" feID="2122" end="149" start="132" name="Constant_location"/>
                </layer>
                <layer rank="1" name="GF">
                    <label end="110" start="60" name="Ext"/>
                    <label end="130" start="121" name="Obj"/>
                    <label end="149" start="132" name="Dep"/>
                </layer>
                <layer rank="1" name="PT">
                    <label end="110" start="60" name="NP"/>
                    <label end="130" start="121" name="NP"/>
                    <label end="149" start="132" name="PP"/>
                </layer>
                <layer rank="1" name="Other"/>
                <layer rank="1" name="Sent"/>
                <layer rank="1" name="Verb"/>
            </annotationSet>
        </sentence>
    </subCorpus>
    <subCorpus name="03-NP-T-NP-PP-(1)"/>
    <subCorpus name="04-T-NP-(1)"/>
    <subCorpus name="other-unmatched-(1)"/>
</lexUnit>