<?xml version="1.0" encoding="UTF-8" standalone="yes"?>
<?xml-stylesheet type="text/xsl" href="lexUnit.xsl"?>
<lexUnit status="Created" POS="N" name="mourning.n" ID="8845" frame="Emotion_directed" frameID="46" totalAnnotated="1" xsi:schemaLocation="../schema/lexUnit.xsd" xmlns="http://framenet.icsi.berkeley.edu" xmlns:xsi="http://www.w3.org/2001/XMLSchema-instance">
    <header>
        <corpus description="Texts from WikiMedia--WikiNews and Wikipedia" name="WikiTexts" ID="246">
            <document description="Fires_10" name="Fires_10" ID="25625"/>
        </corpus>
        <frame>
            <FE fgColor="FFFFFF" bgColor="00BFFF" type="Extra-Thematic" abbrev="cir" name="Circumstances"/>
            <FE fgColor="FFFFFF" bgColor="FF69B4" type="Peripheral" abbrev="Degr" name="Degree"/>
            <FE fgColor="FFFFFF" bgColor="0000FF" type="Extra-Thematic" abbrev="ET" name="Empathy_target"/>
            <FE fgColor="FFFFFF" bgColor="A52A2A" type="Core" abbrev="Event" name="Event"/>
            <FE fgColor="FFFFFF" bgColor="800080" type="Core" abbrev="Exp" name="Experiencer"/>
            <FE fgColor="FFFFFF" bgColor="00008B" type="Extra-Thematic" abbrev="Exp" name="Explanation"/>
            <FE fgColor="FFFFFF" bgColor="008000" type="Core" abbrev="Exr" name="Expressor"/>
            <FE fgColor="000000" bgColor="7FFF00" type="Extra-Thematic" abbrev="" name="Frequency"/>
            <FE fgColor="FFFFFF" bgColor="FF00FF" type="Peripheral" abbrev="" name="Manner"/>
            <FE fgColor="FFFFFF" bgColor="2E8B57" type="Peripheral" abbrev="" name="Parameter"/>
            <FE fgColor="FFFFFF" bgColor="9F79EE" type="Core" abbrev="State" name="State"/>
            <FE fgColor="FFFFFF" bgColor="FF0000" type="Core" abbrev="Stim" name="Stimulus"/>
            <FE fgColor="FFFFFF" bgColor="FFA500" type="Core" abbrev="Top" name="Topic"/>
        </frame>
    </header>
    <definition>COD: the experience or expression of deep sorrow for someone who has died. </definition>
    <lexeme POS="N" name="mourning"/>
    <valences>
        <FERealization total="1">
            <FE name="Experiencer"/>
            <pattern total="1">
                <valenceUnit GF="Dep" PT="AJP" FE="Experiencer"/>
                <annoSet ID="6671499"/>
            </pattern>
        </FERealization>
        <FERealization total="1">
            <FE name="Stimulus"/>
            <pattern total="1">
                <valenceUnit GF="" PT="DNI" FE="Stimulus"/>
                <annoSet ID="6671499"/>
            </pattern>
        </FERealization>
        <FEGroupRealization total="1">
            <FE name="Experiencer"/>
            <FE name="Stimulus"/>
            <pattern total="1">
                <valenceUnit GF="Dep" PT="AJP" FE="Experiencer"/>
                <valenceUnit GF="" PT="DNI" FE="Stimulus"/>
                <annoSet ID="6671499"/>
            </pattern>
        </FEGroupRealization>
    </valences>
    <subCorpus name="manually-added">
        <sentence corpID="246" docID="25625" sentNo="2" paragNo="6" aPos="0" ID="4165599">
            <text>Karamanlis said , `` This is a day of national mourning ... I wish to express my deep grief over the lost lives ... We are fighting against heavy odds , on many fronts and under particularly tough conditions . ''</text>
            <annotationSet cDate="07/21/2014 11:09:19 PDT Mon" status="UNANN" ID="6670855">
                <layer rank="1" name="PENN">
                    <label end="9" start="0" name="NP"/>
                    <label end="14" start="11" name="VVD"/>
                    <label end="16" start="16" name=","/>
                    <label end="19" start="18" name="``"/>
                    <label end="24" start="21" name="dt"/>
                    <label end="27" start="26" name="VBZ"/>
                    <label end="29" start="29" name="dt"/>
                    <label end="33" start="31" name="nn"/>
                    <label end="36" start="35" name="in"/>
                    <label end="45" start="38" name="jj"/>
                    <label end="54" start="47" name="VVG"/>
                    <label end="58" start="56" name=":"/>
                    <label end="60" start="60" name="PP"/>
                    <label end="65" start="62" name="VVP"/>
                    <label end="68" start="67" name="to"/>
                    <label end="76" start="70" name="VV"/>
                    <label end="79" start="78" name="PP$"/>
                    <label end="84" start="81" name="jj"/>
                    <label end="90" start="86" name="nn"/>
                    <label end="95" start="92" name="in"/>
                    <label end="99" start="97" name="dt"/>
                    <label end="104" start="101" name="VVN"/>
                    <label end="110" start="106" name="nns"/>
                    <label end="114" start="112" name=":"/>
                    <label end="117" start="116" name="PP"/>
                    <label end="121" start="119" name="vbp"/>
                    <label end="130" start="123" name="VVG"/>
                    <label end="138" start="132" name="in"/>
                    <label end="144" start="140" name="jj"/>
                    <label end="149" start="146" name="nns"/>
                    <label end="151" start="151" name=","/>
                    <label end="154" start="153" name="in"/>
                    <label end="159" start="156" name="jj"/>
                    <label end="166" start="161" name="nns"/>
                    <label end="170" start="168" name="cc"/>
                    <label end="176" start="172" name="in"/>
                    <label end="189" start="178" name="rb"/>
                    <label end="195" start="191" name="jj"/>
                    <label end="206" start="197" name="nns"/>
                    <label end="208" start="208" name="sent"/>
                    <label end="211" start="210" name="''"/>
                </layer>
                <layer rank="1" name="NER">
                    <label end="9" start="0" name="person"/>
                </layer>
                <layer rank="1" name="WSL">
                    <label end="9" start="0" name="NT"/>
                    <label end="16" start="16" name="NT"/>
                    <label end="19" start="18" name="NT"/>
                    <label end="24" start="21" name="NT"/>
                    <label end="27" start="26" name="NT"/>
                    <label end="29" start="29" name="NT"/>
                    <label end="36" start="35" name="NT"/>
                    <label end="58" start="56" name="NT"/>
                    <label end="60" start="60" name="NT"/>
                    <label end="68" start="67" name="NT"/>
                    <label end="79" start="78" name="NT"/>
                    <label end="95" start="92" name="NT"/>
                    <label end="99" start="97" name="NT"/>
                    <label end="114" start="112" name="NT"/>
                    <label end="117" start="116" name="NT"/>
                    <label end="121" start="119" name="NT"/>
                    <label end="151" start="151" name="NT"/>
                    <label end="170" start="168" name="NT"/>
                    <label end="176" start="172" name="NT"/>
                    <label end="189" start="178" name="NT"/>
                    <label end="208" start="208" name="NT"/>
                    <label end="211" start="210" name="NT"/>
                </layer>
            </annotationSet>
            <annotationSet cDate="07/21/2014 03:41:52 PDT Mon" status="MANUAL" ID="6671499">
                <layer rank="1" name="Target">
                    <label cBy="CVa" end="54" start="47" name="Target"/>
                </layer>
                <layer rank="1" name="FE">
                    <label cBy="CVa" feID="194" end="45" start="38" name="Experiencer"/>
                    <label cBy="CVa" feID="197" itype="DNI" name="Stimulus"/>
                </layer>
                <layer rank="1" name="GF">
                    <label end="45" start="38" name="Dep"/>
                </layer>
                <layer rank="1" name="PT">
                    <label end="45" start="38" name="AJP"/>
                </layer>
                <layer rank="1" name="Other"/>
                <layer rank="1" name="Sent"/>
                <layer rank="1" name="Noun"/>
            </annotationSet>
        </sentence>
    </subCorpus>
</lexUnit>