<?xml version="1.0" encoding="UTF-8" standalone="yes"?>
<?xml-stylesheet type="text/xsl" href="lexUnit.xsl"?>
<lexUnit status="Finished_Initial" POS="A" name="like.a" ID="8996" frame="Similarity" frameID="481" totalAnnotated="11" xsi:schemaLocation="../schema/lexUnit.xsd" xmlns="http://framenet.icsi.berkeley.edu" xmlns:xsi="http://www.w3.org/2001/XMLSchema-instance">
    <header>
        <corpus description="BNC2" name="BNC2" ID="111">
            <document description="bncp" name="bncp" ID="421"/>
        </corpus>
        <corpus description="American National Corpus Texts" name="ANC" ID="195">
            <document description="Berlitz Where to Go in Hong Kong" name="WhereToHongKong" ID="23771"/>
        </corpus>
        <frame>
            <FE fgColor="FFFFFF" bgColor="2E8B57" type="Extra-Thematic" abbrev="cir" name="Circumstances"/>
            <FE fgColor="FFFFFF" bgColor="FF69B4" type="Peripheral" abbrev="" name="Degree"/>
            <FE fgColor="000000" bgColor="FFA500" type="Extra-Thematic" abbrev="" name="Depictive"/>
            <FE fgColor="FFFFFF" bgColor="00BFFF" type="Core" abbrev="" name="Differentiating_fact"/>
            <FE fgColor="FFFFFF" bgColor="9400D3" type="Core" abbrev="" name="Dimension"/>
            <FE fgColor="FFFFFF" bgColor="FF0000" type="Core" abbrev="" name="Entities"/>
            <FE fgColor="FFFFFF" bgColor="0000FF" type="Core" abbrev="ent1" name="Entity_1"/>
            <FE fgColor="FFFFFF" bgColor="008000" type="Core" abbrev="ent2" name="Entity_2"/>
            <FE fgColor="000000" bgColor="EEE8AA" type="Extra-Thematic" abbrev="Exp" name="Explanation"/>
            <FE fgColor="000000" bgColor="FF00FF" type="Peripheral" abbrev="" name="Manner"/>
            <FE fgColor="000000" bgColor="FFFF00" type="Peripheral" abbrev="" name="Place"/>
            <FE fgColor="FFFFFF" bgColor="90876C" type="Peripheral" abbrev="" name="Time"/>
        </frame>
    </header>
    <definition>COD: having similar characteristics to another</definition>
    <lexeme POS="A" name="like"/>
    <valences>
        <FERealization total="1">
            <FE name="Differentiating_fact"/>
            <pattern total="1">
                <valenceUnit GF="Dep" PT="NP" FE="Differentiating_fact"/>
                <annoSet ID="6561195"/>
            </pattern>
        </FERealization>
        <FERealization total="10">
            <FE name="Dimension"/>
            <pattern total="3">
                <valenceUnit GF="" PT="2nd" FE="Dimension"/>
                <annoSet ID="1918507"/>
                <annoSet ID="1918517"/>
                <annoSet ID="1918619"/>
            </pattern>
            <pattern total="1">
                <valenceUnit GF="" PT="DNI" FE="Dimension"/>
                <annoSet ID="6560893"/>
            </pattern>
            <pattern total="6">
                <valenceUnit GF="" PT="INI" FE="Dimension"/>
                <annoSet ID="1918513"/>
                <annoSet ID="1918533"/>
                <annoSet ID="1918535"/>
                <annoSet ID="1918537"/>
                <annoSet ID="1918581"/>
                <annoSet ID="1918721"/>
            </pattern>
        </FERealization>
        <FERealization total="5">
            <FE name="Entities"/>
            <pattern total="5">
                <valenceUnit GF="Head" PT="N" FE="Entities"/>
                <annoSet ID="1918507"/>
                <annoSet ID="1918517"/>
                <annoSet ID="1918535"/>
                <annoSet ID="1918581"/>
                <annoSet ID="1918619"/>
            </pattern>
        </FERealization>
        <FERealization total="6">
            <FE name="Entity_1"/>
            <pattern total="2">
                <valenceUnit GF="Ext" PT="NP" FE="Entity_1"/>
                <annoSet ID="6560893"/>
                <annoSet ID="6561195"/>
            </pattern>
            <pattern total="4">
                <valenceUnit GF="Head" PT="N" FE="Entity_1"/>
                <annoSet ID="1918513"/>
                <annoSet ID="1918533"/>
                <annoSet ID="1918537"/>
                <annoSet ID="1918721"/>
            </pattern>
        </FERealization>
        <FERealization total="6">
            <FE name="Entity_2"/>
            <pattern total="1">
                <valenceUnit GF="Obj" PT="NP" FE="Entity_2"/>
                <annoSet ID="6561195"/>
            </pattern>
            <pattern total="1">
                <valenceUnit GF="Dep" PT="NP" FE="Entity_2"/>
                <annoSet ID="6560893"/>
            </pattern>
            <pattern total="4">
                <valenceUnit GF="" PT="DNI" FE="Entity_2"/>
                <annoSet ID="1918513"/>
                <annoSet ID="1918533"/>
                <annoSet ID="1918537"/>
                <annoSet ID="1918721"/>
            </pattern>
        </FERealization>
        <FEGroupRealization total="1">
            <FE name="Differentiating_fact"/>
            <FE name="Entity_1"/>
            <FE name="Entity_2"/>
            <pattern total="1">
                <valenceUnit GF="Dep" PT="NP" FE="Differentiating_fact"/>
                <valenceUnit GF="Ext" PT="NP" FE="Entity_1"/>
                <valenceUnit GF="Obj" PT="NP" FE="Entity_2"/>
                <annoSet ID="6561195"/>
            </pattern>
        </FEGroupRealization>
        <FEGroupRealization total="5">
            <FE name="Dimension"/>
            <FE name="Entities"/>
            <pattern total="3">
                <valenceUnit GF="" PT="2nd" FE="Dimension"/>
                <valenceUnit GF="Head" PT="N" FE="Entities"/>
                <annoSet ID="1918507"/>
                <annoSet ID="1918517"/>
                <annoSet ID="1918619"/>
            </pattern>
            <pattern total="2">
                <valenceUnit GF="" PT="INI" FE="Dimension"/>
                <valenceUnit GF="Head" PT="N" FE="Entities"/>
                <annoSet ID="1918535"/>
                <annoSet ID="1918581"/>
            </pattern>
        </FEGroupRealization>
        <FEGroupRealization total="5">
            <FE name="Dimension"/>
            <FE name="Entity_1"/>
            <FE name="Entity_2"/>
            <pattern total="1">
                <valenceUnit GF="" PT="DNI" FE="Dimension"/>
                <valenceUnit GF="Ext" PT="NP" FE="Entity_1"/>
                <valenceUnit GF="Dep" PT="NP" FE="Entity_2"/>
                <annoSet ID="6560893"/>
            </pattern>
            <pattern total="4">
                <valenceUnit GF="" PT="INI" FE="Dimension"/>
                <valenceUnit GF="Head" PT="N" FE="Entity_1"/>
                <valenceUnit GF="" PT="DNI" FE="Entity_2"/>
                <annoSet ID="1918513"/>
                <annoSet ID="1918533"/>
                <annoSet ID="1918537"/>
                <annoSet ID="1918721"/>
            </pattern>
        </FEGroupRealization>
    </valences>
    <subCorpus name="01-T-Wmind,manner-(1)">
        <sentence corpID="111" docID="421" sentNo="3" paragNo="25" aPos="0" ID="1235737">
            <text>He would like to hold a discussion meeting for like minds so if you are interested give him a ring on 0533 770531 .</text>
            <annotationSet cDate="07/02/2003 02:26:55 PDT Wed" status="UNANN" ID="1918506">
                <layer rank="1" name="PENN">
                    <label end="1" start="0" name="PP"/>
                    <label end="7" start="3" name="md"/>
                    <label end="12" start="9" name="VV"/>
                    <label end="15" start="14" name="to"/>
                    <label end="20" start="17" name="VV"/>
                    <label end="22" start="22" name="dt"/>
                    <label end="33" start="24" name="nn"/>
                    <label end="41" start="35" name="nn"/>
                    <label end="45" start="43" name="in"/>
                    <label end="50" start="47" name="jj"/>
                    <label end="56" start="52" name="nns"/>
                    <label end="59" start="58" name="rb"/>
                    <label end="62" start="61" name="in"/>
                    <label end="66" start="64" name="PP"/>
                    <label end="70" start="68" name="vbp"/>
                    <label end="81" start="72" name="jj"/>
                    <label end="86" start="83" name="VV"/>
                    <label end="90" start="88" name="PP"/>
                    <label end="92" start="92" name="dt"/>
                    <label end="97" start="94" name="nn"/>
                    <label end="100" start="99" name="in"/>
                    <label end="105" start="102" name="cd"/>
                    <label end="112" start="107" name="cd"/>
                    <label end="114" start="114" name="sent"/>
                </layer>
                <layer rank="1" name="NER"/>
                <layer rank="1" name="WSL"/>
            </annotationSet>
            <annotationSet cDate="07/02/2003 02:26:55 PDT Wed" status="MANUAL" ID="1918507">
                <layer rank="1" name="Target">
                    <label cBy="RLG" end="50" start="47" name="Target"/>
                </layer>
                <layer rank="1" name="FE">
                    <label cBy="RLG" feID="4019" end="56" start="52" name="Entities"/>
                </layer>
                <layer rank="1" name="GF">
                    <label end="56" start="52" name="Head"/>
                </layer>
                <layer rank="1" name="PT">
                    <label end="56" start="52" name="N"/>
                </layer>
                <layer rank="1" name="Other"/>
                <layer rank="1" name="Sent"/>
                <layer rank="1" name="Adj"/>
                <layer rank="2" name="FE">
                    <label cBy="MJE" feID="4029" end="56" start="52" name="Dimension"/>
                </layer>
            </annotationSet>
        </sentence>
        <sentence corpID="111" docID="421" sentNo="3" paragNo="366" aPos="0" ID="1235740">
            <text>He adds that cherry syrup may be used in like manner .</text>
            <annotationSet cDate="07/02/2003 02:26:56 PDT Wed" status="UNANN" ID="1918512">
                <layer rank="1" name="PENN">
                    <label end="1" start="0" name="PP"/>
                    <label end="6" start="3" name="VVZ"/>
                    <label end="11" start="8" name="dt"/>
                    <label end="18" start="13" name="jj"/>
                    <label end="24" start="20" name="nn"/>
                    <label end="28" start="26" name="md"/>
                    <label end="31" start="30" name="vb"/>
                    <label end="36" start="33" name="VVN"/>
                    <label end="39" start="38" name="in"/>
                    <label end="44" start="41" name="jj"/>
                    <label end="51" start="46" name="nn"/>
                    <label end="53" start="53" name="sent"/>
                </layer>
                <layer rank="1" name="NER"/>
                <layer rank="1" name="WSL"/>
            </annotationSet>
            <annotationSet cDate="07/02/2003 02:26:56 PDT Wed" status="MANUAL" ID="1918513">
                <layer rank="1" name="Target">
                    <label cBy="RLG" end="44" start="41" name="Target"/>
                </layer>
                <layer rank="1" name="FE">
                    <label cBy="RLG" feID="4027" end="51" start="46" name="Entity_1"/>
                    <label cBy="RLG" feID="4029" itype="INI" name="Dimension"/>
                    <label cBy="RLG" feID="4028" itype="DNI" name="Entity_2"/>
                </layer>
                <layer rank="1" name="GF">
                    <label end="51" start="46" name="Head"/>
                </layer>
                <layer rank="1" name="PT">
                    <label end="51" start="46" name="N"/>
                </layer>
                <layer rank="1" name="Other"/>
                <layer rank="1" name="Sent"/>
                <layer rank="1" name="Adj"/>
            </annotationSet>
        </sentence>
        <sentence corpID="111" docID="421" sentNo="1" paragNo="687" aPos="0" ID="1235742">
            <text>She says that it 's the bringing together of like minds .</text>
            <annotationSet cDate="07/02/2003 02:26:57 PDT Wed" status="UNANN" ID="1918516">
                <layer rank="1" name="PENN">
                    <label end="2" start="0" name="PP"/>
                    <label end="7" start="4" name="VVZ"/>
                    <label end="12" start="9" name="in"/>
                    <label end="15" start="14" name="PP"/>
                    <label end="18" start="17" name="VBZ"/>
                    <label end="22" start="20" name="dt"/>
                    <label end="31" start="24" name="VVG"/>
                    <label end="40" start="33" name="rb"/>
                    <label end="43" start="42" name="in"/>
                    <label end="48" start="45" name="jj"/>
                    <label end="54" start="50" name="nns"/>
                    <label end="56" start="56" name="sent"/>
                </layer>
                <layer rank="1" name="NER"/>
                <layer rank="1" name="WSL"/>
            </annotationSet>
            <annotationSet cDate="07/02/2003 02:26:57 PDT Wed" status="MANUAL" ID="1918517">
                <layer rank="1" name="Target">
                    <label cBy="RLG" end="48" start="45" name="Target"/>
                </layer>
                <layer rank="1" name="FE">
                    <label cBy="RLG" feID="4019" end="54" start="50" name="Entities"/>
                </layer>
                <layer rank="1" name="GF">
                    <label end="54" start="50" name="Head"/>
                </layer>
                <layer rank="1" name="PT">
                    <label end="54" start="50" name="N"/>
                </layer>
                <layer rank="1" name="Other"/>
                <layer rank="1" name="Sent"/>
                <layer rank="1" name="Adj"/>
                <layer rank="2" name="FE">
                    <label cBy="MJE" feID="4029" end="54" start="50" name="Dimension"/>
                </layer>
            </annotationSet>
        </sentence>
        <sentence corpID="111" docID="421" sentNo="14" paragNo="178" aPos="0" ID="1235750">
            <text>Lodging-house keepers were favourable in like manner ; and for the like reasons were not to be trusted .</text>
            <annotationSet cDate="07/02/2003 02:27:00 PDT Wed" status="UNANN" ID="1918532">
                <layer rank="1" name="PENN">
                    <label end="12" start="0" name="nn"/>
                    <label end="20" start="14" name="nns"/>
                    <label end="25" start="22" name="VBD"/>
                    <label end="36" start="27" name="jj"/>
                    <label end="39" start="38" name="in"/>
                    <label end="44" start="41" name="jj"/>
                    <label end="51" start="46" name="nn"/>
                    <label end="53" start="53" name=":"/>
                    <label end="57" start="55" name="cc"/>
                    <label end="61" start="59" name="in"/>
                    <label end="65" start="63" name="dt"/>
                    <label end="70" start="67" name="jj"/>
                    <label end="78" start="72" name="nns"/>
                    <label end="83" start="80" name="VBD"/>
                    <label end="87" start="85" name="rb"/>
                    <label end="90" start="89" name="to"/>
                    <label end="93" start="92" name="vb"/>
                    <label end="101" start="95" name="VVN"/>
                    <label end="103" start="103" name="sent"/>
                </layer>
                <layer rank="1" name="NER"/>
                <layer rank="1" name="WSL"/>
            </annotationSet>
            <annotationSet cDate="07/02/2003 02:27:00 PDT Wed" status="MANUAL" ID="1918533">
                <layer rank="1" name="Target">
                    <label cBy="RLG" end="44" start="41" name="Target"/>
                </layer>
                <layer rank="1" name="FE">
                    <label cBy="RLG" feID="4027" end="51" start="46" name="Entity_1"/>
                    <label cBy="RLG" feID="4029" itype="INI" name="Dimension"/>
                    <label cBy="RLG" feID="4028" itype="DNI" name="Entity_2"/>
                </layer>
                <layer rank="1" name="GF">
                    <label end="51" start="46" name="Head"/>
                </layer>
                <layer rank="1" name="PT">
                    <label end="51" start="46" name="N"/>
                </layer>
                <layer rank="1" name="Other"/>
                <layer rank="1" name="Sent"/>
                <layer rank="1" name="Adj"/>
            </annotationSet>
        </sentence>
        <sentence corpID="111" docID="421" sentNo="2" paragNo="319" aPos="0" ID="1235751">
            <text>The fact was that Churchill and Eden were not of like minds and did not associate closely until Churchill became Prime Minister in 1940 .</text>
            <annotationSet cDate="07/02/2003 02:27:00 PDT Wed" status="UNANN" ID="1918534">
                <layer rank="1" name="PENN">
                    <label end="2" start="0" name="dt"/>
                    <label end="7" start="4" name="nn"/>
                    <label end="11" start="9" name="VBD"/>
                    <label end="16" start="13" name="in"/>
                    <label end="26" start="18" name="NP"/>
                    <label end="30" start="28" name="cc"/>
                    <label end="35" start="32" name="NP"/>
                    <label end="40" start="37" name="VBD"/>
                    <label end="44" start="42" name="rb"/>
                    <label end="47" start="46" name="in"/>
                    <label end="52" start="49" name="jj"/>
                    <label end="58" start="54" name="nns"/>
                    <label end="62" start="60" name="cc"/>
                    <label end="66" start="64" name="VVD"/>
                    <label end="70" start="68" name="rb"/>
                    <label end="80" start="72" name="jj"/>
                    <label end="88" start="82" name="rb"/>
                    <label end="94" start="90" name="in"/>
                    <label end="104" start="96" name="NP"/>
                    <label end="111" start="106" name="VVD"/>
                    <label end="117" start="113" name="NP"/>
                    <label end="126" start="119" name="NP"/>
                    <label end="129" start="128" name="in"/>
                    <label end="134" start="131" name="cd"/>
                    <label end="136" start="136" name="sent"/>
                </layer>
                <layer rank="1" name="NER"/>
                <layer rank="1" name="WSL"/>
            </annotationSet>
            <annotationSet cDate="07/02/2003 02:27:01 PDT Wed" status="MANUAL" ID="1918535">
                <layer rank="1" name="Target">
                    <label cBy="RLG" end="52" start="49" name="Target"/>
                </layer>
                <layer rank="1" name="FE">
                    <label cBy="RLG" feID="4019" end="58" start="54" name="Entities"/>
                    <label cBy="RLG" feID="4029" itype="INI" name="Dimension"/>
                </layer>
                <layer rank="1" name="GF">
                    <label end="58" start="54" name="Head"/>
                </layer>
                <layer rank="1" name="PT">
                    <label end="58" start="54" name="N"/>
                </layer>
                <layer rank="1" name="Other"/>
                <layer rank="1" name="Sent"/>
                <layer rank="1" name="Adj"/>
            </annotationSet>
        </sentence>
        <sentence corpID="111" docID="421" sentNo="1" paragNo="883" aPos="0" ID="1235752">
            <text>Come on , Fred , and all the others of like mind , get your act together and take up ` drag hunting &quot; .</text>
            <annotationSet cDate="07/02/2003 02:27:01 PDT Wed" status="UNANN" ID="1918536">
                <layer rank="1" name="PENN">
                    <label end="3" start="0" name="VVN"/>
                    <label end="6" start="5" name="in"/>
                    <label end="8" start="8" name=","/>
                    <label end="13" start="10" name="NP"/>
                    <label end="15" start="15" name=","/>
                    <label end="19" start="17" name="cc"/>
                    <label end="23" start="21" name="pdt"/>
                    <label end="27" start="25" name="dt"/>
                    <label end="34" start="29" name="nns"/>
                    <label end="37" start="36" name="in"/>
                    <label end="42" start="39" name="jj"/>
                    <label end="47" start="44" name="nn"/>
                    <label end="49" start="49" name=","/>
                    <label end="53" start="51" name="VV"/>
                    <label end="58" start="55" name="PP$"/>
                    <label end="62" start="60" name="nn"/>
                    <label end="71" start="64" name="rb"/>
                    <label end="75" start="73" name="cc"/>
                    <label end="80" start="77" name="VV"/>
                    <label end="83" start="82" name="rp"/>
                    <label end="90" start="87" name="nn"/>
                    <label end="98" start="92" name="nn"/>
                    <label end="102" start="102" name="sent"/>
                </layer>
                <layer rank="1" name="NER"/>
                <layer rank="1" name="WSL"/>
            </annotationSet>
            <annotationSet cDate="07/02/2003 02:27:01 PDT Wed" status="MANUAL" ID="1918537">
                <layer rank="1" name="Target">
                    <label cBy="RLG" end="42" start="39" name="Target"/>
                </layer>
                <layer rank="1" name="FE">
                    <label cBy="RLG" feID="4029" itype="INI" name="Dimension"/>
                    <label cBy="JKR" feID="4027" end="47" start="44" name="Entity_1"/>
                    <label cBy="JKR" feID="4028" itype="DNI" name="Entity_2"/>
                </layer>
                <layer rank="1" name="GF">
                    <label end="47" start="44" name="Head"/>
                </layer>
                <layer rank="1" name="PT">
                    <label end="47" start="44" name="N"/>
                </layer>
                <layer rank="1" name="Other"/>
                <layer rank="1" name="Sent"/>
                <layer rank="1" name="Adj"/>
            </annotationSet>
        </sentence>
    </subCorpus>
    <subCorpus name="02-T-Wnn-(1)"/>
    <subCorpus name="03-Wof-T-(1)">
        <sentence corpID="111" docID="421" sentNo="2" paragNo="53" aPos="0" ID="1235774">
            <text>Studies conducted by the National Institute for Economic and Social Research , with which the Council has been associated , have shown that international productivity comparisons of like facilities show disturbing disparities .</text>
            <annotationSet cDate="07/02/2003 02:27:12 PDT Wed" status="UNANN" ID="1918580">
                <layer rank="1" name="PENN">
                    <label end="6" start="0" name="nns"/>
                    <label end="16" start="8" name="VVN"/>
                    <label end="19" start="18" name="in"/>
                    <label end="23" start="21" name="dt"/>
                    <label end="32" start="25" name="NP"/>
                    <label end="42" start="34" name="NP"/>
                    <label end="46" start="44" name="in"/>
                    <label end="55" start="48" name="NP"/>
                    <label end="59" start="57" name="cc"/>
                    <label end="66" start="61" name="NP"/>
                    <label end="75" start="68" name="NP"/>
                    <label end="77" start="77" name=","/>
                    <label end="82" start="79" name="in"/>
                    <label end="88" start="84" name="wdt"/>
                    <label end="92" start="90" name="dt"/>
                    <label end="100" start="94" name="NP"/>
                    <label end="104" start="102" name="VHZ"/>
                    <label end="109" start="106" name="VBN"/>
                    <label end="120" start="111" name="VVN"/>
                    <label end="122" start="122" name=","/>
                    <label end="127" start="124" name="VH"/>
                    <label end="133" start="129" name="VVN"/>
                    <label end="138" start="135" name="dt"/>
                    <label end="152" start="140" name="jj"/>
                    <label end="165" start="154" name="nn"/>
                    <label end="177" start="167" name="nns"/>
                    <label end="180" start="179" name="in"/>
                    <label end="185" start="182" name="jj"/>
                    <label end="196" start="187" name="nns"/>
                    <label end="201" start="198" name="VVP"/>
                    <label end="212" start="203" name="jj"/>
                    <label end="224" start="214" name="nns"/>
                    <label end="226" start="226" name="sent"/>
                </layer>
                <layer rank="1" name="NER"/>
                <layer rank="1" name="WSL"/>
            </annotationSet>
            <annotationSet cDate="07/02/2003 02:27:12 PDT Wed" status="MANUAL" ID="1918581">
                <layer rank="1" name="Target">
                    <label cBy="RLG" end="185" start="182" name="Target"/>
                </layer>
                <layer rank="1" name="FE">
                    <label cBy="RLG" feID="4019" end="196" start="187" name="Entities"/>
                    <label cBy="RLG" feID="4029" itype="INI" name="Dimension"/>
                </layer>
                <layer rank="1" name="GF">
                    <label end="196" start="187" name="Head"/>
                </layer>
                <layer rank="1" name="PT">
                    <label end="196" start="187" name="N"/>
                </layer>
                <layer rank="1" name="Other"/>
                <layer rank="1" name="Sent"/>
                <layer rank="1" name="Adj"/>
            </annotationSet>
        </sentence>
        <sentence corpID="111" docID="421" sentNo="3" paragNo="56" aPos="0" ID="1235793">
            <text>However , the reckless , well-bred show of bravado did not exactly endear the utterer to two other boys of like age .</text>
            <annotationSet cDate="07/02/2003 02:27:20 PDT Wed" status="UNANN" ID="1918618">
                <layer rank="1" name="PENN">
                    <label end="6" start="0" name="rb"/>
                    <label end="8" start="8" name=","/>
                    <label end="12" start="10" name="dt"/>
                    <label end="21" start="14" name="jj"/>
                    <label end="23" start="23" name=","/>
                    <label end="33" start="25" name="jj"/>
                    <label end="38" start="35" name="nn"/>
                    <label end="41" start="40" name="in"/>
                    <label end="49" start="43" name="nn"/>
                    <label end="53" start="51" name="VVD"/>
                    <label end="57" start="55" name="rb"/>
                    <label end="65" start="59" name="rb"/>
                    <label end="72" start="67" name="VV"/>
                    <label end="76" start="74" name="dt"/>
                    <label end="84" start="78" name="nn"/>
                    <label end="87" start="86" name="to"/>
                    <label end="91" start="89" name="cd"/>
                    <label end="97" start="93" name="jj"/>
                    <label end="102" start="99" name="nns"/>
                    <label end="105" start="104" name="in"/>
                    <label end="110" start="107" name="jj"/>
                    <label end="114" start="112" name="nn"/>
                    <label end="116" start="116" name="sent"/>
                </layer>
                <layer rank="1" name="NER"/>
                <layer rank="1" name="WSL"/>
            </annotationSet>
            <annotationSet cDate="07/02/2003 02:27:20 PDT Wed" status="MANUAL" ID="1918619">
                <layer rank="1" name="Target">
                    <label cBy="RLG" end="110" start="107" name="Target"/>
                </layer>
                <layer rank="1" name="FE">
                    <label cBy="RLG" feID="4019" end="114" start="112" name="Entities"/>
                </layer>
                <layer rank="1" name="GF">
                    <label end="114" start="112" name="Head"/>
                </layer>
                <layer rank="1" name="PT">
                    <label end="114" start="112" name="N"/>
                </layer>
                <layer rank="1" name="Other"/>
                <layer rank="1" name="Sent"/>
                <layer rank="1" name="Adj"/>
                <layer rank="2" name="FE">
                    <label cBy="MJE" feID="4029" end="114" start="112" name="Dimension"/>
                </layer>
            </annotationSet>
        </sentence>
    </subCorpus>
    <subCorpus name="other-matched-(1)"/>
    <subCorpus name="other-unmatched-(1)">
        <sentence corpID="111" docID="421" sentNo="3" paragNo="57" aPos="0" ID="1235844">
            <text>Annie spent her weekends reading , going to church and having tea with other young women in like circumstances .</text>
            <annotationSet cDate="07/02/2003 02:27:40 PDT Wed" status="UNANN" ID="1918720">
                <layer rank="1" name="PENN">
                    <label end="4" start="0" name="NP"/>
                    <label end="10" start="6" name="VVD"/>
                    <label end="14" start="12" name="PP$"/>
                    <label end="23" start="16" name="nns"/>
                    <label end="31" start="25" name="nn"/>
                    <label end="33" start="33" name=","/>
                    <label end="39" start="35" name="VVG"/>
                    <label end="42" start="41" name="to"/>
                    <label end="49" start="44" name="nn"/>
                    <label end="53" start="51" name="cc"/>
                    <label end="64" start="62" name="nn"/>
                    <label end="69" start="66" name="in"/>
                    <label end="75" start="71" name="jj"/>
                    <label end="81" start="77" name="jj"/>
                    <label end="87" start="83" name="nns"/>
                    <label end="90" start="89" name="in"/>
                    <label end="95" start="92" name="jj"/>
                    <label end="109" start="97" name="nns"/>
                    <label end="111" start="111" name="sent"/>
                </layer>
                <layer rank="1" name="NER"/>
                <layer rank="1" name="WSL"/>
            </annotationSet>
            <annotationSet cDate="07/02/2003 02:27:41 PDT Wed" status="MANUAL" ID="1918721">
                <layer rank="1" name="Target">
                    <label cBy="RLG" end="95" start="92" name="Target"/>
                </layer>
                <layer rank="1" name="FE">
                    <label cBy="RLG" feID="4027" end="109" start="97" name="Entity_1"/>
                    <label cBy="RLG" feID="4028" itype="DNI" name="Entity_2"/>
                    <label cBy="RLG" feID="4029" itype="INI" name="Dimension"/>
                </layer>
                <layer rank="1" name="GF">
                    <label end="109" start="97" name="Head"/>
                </layer>
                <layer rank="1" name="PT">
                    <label end="109" start="97" name="N"/>
                </layer>
                <layer rank="1" name="Other"/>
                <layer rank="1" name="Sent"/>
                <layer rank="1" name="Adj"/>
            </annotationSet>
        </sentence>
    </subCorpus>
    <subCorpus name="01-Wbe-T-Wto-Wchild,crist-(2)"/>
    <subCorpus name="02-Wbe-T-Wunto-(2)"/>
    <subCorpus name="other-matched-(2)"/>
    <subCorpus name="other-unmatched-(2)"/>
    <subCorpus name="01-Wbe-T-Wto-Wchild,crist-(3)"/>
    <subCorpus name="02-Wbe-T-Wunto-(3)"/>
    <subCorpus name="other-matched-(3)"/>
    <subCorpus name="other-unmatched-(3)"/>
    <subCorpus name="manually-added">
        <sentence corpID="195" docID="23771" sentNo="1" paragNo="129" aPos="0" ID="4106250">
            <text>Guangzhou , like Hong Kong , is primarily Cantonese - speaking , but many people also speak Mandarin .</text>
            <annotationSet cDate="07/25/2008 01:21:09 PDT Fri" status="UNANN" ID="6555340">
                <layer rank="1" name="PENN">
                    <label end="8" start="0" name="NP"/>
                    <label end="10" start="10" name=","/>
                    <label end="15" start="12" name="in"/>
                    <label end="20" start="17" name="NP"/>
                    <label end="25" start="22" name="NP"/>
                    <label end="27" start="27" name=","/>
                    <label end="30" start="29" name="VBZ"/>
                    <label end="40" start="32" name="rb"/>
                    <label end="50" start="42" name="NP"/>
                    <label end="52" start="52" name=":"/>
                    <label end="61" start="54" name="VVG"/>
                    <label end="63" start="63" name=","/>
                    <label end="67" start="65" name="cc"/>
                    <label end="72" start="69" name="jj"/>
                    <label end="79" start="74" name="nns"/>
                    <label end="84" start="81" name="rb"/>
                    <label end="90" start="86" name="VVP"/>
                    <label end="99" start="92" name="nn"/>
                    <label end="101" start="101" name="sent"/>
                </layer>
                <layer rank="1" name="NER">
                    <label end="8" start="0" name="location"/>
                    <label end="25" start="17" name="location"/>
                </layer>
                <layer rank="1" name="WSL">
                    <label end="8" start="0" name="NT"/>
                    <label end="10" start="10" name="NT"/>
                    <label end="20" start="17" name="NT"/>
                    <label end="25" start="22" name="NT"/>
                    <label end="27" start="27" name="NT"/>
                    <label end="30" start="29" name="NT"/>
                    <label end="40" start="32" name="NT"/>
                    <label end="50" start="42" name="NT"/>
                    <label end="52" start="52" name="NT"/>
                    <label end="63" start="63" name="NT"/>
                    <label end="67" start="65" name="NT"/>
                    <label end="84" start="81" name="NT"/>
                    <label end="101" start="101" name="NT"/>
                </layer>
            </annotationSet>
            <annotationSet cDate="01/26/2011 03:55:23 PST Wed" status="MANUAL" ID="6560893">
                <layer rank="1" name="Target">
                    <label cBy="MLC" end="15" start="12" name="Target"/>
                </layer>
                <layer rank="1" name="FE">
                    <label cBy="MLC" feID="4027" end="8" start="0" name="Entity_1"/>
                    <label cBy="MLC" feID="4028" end="25" start="17" name="Entity_2"/>
                    <label cBy="MLC" feID="4029" itype="DNI" name="Dimension"/>
                </layer>
                <layer rank="1" name="GF">
                    <label end="8" start="0" name="Ext"/>
                    <label end="25" start="17" name="Dep"/>
                </layer>
                <layer rank="1" name="PT">
                    <label end="8" start="0" name="NP"/>
                    <label end="25" start="17" name="NP"/>
                </layer>
                <layer rank="1" name="Other"/>
                <layer rank="1" name="Sent"/>
                <layer rank="1" name="Adj"/>
            </annotationSet>
        </sentence>
        <sentence corpID="195" docID="23771" sentNo="1" paragNo="117" aPos="0" ID="4106195">
            <text>Like Hong Kong , Macau is a duty - free port .</text>
            <annotationSet cDate="07/25/2008 01:20:38 PDT Fri" status="UNANN" ID="6555285">
                <layer rank="1" name="PENN">
                    <label end="3" start="0" name="in"/>
                    <label end="8" start="5" name="NP"/>
                    <label end="13" start="10" name="NP"/>
                    <label end="15" start="15" name=","/>
                    <label end="21" start="17" name="NP"/>
                    <label end="24" start="23" name="VBZ"/>
                    <label end="26" start="26" name="dt"/>
                    <label end="31" start="28" name="nn"/>
                    <label end="33" start="33" name=":"/>
                    <label end="38" start="35" name="jj"/>
                    <label end="43" start="40" name="nn"/>
                    <label end="45" start="45" name="sent"/>
                </layer>
                <layer rank="1" name="NER">
                    <label end="13" start="5" name="location"/>
                    <label end="21" start="17" name="location"/>
                </layer>
                <layer rank="1" name="WSL">
                    <label end="8" start="5" name="NT"/>
                    <label end="13" start="10" name="NT"/>
                    <label end="15" start="15" name="NT"/>
                    <label end="21" start="17" name="NT"/>
                    <label end="24" start="23" name="NT"/>
                    <label end="26" start="26" name="NT"/>
                    <label end="33" start="33" name="NT"/>
                    <label end="45" start="45" name="NT"/>
                </layer>
            </annotationSet>
            <annotationSet cDate="01/26/2011 06:18:59 PST Wed" status="MANUAL" ID="6561195">
                <layer rank="1" name="Target">
                    <label cBy="MLC" end="3" start="0" name="Target"/>
                </layer>
                <layer rank="1" name="FE">
                    <label cBy="MLC" feID="4028" end="13" start="5" name="Entity_2"/>
                    <label cBy="MLC" feID="4027" end="21" start="17" name="Entity_1"/>
                    <label cBy="MLC" feID="11930" end="43" start="28" name="Differentiating_fact"/>
                </layer>
                <layer rank="1" name="GF">
                    <label end="13" start="5" name="Obj"/>
                    <label end="21" start="17" name="Ext"/>
                    <label end="43" start="28" name="Dep"/>
                </layer>
                <layer rank="1" name="PT">
                    <label end="13" start="5" name="NP"/>
                    <label end="21" start="17" name="NP"/>
                    <label end="43" start="28" name="NP"/>
                </layer>
                <layer rank="1" name="Other"/>
                <layer rank="1" name="Sent"/>
                <layer rank="1" name="Adj">
                    <label end="24" start="23" name="Cop"/>
                </layer>
            </annotationSet>
        </sentence>
    </subCorpus>
</lexUnit>