<?xml version="1.0" encoding="UTF-8" standalone="yes"?>
<?xml-stylesheet type="text/xsl" href="lexUnit.xsl"?>
<lexUnit status="Finished_Initial" POS="V" name="conceive.v" ID="8992" frame="Categorization" frameID="21" totalAnnotated="6" xsi:schemaLocation="../schema/lexUnit.xsd" xmlns="http://framenet.icsi.berkeley.edu" xmlns:xsi="http://www.w3.org/2001/XMLSchema-instance">
    <header>
        <frame>
            <FE fgColor="FFFFFF" bgColor="00BFFF" type="Core" abbrev="Cat" name="Category"/>
            <FE fgColor="FFFFFF" bgColor="9F79EE" type="Extra-Thematic" abbrev="" name="Circumstances"/>
            <FE fgColor="FFFFFF" bgColor="800080" type="Core" abbrev="Cog" name="Cognizer"/>
            <FE fgColor="FFFFFF" bgColor="2E8B57" type="Extra-Thematic" abbrev="" name="Concessive"/>
            <FE fgColor="FFFFFF" bgColor="808080" type="Core" abbrev="Crit" name="Criteria"/>
            <FE fgColor="000000" bgColor="008000" type="Extra-Thematic" abbrev="" name="Explanation"/>
            <FE fgColor="FFFFFF" bgColor="0000FF" type="Core" abbrev="Item" name="Item"/>
            <FE fgColor="FFFFFF" bgColor="FF00FF" type="Peripheral" abbrev="Manr" name="Manner"/>
            <FE fgColor="FFFFFF" bgColor="A52A2A" type="Peripheral" abbrev="Mns" name="Means"/>
            <FE fgColor="FFFFFF" bgColor="FFA500" type="Peripheral" abbrev="Tm" name="Time"/>
        </frame>
    </header>
    <definition>FN: to categorize by mentally classifying</definition>
    <lexeme POS="V" name="conceive"/>
    <valences>
        <FERealization total="6">
            <FE name="Category"/>
            <pattern total="1">
                <valenceUnit GF="Dep" PT="AVP" FE="Category"/>
                <annoSet ID="296591"/>
            </pattern>
            <pattern total="2">
                <valenceUnit GF="Obj" PT="NP" FE="Category"/>
                <annoSet ID="296165"/>
                <annoSet ID="296321"/>
            </pattern>
            <pattern total="2">
                <valenceUnit GF="Dep" PT="PP[as]" FE="Category"/>
                <annoSet ID="296195"/>
                <annoSet ID="296779"/>
            </pattern>
            <pattern total="1">
                <valenceUnit GF="Dep" PT="PP[in]" FE="Category"/>
                <annoSet ID="296349"/>
            </pattern>
        </FERealization>
        <FERealization total="6">
            <FE name="Cognizer"/>
            <pattern total="2">
                <valenceUnit GF="Ext" PT="NP" FE="Cognizer"/>
                <annoSet ID="296195"/>
                <annoSet ID="296591"/>
            </pattern>
            <pattern total="3">
                <valenceUnit GF="" PT="CNI" FE="Cognizer"/>
                <annoSet ID="296165"/>
                <annoSet ID="296321"/>
                <annoSet ID="296779"/>
            </pattern>
            <pattern total="1">
                <valenceUnit GF="Dep" PT="PP[by]" FE="Cognizer"/>
                <annoSet ID="296349"/>
            </pattern>
        </FERealization>
        <FERealization total="6">
            <FE name="Item"/>
            <pattern total="1">
                <valenceUnit GF="Dep" PT="PP[of]" FE="Item"/>
                <annoSet ID="296591"/>
            </pattern>
            <pattern total="4">
                <valenceUnit GF="Ext" PT="NP" FE="Item"/>
                <annoSet ID="296165"/>
                <annoSet ID="296321"/>
                <annoSet ID="296349"/>
                <annoSet ID="296779"/>
            </pattern>
            <pattern total="1">
                <valenceUnit GF="Obj" PT="NP" FE="Item"/>
                <annoSet ID="296195"/>
            </pattern>
        </FERealization>
        <FEGroupRealization total="6">
            <FE name="Category"/>
            <FE name="Cognizer"/>
            <FE name="Item"/>
            <pattern total="1">
                <valenceUnit GF="Dep" PT="AVP" FE="Category"/>
                <valenceUnit GF="Ext" PT="NP" FE="Cognizer"/>
                <valenceUnit GF="Dep" PT="PP[of]" FE="Item"/>
                <annoSet ID="296591"/>
            </pattern>
            <pattern total="2">
                <valenceUnit GF="Obj" PT="NP" FE="Category"/>
                <valenceUnit GF="" PT="CNI" FE="Cognizer"/>
                <valenceUnit GF="Ext" PT="NP" FE="Item"/>
                <annoSet ID="296165"/>
                <annoSet ID="296321"/>
            </pattern>
            <pattern total="1">
                <valenceUnit GF="Dep" PT="PP[as]" FE="Category"/>
                <valenceUnit GF="" PT="CNI" FE="Cognizer"/>
                <valenceUnit GF="Ext" PT="NP" FE="Item"/>
                <annoSet ID="296779"/>
            </pattern>
            <pattern total="1">
                <valenceUnit GF="Dep" PT="PP[as]" FE="Category"/>
                <valenceUnit GF="Ext" PT="NP" FE="Cognizer"/>
                <valenceUnit GF="Obj" PT="NP" FE="Item"/>
                <annoSet ID="296195"/>
            </pattern>
            <pattern total="1">
                <valenceUnit GF="Dep" PT="PP[in]" FE="Category"/>
                <valenceUnit GF="Dep" PT="PP[by]" FE="Cognizer"/>
                <valenceUnit GF="Ext" PT="NP" FE="Item"/>
                <annoSet ID="296349"/>
            </pattern>
        </FEGroupRealization>
    </valences>
    <subCorpus name="V-intrans-adverb">
        <sentence sentNo="0" aPos="20687715" ID="326533">
            <text>This is the notion of an ` element &quot; , originally conceived simply as a source or primary constituent and later also as an indivisible , homogeneous unit . </text>
            <annotationSet cDate="01/06/2003 11:26:37 PST Mon" status="UNANN" ID="296164">
                <layer rank="1" name="BNC">
                    <label end="3" start="0" name="DT0"/>
                    <label end="6" start="5" name="VBZ"/>
                    <label end="10" start="8" name="AT0"/>
                    <label end="17" start="12" name="NN1"/>
                    <label end="20" start="19" name="PRF"/>
                    <label end="23" start="22" name="AT0"/>
                    <label end="25" start="25" name="PUQ"/>
                    <label end="33" start="27" name="NN1"/>
                    <label end="35" start="35" name="PUQ"/>
                    <label end="37" start="37" name="PUN"/>
                    <label end="48" start="39" name="AV0"/>
                    <label end="58" start="50" name="VVD-VVN"/>
                    <label end="65" start="60" name="AV0"/>
                    <label end="68" start="67" name="CJS-PRP"/>
                    <label end="70" start="70" name="AT0"/>
                    <label end="77" start="72" name="NN1"/>
                    <label end="80" start="79" name="CJC"/>
                    <label end="88" start="82" name="AJ0"/>
                    <label end="100" start="90" name="NN1"/>
                    <label end="104" start="102" name="CJC"/>
                    <label end="110" start="106" name="AV0"/>
                    <label end="115" start="112" name="AV0"/>
                    <label end="118" start="117" name="CJS-PRP"/>
                    <label end="121" start="120" name="AT0"/>
                    <label end="133" start="123" name="AJ0"/>
                    <label end="135" start="135" name="PUN"/>
                    <label end="147" start="137" name="AJ0"/>
                    <label end="152" start="149" name="NN1"/>
                    <label end="154" start="154" name="PUN"/>
                </layer>
                <layer rank="1" name="NER"/>
                <layer rank="1" name="WSL"/>
            </annotationSet>
            <annotationSet cDate="01/06/2003 11:26:37 PST Mon" status="MANUAL" ID="296165">
                <layer rank="1" name="FE">
                    <label cBy="BoC" feID="93" end="35" start="8" name="Item"/>
                    <label cBy="BoC" feID="94" end="152" start="60" name="Category"/>
                    <label cBy="ACW" feID="92" itype="CNI" name="Cognizer"/>
                </layer>
                <layer rank="1" name="GF">
                    <label end="35" start="8" name="Ext"/>
                    <label end="152" start="60" name="Obj"/>
                </layer>
                <layer rank="1" name="PT">
                    <label end="35" start="8" name="NP"/>
                    <label end="152" start="60" name="NP"/>
                </layer>
                <layer rank="1" name="Sent">
                    <label end="0" start="0" name="reexamine"/>
                </layer>
                <layer rank="1" name="Other"/>
                <layer rank="1" name="Target">
                    <label cBy="BoC" end="58" start="50" name="Target"/>
                </layer>
                <layer rank="1" name="Verb"/>
            </annotationSet>
        </sentence>
    </subCorpus>
    <subCorpus name="V-np-ppas">
        <sentence sentNo="0" aPos="7030387" ID="326548">
            <text>How do you expect me to conceive myself as no longer existent ? &quot; </text>
            <annotationSet cDate="01/06/2003 11:26:39 PST Mon" status="UNANN" ID="296194">
                <layer rank="1" name="BNC">
                    <label end="2" start="0" name="AVQ"/>
                    <label end="5" start="4" name="VDB"/>
                    <label end="9" start="7" name="PNP"/>
                    <label end="16" start="11" name="VVI"/>
                    <label end="19" start="18" name="PNP"/>
                    <label end="22" start="21" name="TO0"/>
                    <label end="31" start="24" name="VVI"/>
                    <label end="38" start="33" name="PNX"/>
                    <label end="41" start="40" name="PRP"/>
                    <label end="44" start="43" name="AT0"/>
                    <label end="51" start="46" name="AJC"/>
                    <label end="60" start="53" name="AJ0"/>
                    <label end="62" start="62" name="PUN"/>
                    <label end="64" start="64" name="PUQ"/>
                </layer>
                <layer rank="1" name="NER"/>
                <layer rank="1" name="WSL"/>
            </annotationSet>
            <annotationSet cDate="01/06/2003 11:26:39 PST Mon" status="MANUAL" ID="296195">
                <layer rank="1" name="FE">
                    <label cBy="BoC" feID="92" end="19" start="18" name="Cognizer"/>
                    <label cBy="ACW" feID="93" end="38" start="33" name="Item"/>
                    <label cBy="ACW" feID="94" end="60" start="40" name="Category"/>
                </layer>
                <layer rank="1" name="GF">
                    <label end="19" start="18" name="Ext"/>
                    <label end="38" start="33" name="Obj"/>
                    <label end="60" start="40" name="Dep"/>
                </layer>
                <layer rank="1" name="PT">
                    <label end="19" start="18" name="NP"/>
                    <label end="38" start="33" name="NP"/>
                    <label end="60" start="40" name="PP"/>
                </layer>
                <layer rank="1" name="Sent">
                    <label end="0" start="0" name="reexamine"/>
                </layer>
                <layer rank="1" name="Other"/>
                <layer rank="1" name="Target">
                    <label cBy="BoC" end="31" start="24" name="Target"/>
                </layer>
                <layer rank="1" name="Verb"/>
            </annotationSet>
        </sentence>
    </subCorpus>
    <subCorpus name="V-np-vpto"/>
    <subCorpus name="V-pass">
        <sentence sentNo="0" aPos="1387384" ID="326611">
            <text>But of course the erotic can be conceived quite differently , as it was by Pound . </text>
            <annotationSet cDate="01/06/2003 11:26:51 PST Mon" status="UNANN" ID="296320">
                <layer rank="1" name="BNC">
                    <label end="2" start="0" name="CJC"/>
                    <label end="5" start="4" name="AV0"/>
                    <label end="12" start="7" name="AV0"/>
                    <label end="16" start="14" name="AT0"/>
                    <label end="23" start="18" name="AJ0-NN1"/>
                    <label end="27" start="25" name="VM0"/>
                    <label end="30" start="29" name="VBI"/>
                    <label end="40" start="32" name="VVN"/>
                    <label end="46" start="42" name="AV0"/>
                    <label end="58" start="48" name="AV0"/>
                    <label end="60" start="60" name="PUN"/>
                    <label end="63" start="62" name="CJS"/>
                    <label end="66" start="65" name="PNP"/>
                    <label end="70" start="68" name="VBD"/>
                    <label end="73" start="72" name="PRP"/>
                    <label end="79" start="75" name="NN1-NP0"/>
                    <label end="81" start="81" name="PUN"/>
                </layer>
                <layer rank="1" name="NER"/>
                <layer rank="1" name="WSL"/>
            </annotationSet>
            <annotationSet cDate="01/06/2003 11:26:51 PST Mon" status="MANUAL" ID="296321">
                <layer rank="1" name="FE">
                    <label cBy="BoC" feID="93" end="23" start="14" name="Item"/>
                    <label cBy="ACW" feID="92" itype="CNI" name="Cognizer"/>
                    <label cBy="ACW" feID="94" end="58" start="42" name="Category"/>
                </layer>
                <layer rank="1" name="GF">
                    <label end="23" start="14" name="Ext"/>
                    <label end="58" start="42" name="Obj"/>
                </layer>
                <layer rank="1" name="PT">
                    <label end="23" start="14" name="NP"/>
                    <label end="58" start="42" name="NP"/>
                </layer>
                <layer rank="1" name="Sent"/>
                <layer rank="1" name="Other"/>
                <layer rank="1" name="Target">
                    <label cBy="BoC" end="40" start="32" name="Target"/>
                </layer>
                <layer rank="1" name="Verb"/>
            </annotationSet>
        </sentence>
    </subCorpus>
    <subCorpus name="V-pass-by">
        <sentence sentNo="0" aPos="179418" ID="326625">
            <text>Thus , Irish nationalism is conceived by most members in an abstract way , but it has concrete import for key groups . </text>
            <annotationSet cDate="01/06/2003 11:26:53 PST Mon" status="UNANN" ID="296348">
                <layer rank="1" name="BNC">
                    <label end="3" start="0" name="AV0"/>
                    <label end="5" start="5" name="PUN"/>
                    <label end="11" start="7" name="AJ0"/>
                    <label end="23" start="13" name="NN1"/>
                    <label end="26" start="25" name="VBZ"/>
                    <label end="36" start="28" name="VVN"/>
                    <label end="39" start="38" name="PRP"/>
                    <label end="44" start="41" name="DT0"/>
                    <label end="52" start="46" name="NN2"/>
                    <label end="55" start="54" name="PRP"/>
                    <label end="58" start="57" name="AT0"/>
                    <label end="67" start="60" name="AJ0"/>
                    <label end="71" start="69" name="NN1"/>
                    <label end="73" start="73" name="PUN"/>
                    <label end="77" start="75" name="CJC"/>
                    <label end="80" start="79" name="PNP"/>
                    <label end="84" start="82" name="VHZ"/>
                    <label end="93" start="86" name="AJ0"/>
                    <label end="100" start="95" name="NN1"/>
                    <label end="104" start="102" name="PRP"/>
                    <label end="108" start="106" name="AJ0"/>
                    <label end="115" start="110" name="NN2"/>
                    <label end="117" start="117" name="PUN"/>
                </layer>
                <layer rank="1" name="NER"/>
                <layer rank="1" name="WSL"/>
            </annotationSet>
            <annotationSet cDate="01/06/2003 11:26:53 PST Mon" status="MANUAL" ID="296349">
                <layer rank="1" name="FE">
                    <label cBy="BoC" feID="93" end="23" start="7" name="Item"/>
                    <label cBy="BoC" feID="92" end="52" start="38" name="Cognizer"/>
                    <label cBy="ACW" feID="94" end="71" start="54" name="Category"/>
                </layer>
                <layer rank="1" name="GF">
                    <label end="23" start="7" name="Ext"/>
                    <label end="52" start="38" name="Dep"/>
                    <label end="71" start="54" name="Dep"/>
                </layer>
                <layer rank="1" name="PT">
                    <label end="23" start="7" name="NP"/>
                    <label end="52" start="38" name="PP"/>
                    <label end="71" start="54" name="PP"/>
                </layer>
                <layer rank="1" name="Sent"/>
                <layer rank="1" name="Other"/>
                <layer rank="1" name="Target">
                    <label cBy="BoC" end="36" start="28" name="Target"/>
                </layer>
                <layer rank="1" name="Verb"/>
            </annotationSet>
        </sentence>
    </subCorpus>
    <subCorpus name="V-ppby"/>
    <subCorpus name="V-ppof">
        <sentence sentNo="0" aPos="51666922" ID="326746">
            <text>Early maps exist to show how people conceived of the world at the time , but unless made of durable material , like this mosaic , such maps have not survived . </text>
            <annotationSet cDate="01/06/2003 11:27:11 PST Mon" status="UNANN" ID="296590">
                <layer rank="1" name="BNC">
                    <label end="4" start="0" name="AJ0-AV0"/>
                    <label end="9" start="6" name="NN2"/>
                    <label end="15" start="11" name="VVB"/>
                    <label end="18" start="17" name="TO0"/>
                    <label end="23" start="20" name="VVI"/>
                    <label end="27" start="25" name="AVQ"/>
                    <label end="34" start="29" name="NN0"/>
                    <label end="44" start="36" name="VVD"/>
                    <label end="47" start="46" name="PRF"/>
                    <label end="51" start="49" name="AT0"/>
                    <label end="57" start="53" name="NN1"/>
                    <label end="60" start="59" name="PRP"/>
                    <label end="64" start="62" name="AT0"/>
                    <label end="69" start="66" name="NN1"/>
                    <label end="71" start="71" name="PUN"/>
                    <label end="75" start="73" name="CJC"/>
                    <label end="82" start="77" name="CJS"/>
                    <label end="87" start="84" name="VVN"/>
                    <label end="90" start="89" name="PRF"/>
                    <label end="98" start="92" name="AJ0"/>
                    <label end="107" start="100" name="NN1"/>
                    <label end="109" start="109" name="PUN"/>
                    <label end="114" start="111" name="PRP"/>
                    <label end="119" start="116" name="DT0"/>
                    <label end="126" start="121" name="NN1"/>
                    <label end="128" start="128" name="PUN"/>
                    <label end="133" start="130" name="DT0"/>
                    <label end="138" start="135" name="NN2"/>
                    <label end="143" start="140" name="VHB"/>
                    <label end="147" start="145" name="XX0"/>
                    <label end="156" start="149" name="VVN"/>
                    <label end="158" start="158" name="PUN"/>
                </layer>
                <layer rank="1" name="NER"/>
                <layer rank="1" name="WSL"/>
            </annotationSet>
            <annotationSet cDate="01/06/2003 11:27:11 PST Mon" status="MANUAL" ID="296591">
                <layer rank="1" name="FE">
                    <label cBy="BoC" feID="92" end="34" start="29" name="Cognizer"/>
                    <label cBy="ACW" feID="94" end="27" start="25" name="Category"/>
                    <label cBy="ACW" feID="93" end="57" start="46" name="Item"/>
                </layer>
                <layer rank="1" name="GF">
                    <label end="34" start="29" name="Ext"/>
                    <label end="27" start="25" name="Dep"/>
                    <label end="57" start="46" name="Dep"/>
                </layer>
                <layer rank="1" name="PT">
                    <label end="34" start="29" name="NP"/>
                    <label end="27" start="25" name="AVP"/>
                    <label end="57" start="46" name="PP"/>
                </layer>
                <layer rank="1" name="Sent">
                    <label end="0" start="0" name="reexamine"/>
                </layer>
                <layer rank="1" name="Other"/>
                <layer rank="1" name="Target">
                    <label cBy="BoC" end="44" start="36" name="Target"/>
                </layer>
                <layer rank="1" name="Verb"/>
            </annotationSet>
        </sentence>
    </subCorpus>
    <subCorpus name="V-trans-other"/>
    <subCorpus name="V-trans-simple">
        <sentence sentNo="0" aPos="70948310" ID="326840">
            <text>What then are some political implications of postmodernism conceived per se as cultural de-differentiation ? </text>
            <annotationSet cDate="01/06/2003 11:27:25 PST Mon" status="UNANN" ID="296778">
                <layer rank="1" name="BNC">
                    <label end="3" start="0" name="DTQ"/>
                    <label end="8" start="5" name="AV0"/>
                    <label end="12" start="10" name="VBB"/>
                    <label end="17" start="14" name="DT0"/>
                    <label end="27" start="19" name="AJ0"/>
                    <label end="40" start="29" name="NN2"/>
                    <label end="43" start="42" name="PRF"/>
                    <label end="57" start="45" name="NN1"/>
                    <label end="67" start="59" name="VVD"/>
                    <label end="71" start="69" name="AV0"/>
                    <label end="74" start="73" name="AV0"/>
                    <label end="77" start="76" name="PRP"/>
                    <label end="86" start="79" name="AJ0"/>
                    <label end="105" start="88" name="NN1"/>
                    <label end="107" start="107" name="PUN"/>
                </layer>
                <layer rank="1" name="NER"/>
                <layer rank="1" name="WSL"/>
            </annotationSet>
            <annotationSet cDate="01/06/2003 11:27:25 PST Mon" status="MANUAL" ID="296779">
                <layer rank="1" name="FE">
                    <label cBy="ACW" feID="93" end="57" start="45" name="Item"/>
                    <label cBy="ACW" feID="94" end="105" start="76" name="Category"/>
                    <label cBy="ACW" feID="92" itype="CNI" name="Cognizer"/>
                </layer>
                <layer rank="1" name="GF">
                    <label end="57" start="45" name="Ext"/>
                    <label end="105" start="76" name="Dep"/>
                </layer>
                <layer rank="1" name="PT">
                    <label end="57" start="45" name="NP"/>
                    <label end="105" start="76" name="PP"/>
                </layer>
                <layer rank="1" name="Sent"/>
                <layer rank="1" name="Other"/>
                <layer rank="1" name="Target">
                    <label cBy="BoC" end="67" start="59" name="Target"/>
                </layer>
                <layer rank="1" name="Verb"/>
            </annotationSet>
        </sentence>
    </subCorpus>
    <subCorpus name="V-vpto"/>
</lexUnit>