<?xml version="1.0" encoding="UTF-8" standalone="yes"?>
<?xml-stylesheet type="text/xsl" href="lexUnit.xsl"?>
<lexUnit status="Created" POS="A" name="castigatory.a" ID="8965" frame="Judgment_direct_address" frameID="711" totalAnnotated="0" xsi:schemaLocation="../schema/lexUnit.xsd" xmlns="http://framenet.icsi.berkeley.edu" xmlns:xsi="http://www.w3.org/2001/XMLSchema-instance">
    <header>
        <frame>
            <FE fgColor="FFFFFF" bgColor="006400" type="Core" abbrev="" name="Addressee"/>
            <FE fgColor="FFFFFF" bgColor="FF0000" type="Core" abbrev="" name="Communicator"/>
            <FE fgColor="FFFFFF" bgColor="FF69B4" type="Peripheral" abbrev="" name="Degree"/>
            <FE fgColor="FFFFFF" bgColor="7CCD7C" type="Extra-Thematic" abbrev="" name="Depictive"/>
            <FE fgColor="FFFFFF" bgColor="FF00FF" type="Core" abbrev="" name="Expressor"/>
            <FE fgColor="FFFFFF" bgColor="00BFFF" type="Peripheral" abbrev="" name="Grounds"/>
            <FE fgColor="FFFFFF" bgColor="0000FF" type="Peripheral" abbrev="" name="Manner"/>
            <FE fgColor="FFFFFF" bgColor="A52A2A" type="Peripheral" abbrev="" name="Means"/>
            <FE fgColor="FFFFFF" bgColor="800080" type="Core" abbrev="" name="Medium"/>
            <FE fgColor="FFFFFF" bgColor="7FFF00" type="Peripheral" abbrev="" name="Place"/>
            <FE fgColor="FFFFFF" bgColor="00008B" type="Core" abbrev="" name="Reason"/>
            <FE fgColor="FFFFFF" bgColor="9400D3" type="Extra-Thematic" abbrev="" name="Role"/>
            <FE fgColor="FFFFFF" bgColor="FFA500" type="Peripheral" abbrev="" name="Time"/>
            <FE fgColor="FFFFFF" bgColor="A52A2A" type="Core" abbrev="" name="Topic"/>
        </frame>
    </header>
    <definition>FN: serving to reprimand severely</definition>
    <lexeme POS="A" name="castigatory"/>
    <semType name="Negative_judgment" ID="14"/>
    <valences/>
</lexUnit>