<?xml version="1.0" encoding="UTF-8" standalone="yes"?>
<?xml-stylesheet type="text/xsl" href="lexUnit.xsl"?>
<lexUnit status="Created" POS="N" name="disputation.n" ID="8931" frame="Quarreling" frameID="710" totalAnnotated="0" xsi:schemaLocation="../schema/lexUnit.xsd" xmlns="http://framenet.icsi.berkeley.edu" xmlns:xsi="http://www.w3.org/2001/XMLSchema-instance">
    <header>
        <frame>
            <FE fgColor="FFFFFF" bgColor="00BFFF" type="Peripheral" abbrev="amo" name="Amount_of_discussion"/>
            <FE fgColor="FFFFFF" bgColor="2E8B57" type="Core" abbrev="Arg1" name="Arguer1"/>
            <FE fgColor="FFFFFF" bgColor="00008B" type="Core" abbrev="Arg2" name="Arguer2"/>
            <FE fgColor="FFFFFF" bgColor="FF0000" type="Core" abbrev="Args" name="Arguers"/>
            <FE fgColor="FFFFFF" bgColor="008000" type="Extra-Thematic" abbrev="Dep" name="Depictive"/>
            <FE fgColor="FFFFFF" bgColor="FFA500" type="Peripheral" abbrev="Dur" name="Duration"/>
            <FE fgColor="FFFFFF" bgColor="808080" type="Extra-Thematic" abbrev="Freq" name="Frequency"/>
            <FE fgColor="FFFFFF" bgColor="800080" type="Core" abbrev="Iss" name="Issue"/>
            <FE fgColor="FFFFFF" bgColor="FF69B4" type="Peripheral" abbrev="Man" name="Manner"/>
            <FE fgColor="FFFFFF" bgColor="9400D3" type="Peripheral" abbrev="Mns" name="Means"/>
            <FE fgColor="FFFFFF" bgColor="0000FF" type="Peripheral" abbrev="Med" name="Medium"/>
            <FE fgColor="FFFFFF" bgColor="FF00FF" type="Peripheral" abbrev="pla" name="Place"/>
            <FE fgColor="FFFFFF" bgColor="9F79EE" type="Peripheral" abbrev="pur" name="Purpose"/>
            <FE fgColor="FFFFFF" bgColor="1E90FF" type="Peripheral" abbrev="tim" name="Time"/>
        </frame>
    </header>
    <definition>COD: debate or argument. </definition>
    <lexeme POS="N" name="disputation"/>
    <valences/>
</lexUnit>