<?xml version="1.0" encoding="UTF-8" standalone="yes"?>
<?xml-stylesheet type="text/xsl" href="lexUnit.xsl"?>
<lexUnit status="Created" POS="V" name="sleep (together/with).v" ID="8999" frame="Personal_relationship" frameID="102" totalAnnotated="0" xsi:schemaLocation="../schema/lexUnit.xsd" xmlns="http://framenet.icsi.berkeley.edu" xmlns:xsi="http://www.w3.org/2001/XMLSchema-instance">
    <header>
        <frame>
            <FE fgColor="FFFFFF" bgColor="FF69B4" type="Peripheral" abbrev="Degr" name="Degree"/>
            <FE fgColor="FFFFFF" bgColor="9400D3" type="Extra-Thematic" abbrev="Dep" name="Depictive"/>
            <FE fgColor="000000" bgColor="FFFF00" type="Peripheral" abbrev="" name="Duration"/>
            <FE fgColor="FFFFFF" bgColor="FF00FF" type="Peripheral" abbrev="Manr" name="Manner"/>
            <FE fgColor="FFFFFF" bgColor="0000FF" type="Peripheral" abbrev="Means" name="Means"/>
            <FE fgColor="FFFFFF" bgColor="800080" type="Core" abbrev="" name="Partners"/>
            <FE fgColor="FFFFFF" bgColor="008000" type="Core" abbrev="Partner_1" name="Partner_1"/>
            <FE fgColor="FFFFFF" bgColor="FF0000" type="Core" abbrev="Partner_2" name="Partner_2"/>
            <FE fgColor="FFFFFF" bgColor="00BFFF" type="Peripheral" abbrev="rel" name="Relationship"/>
            <FE fgColor="000000" bgColor="FFA500" type="Peripheral" abbrev="Src" name="Source_of_relationship"/>
        </frame>
    </header>
    <definition>COD:  have sexual intercourse or be involved in a sexual relationship</definition>
    <lexeme POS="V" name="sleep"/>
    <valences/>
</lexUnit>