<?xml version="1.0" encoding="UTF-8" standalone="yes"?>
<?xml-stylesheet type="text/xsl" href="lexUnit.xsl"?>
<lexUnit status="Created" POS="A" name="tied.a" ID="8990" frame="Cognitive_connection" frameID="720" totalAnnotated="0" xsi:schemaLocation="../schema/lexUnit.xsd" xmlns="http://framenet.icsi.berkeley.edu" xmlns:xsi="http://www.w3.org/2001/XMLSchema-instance">
    <header>
        <frame>
            <FE fgColor="FFFFFF" bgColor="2E8B57" type="Extra-Thematic" abbrev="cir" name="Circumstances"/>
            <FE fgColor="FFFFFF" bgColor="800080" type="Core" abbrev="Cs" name="Concepts"/>
            <FE fgColor="FFFFFF" bgColor="FF0000" type="Core" abbrev="C1" name="Concept_1"/>
            <FE fgColor="FFFFFF" bgColor="0000FF" type="Core" abbrev="C2" name="Concept_2"/>
            <FE fgColor="FFFFFF" bgColor="FF69B4" type="Peripheral" abbrev="Deg" name="Degree"/>
            <FE fgColor="FFFFFF" bgColor="1E90FF" type="Peripheral" abbrev="POV" name="Point_of_view"/>
            <FE fgColor="FFFFFF" bgColor="FF00FF" type="Peripheral" abbrev="Spec" name="Specification"/>
        </frame>
    </header>
    <definition>FN: related to in some respect.</definition>
    <lexeme POS="A" name="tied"/>
    <valences/>
</lexUnit>