<?xml version="1.0" encoding="UTF-8" standalone="yes"?>
<?xml-stylesheet type="text/xsl" href="lexUnit.xsl"?>
<lexUnit status="Finished_Initial" POS="N" name="miser.n" ID="9017" frame="Stinginess" frameID="724" totalAnnotated="4" xsi:schemaLocation="../schema/lexUnit.xsd" xmlns="http://framenet.icsi.berkeley.edu" xmlns:xsi="http://www.w3.org/2001/XMLSchema-instance">
    <header>
        <frame>
            <FE fgColor="FFFFFF" bgColor="800080" type="Core" abbrev="" name="Behavior"/>
            <FE fgColor="FFFFFF" bgColor="FF69B4" type="Peripheral" abbrev="" name="Degree"/>
            <FE fgColor="000000" bgColor="FFD700" type="Core" abbrev="exp" name="Expressor"/>
            <FE fgColor="FFFFFF" bgColor="00BFFF" type="Peripheral" abbrev="jud" name="Judge"/>
            <FE fgColor="FFFFFF" bgColor="FF00FF" type="Peripheral" abbrev="man" name="Manner"/>
            <FE fgColor="FFFFFF" bgColor="008000" type="Core" abbrev="" name="Recipient"/>
            <FE fgColor="FFFFFF" bgColor="0000FF" type="Core" abbrev="" name="Resource"/>
            <FE fgColor="FFFFFF" bgColor="FF0000" type="Core" abbrev="" name="Resource_controller"/>
        </frame>
    </header>
    <definition>COD: a person who hoards wealth and spends very little. </definition>
    <lexeme POS="N" name="miser"/>
    <valences>
        <FERealization total="4">
            <FE name="Resource_controller"/>
            <pattern total="4">
                <valenceUnit GF="Ext" PT="NP" FE="Resource_controller"/>
                <annoSet ID="828117"/>
                <annoSet ID="828133"/>
                <annoSet ID="828137"/>
                <annoSet ID="828173"/>
            </pattern>
        </FERealization>
        <FEGroupRealization total="4">
            <FE name="Resource_controller"/>
            <pattern total="4">
                <valenceUnit GF="Ext" PT="NP" FE="Resource_controller"/>
                <annoSet ID="828117"/>
                <annoSet ID="828133"/>
                <annoSet ID="828137"/>
                <annoSet ID="828173"/>
            </pattern>
        </FEGroupRealization>
    </valences>
    <subCorpus name="N-001-all">
        <sentence sentNo="0" aPos="12818570" ID="675304">
            <text>A typical miser , he hid his money in the house in various places . </text>
            <annotationSet cDate="01/07/2003 10:22:55 PST Tue" status="UNANN" ID="828116">
                <layer rank="1" name="BNC">
                    <label end="0" start="0" name="AT0"/>
                    <label end="8" start="2" name="AJ0"/>
                    <label end="14" start="10" name="NN1"/>
                    <label end="16" start="16" name="PUN"/>
                    <label end="19" start="18" name="PNP"/>
                    <label end="23" start="21" name="VVD"/>
                    <label end="27" start="25" name="DPS"/>
                    <label end="33" start="29" name="NN1"/>
                    <label end="36" start="35" name="PRP"/>
                    <label end="40" start="38" name="AT0"/>
                    <label end="46" start="42" name="NN1"/>
                    <label end="49" start="48" name="PRP"/>
                    <label end="57" start="51" name="AJ0"/>
                    <label end="64" start="59" name="NN2"/>
                    <label end="66" start="66" name="PUN"/>
                </layer>
                <layer rank="1" name="NER"/>
                <layer rank="1" name="WSL"/>
            </annotationSet>
            <annotationSet cDate="01/07/2003 10:22:55 PST Tue" status="MANUAL" ID="828117">
                <layer rank="1" name="FE">
                    <label cBy="ACW" feID="4744" end="19" start="18" name="Resource_controller"/>
                </layer>
                <layer rank="1" name="GF">
                    <label end="19" start="18" name="Ext"/>
                </layer>
                <layer rank="1" name="PT">
                    <label end="19" start="18" name="NP"/>
                </layer>
                <layer rank="1" name="Sent"/>
                <layer rank="1" name="Other"/>
                <layer rank="1" name="Target">
                    <label cBy="BoC" end="14" start="10" name="Target"/>
                </layer>
                <layer rank="1" name="Noun"/>
            </annotationSet>
        </sentence>
        <sentence sentNo="0" aPos="30490045" ID="675312">
            <text>` You know , Katie , she 's an old miser and everyone borrows money off her or else they buy the things you knit off her . </text>
            <annotationSet cDate="01/07/2003 10:22:56 PST Tue" status="UNANN" ID="828132">
                <layer rank="1" name="BNC">
                    <label end="0" start="0" name="PUQ"/>
                    <label end="4" start="2" name="PNP"/>
                    <label end="9" start="6" name="VVB"/>
                    <label end="11" start="11" name="PUN"/>
                    <label end="17" start="13" name="NP0"/>
                    <label end="19" start="19" name="PUN"/>
                    <label end="23" start="21" name="PNP"/>
                    <label end="26" start="25" name="VBZ"/>
                    <label end="29" start="28" name="AT0"/>
                    <label end="33" start="31" name="AJ0"/>
                    <label end="39" start="35" name="NN1"/>
                    <label end="43" start="41" name="CJC"/>
                    <label end="52" start="45" name="PNI"/>
                    <label end="60" start="54" name="VVZ"/>
                    <label end="66" start="62" name="NN1"/>
                    <label end="70" start="68" name="PRP"/>
                    <label end="74" start="72" name="PNP"/>
                    <label end="77" start="76" name="CJC"/>
                    <label end="82" start="79" name="AV0"/>
                    <label end="87" start="84" name="PNP"/>
                    <label end="91" start="89" name="VVB"/>
                    <label end="95" start="93" name="AT0"/>
                    <label end="102" start="97" name="NN2"/>
                    <label end="106" start="104" name="PNP"/>
                    <label end="111" start="108" name="VVD"/>
                    <label end="115" start="113" name="AVP-PRP"/>
                    <label end="119" start="117" name="PNP"/>
                    <label end="121" start="121" name="PUN"/>
                </layer>
                <layer rank="1" name="NER"/>
                <layer rank="1" name="WSL"/>
            </annotationSet>
            <annotationSet cDate="01/07/2003 10:22:56 PST Tue" status="MANUAL" ID="828133">
                <layer rank="1" name="FE">
                    <label cBy="ACW" feID="4744" end="23" start="21" name="Resource_controller"/>
                </layer>
                <layer rank="1" name="GF">
                    <label end="23" start="21" name="Ext"/>
                </layer>
                <layer rank="1" name="PT">
                    <label end="23" start="21" name="NP"/>
                </layer>
                <layer rank="1" name="Sent"/>
                <layer rank="1" name="Other"/>
                <layer rank="1" name="Target">
                    <label cBy="BoC" end="39" start="35" name="Target"/>
                </layer>
                <layer rank="1" name="Noun">
                    <label end="26" start="25" name="Cop"/>
                </layer>
            </annotationSet>
        </sentence>
        <sentence sentNo="0" aPos="36498709" ID="675314">
            <text>` The joke is , &quot; she said , ` that my father was a miser . </text>
            <annotationSet cDate="01/07/2003 10:22:56 PST Tue" status="UNANN" ID="828136">
                <layer rank="1" name="BNC">
                    <label end="0" start="0" name="PUQ"/>
                    <label end="4" start="2" name="AT0"/>
                    <label end="9" start="6" name="NN1"/>
                    <label end="12" start="11" name="VBZ"/>
                    <label end="14" start="14" name="PUN"/>
                    <label end="16" start="16" name="PUQ"/>
                    <label end="20" start="18" name="PNP"/>
                    <label end="25" start="22" name="VVD"/>
                    <label end="27" start="27" name="PUN"/>
                    <label end="29" start="29" name="PUQ"/>
                    <label end="34" start="31" name="CJT"/>
                    <label end="37" start="36" name="DPS"/>
                    <label end="44" start="39" name="NN1"/>
                    <label end="48" start="46" name="VBD"/>
                    <label end="50" start="50" name="AT0"/>
                    <label end="56" start="52" name="NN1"/>
                    <label end="58" start="58" name="PUN"/>
                </layer>
                <layer rank="1" name="NER"/>
                <layer rank="1" name="WSL"/>
            </annotationSet>
            <annotationSet cDate="01/07/2003 10:22:57 PST Tue" status="MANUAL" ID="828137">
                <layer rank="1" name="FE">
                    <label cBy="ACW" feID="4744" end="44" start="36" name="Resource_controller"/>
                </layer>
                <layer rank="1" name="GF">
                    <label end="44" start="36" name="Ext"/>
                </layer>
                <layer rank="1" name="PT">
                    <label end="44" start="36" name="NP"/>
                </layer>
                <layer rank="1" name="Sent"/>
                <layer rank="1" name="Other"/>
                <layer rank="1" name="Target">
                    <label cBy="BoC" end="56" start="52" name="Target"/>
                </layer>
                <layer rank="1" name="Noun">
                    <label end="48" start="46" name="Cop"/>
                </layer>
            </annotationSet>
        </sentence>
        <sentence sentNo="0" aPos="108155737" ID="675332">
            <text>Sir Ralph , he thought , was probably a miser . </text>
            <annotationSet cDate="01/07/2003 10:23:02 PST Tue" status="UNANN" ID="828172">
                <layer rank="1" name="BNC">
                    <label end="2" start="0" name="NP0"/>
                    <label end="8" start="4" name="NP0"/>
                    <label end="10" start="10" name="PUN"/>
                    <label end="13" start="12" name="PNP"/>
                    <label end="21" start="15" name="VVD"/>
                    <label end="23" start="23" name="PUN"/>
                    <label end="27" start="25" name="VBD"/>
                    <label end="36" start="29" name="AV0"/>
                    <label end="38" start="38" name="AT0"/>
                    <label end="44" start="40" name="NN1"/>
                    <label end="46" start="46" name="PUN"/>
                </layer>
                <layer rank="1" name="NER"/>
                <layer rank="1" name="WSL"/>
            </annotationSet>
            <annotationSet cDate="01/07/2003 10:23:02 PST Tue" status="MANUAL" ID="828173">
                <layer rank="1" name="FE">
                    <label cBy="ACW" feID="4744" end="8" start="0" name="Resource_controller"/>
                </layer>
                <layer rank="1" name="GF">
                    <label end="8" start="0" name="Ext"/>
                </layer>
                <layer rank="1" name="PT">
                    <label end="8" start="0" name="NP"/>
                </layer>
                <layer rank="1" name="Sent"/>
                <layer rank="1" name="Other"/>
                <layer rank="1" name="Target">
                    <label cBy="BoC" end="44" start="40" name="Target"/>
                </layer>
                <layer rank="1" name="Noun">
                    <label end="27" start="25" name="Cop"/>
                </layer>
            </annotationSet>
        </sentence>
    </subCorpus>
</lexUnit>