<?xml version="1.0" encoding="UTF-8" standalone="yes"?>
<?xml-stylesheet type="text/xsl" href="lexUnit.xsl"?>
<lexUnit status="Finished_Initial" POS="V" name="telegraph.v" ID="9007" frame="Contacting" frameID="286" totalAnnotated="5" xsi:schemaLocation="../schema/lexUnit.xsd" xmlns="http://framenet.icsi.berkeley.edu" xmlns:xsi="http://www.w3.org/2001/XMLSchema-instance">
    <header>
        <frame>
            <FE fgColor="FFFFFF" bgColor="808080" type="Core" abbrev="Address" name="Address"/>
            <FE fgColor="FFFFFF" bgColor="0000FF" type="Core" abbrev="Add" name="Addressee"/>
            <FE fgColor="FFFFFF" bgColor="00BFFF" type="Core" abbrev="Communication" name="Communication"/>
            <FE fgColor="FFFFFF" bgColor="FF0000" type="Core" abbrev="Com" name="Communicator"/>
            <FE fgColor="FFFFFF" bgColor="9400D3" type="Extra-Thematic" abbrev="" name="Depictive"/>
            <FE fgColor="000000" bgColor="7FFF00" type="Extra-Thematic" abbrev="" name="Frequency"/>
            <FE fgColor="FFFFFF" bgColor="A52A2A" type="Peripheral" abbrev="Intm" name="Intermediary"/>
            <FE fgColor="FFFFFF" bgColor="00008B" type="Extra-Thematic" abbrev="Loc" name="Location_of_protagonist"/>
            <FE fgColor="FFFFFF" bgColor="1E90FF" type="Peripheral" abbrev="" name="Manner"/>
            <FE fgColor="FFFFFF" bgColor="2E8B57" type="Peripheral" abbrev="" name="Means"/>
            <FE fgColor="FFFFFF" bgColor="FF00FF" type="Peripheral" abbrev="Medium" name="Medium"/>
            <FE fgColor="FFFFFF" bgColor="008000" type="Peripheral" abbrev="Place" name="Place"/>
            <FE fgColor="FFFFFF" bgColor="800080" type="Peripheral" abbrev="Pur" name="Purpose"/>
            <FE fgColor="FFFFFF" bgColor="FFA500" type="Peripheral" abbrev="Time" name="Time"/>
            <FE fgColor="FFFFFF" bgColor="9F79EE" type="Core" abbrev="Topic" name="Topic"/>
        </frame>
    </header>
    <definition>COD: send (someone) a message by telegraph. </definition>
    <lexeme POS="V" name="telegraph"/>
    <valences>
        <FERealization total="5">
            <FE name="Addressee"/>
            <pattern total="2">
                <valenceUnit GF="" PT="DNI" FE="Addressee"/>
                <annoSet ID="894799"/>
                <annoSet ID="894861"/>
            </pattern>
            <pattern total="2">
                <valenceUnit GF="Obj" PT="NP" FE="Addressee"/>
                <annoSet ID="894867"/>
                <annoSet ID="894881"/>
            </pattern>
            <pattern total="1">
                <valenceUnit GF="Dep" PT="PP[to]" FE="Addressee"/>
                <annoSet ID="894885"/>
            </pattern>
        </FERealization>
        <FERealization total="2">
            <FE name="Communication"/>
            <pattern total="2">
                <valenceUnit GF="" PT="INI" FE="Communication"/>
                <annoSet ID="894799"/>
                <annoSet ID="894861"/>
            </pattern>
        </FERealization>
        <FERealization total="5">
            <FE name="Communicator"/>
            <pattern total="5">
                <valenceUnit GF="Ext" PT="NP" FE="Communicator"/>
                <annoSet ID="894799"/>
                <annoSet ID="894861"/>
                <annoSet ID="894867"/>
                <annoSet ID="894881"/>
                <annoSet ID="894885"/>
            </pattern>
        </FERealization>
        <FERealization total="1">
            <FE name="Location_of_protagonist"/>
            <pattern total="1">
                <valenceUnit GF="Dep" PT="PP[from]" FE="Location_of_protagonist"/>
                <annoSet ID="894799"/>
            </pattern>
        </FERealization>
        <FERealization total="2">
            <FE name="Purpose"/>
            <pattern total="2">
                <valenceUnit GF="Dep" PT="PP[for]" FE="Purpose"/>
                <annoSet ID="894867"/>
                <annoSet ID="894885"/>
            </pattern>
        </FERealization>
        <FERealization total="1">
            <FE name="Topic"/>
            <pattern total="1">
                <valenceUnit GF="" PT="DNI" FE="Topic"/>
                <annoSet ID="894881"/>
            </pattern>
        </FERealization>
        <FEGroupRealization total="1">
            <FE name="Addressee"/>
            <FE name="Communication"/>
            <FE name="Communicator"/>
            <pattern total="1">
                <valenceUnit GF="" PT="DNI" FE="Addressee"/>
                <valenceUnit GF="" PT="INI" FE="Communication"/>
                <valenceUnit GF="Ext" PT="NP" FE="Communicator"/>
                <annoSet ID="894861"/>
            </pattern>
        </FEGroupRealization>
        <FEGroupRealization total="1">
            <FE name="Addressee"/>
            <FE name="Communication"/>
            <FE name="Communicator"/>
            <FE name="Location_of_protagonist"/>
            <pattern total="1">
                <valenceUnit GF="" PT="DNI" FE="Addressee"/>
                <valenceUnit GF="" PT="INI" FE="Communication"/>
                <valenceUnit GF="Ext" PT="NP" FE="Communicator"/>
                <valenceUnit GF="Dep" PT="PP[from]" FE="Location_of_protagonist"/>
                <annoSet ID="894799"/>
            </pattern>
        </FEGroupRealization>
        <FEGroupRealization total="2">
            <FE name="Addressee"/>
            <FE name="Communicator"/>
            <FE name="Purpose"/>
            <pattern total="1">
                <valenceUnit GF="Obj" PT="NP" FE="Addressee"/>
                <valenceUnit GF="Ext" PT="NP" FE="Communicator"/>
                <valenceUnit GF="Dep" PT="PP[for]" FE="Purpose"/>
                <annoSet ID="894867"/>
            </pattern>
            <pattern total="1">
                <valenceUnit GF="Dep" PT="PP[to]" FE="Addressee"/>
                <valenceUnit GF="Ext" PT="NP" FE="Communicator"/>
                <valenceUnit GF="Dep" PT="PP[for]" FE="Purpose"/>
                <annoSet ID="894885"/>
            </pattern>
        </FEGroupRealization>
        <FEGroupRealization total="1">
            <FE name="Addressee"/>
            <FE name="Communicator"/>
            <FE name="Topic"/>
            <pattern total="1">
                <valenceUnit GF="Obj" PT="NP" FE="Addressee"/>
                <valenceUnit GF="Ext" PT="NP" FE="Communicator"/>
                <valenceUnit GF="" PT="DNI" FE="Topic"/>
                <annoSet ID="894881"/>
            </pattern>
        </FEGroupRealization>
    </valences>
    <subCorpus name="V-001-all">
        <sentence sentNo="0" aPos="9138546" ID="715204">
            <text>On the day the portrait was to be exported to a private gallery in the United States , an Englishwoman telegraphed from a resort in Germany offering to make up the balance of £40,000 . </text>
            <annotationSet cDate="01/07/2003 11:42:15 PST Tue" status="UNANN" ID="894798">
                <layer rank="1" name="BNC">
                    <label end="1" start="0" name="PRP"/>
                    <label end="5" start="3" name="AT0"/>
                    <label end="9" start="7" name="NN1"/>
                    <label end="13" start="11" name="AT0"/>
                    <label end="22" start="15" name="NN1"/>
                    <label end="26" start="24" name="VBD"/>
                    <label end="29" start="28" name="TO0"/>
                    <label end="32" start="31" name="VBI"/>
                    <label end="41" start="34" name="VVN"/>
                    <label end="44" start="43" name="PRP"/>
                    <label end="46" start="46" name="AT0"/>
                    <label end="54" start="48" name="AJ0"/>
                    <label end="62" start="56" name="NN1"/>
                    <label end="65" start="64" name="PRP"/>
                    <label end="69" start="67" name="AT0"/>
                    <label end="76" start="71" name="NP0"/>
                    <label end="83" start="78" name="NP0"/>
                    <label end="85" start="85" name="PUN"/>
                    <label end="88" start="87" name="AT0"/>
                    <label end="101" start="90" name="NN1"/>
                    <label end="113" start="103" name="VVD-VVN"/>
                    <label end="118" start="115" name="PRP"/>
                    <label end="120" start="120" name="AT0"/>
                    <label end="127" start="122" name="NN1"/>
                    <label end="130" start="129" name="PRP"/>
                    <label end="138" start="132" name="NP0"/>
                    <label end="147" start="140" name="VVG"/>
                    <label end="150" start="149" name="TO0"/>
                    <label end="155" start="152" name="VVI"/>
                    <label end="158" start="157" name="AVP"/>
                    <label end="162" start="160" name="AT0"/>
                    <label end="170" start="164" name="NN1"/>
                    <label end="173" start="172" name="PRF"/>
                    <label end="181" start="175" name="NN0"/>
                    <label end="183" start="183" name="PUN"/>
                </layer>
                <layer rank="1" name="NER"/>
                <layer rank="1" name="WSL"/>
            </annotationSet>
            <annotationSet cDate="01/07/2003 11:42:15 PST Tue" status="MANUAL" ID="894799">
                <layer rank="1" name="FE">
                    <label cBy="JKR" feID="2481" end="101" start="87" name="Communicator"/>
                    <label cBy="JKR" feID="2483" itype="DNI" name="Addressee"/>
                    <label cBy="ACW" feID="2489" end="138" start="115" name="Location_of_protagonist"/>
                    <label cBy="jLu" feID="2486" itype="INI" name="Communication"/>
                </layer>
                <layer rank="1" name="GF">
                    <label end="101" start="87" name="Ext"/>
                    <label end="138" start="115" name="Dep"/>
                </layer>
                <layer rank="1" name="PT">
                    <label end="101" start="87" name="NP"/>
                    <label end="138" start="115" name="PP"/>
                </layer>
                <layer rank="1" name="Sent"/>
                <layer rank="1" name="Other"/>
                <layer rank="1" name="Target">
                    <label cBy="BoC" end="113" start="103" name="Target"/>
                </layer>
                <layer rank="1" name="Verb"/>
            </annotationSet>
        </sentence>
        <sentence sentNo="0" aPos="52259240" ID="715235">
            <text>` Once he knew where we were Lewis telegraphed every few hours . </text>
            <annotationSet cDate="01/07/2003 11:42:21 PST Tue" status="UNANN" ID="894860">
                <layer rank="1" name="BNC">
                    <label end="0" start="0" name="PUQ"/>
                    <label end="5" start="2" name="CJS"/>
                    <label end="8" start="7" name="PNP"/>
                    <label end="13" start="10" name="VVD"/>
                    <label end="19" start="15" name="AVQ"/>
                    <label end="22" start="21" name="PNP"/>
                    <label end="27" start="24" name="VBD"/>
                    <label end="33" start="29" name="NP0"/>
                    <label end="45" start="35" name="VVD"/>
                    <label end="51" start="47" name="AT0"/>
                    <label end="55" start="53" name="DT0"/>
                    <label end="61" start="57" name="NN2"/>
                    <label end="63" start="63" name="PUN"/>
                </layer>
                <layer rank="1" name="NER"/>
                <layer rank="1" name="WSL"/>
            </annotationSet>
            <annotationSet cDate="01/07/2003 11:42:21 PST Tue" status="MANUAL" ID="894861">
                <layer rank="1" name="FE">
                    <label cBy="JKR" feID="2481" end="33" start="29" name="Communicator"/>
                    <label cBy="JKR" feID="2483" itype="DNI" name="Addressee"/>
                    <label cBy="ACW" feID="2486" itype="INI" name="Communication"/>
                </layer>
                <layer rank="1" name="GF">
                    <label end="33" start="29" name="Ext"/>
                </layer>
                <layer rank="1" name="PT">
                    <label end="33" start="29" name="NP"/>
                </layer>
                <layer rank="1" name="Sent">
                    <label end="0" start="0" name="sense3"/>
                </layer>
                <layer rank="1" name="Other"/>
                <layer rank="1" name="Target">
                    <label cBy="BoC" end="45" start="35" name="Target"/>
                </layer>
                <layer rank="1" name="Verb"/>
            </annotationSet>
        </sentence>
        <sentence sentNo="0" aPos="54286766" ID="715238">
            <text>In fact he had telegraphed the Informer for some expenses ` to entertaining priest &quot; , and , bewildered by this unusual demand , the editor had wired back money . </text>
            <annotationSet cDate="01/07/2003 11:42:21 PST Tue" status="UNANN" ID="894866">
                <layer rank="1" name="BNC">
                    <label end="1" start="0" name="PRP"/>
                    <label end="6" start="3" name="NN1"/>
                    <label end="9" start="8" name="PNP"/>
                    <label end="13" start="11" name="VHD"/>
                    <label end="25" start="15" name="VVN"/>
                    <label end="29" start="27" name="AT0"/>
                    <label end="38" start="31" name="NN1"/>
                    <label end="42" start="40" name="PRP"/>
                    <label end="47" start="44" name="DT0"/>
                    <label end="56" start="49" name="NN2"/>
                    <label end="58" start="58" name="PUQ"/>
                    <label end="61" start="60" name="PRP"/>
                    <label end="74" start="63" name="AJ0-VVG"/>
                    <label end="81" start="76" name="NN1"/>
                    <label end="83" start="83" name="PUQ"/>
                    <label end="85" start="85" name="PUN"/>
                    <label end="89" start="87" name="CJC"/>
                    <label end="91" start="91" name="PUN"/>
                    <label end="102" start="93" name="AJ0"/>
                    <label end="105" start="104" name="PRP"/>
                    <label end="110" start="107" name="DT0"/>
                    <label end="118" start="112" name="AJ0"/>
                    <label end="125" start="120" name="NN1"/>
                    <label end="127" start="127" name="PUN"/>
                    <label end="131" start="129" name="AT0"/>
                    <label end="138" start="133" name="NN1"/>
                    <label end="142" start="140" name="VHD"/>
                    <label end="148" start="144" name="VVN"/>
                    <label end="153" start="150" name="AVP"/>
                    <label end="159" start="155" name="NN1"/>
                    <label end="161" start="161" name="PUN"/>
                </layer>
                <layer rank="1" name="NER"/>
                <layer rank="1" name="WSL"/>
            </annotationSet>
            <annotationSet cDate="01/07/2003 11:42:21 PST Tue" status="MANUAL" ID="894867">
                <layer rank="1" name="FE">
                    <label cBy="JKR" feID="2481" end="9" start="8" name="Communicator"/>
                    <label cBy="JKR" feID="2483" end="38" start="27" name="Addressee"/>
                    <label cBy="KCo" feID="2487" end="83" start="40" name="Purpose"/>
                </layer>
                <layer rank="1" name="GF">
                    <label end="9" start="8" name="Ext"/>
                    <label end="38" start="27" name="Obj"/>
                    <label end="83" start="40" name="Dep"/>
                </layer>
                <layer rank="1" name="PT">
                    <label end="9" start="8" name="NP"/>
                    <label end="38" start="27" name="NP"/>
                    <label end="83" start="40" name="PP"/>
                </layer>
                <layer rank="1" name="Sent">
                    <label end="0" start="0" name="sense3"/>
                </layer>
                <layer rank="1" name="Other"/>
                <layer rank="1" name="Target">
                    <label cBy="BoC" end="25" start="15" name="Target"/>
                </layer>
                <layer rank="1" name="Verb"/>
            </annotationSet>
        </sentence>
        <sentence sentNo="0" aPos="59872733" ID="715245">
            <text>` I must go and telegraph Mama , &quot; he said suddenly . </text>
            <annotationSet cDate="01/07/2003 11:42:22 PST Tue" status="UNANN" ID="894880">
                <layer rank="1" name="BNC">
                    <label end="0" start="0" name="PUQ"/>
                    <label end="2" start="2" name="PNP"/>
                    <label end="7" start="4" name="VM0"/>
                    <label end="10" start="9" name="VVI"/>
                    <label end="14" start="12" name="CJC"/>
                    <label end="24" start="16" name="VVI"/>
                    <label end="29" start="26" name="NP0"/>
                    <label end="31" start="31" name="PUN"/>
                    <label end="33" start="33" name="PUQ"/>
                    <label end="36" start="35" name="PNP"/>
                    <label end="41" start="38" name="VVD"/>
                    <label end="50" start="43" name="AV0"/>
                    <label end="52" start="52" name="PUN"/>
                </layer>
                <layer rank="1" name="NER"/>
                <layer rank="1" name="WSL"/>
            </annotationSet>
            <annotationSet cDate="01/07/2003 11:42:22 PST Tue" status="MANUAL" ID="894881">
                <layer rank="1" name="FE">
                    <label cBy="JKR" feID="2483" end="29" start="26" name="Addressee"/>
                    <label cBy="JKR" feID="2481" end="2" start="2" name="Communicator"/>
                    <label cBy="ACW" feID="2488" itype="DNI" name="Topic"/>
                </layer>
                <layer rank="1" name="GF">
                    <label end="29" start="26" name="Obj"/>
                    <label end="2" start="2" name="Ext"/>
                </layer>
                <layer rank="1" name="PT">
                    <label end="29" start="26" name="NP"/>
                    <label end="2" start="2" name="NP"/>
                </layer>
                <layer rank="1" name="Sent">
                    <label end="0" start="0" name="sense3"/>
                </layer>
                <layer rank="1" name="Other"/>
                <layer rank="1" name="Target">
                    <label cBy="BoC" end="24" start="16" name="Target"/>
                </layer>
                <layer rank="1" name="Verb"/>
            </annotationSet>
        </sentence>
        <sentence sentNo="0" aPos="61124625" ID="715247">
            <text>We had telegraphed to the Hotel for rooms and there was a fire in the sitting room at which we spent the rest of the evening drying our clothes . </text>
            <annotationSet cDate="01/07/2003 11:42:22 PST Tue" status="UNANN" ID="894884">
                <layer rank="1" name="BNC">
                    <label end="1" start="0" name="PNP"/>
                    <label end="5" start="3" name="VHD"/>
                    <label end="17" start="7" name="VVN"/>
                    <label end="20" start="19" name="PRP"/>
                    <label end="24" start="22" name="AT0"/>
                    <label end="30" start="26" name="NN1-NP0"/>
                    <label end="34" start="32" name="PRP"/>
                    <label end="40" start="36" name="NN2"/>
                    <label end="44" start="42" name="CJC"/>
                    <label end="50" start="46" name="EX0"/>
                    <label end="54" start="52" name="VBD"/>
                    <label end="56" start="56" name="AT0"/>
                    <label end="61" start="58" name="NN1"/>
                    <label end="64" start="63" name="PRP"/>
                    <label end="68" start="66" name="AT0"/>
                    <label end="76" start="70" name="NN1"/>
                    <label end="81" start="78" name="NN1"/>
                    <label end="84" start="83" name="PRP"/>
                    <label end="90" start="86" name="DTQ"/>
                    <label end="93" start="92" name="PNP"/>
                    <label end="99" start="95" name="VVD"/>
                    <label end="103" start="101" name="AT0"/>
                    <label end="108" start="105" name="NN1"/>
                    <label end="111" start="110" name="PRF"/>
                    <label end="115" start="113" name="AT0"/>
                    <label end="123" start="117" name="NN1"/>
                    <label end="130" start="125" name="VVG"/>
                    <label end="134" start="132" name="DPS"/>
                    <label end="142" start="136" name="NN2"/>
                    <label end="144" start="144" name="PUN"/>
                </layer>
                <layer rank="1" name="NER"/>
                <layer rank="1" name="WSL"/>
            </annotationSet>
            <annotationSet cDate="01/07/2003 11:42:22 PST Tue" status="MANUAL" ID="894885">
                <layer rank="1" name="FE">
                    <label cBy="JKR" feID="2481" end="1" start="0" name="Communicator"/>
                    <label cBy="JKR" feID="2483" end="30" start="19" name="Addressee"/>
                    <label cBy="JKR" feID="2487" end="40" start="32" name="Purpose"/>
                </layer>
                <layer rank="1" name="GF">
                    <label end="1" start="0" name="Ext"/>
                    <label end="30" start="19" name="Dep"/>
                    <label end="40" start="32" name="Dep"/>
                </layer>
                <layer rank="1" name="PT">
                    <label end="1" start="0" name="NP"/>
                    <label end="30" start="19" name="PP"/>
                    <label end="40" start="32" name="PP"/>
                </layer>
                <layer rank="1" name="Sent">
                    <label end="0" start="0" name="sense2"/>
                </layer>
                <layer rank="1" name="Other"/>
                <layer rank="1" name="Target">
                    <label cBy="BoC" end="17" start="7" name="Target"/>
                </layer>
                <layer rank="1" name="Verb"/>
            </annotationSet>
        </sentence>
    </subCorpus>
</lexUnit>