<?xml version="1.0" encoding="UTF-8" standalone="yes"?>
<?xml-stylesheet type="text/xsl" href="lexUnit.xsl"?>
<lexUnit status="Created" POS="V" name="betroth.v" ID="9023" frame="Forming_relationships" frameID="723" totalAnnotated="0" xsi:schemaLocation="../schema/lexUnit.xsd" xmlns="http://framenet.icsi.berkeley.edu" xmlns:xsi="http://www.w3.org/2001/XMLSchema-instance">
    <header>
        <frame>
            <FE fgColor="FFFFFF" bgColor="A52A2A" type="Extra-Thematic" abbrev="cir" name="Circumstances"/>
            <FE fgColor="FFFFFF" bgColor="2E8B57" type="Extra-Thematic" abbrev="Cf" name="Communicative_force"/>
            <FE fgColor="FFFFFF" bgColor="9400D3" type="Extra-Thematic" abbrev="Dep" name="Depictive"/>
            <FE fgColor="FFFFFF" bgColor="FF00FF" type="Extra-Thematic" abbrev="Dur" name="Duration_of_final_state"/>
            <FE fgColor="000000" bgColor="FFFF00" type="Extra-Thematic" abbrev="exp" name="Explanation"/>
            <FE fgColor="FFFFFF" bgColor="00008B" type="Extra-Thematic" abbrev="" name="Frequency"/>
            <FE fgColor="000000" bgColor="90876C" type="Extra-Thematic" abbrev="Ite" name="Iterations"/>
            <FE fgColor="FFFFFF" bgColor="FF69B4" type="Peripheral" abbrev="" name="Manner"/>
            <FE fgColor="FFFFFF" bgColor="808080" type="Peripheral" abbrev="" name="Means"/>
            <FE fgColor="FFFFFF" bgColor="008000" type="Core" abbrev="" name="Partners"/>
            <FE fgColor="FFFFFF" bgColor="FF0000" type="Core" abbrev="" name="Partner_1"/>
            <FE fgColor="FFFFFF" bgColor="800080" type="Core" abbrev="" name="Partner_2"/>
            <FE fgColor="000000" bgColor="1E90FF" type="Peripheral" abbrev="Place" name="Place"/>
            <FE fgColor="FFFFFF" bgColor="9F79EE" type="Peripheral" abbrev="pur" name="Purpose"/>
            <FE fgColor="FFFFFF" bgColor="FFA500" type="Peripheral" abbrev="" name="Time"/>
        </frame>
    </header>
    <definition>FN: to promise someone in marriage to someone else.</definition>
    <lexeme POS="V" name="betroth"/>
    <valences/>
</lexUnit>