<?xml version="1.0" encoding="UTF-8" standalone="yes"?>
<?xml-stylesheet type="text/xsl" href="lexUnit.xsl"?>
<lexUnit status="Finished_Initial" POS="A" name="niggardly.a" ID="9021" frame="Stinginess" frameID="724" totalAnnotated="4" xsi:schemaLocation="../schema/lexUnit.xsd" xmlns="http://framenet.icsi.berkeley.edu" xmlns:xsi="http://www.w3.org/2001/XMLSchema-instance">
    <header>
        <corpus description="BNC2" name="BNC2" ID="111">
            <document description="bncp" name="bncp" ID="421"/>
        </corpus>
        <frame>
            <FE fgColor="FFFFFF" bgColor="800080" type="Core" abbrev="" name="Behavior"/>
            <FE fgColor="FFFFFF" bgColor="FF69B4" type="Peripheral" abbrev="" name="Degree"/>
            <FE fgColor="000000" bgColor="FFD700" type="Core" abbrev="exp" name="Expressor"/>
            <FE fgColor="FFFFFF" bgColor="00BFFF" type="Peripheral" abbrev="jud" name="Judge"/>
            <FE fgColor="FFFFFF" bgColor="FF00FF" type="Peripheral" abbrev="man" name="Manner"/>
            <FE fgColor="FFFFFF" bgColor="008000" type="Core" abbrev="" name="Recipient"/>
            <FE fgColor="FFFFFF" bgColor="0000FF" type="Core" abbrev="" name="Resource"/>
            <FE fgColor="FFFFFF" bgColor="FF0000" type="Core" abbrev="" name="Resource_controller"/>
        </frame>
    </header>
    <definition>COD: ungenerous. </definition>
    <lexeme POS="A" name="niggardly"/>
    <valences>
        <FERealization total="1">
            <FE name="Behavior"/>
            <pattern total="1">
                <valenceUnit GF="Dep" PT="PPing[in]" FE="Behavior"/>
                <annoSet ID="1866347"/>
            </pattern>
        </FERealization>
        <FERealization total="3">
            <FE name="Resource"/>
            <pattern total="1">
                <valenceUnit GF="Dep" PT="PP[about]" FE="Resource"/>
                <annoSet ID="1866345"/>
            </pattern>
            <pattern total="2">
                <valenceUnit GF="Dep" PT="PP[with]" FE="Resource"/>
                <annoSet ID="1866327"/>
                <annoSet ID="1866337"/>
            </pattern>
        </FERealization>
        <FERealization total="4">
            <FE name="Resource_controller"/>
            <pattern total="4">
                <valenceUnit GF="Ext" PT="NP" FE="Resource_controller"/>
                <annoSet ID="1866327"/>
                <annoSet ID="1866337"/>
                <annoSet ID="1866345"/>
                <annoSet ID="1866347"/>
            </pattern>
        </FERealization>
        <FEGroupRealization total="1">
            <FE name="Behavior"/>
            <FE name="Resource_controller"/>
            <pattern total="1">
                <valenceUnit GF="Dep" PT="PPing[in]" FE="Behavior"/>
                <valenceUnit GF="Ext" PT="NP" FE="Resource_controller"/>
                <annoSet ID="1866347"/>
            </pattern>
        </FEGroupRealization>
        <FEGroupRealization total="3">
            <FE name="Resource"/>
            <FE name="Resource_controller"/>
            <pattern total="1">
                <valenceUnit GF="Dep" PT="PP[about]" FE="Resource"/>
                <valenceUnit GF="Ext" PT="NP" FE="Resource_controller"/>
                <annoSet ID="1866345"/>
            </pattern>
            <pattern total="2">
                <valenceUnit GF="Dep" PT="PP[with]" FE="Resource"/>
                <valenceUnit GF="Ext" PT="NP" FE="Resource_controller"/>
                <annoSet ID="1866327"/>
                <annoSet ID="1866337"/>
            </pattern>
        </FEGroupRealization>
    </valences>
    <subCorpus name="01-T-(1)">
        <sentence corpID="111" docID="421" sentNo="4" paragNo="60" aPos="0" ID="1209613">
            <text>The critic must not be niggardly with his advice nor restrain himself so politely that he is unjust .</text>
            <annotationSet cDate="04/30/2003 04:02:07 PDT Wed" status="UNANN" ID="1866326">
                <layer rank="1" name="PENN">
                    <label end="2" start="0" name="dt"/>
                    <label end="9" start="4" name="nn"/>
                    <label end="14" start="11" name="md"/>
                    <label end="18" start="16" name="rb"/>
                    <label end="21" start="20" name="vb"/>
                    <label end="31" start="23" name="jj"/>
                    <label end="36" start="33" name="in"/>
                    <label end="40" start="38" name="PP$"/>
                    <label end="47" start="42" name="nn"/>
                    <label end="51" start="49" name="cc"/>
                    <label end="60" start="53" name="VV"/>
                    <label end="68" start="62" name="PP"/>
                    <label end="71" start="70" name="rb"/>
                    <label end="80" start="73" name="rb"/>
                    <label end="85" start="82" name="in"/>
                    <label end="88" start="87" name="PP"/>
                    <label end="91" start="90" name="VBZ"/>
                    <label end="98" start="93" name="jj"/>
                    <label end="100" start="100" name="sent"/>
                </layer>
                <layer rank="1" name="NER"/>
                <layer rank="1" name="WSL"/>
            </annotationSet>
            <annotationSet cDate="04/30/2003 04:02:07 PDT Wed" status="MANUAL" ID="1866327">
                <layer rank="1" name="Target">
                    <label cBy="CFB" end="31" start="23" name="Target"/>
                </layer>
                <layer rank="1" name="FE">
                    <label cBy="RLG" feID="4744" end="9" start="0" name="Resource_controller"/>
                    <label cBy="RLG" feID="4745" end="47" start="33" name="Resource"/>
                </layer>
                <layer rank="1" name="GF">
                    <label end="9" start="0" name="Ext"/>
                    <label end="47" start="33" name="Dep"/>
                </layer>
                <layer rank="1" name="PT">
                    <label end="9" start="0" name="NP"/>
                    <label end="47" start="33" name="PP"/>
                </layer>
                <layer rank="1" name="Other"/>
                <layer rank="1" name="Sent"/>
                <layer rank="1" name="Adj">
                    <label end="21" start="20" name="Cop"/>
                </layer>
            </annotationSet>
        </sentence>
        <sentence corpID="111" docID="421" sentNo="2" paragNo="121" aPos="0" ID="1209618">
            <text>The Crown , niggardly with salaries , was often generous with occasional douceurs and indirect payments .</text>
            <annotationSet cDate="04/30/2003 04:02:08 PDT Wed" status="UNANN" ID="1866336">
                <layer rank="1" name="PENN">
                    <label end="2" start="0" name="dt"/>
                    <label end="8" start="4" name="NP"/>
                    <label end="10" start="10" name=","/>
                    <label end="20" start="12" name="jj"/>
                    <label end="25" start="22" name="in"/>
                    <label end="34" start="27" name="nns"/>
                    <label end="36" start="36" name=","/>
                    <label end="40" start="38" name="VBD"/>
                    <label end="46" start="42" name="rb"/>
                    <label end="55" start="48" name="jj"/>
                    <label end="60" start="57" name="in"/>
                    <label end="71" start="62" name="jj"/>
                    <label end="80" start="73" name="nns"/>
                    <label end="84" start="82" name="cc"/>
                    <label end="93" start="86" name="jj"/>
                    <label end="102" start="95" name="nns"/>
                    <label end="104" start="104" name="sent"/>
                </layer>
                <layer rank="1" name="NER"/>
                <layer rank="1" name="WSL"/>
            </annotationSet>
            <annotationSet cDate="04/30/2003 04:02:08 PDT Wed" status="MANUAL" ID="1866337">
                <layer rank="1" name="Target">
                    <label cBy="CFB" end="20" start="12" name="Target"/>
                </layer>
                <layer rank="1" name="FE">
                    <label cBy="RLG" feID="4744" end="8" start="0" name="Resource_controller"/>
                    <label cBy="RLG" feID="4745" end="34" start="22" name="Resource"/>
                </layer>
                <layer rank="1" name="GF">
                    <label end="8" start="0" name="Ext"/>
                    <label end="34" start="22" name="Dep"/>
                </layer>
                <layer rank="1" name="PT">
                    <label end="8" start="0" name="NP"/>
                    <label end="34" start="22" name="PP"/>
                </layer>
                <layer rank="1" name="Other"/>
                <layer rank="1" name="Sent"/>
                <layer rank="1" name="Adj"/>
            </annotationSet>
        </sentence>
        <sentence corpID="111" docID="421" sentNo="2" paragNo="68" aPos="0" ID="1209622">
            <text>Sex , when properly understood , is one of the greatest human pleasures , and I have never seen why the older generation should be so niggardly about passing on the information .</text>
            <annotationSet cDate="04/30/2003 04:02:10 PDT Wed" status="UNANN" ID="1866344">
                <layer rank="1" name="PENN">
                    <label end="2" start="0" name="nn"/>
                    <label end="4" start="4" name=","/>
                    <label end="9" start="6" name="wrb"/>
                    <label end="18" start="11" name="rb"/>
                    <label end="29" start="20" name="VVN"/>
                    <label end="31" start="31" name=","/>
                    <label end="34" start="33" name="VBZ"/>
                    <label end="38" start="36" name="cd"/>
                    <label end="41" start="40" name="in"/>
                    <label end="45" start="43" name="dt"/>
                    <label end="54" start="47" name="jjs"/>
                    <label end="60" start="56" name="jj"/>
                    <label end="70" start="62" name="nns"/>
                    <label end="72" start="72" name=","/>
                    <label end="76" start="74" name="cc"/>
                    <label end="78" start="78" name="PP"/>
                    <label end="83" start="80" name="VHP"/>
                    <label end="89" start="85" name="rb"/>
                    <label end="94" start="91" name="VVN"/>
                    <label end="98" start="96" name="wrb"/>
                    <label end="102" start="100" name="dt"/>
                    <label end="108" start="104" name="jjr"/>
                    <label end="119" start="110" name="nn"/>
                    <label end="126" start="121" name="md"/>
                    <label end="129" start="128" name="vb"/>
                    <label end="132" start="131" name="rb"/>
                    <label end="142" start="134" name="jj"/>
                    <label end="148" start="144" name="in"/>
                    <label end="156" start="150" name="VVG"/>
                    <label end="159" start="158" name="in"/>
                    <label end="163" start="161" name="dt"/>
                    <label end="175" start="165" name="nn"/>
                    <label end="177" start="177" name="sent"/>
                </layer>
                <layer rank="1" name="NER"/>
                <layer rank="1" name="WSL"/>
            </annotationSet>
            <annotationSet cDate="04/30/2003 04:02:10 PDT Wed" status="MANUAL" ID="1866345">
                <layer rank="1" name="Target">
                    <label cBy="CFB" end="142" start="134" name="Target"/>
                </layer>
                <layer rank="1" name="FE">
                    <label cBy="RLG" feID="4744" end="119" start="100" name="Resource_controller"/>
                    <label cBy="RLG" feID="4745" end="175" start="144" name="Resource"/>
                </layer>
                <layer rank="1" name="GF">
                    <label end="119" start="100" name="Ext"/>
                    <label end="175" start="144" name="Dep"/>
                </layer>
                <layer rank="1" name="PT">
                    <label end="119" start="100" name="NP"/>
                    <label end="175" start="144" name="PP"/>
                </layer>
                <layer rank="1" name="Other"/>
                <layer rank="1" name="Sent"/>
                <layer rank="1" name="Adj">
                    <label end="129" start="128" name="Cop"/>
                </layer>
            </annotationSet>
        </sentence>
        <sentence corpID="111" docID="421" sentNo="3" paragNo="134" aPos="0" ID="1209623">
            <text>` They are afraid to spend money even when it is necessary , fond of receiving , niggardly in giving .</text>
            <annotationSet cDate="04/30/2003 04:02:10 PDT Wed" status="UNANN" ID="1866346">
                <layer rank="1" name="PENN">
                    <label end="5" start="2" name="PP"/>
                    <label end="9" start="7" name="vbp"/>
                    <label end="16" start="11" name="jj"/>
                    <label end="19" start="18" name="to"/>
                    <label end="25" start="21" name="VV"/>
                    <label end="31" start="27" name="nn"/>
                    <label end="36" start="33" name="rb"/>
                    <label end="41" start="38" name="wrb"/>
                    <label end="44" start="43" name="PP"/>
                    <label end="47" start="46" name="VBZ"/>
                    <label end="57" start="49" name="jj"/>
                    <label end="59" start="59" name=","/>
                    <label end="64" start="61" name="jj"/>
                    <label end="67" start="66" name="in"/>
                    <label end="77" start="69" name="VVG"/>
                    <label end="79" start="79" name=","/>
                    <label end="89" start="81" name="jj"/>
                    <label end="92" start="91" name="in"/>
                    <label end="99" start="94" name="VVG"/>
                    <label end="101" start="101" name="sent"/>
                </layer>
                <layer rank="1" name="NER"/>
                <layer rank="1" name="WSL"/>
            </annotationSet>
            <annotationSet cDate="04/30/2003 04:02:11 PDT Wed" status="MANUAL" ID="1866347">
                <layer rank="1" name="Target">
                    <label cBy="CFB" end="89" start="81" name="Target"/>
                </layer>
                <layer rank="1" name="FE">
                    <label cBy="RLG" feID="4744" end="5" start="2" name="Resource_controller"/>
                    <label cBy="RLG" feID="4748" end="99" start="91" name="Behavior"/>
                </layer>
                <layer rank="1" name="GF">
                    <label end="5" start="2" name="Ext"/>
                    <label end="99" start="91" name="Dep"/>
                </layer>
                <layer rank="1" name="PT">
                    <label end="5" start="2" name="NP"/>
                    <label end="99" start="91" name="PPing"/>
                </layer>
                <layer rank="1" name="Other"/>
                <layer rank="1" name="Sent"/>
                <layer rank="1" name="Adj">
                    <label end="9" start="7" name="Cop"/>
                </layer>
            </annotationSet>
        </sentence>
    </subCorpus>
</lexUnit>