<?xml version="1.0" encoding="UTF-8" standalone="yes"?>
<?xml-stylesheet type="text/xsl" href="lexUnit.xsl"?>
<lexUnit status="Insufficient_Attestations" POS="N" name="miserliness.n" ID="9016" frame="Stinginess" frameID="724" totalAnnotated="0" xsi:schemaLocation="../schema/lexUnit.xsd" xmlns="http://framenet.icsi.berkeley.edu" xmlns:xsi="http://www.w3.org/2001/XMLSchema-instance">
    <header>
        <frame>
            <FE fgColor="FFFFFF" bgColor="800080" type="Core" abbrev="" name="Behavior"/>
            <FE fgColor="FFFFFF" bgColor="FF69B4" type="Peripheral" abbrev="" name="Degree"/>
            <FE fgColor="000000" bgColor="FFD700" type="Core" abbrev="exp" name="Expressor"/>
            <FE fgColor="FFFFFF" bgColor="00BFFF" type="Peripheral" abbrev="jud" name="Judge"/>
            <FE fgColor="FFFFFF" bgColor="FF00FF" type="Peripheral" abbrev="man" name="Manner"/>
            <FE fgColor="FFFFFF" bgColor="008000" type="Core" abbrev="" name="Recipient"/>
            <FE fgColor="FFFFFF" bgColor="0000FF" type="Core" abbrev="" name="Resource"/>
            <FE fgColor="FFFFFF" bgColor="FF0000" type="Core" abbrev="" name="Resource_controller"/>
        </frame>
    </header>
    <definition>FN: the quality characteristic of a miser; the state of being a miser</definition>
    <lexeme POS="N" name="miserliness"/>
    <valences/>
</lexUnit>