LANDMARK NAME,ID,ADDRESS,DATE BUILT,ARCHITECT,LANDMARK DESIGNATION DATE,LATITUDE,LONGITUDE,LOCATION,Boundaries - ZIP Codes,Community Areas,Zip Codes,Census Tracts,Wards,Historical Wards 2003-2015
Vassar Swiss Underwear Company Building,L-265,2543 - 2545 W Diversey Av,,,2008-07-30T07:00:00.000Z,41.93162660840,-87.69210009570,"{'latitude': '41.9316266084', 'longitude': '-87.6921000957'}",1,23,22535,240,40,24
Mathilde Eliel House,L- 89,4122 S Ellis Av,1886,Adler & Sullivan,1991-10-02T07:00:00.000Z,41.81925575100,-87.60278799920,"{'latitude': '41.819255751', 'longitude': '-87.6027879992'}",36,2,4301,220,10,1
Manhattan Building,L-139,431 S Dearborn St,1891,William LeBaron Jenney,1978-07-07T07:00:00.000Z,41.87606572340,-87.62896445050,"{'latitude': '41.8760657234', 'longitude': '-87.6289644505'}",35,38,14913,92,10,48
Machinery Hall at Illinois Institute of Technology,L- 12,100 W 33rd St,1901,"Patton, Fisher & Miller",2004-05-26T07:00:00.000Z,41.83516141220,-87.62922122350,"{'latitude': '41.8351614122', 'longitude': '-87.6292212235'}",40,1,21194,25,9,12
Melissa Ann Elam House,L- 88,4726 S Dr Martin Luther King Jr Dr,1903,Henry L. Newhouse,1979-03-21T08:00:00.000Z,41.80852976900,-87.61720439490,"{'latitude': '41.808529769', 'longitude': '-87.6172043949'}",10,4,21192,162,9,12
(Former) Pioneer Trust and Savings Bank Building,L-318,4000 W. North Ave.,1924,Karl M. Vitzthum,2012-06-06T07:00:00.000Z,41.91019210540,-87.72661734150,"{'latitude': '41.9101921054', 'longitude': '-87.7266173415'}",2,24,22615,285,49,27
DuPont-Whitehouse House,L- 85,3558 S Artesian Av,1876,Oscar Cobb & Co.,1996-04-16T07:00:00.000Z,41.82858164890,-87.68659368180,"{'latitude': '41.8285816489', 'longitude': '-87.6865936818'}",56,56,14924,2,1,29
Montgomery Ward & Co. Catalog House,L-149,618 W Chicago Av,1907-08,"Richard E. Schmidt, Garden and Martin",2000-05-17T07:00:00.000Z,41.89743686760,-87.64369541550,"{'latitude': '41.8974368676', 'longitude': '-87.6436954155'}",54,37,14926,108,46,41
Vorwaerts Turner Hall,L-286,2431 W. Roosevelt Rd,,,2009-09-03T07:00:00.000Z,41.86615181030,-87.68724694440,"{'latitude': '41.8661518103', 'longitude': '-87.6872469444'}",43,29,14920,96,23,11
City Hall-County Building,L- 71,121 N LaSalle St / 118 N Clark St,1905-08,Holabird and Roche,1982-01-21T08:00:00.000Z,41.88384254250,-87.63165528140,"{'latitude': '41.8838425425', 'longitude': '-87.6316552814'}",41,38,14310,92,36,22
Illinois and Michigan Canal,L-119,S Fork of Chicago River at W Levee & W Fuller Sts,1845-48,,1996-05-09T07:00:00.000Z,41.84265823380,-87.66461646160,"{'latitude': '41.8426582338', 'longitude': '-87.6646164616'}",43,33,14920,126,26,26
Lake Shore & Michigan Southern Bridges (pair),L-242,"Calumet River, N of 98th St & E of Chicago Skyway",,,2007-12-12T08:00:00.000Z,41.71968671220,-87.54296094410,"{'latitude': '41.7196867122', 'longitude': '-87.5429609441'}",25,49,21202,528,47,47
(Former) Schlitz Brewery Tied-House@11400S.Front,L-309,11400 S. Front Ave.,1906,Frommann and Jebsen,2011-07-06T07:00:00.000Z,41.68712465240,-87.61238873510,"{'latitude': '41.6871246524', 'longitude': '-87.6123887351'}",19,45,21861,253,43,30
Haskell-Barker-Atwater Buildings,L-109,18-28 S Wabash Av,1875-77,Wheelock & Thomas and John M. Van Osdel,1996-11-13T08:00:00.000Z,41.88136175490,-87.62665807950,"{'latitude': '41.8813617549', 'longitude': '-87.6266580795'}",34,38,14311,367,36,22
300 West Adams Street Office Building,L-279,300 W Adams St,,,,41.87972742690,-87.63568106970,"{'latitude': '41.8797274269', 'longitude': '-87.6356810697'}",46,38,14914,92,36,48
Three Arts Club,L-239,1300 N Dearborn St,1914,Holabird and Roche,1981-06-10T07:00:00.000Z,41.90600701550,-87.63046790390,"{'latitude': '41.9060070155', 'longitude': '-87.6304679039'}",54,37,14926,17,11,22
First Baptist Congregational Church,L- 93,60 N Ashland Av,1869-71,Gurdon P. Randall,1982-01-21T08:00:00.000Z,41.88299040110,-87.66728152940,"{'latitude': '41.8829904011', 'longitude': '-87.6672815294'}",28,29,21184,90,46,41
Congress Theater,L- 75,2117-39 N Milwaukee Av / 2117-39 N Rockwell St,1925-26,Fridstein & Co.,2002-07-10T07:00:00.000Z,41.92031652930,-87.69221314400,"{'latitude': '41.9203165293', 'longitude': '-87.692213144'}",1,23,22535,323,41,24
Jane Addams' Hull House and Dining Hall,L- 43,800 S Halsted St,1856,"Unknown, Dining Hall 1905: Pond & Pond",1974-06-12T07:00:00.000Z,41.87150889200,-87.64835751570,"{'latitude': '41.871508892', 'longitude': '-87.6483575157'}",44,29,14917,97,48,8
Palliser's Cottage Home No. 35,L- 41,2314 W 111th Pl,1882,"Palliser, Palliser & Co.",2000-02-16T08:00:00.000Z,41.69109191660,-87.67939883460,"{'latitude': '41.6910919166', 'longitude': '-87.6793988346'}",13,74,22212,378,42,33
Steuben Club Building,L-218,188 W Randolph St,1929,Karl M. Vitzhum & Co.,2006-07-26T07:00:00.000Z,41.88482916100,-87.63360295490,"{'latitude': '41.884829161', 'longitude': '-87.6336029549'}",42,38,14309,92,36,22
Hotel St. Benedict Flats,L-115,40-52 E Chicago Av,1882-83,James J. Egan,1996-03-26T08:00:00.000Z,41.89698040730,-87.62644177130,"{'latitude': '41.8969804073', 'longitude': '-87.6264417713'}",6,37,21182,104,36,22
Cortland Street Drawbridge,L- 76,1440 W Cortland St,1902,John Ernst Ericson. Bridgehse reconst. 1982,1991-07-24T07:00:00.000Z,41.91691726500,-87.66431155340,"{'latitude': '41.916917265', 'longitude': '-87.6643115534'}",49,23,21190,209,11,16
August Dewes House,L- 81,509 W Wrightwood Av,1894-96,Adolph Cudell & Arthur Hercz,2005-03-09T08:00:00.000Z,41.93027815380,-87.64176888950,"{'latitude': '41.9302781538', 'longitude': '-87.6417688895'}",16,68,21190,18,34,51
New York Life Building,L-217,37-43 S LaSalle St,1893-94,1898 add:Jenney & Mundie 1903 add:Arch Unknown,2006-07-26T07:00:00.000Z,41.88088658290,-87.63174751080,"{'latitude': '41.8808865829', 'longitude': '-87.6317475108'}",34,38,14311,92,36,22
"Tree Studios, Annexes and Courtyard",L-196,601-23 N State St/4-10 E Ohio St/3-7 E Ontario St,1894,"Parfitt Brothers, with Bauer & Hill",1997-02-26T08:00:00.000Z,41.89287852610,-87.62773714670,"{'latitude': '41.8928785261', 'longitude': '-87.6277371467'}",6,37,21182,626,36,22
Gwendolyn Brooks House,L-289,7428 S. Evans Ave,1890,Unknown,2010-02-10T08:00:00.000Z,41.75950343730,-87.60700119980,"{'latitude': '41.7595034373', 'longitude': '-87.6070011998'}",61,67,21546,515,32,31
Spiegel Administration Building,L-302,1038 W. 35th Street,"1936, 1941","Battey & Kipp (1936), A. Epstein (1941-1942)",2011-05-04T07:00:00.000Z,41.83093188300,-87.65200153930,"{'latitude': '41.830931883', 'longitude': '-87.6520015393'}",43,58,14924,171,48,26
Union Park Hotel,L-293,1519 West Warren Blvd,1930,Banjamin Albert Comm,2010-06-09T07:00:00.000Z,41.88212992110,-87.66615383740,"{'latitude': '41.8821299211', 'longitude': '-87.6661538374'}",44,29,14917,63,46,41
Reebie Storage Warehouse,L-173,2325-33 N Clark St,1921-22,George Kingsley,1999-09-01T07:00:00.000Z,41.92471947570,-87.63944577020,"{'latitude': '41.9247194757', 'longitude': '-87.6394457702'}",16,68,21190,207,34,51
Essanay Studios,L- 90,1333-35 W Argle St,1908-15,Various Architects,1996-03-26T08:00:00.000Z,41.97214864810,-87.66333535030,"{'latitude': '41.9721486481', 'longitude': '-87.6633353503'}",15,31,22616,633,18,37
Calumet Park Fieldhouse,L- 33,9801 S Avenue G,1922-24,South Park Commission Architects,2006-10-04T07:00:00.000Z,41.71773728960,-87.53057838230,"{'latitude': '41.7177372896', 'longitude': '-87.5305783823'}",25,49,21202,705,47,47
Frederick C. Robie House,L-176,5757 S Woodlawn Av,1909,Frank Lloyd Wright,1971-09-15T07:00:00.000Z,41.78992032480,-87.59597027940,"{'latitude': '41.7899203248', 'longitude': '-87.5959702794'}",60,8,22260,503,33,32
333 North Michigan Building,L-197,333 N Michigan Av,1928,Holabird & Roche/Holabird & Root,1997-02-07T08:00:00.000Z,41.88780778230,-87.62420053820,"{'latitude': '41.8878077823', 'longitude': '-87.6242005382'}",42,38,14309,580,36,22
"Sears, Roebuck and Company Administration Building",L-181,3333 W Arthington St,1905-14,Nimmons & Fellows and George C. Nimmons & Co.,2002-09-04T07:00:00.000Z,41.86968208660,-87.70963237400,"{'latitude': '41.8696820866', 'longitude': '-87.709632374'}",30,30,21572,98,14,36
(Former) Marquette Park State Bank Building,L-274,6314 S Western Av,,,,41.77866540380,-87.68401948090,"{'latitude': '41.7786654038', 'longitude': '-87.6840194809'}",58,64,22257,319,2,44
Myron Bachman House,L- 52,1244 W Carmen av,1948,Bruce Goff,1992-12-09T08:00:00.000Z,41.97488820460,-87.66168184460,"{'latitude': '41.9748882046', 'longitude': '-87.6616818446'}",15,31,22616,633,18,37
Pennsylania Bridge,L-249,"S Branch Chgo River, 19th St, SE of Lumber St",,,2007-12-12T08:00:00.000Z,41.85565852410,-87.63700353570,"{'latitude': '41.8556585241', 'longitude': '-87.6370035357'}",40,33,21194,126,26,8
Chicago Varnish Company Building,L- 70,33 W Kinzie St,1895,Henry Ives Cobb,2001-07-25T07:00:00.000Z,41.88899569490,-87.62934802120,"{'latitude': '41.8889956949', 'longitude': '-87.6293480212'}",55,37,4446,669,36,22
"(Former) Engine Company 104, Truck 3",L-230,1401 S Michigan Av,1905,Charles F. Hermann,2003-10-01T07:00:00.000Z,41.86395764060,-87.62361007470,"{'latitude': '41.8639576406', 'longitude': '-87.6236100747'}",35,34,14913,374,9,48
James A. Sexton School,L-183,160 W Wendell St,1882,Architect Unknown,1978-05-07T07:00:00.000Z,41.90156831280,-87.63384356660,"{'latitude': '41.9015683128', 'longitude': '-87.6338435666'}",54,37,14926,310,46,51
Tribune Tower,L-198,435 N Michigan Av,1922-25,Raymond M. Hood and John Mead Howells,1989-02-01T08:00:00.000Z,41.89046021810,-87.62326506790,"{'latitude': '41.8904602181', 'longitude': '-87.6232650679'}",6,37,21182,159,36,22
Garfield Park Fieldhouse,L-285,100 N. Central park Ave,1928,,2009-09-03T07:00:00.000Z,41.88268399880,-87.71606860000,"{'latitude': '41.8826839988', 'longitude': '-87.7160686'}",30,28,21572,176,23,11
John J. Glessner House,L-104,1800 S Prairie Av,1886,Henry Hobson Richardson,1970-10-14T07:00:00.000Z,41.85772464120,-87.62121065590,"{'latitude': '41.8577246412', 'longitude': '-87.6212106559'}",40,34,21194,374,9,48
McCormick Double House,L-143,660 N Rush St,1875,Frederick & Edward Baumann,2005-10-06T07:00:00.000Z,41.89427875560,-87.62572114350,"{'latitude': '41.8942787556', 'longitude': '-87.6257211435'}",6,37,21182,626,36,22
Richard Wright House,L-290,4831 S Vincennes Avenue,1893,Unknown,2010-02-10T08:00:00.000Z,41.80666962540,-87.61349705950,"{'latitude': '41.8066696254', 'longitude': '-87.6134970595'}",10,4,21192,447,9,12
Rosehill Cemetery Entrance,L- 21,5800 N Ravenswood Av,1864,William W. Boyington,1980-10-16T07:00:00.000Z,41.98659406260,-87.67524667590,"{'latitude': '41.9865940626', 'longitude': '-87.6752466759'}",14,6,21849,664,24,46
(Former) Mid-City Trust and Savings Bank Buildings,L-317,2 S. Halsted Street,1911-12,Horatio R. Wilson(Original Building),2012-04-24T05:00:00.000Z,41.88148442240,-87.64769505050,"{'latitude': '41.8814844224', 'longitude': '-87.6476950505'}",44,29,14917,91,46,41
Union Station,L-200,210 S Canal St,1913-25,"Graham, Anderson, Probst & White",2002-05-01T07:00:00.000Z,41.87866990260,-87.64035673350,"{'latitude': '41.8786699026', 'longitude': '-87.6403567335'}",45,29,14914,786,36,48
Alfred Caldwell Lily Pool,L- 60,North end of Lincoln Park Zoo at Fullerton Parkway,1936-38,Landscape Architect: Alfred Caldwell,2002-11-06T08:00:00.000Z,41.92499922610,-87.63396224710,"{'latitude': '41.9249992261', 'longitude': '-87.6339622471'}",16,68,21190,207,34,51
35 East Wacker Building,L-195,35 E Wacker Dr,1925-27,Joachim G. Giaver & Frederick P. Dinkelberg,1994-02-09T08:00:00.000Z,41.88651836450,-87.62678476580,"{'latitude': '41.8865183645', 'longitude': '-87.6267847658'}",42,38,14309,580,36,22
Chicago Public Library/Cultural Center,L- 68,78 E Washington St,1897,"Shepley, Rutan and Coolidge",1976-11-05T08:00:00.000Z,41.88386466210,-87.62499586560,"{'latitude': '41.8838646621', 'longitude': '-87.6249958656'}",41,38,14309,580,36,22
(Former) Engine Company 86,L-229,2414 W Cuyler Av,1899,Board of Public Works,2003-10-01T07:00:00.000Z,41.95519143910,-87.68922823730,"{'latitude': '41.9551914391', 'longitude': '-87.6892282373'}",39,46,21538,624,18,13
Elks National Memorial Headquarters Building,L- 01,2750 N Lakeview Ave,1924-26,Egerton Swartwout,2003-10-01T07:00:00.000Z,41.93228562150,-87.63989764860,"{'latitude': '41.9322856215', 'longitude': '-87.6398976486'}",16,68,21190,101,34,51
Florsheim Shoe Company Building,L- 32,3963 W Belmont Av,1924-26,Alfred S. Alschuler,2006-03-29T08:00:00.000Z,41.93861000740,-87.72659889840,"{'latitude': '41.9386100074', 'longitude': '-87.7265988984'}",39,22,22618,215,21,7
S. Pond Refectory/Men's & Ladies Comfort Station,L-189,2019 N Stockton Dr,1908&1888,S Pond:Perkins&Hamilton Comfort:Joseph L Silsbee,2003-02-05T08:00:00.000Z,41.91910519520,-87.63401010490,"{'latitude': '41.9191051952', 'longitude': '-87.6340101049'}",16,68,21190,207,34,51
"Reid, Murdoch and Company Building",L-174,320 N Clark St,1914,George C. Nimmons,1976-11-15T08:00:00.000Z,41.88812723870,-87.63183147210,"{'latitude': '41.8881272387', 'longitude': '-87.6318314721'}",55,37,4446,670,36,22
Washington Block,L-207,40 N Wells St,1873-74,Frederick & Edward Baumann,1997-01-14T08:00:00.000Z,41.88295583430,-87.63407765680,"{'latitude': '41.8829558343', 'longitude': '-87.6340776568'}",46,38,14914,92,36,22
Chicago Orphan Asylum Building,L-278,"5120 S Dr Martin Luther King, Jr. Dr",,,,41.80134195790,-87.61650779650,"{'latitude': '41.8013419579', 'longitude': '-87.6165077965'}",10,7,21192,218,9,12
Marshall Field and Company Building,L-141,111 N State St,1892,Daniel H. Burham & Charles Atwood,2005-11-01T08:00:00.000Z,41.88385680190,-87.62703773950,"{'latitude': '41.8838568019', 'longitude': '-87.6270377395'}",41,38,14310,580,36,22
Monadnock Block,L-148,53 W Jackson Blvd,1889-93,N1/2: Burham & Root; S1/2: Holabird & Roche,1973-11-14T08:00:00.000Z,41.87753144730,-87.62954580840,"{'latitude': '41.8775314473', 'longitude': '-87.6295458084'}",29,38,14912,92,10,48
Sydney A. Kent House,L-128,2944 S Michigan Av,1883,Burnham and Root,1987-03-18T08:00:00.000Z,41.84067685510,-87.62400070560,"{'latitude': '41.8406768551', 'longitude': '-87.6240007056'}",40,1,21194,191,9,48
(Former) Engine Company 27,L-227,1244 N Wells St,1874,1907 (add.) Board of Public Works,2003-10-01T07:00:00.000Z,41.90516101510,-87.63484793500,"{'latitude': '41.9051610151', 'longitude': '-87.634847935'}",54,37,14926,290,11,51
Medinah Temple,L-145,600 N Wabash Av,1912,Huehl & Schmid,2001-06-27T07:00:00.000Z,41.89288778220,-87.62714151420,"{'latitude': '41.8928877822', 'longitude': '-87.6271415142'}",6,37,21182,626,36,22
South Shore Cultural Center,L- 11,7059 South Shore Dr,"1906,09,16",Marshall & Fox,2004-05-26T07:00:00.000Z,41.76760866280,-87.56441514230,"{'latitude': '41.7676086628', 'longitude': '-87.5644151423'}",24,39,22538,142,33,32
Old Colony Building,L-155,407 S Dearborn St,1894,Holabird & Roche,1978-07-07T07:00:00.000Z,41.87660759400,-87.62897733410,"{'latitude': '41.876607594', 'longitude': '-87.6289773341'}",35,38,14913,92,10,48
Lion House - Lincoln Park Zoo,L- 15,2132 N Stockton Dr,1912,"Perkins, Fellows & Hamilton",2005-11-30T08:00:00.000Z,41.92133817000,-87.63333598130,"{'latitude': '41.92133817', 'longitude': '-87.6333359813'}",16,68,21190,207,34,51
Statue of the Republic,L-191,Jackson Park at Hayes & Richards Drs,1918,"Daniel Chester French,sculptor&Henry Bacon,arch",2003-06-04T07:00:00.000Z,41.77959612600,-87.57988165090,"{'latitude': '41.779596126', 'longitude': '-87.5798816509'}",24,9,22538,134,33,32
Crown Hall,L- 29,3360 S State St,1950-56,Ludwig Mies van der Rohe,1997-10-01T07:00:00.000Z,41.83324516770,-87.62728520130,"{'latitude': '41.8332451677', 'longitude': '-87.6272852013'}",40,1,21194,25,9,12
Inland Steel Building,L-121,30 W Monore St,1957,"Skidmore, Owings & Merrill",1998-10-07T07:00:00.000Z,41.88107331660,-87.62900319140,"{'latitude': '41.8810733166', 'longitude': '-87.6290031914'}",34,38,14311,92,36,22
Riviera Motor Sales Company Building,L-319,5948-60 N. Braodway,1925-26,R. Bernard Kurzon,2012-06-06T07:00:00.000Z,41.99064508690,-87.66070277950,"{'latitude': '41.9906450869', 'longitude': '-87.6607027795'}",14,76,4451,536,16,40
Schlecht House,L-226,5804 W Race Av,1887,Frederick Schock,1999-01-20T08:00:00.000Z,41.89038608750,-87.77039879610,"{'latitude': '41.8903860875', 'longitude': '-87.7703987961'}",32,26,22216,672,7,52
Ebenezer Missionary Baptist Church Building,L-313,4501 S. Vincennes Ave,1898-1899,Dankmar Adler,2011-07-28T07:00:00.000Z,41.81283644920,-87.61357453540,"{'latitude': '41.8128364492', 'longitude': '-87.6135745354'}",36,4,4301,161,9,12
Keck-Gottschalk-Keck Apartments,L-126,5551 S University Av,1937,George and William Keck,1994-08-03T07:00:00.000Z,41.79355086100,-87.59770366170,"{'latitude': '41.793550861', 'longitude': '-87.5977036617'}",60,8,22260,154,33,32
6901 Oglesby Cooperative Apartment Building,L-266,6901 S Oglesby Av,1928-29,Paul Frederick Olsen,2008-09-10T07:00:00.000Z,41.76959910740,-87.56778515570,"{'latitude': '41.7695991074', 'longitude': '-87.5677851557'}",24,39,22538,142,33,32
(Former) Schlitz Brewery Stable Building,L-308,11314 S. Front Ave.,1906,Frommann and Jebsen,2011-07-06T07:00:00.000Z,41.68855888130,-87.61215286680,"{'latitude': '41.6885588813', 'longitude': '-87.6121528668'}",19,45,21861,253,43,30
860-880 Lake Shore Drive,L- 86,860-880 N Lake Shore Dr,1949-51,Ludwig Mies van der Rohe,1996-06-10T07:00:00.000Z,41.89884251220,-87.61885733230,"{'latitude': '41.8988425122', 'longitude': '-87.6188573323'}",6,37,21182,233,11,22
(Former) Hyde Park Bank,L-267,1515-1535 E 53rd St,,,,41.79932571070,-87.58818688150,"{'latitude': '41.7993257107', 'longitude': '-87.5881868815'}",10,8,21192,500,33,1
F. R. Schock House,L-223,5804 W Midway Park,1886,Frederick Schock,1999-01-20T08:00:00.000Z,41.88932169350,-87.77022252260,"{'latitude': '41.8893216935', 'longitude': '-87.7702225226'}",32,26,22216,672,7,52
John Raber House,L-170,5760 S LaFayette Av,1870,"Major Alterations, 1894;Thomas Wing",1996-04-16T07:00:00.000Z,41.78921937330,-87.62695293640,"{'latitude': '41.7892193733', 'longitude': '-87.6269529364'}",11,7,21559,164,4,53
Bryn Mawr Apartment Hotel,L- 57,5550 N Kenmore Av,1927-28,Alexander L. Levy & William J. Klein,2002-11-06T08:00:00.000Z,41.98331134330,-87.65700295580,"{'latitude': '41.9833113433', 'longitude': '-87.6570029558'}",15,76,22616,145,16,40
Charles N. Loucks House,L-269,3926 N Keeler,,,2008-10-08T07:00:00.000Z,41.95260359330,-87.73287873130,"{'latitude': '41.9526035933', 'longitude': '-87.7328787313'}",21,16,22618,295,50,25
Edwin Colvin House,L- 73,5940 N Sheridan Rd,1909,George W. Maher,1994-10-05T07:00:00.000Z,41.99033609720,-87.65581666270,"{'latitude': '41.9903360972', 'longitude': '-87.6558166627'}",14,76,4451,213,16,40
Northwestern University Settlement House,L-154,1400 W Augusta Blvd,1901,Pond & Pond,1993-12-01T08:00:00.000Z,41.90004272660,-87.66287409780,"{'latitude': '41.9000427266', 'longitude': '-87.6628740978'}",49,25,22620,484,11,41
Civic Opera Building,L- 72,20 N Wacker Dr,1927-29,"Graham, Anderson, Probst & White",1998-02-05T08:00:00.000Z,41.88253374880,-87.63751300360,"{'latitude': '41.8825337488', 'longitude': '-87.6375130036'}",46,38,14914,92,36,22
"Engine Company 84, Truck 51",L-238,6204 S Green St,1929,"Paul Gerhardt, Jr.",2003-10-01T07:00:00.000Z,41.78126631130,-87.64639699770,"{'latitude': '41.7812663113', 'longitude': '-87.6463969977'}",11,66,21559,22,2,19
Majestic Building and Theater,L-138,22 W Monore St,1906,Edmund R. Krause,2005-05-11T07:00:00.000Z,41.88107855570,-87.62857775690,"{'latitude': '41.8810785557', 'longitude': '-87.6285777569'}",34,38,14311,92,36,22
(Former) Schlitz Brewery-Tied House@1801W.Division,L-303,1801 W. Division St.,1900-01,Fritz Lang,2011-05-04T07:00:00.000Z,41.90301324430,-87.67254144770,"{'latitude': '41.9030132443', 'longitude': '-87.6725414477'}",4,25,21560,462,41,24
"Engine Company 5, Truck 2",L-234,324 S DesPlaines Av,1928,Alfred S. Alschulter,2003-10-01T07:00:00.000Z,41.87718066000,-87.64430863970,"{'latitude': '41.87718066', 'longitude': '-87.6443086397'}",45,29,4452,786,36,48
John Wingert House,L-212,6231 N Canfield Av,1854,Add. c. 1868-75 Architect Unknown,1990-07-31T07:00:00.000Z,41.99430884930,-87.82160659070,"{'latitude': '41.9943088493', 'longitude': '-87.8216065907'}",17,36,22243,734,29,34
Richard Nickel Studio,L-294,"1810 West Cortland St,",1889`,Unknown,2010-06-09T07:00:00.000Z,41.91627982100,-87.67324117700,"{'latitude': '41.916279821', 'longitude': '-87.673241177'}",4,23,21560,179,40,16
Old Chicago Coast Guard Station,L-240,250 North Breakwater Access,,,2007-12-12T08:00:00.000Z,41.88764074910,-87.61019755210,"{'latitude': '41.8876407491', 'longitude': '-87.6101975521'}",42,38,21182,159,36,22
Germania Club Building,L-298,108 W. Germania Place / 1538-1542 N. Clark St.,1889,Addison  and Fiedler,2011-01-13T08:00:00.000Z,41.91061324280,-87.63207758150,"{'latitude': '41.9106132428', 'longitude': '-87.6320775815'}",54,37,14926,100,11,22
Laramie State Bank Building,L-132,5200 W Chicago Av,1927-29,Meyer & Cook with Northwestern Terra Cotta Co.,1995-06-14T07:00:00.000Z,41.89520775960,-87.75583758280,"{'latitude': '41.8952077596', 'longitude': '-87.7558375828'}",5,26,4299,562,45,4
Ida B. Wells-Barnett House,L-208,3624 S Dr Martin Luther King Jr Dr,1889,Joseph A. Thain,1995-10-02T07:00:00.000Z,41.82859198990,-87.61773208860,"{'latitude': '41.8285919899', 'longitude': '-87.6177320886'}",36,1,4301,222,10,1
Clarence Buckingham Memorial Fountain and Garden,L- 58,Grant Park at Congress Drive,1927,"Bennett, Parsons & Frost with Jacques Lambert",2000-08-30T07:00:00.000Z,41.87579719040,-87.61898792760,"{'latitude': '41.8757971904', 'longitude': '-87.6189879276'}",35,38,14913,367,36,22
Farwell Building,L- 07,664 N Michigan Ave,1927,Philip B. Maher,2004-03-10T08:00:00.000Z,41.89431494170,-87.62462078210,"{'latitude': '41.8943149417', 'longitude': '-87.6246207821'}",6,37,21182,626,36,22
Krause Music Store,L-130,4611 N Lincoln Av,1922,William Presto ans Louis H. Sullivan,1977-09-28T07:00:00.000Z,41.96533612900,-87.68601081770,"{'latitude': '41.965336129', 'longitude': '-87.6860108177'}",20,6,21849,665,18,13
Biograph Theater,L- 53,2433-43 N Lincoln Av,1914,Samuel N. Corwen,2001-03-28T08:00:00.000Z,41.92652071040,-87.64975918000,"{'latitude': '41.9265207104', 'longitude': '-87.64975918'}",16,68,21190,769,34,51
Roanoke Building and Tower,L-254,11 S LaSalle St,,,2007-12-12T08:00:00.000Z,41.88170711780,-87.63195358150,"{'latitude': '41.8817071178', 'longitude': '-87.6319535815'}",34,38,14311,92,36,22
Illinois-Indiana State Line Boundary Marker,L-118,"Avenue G, near 103rd St",1838,Office of the United States Surveyor-General,2002-09-04T07:00:00.000Z,41.70886467060,-87.52622268910,"{'latitude': '41.7088646706', 'longitude': '-87.5262226891'}",25,49,21202,705,47,47
Veseman Building,L-255,444 N LaSalle St,,,2007-12-12T08:00:00.000Z,41.89047915300,-87.63288948660,"{'latitude': '41.890479153', 'longitude': '-87.6328894866'}",55,37,4446,670,36,22
Charles Hitchcock House,L-113,5704 W Ohio St,1871,Architect Unknown,1992-07-07T07:00:00.000Z,41.89132139620,-87.76808379650,"{'latitude': '41.8913213962', 'longitude': '-87.7680837965'}",32,26,22216,672,7,52
K.A.M. Isaiah Israel Temple,L-124,1100 E Hyde Park Blvd,1924,Alfred S. Alschuler,1977-06-09T07:00:00.000Z,41.80282582950,-87.59861639470,"{'latitude': '41.8028258295', 'longitude': '-87.5986163947'}",10,5,21192,399,10,1
Site of the John & Mary Jones House,L- 10,SW Corner of W 9th St & Plymouth Ct,,,2004-05-26T07:00:00.000Z,41.86979497790,-87.62956096920,"{'latitude': '41.8697949779', 'longitude': '-87.6295609692'}",35,38,14913,12,10,48
IBM Building,L-258,330 North Wabash Av,,,2008-02-06T08:00:00.000Z,41.88861448970,-87.62750765600,"{'latitude': '41.8886144897', 'longitude': '-87.627507656'}",6,37,21182,626,36,22
John Rath House,L-172,2703 W Logan Blvd,1907,George W. Maher,1993-12-01T08:00:00.000Z,41.92789833220,-87.69530973470,"{'latitude': '41.9278983322', 'longitude': '-87.6953097347'}",1,23,22535,468,40,15
Bush Temple of Music,L- 59,100 W Chicago Av,1901,J.E.O. Pridmore,2001-06-27T07:00:00.000Z,41.89690293180,-87.63166847010,"{'latitude': '41.8969029318', 'longitude': '-87.6316684701'}",54,37,14926,310,11,22
Humboldt Park Boathouse Pavilion,L-116,1301 N Humboldt Blvd,1907,"Richard E. Schmidt,Garden & Martin w/ Jens Jenson",1996-11-13T08:00:00.000Z,41.90562148020,-87.70080444180,"{'latitude': '41.9056214802', 'longitude': '-87.7008044418'}",4,25,22535,301,49,10
Milwaukee & St Paul Bridge,L-250,"N Branch Chgo River, Cherry Av, S of North Ave",,,2007-12-12T08:00:00.000Z,41.91036872970,-87.65552218900,"{'latitude': '41.9103687297', 'longitude': '-87.655522189'}",49,37,22620,108,46,16
Illinois Central Swing Bridge,L-245,"San & Ship Canal, N of Stevenson Exp & E of Kedzie",,,2007-12-12T08:00:00.000Z,41.83242443280,-87.70241367030,"{'latitude': '41.8324244328', 'longitude': '-87.7024136703'}",57,32,21569,124,1,29
Brewster Apartments,L- 54,2800 N Pine Grove Av,1893,Enoch Hill Turnock,1982-10-06T07:00:00.000Z,41.93316396180,-87.64158297660,"{'latitude': '41.9331639618', 'longitude': '-87.6415829766'}",22,57,21190,102,25,38
(Former) Belmont-Sheffield Trust & Savings Bldg,L-260,3150 N Sheffield Av,,,2008-07-09T07:00:00.000Z,41.93967875260,-87.65444853670,"{'latitude': '41.9396787526', 'longitude': '-87.6544485367'}",22,57,4449,680,25,38
Illinois Central Swing Bridge,L-248,"San & Ship Canal, S of 35th St & E of Pulaski Rd",,,2007-12-12T08:00:00.000Z,41.82864937480,-87.71441070370,"{'latitude': '41.8286493748', 'longitude': '-87.7144107037'}",56,32,21569,200,28,14
James Ward Public School,L-205,2703 S Shields Av,1874-75,Johnson & Edelmann Add:1897;N. S. Patton,2005-09-14T07:00:00.000Z,41.84319608650,-87.63509231150,"{'latitude': '41.8431960865', 'longitude': '-87.6350923115'}",40,35,21194,375,48,26
Kimbell Trust and Savings Bank Building,L-282,,,,,41.92490852410,-87.71726932710,"{'latitude': '41.9249085241', 'longitude': '-87.7172693271'}",1,23,22535,186,17,15
American System-Built Houses,L- 47,10410 S Hoyne Av,1917,Frank Lloyd Wright,1994-07-13T07:00:00.000Z,41.70419674610,-87.67464798920,"{'latitude': '41.7041967461', 'longitude': '-87.6746479892'}",13,71,22212,609,42,33
Goldblatt Bros. Department Store,L-105,1613-1635 W Chicago av,1921-22,Alfred S. Alshuler,1998-04-01T08:00:00.000Z,41.89577179290,-87.66827312460,"{'latitude': '41.8957717929', 'longitude': '-87.6682731246'}",4,25,21560,520,41,24
Stephen Foster House and Stable,L- 97,12147 S Harvard Av,1900,Frank Lloyd Wright,1996-05-09T07:00:00.000Z,41.67280322280,-87.63057375030,"{'latitude': '41.6728032228', 'longitude': '-87.6305737503'}",19,50,21861,60,22,45
Woman's Athletic Club,L-213,626 N Michigan av,1928,Philip B. Maher,1991-10-02T07:00:00.000Z,41.89358116290,-87.62460102230,"{'latitude': '41.8935811629', 'longitude': '-87.6246010223'}",6,37,21182,626,36,22
Chicago Board of Trade Building,L- 14,141 W Jackson Blvd,1930,Holabird & Root,1977-05-04T07:00:00.000Z,41.87773513180,-87.63227114930,"{'latitude': '41.8777351318', 'longitude': '-87.6322711493'}",29,38,14912,92,36,48
Pittsfield Building,L-167,55 E Washington st,1927,"Graham, Anderson, Probst & White",2002-11-06T08:00:00.000Z,41.88294695180,-87.62571628700,"{'latitude': '41.8829469518', 'longitude': '-87.625716287'}",41,38,14310,580,36,22
Mundelein College Skyscraper Building,L- 36,1020 W Sheridan Rd,1930-31,Joseph W McCarthy,2006-12-13T08:00:00.000Z,41.99867594100,-87.65655162290,"{'latitude': '41.998675941', 'longitude': '-87.6565516229'}",9,10,4451,267,5,3
Marie Schock House,L-225,5749 W Race Av,1888,Frederick Schock,1999-01-20T08:00:00.000Z,41.88975860900,-87.76971675650,"{'latitude': '41.889758609', 'longitude': '-87.7697167565'}",32,26,22216,672,7,52
(Former) Engine Company 42 Firehouse,L-253,228 W Illinois St,,,2007-12-12T08:00:00.000Z,41.89100679500,-87.63528245390,"{'latitude': '41.891006795', 'longitude': '-87.6352824539'}",55,37,4446,652,36,22
Wood-Maxey-Boyd House,L-214,2801 S Prarie Av,1885,John C. Cochrane,2003-10-01T07:00:00.000Z,41.84329029790,-87.61997675900,"{'latitude': '41.8432902979', 'longitude': '-87.619976759'}",40,1,21194,191,10,1
Chicago & Northwestern Bridge,L-251,"N Branch Chgo River, S of Kinzie & E of Canal St",,,2007-12-12T08:00:00.000Z,41.88851006450,-87.63909923810,"{'latitude': '41.8885100645', 'longitude': '-87.6390992381'}",46,37,4446,784,36,22
(Former) Stock Yards National Bank Building,L-281,4150 S Halsted St,,,,41.81880898660,-87.64629600580,"{'latitude': '41.8188089866', 'longitude': '-87.6462960058'}",37,59,14924,123,48,26
Peoples Gas-Irving Park Neighborhood Store,L-163,4829 W Irving Park Rd,1926,George Grant Elmslie & Herman V. von Holst,1987-03-18T08:00:00.000Z,41.95309429430,-87.74890383990,"{'latitude': '41.9530942943', 'longitude': '-87.7489038399'}",21,15,22618,360,50,20
Francis J. Dewes House,L- 82,503 W Wrightwood Av,1896,Adolph Cudell & Arthur Hercz,1974-06-12T07:00:00.000Z,41.93034076610,-87.64157422790,"{'latitude': '41.9303407661', 'longitude': '-87.6415742279'}",16,68,21190,18,34,51
Dearborn Street Station,L- 79,47 W Polk St,1885,Cyrus L. W. Eidlitz,1982-03-02T08:00:00.000Z,41.87174054870,-87.62910492520,"{'latitude': '41.8717405487', 'longitude': '-87.6291049252'}",35,38,14913,12,10,48
Wrigley Building,L-320,400-410 North Michigan Avenue,1921,"Graham, Anderson, Probst and White",2012-05-09T07:00:00.000Z,41.88972563150,-87.62485292230,"{'latitude': '41.8897256315', 'longitude': '-87.6248529223'}",6,37,21182,626,36,22
St. Gelasius Church Building,L- 02,6401-09 S Woodlawn Ave,1923-28,Henry J. Schlacks,2004-01-14T08:00:00.000Z,41.77835167940,-87.59576093480,"{'latitude': '41.7783516794', 'longitude': '-87.5957609348'}",60,9,22260,27,4,53
(Former) Calumet National Bank Bldg,L-261,9117 S Commercial Av,,,2008-07-09T07:00:00.000Z,41.72951123910,-87.55084594360,"{'latitude': '41.7295112391', 'longitude': '-87.5508459436'}",25,42,21202,510,47,47
White Castle # 16,L-312,43 East Cermak Road,1930,Lewis E. Russell,2011-10-05T07:00:00.000Z,41.85263792170,-87.62532982270,"{'latitude': '41.8526379217', 'longitude': '-87.6253298227'}",40,34,21194,193,9,48
Old Republic Building,L-299,307 N. Michigan Ave,1924,K. M. Vitzthum and Company,2010-12-08T08:00:00.000Z,41.88708645200,-87.62418141060,"{'latitude': '41.887086452', 'longitude': '-87.6241814106'}",42,38,14309,580,36,22
Trustees System Service Building,L- 03,201 N Wells St,1929-30,"Thielbard & Fugard w/ Eugene&Gwen Lux,Edgar Miller",2004-01-14T08:00:00.000Z,41.88604618850,-87.63363399310,"{'latitude': '41.8860461885', 'longitude': '-87.6336339931'}",42,38,14309,92,36,22
Wrigley Field,L- 04,1060 W Addison St,1914,Zachary T. & Charles G. Davis,2004-02-11T08:00:00.000Z,41.94814483180,-87.65554258670,"{'latitude': '41.9481448318', 'longitude': '-87.6555425867'}",53,57,21186,691,25,38
"(Former) Engine Company 35, Truck 28",L-228,1625 N Damen Av,"1894,1904","Board of Public Works, add: W. C. Zimmerman",2003-10-01T07:00:00.000Z,41.91123781210,-87.67714160780,"{'latitude': '41.9112378121', 'longitude': '-87.6771416078'}",4,25,22535,438,11,16
Allerton Hotel,L- 45,701 N Michigan Av,1922,Murgatroyd & Ogden with Fugard & Knapp,1998-04-29T07:00:00.000Z,41.89520097580,-87.62371375550,"{'latitude': '41.8952009758', 'longitude': '-87.6237137555'}",6,37,21182,158,36,22
Chicago & Illinois Western Bridge,L-247,"Collateral Channel Water Lot D,33rd,E of Kedzie",,,2007-12-12T08:00:00.000Z,41.83403328320,-87.70194285410,"{'latitude': '41.8340332832', 'longitude': '-87.7019428541'}",57,32,21569,124,1,29
Robert W. Roloson Houses,L-177,3213-19 S Calumet Av,1894,Frank Lloyd Wright,1979-12-27T08:00:00.000Z,41.83605095410,-87.61786831300,"{'latitude': '41.8360509541', 'longitude': '-87.617868313'}",40,1,21194,190,10,48
"Engine Company 65, Truck 52",L-237,3000 W. 42nd St,1929,"Paul Gerhardt, Jr.",2003-10-01T07:00:00.000Z,41.80373385920,-87.73535704250,"{'latitude': '41.8037338592', 'longitude': '-87.7353570425'}",56,54,22248,697,8,35
Chicago Building,L- 67,7 W Madison St,1905,Holabird & Roche,1996-03-26T08:00:00.000Z,41.88184956200,-87.62817296880,"{'latitude': '41.881849562', 'longitude': '-87.6281729688'}",34,38,14311,92,36,22
American System-Built Houses,L- 48,10541 S Hoyne Av,1917,Frank Lloyd Wright,1994-07-13T07:00:00.000Z,41.70159220360,-87.67382635530,"{'latitude': '41.7015922036', 'longitude': '-87.6738263553'}",13,71,22212,609,42,33
Continental And Commercial National Bank Building,L-252,208 South LaSalle St,,,2007-12-12T08:00:00.000Z,41.87907898150,-87.63301185380,"{'latitude': '41.8790789815', 'longitude': '-87.6330118538'}",29,38,14912,92,36,22
Blackstone Library,L-297,4904 S. Lake Park Ave,1904,Solon Spencer Beman,2011-01-13T08:00:00.000Z,41.80582879100,-87.59030595380,"{'latitude': '41.805828791', 'longitude': '-87.5903059538'}",10,5,21192,400,10,1
Home Bank & Trust Company,L-256,1200-08 N Ashland Av / 1600-12 W Division St,,Karl M. Vitzthum,2008-02-06T08:00:00.000Z,41.90361080080,-87.66796078710,"{'latitude': '41.9036108008', 'longitude': '-87.6679607871'}",4,25,21560,481,41,24
Metropolitan Missionary Baptist Church,L-146,2151 W Washington Blvd,1901,Hugh M.G. Garden,1989-02-16T08:00:00.000Z,41.88280034210,-87.68124235550,"{'latitude': '41.8828003421', 'longitude': '-87.6812423555'}",28,29,21184,37,46,48
Noble-Seymour-Crippen House,L-153,5624 N Newark Av,1833,"addit 1863, Architects Unknown",1988-05-11T07:00:00.000Z,41.98361513490,-87.79584730920,"{'latitude': '41.9836151349', 'longitude': '-87.7958473092'}",17,36,22243,733,29,34
Roberts Temple Church of God in Christ Building,L- 30,4021 S State St,1922,"Edward G. McClellan add:1927,unknown,remod:1992-93",2006-03-29T08:00:00.000Z,41.82120992710,-87.62591133310,"{'latitude': '41.8212099271', 'longitude': '-87.6259113331'}",36,4,14924,163,9,12
Soldiers' Home,L- 26,739 E 35th St,1864-1923,William W. Boyington (1866 sect),1996-04-16T07:00:00.000Z,41.83075107490,-87.60747386850,"{'latitude': '41.8307510749', 'longitude': '-87.6074738685'}",36,2,4301,221,10,1
Michigan Avenue Bridge and Wacker Dr Esplanade,L-220,"S Side of Chicago River, bet Michigan and Wabash",1920&1926,Bridge & Bridge Hses:1920:E. Bennett,1991-10-02T07:00:00.000Z,41.88856216360,-87.62481604340,"{'latitude': '41.8885621636', 'longitude': '-87.6248160434'}",42,38,14309,580,36,22
Madonna Della Strada Chapel,L-137,6453 N. Kenmore Avenue,1938-39,Andrew N. Rebori,2004-09-02T07:00:00.000Z,41.99955863690,-87.65624719980,"{'latitude': '41.9995586369', 'longitude': '-87.6562471998'}",9,10,21853,267,5,3
Griffiths-Burroughs House,L-292,3806 S. Michigan Avenue,1892,Solon S. Beman,2010-02-10T08:00:00.000Z,41.82526646790,-87.62366523590,"{'latitude': '41.8252664679', 'longitude': '-87.6236652359'}",36,1,4301,446,9,12
Assumption School,L- 49,319 W Erie St,1899,Frederick R. Foltz,2003-07-09T07:00:00.000Z,41.89371730110,-87.63651848410,"{'latitude': '41.8937173011', 'longitude': '-87.6365184841'}",55,37,4446,652,36,22
Lindemann and Hoverson Company,L-270,2620 W Washington Blvd,,,,41.88335059430,-87.69187041900,"{'latitude': '41.8833505943', 'longitude': '-87.691870419'}",28,29,21184,37,46,48
Main Building at Illinois Institute of Technology,L- 13,3320 S Federal St,1891-93,Patton & Fisher,2004-05-26T07:00:00.000Z,41.83368050260,-87.62922306410,"{'latitude': '41.8336805026', 'longitude': '-87.6292230641'}",40,1,21194,25,9,12
Whistle Stop Inn,L-211,4200 W Irving Park Rd,1889,Architect Unknown,1990-12-05T08:00:00.000Z,41.95381757200,-87.73267629840,"{'latitude': '41.953817572', 'longitude': '-87.7326762984'}",21,16,22618,269,50,25
Shedd Park Fieldhouse,L- 05,3600 W 23rd St,1916-17,William Drummond,2004-02-11T08:00:00.000Z,41.85016619000,-87.71706068220,"{'latitude': '41.85016619', 'longitude': '-87.7170606822'}",57,32,21569,754,28,14
Brooks Building,L- 56,233 W Jackson Blvd,1910,Holabird & Roche,1997-01-14T08:00:00.000Z,41.87787644450,-87.63477822100,"{'latitude': '41.8778764445', 'longitude': '-87.634778221'}",46,38,14914,92,36,48
Immaculata High School & Convent Buildings,L- 20,640 W Irving Park Rd & 4030 N Marine Dr,1922,Barry Byrne,1983-07-27T07:00:00.000Z,41.95512133810,-87.64629160200,"{'latitude': '41.9551213381', 'longitude': '-87.646291602'}",53,31,21186,636,39,37
Chicago Theater,L- 69,175 N State St,1921,Rapp and Rapp,1983-01-28T08:00:00.000Z,41.88538850670,-87.62722322320,"{'latitude': '41.8853885067', 'longitude': '-87.6272232232'}",42,38,14309,580,36,22
Auditorium Building,L- 50,430 S Michigan Av,1886-90,Adler & Sullivan,1976-09-15T07:00:00.000Z,41.87603942150,-87.62516000820,"{'latitude': '41.8760394215', 'longitude': '-87.6251600082'}",35,38,14913,367,36,48
227 East Walton Place Apartment Building,L-314,227 East Walton Place,1956,Harry Weese,2012-05-09T07:00:00.000Z,41.89981429350,-87.62077823080,"{'latitude': '41.8998142935', 'longitude': '-87.6207782308'}",6,37,21182,233,11,22
New Regal Theater,L-151,1641 E 79th st,1927,John Eberson,1992-06-17T07:00:00.000Z,41.75124737960,-87.58350969550,"{'latitude': '41.7512473796', 'longitude': '-87.5835096955'}",25,42,21202,507,35,9
Engine Company 78,L-231,1052 W Waveland Av,1915,Charles W. Kallal,2003-10-01T07:00:00.000Z,41.94930082070,-87.65656808610,"{'latitude': '41.9493008207', 'longitude': '-87.6565680861'}",53,57,21186,691,25,38
King-Nash House,L-129,3234 W Washington Blvd,1901,George W. Maher,1988-02-10T08:00:00.000Z,41.88305493800,-87.70759499120,"{'latitude': '41.883054938', 'longitude': '-87.7075949912'}",30,28,21572,176,23,11
(Former) Swedish American State Bank Bldg,L-264,5400 N Clark St,,,2008-07-09T07:00:00.000Z,41.97997886230,-87.66855142960,"{'latitude': '41.9799788623', 'longitude': '-87.6685514296'}",15,76,22616,564,24,46
Stephen Race House,L-171,3945 N Tripp Av,1874,Architect Unknown,1988-09-22T07:00:00.000Z,41.95310185690,-87.73367074510,"{'latitude': '41.9531018569', 'longitude': '-87.7336707451'}",21,16,22618,295,50,25
Pate-Comiskey House,L-162,5131 S Michigan Av,1901,George Maher,2003-10-01T07:00:00.000Z,41.80101655320,-87.62214969250,"{'latitude': '41.8010165532', 'longitude': '-87.6221496925'}",10,7,21192,218,9,12
Heald Square Monument,L-206,Wacker Dr at Wabash Av,1936-41,"Lorado Taft & Leonrd Crunelle, Sculptors",1971-09-15T07:00:00.000Z,41.88700527990,-87.62692806770,"{'latitude': '41.8870052799', 'longitude': '-87.6269280677'}",42,38,14309,580,36,22
Kaufmann Store and Flats,L-125,2312-14 N Lincoln Av (S Half:1883;North Half:1887),1883,Adler & Sullivan,1996-04-16T07:00:00.000Z,41.92386742910,-87.64707107280,"{'latitude': '41.9238674291', 'longitude': '-87.6470710728'}",16,68,21190,798,34,51
Yale Apartments,L-215,6565 S Yale Av,1892-93,John T. Long,2003-04-09T07:00:00.000Z,41.77470410620,-87.63129622300,"{'latitude': '41.7747041062', 'longitude': '-87.631296223'}",11,66,21559,435,4,53
Carl Schurz High School,L-180,3601 N Milwaukee Av,1910,Dwight H. Perkins,1979-12-07T08:00:00.000Z,41.94727029510,-87.73563930750,"{'latitude': '41.9472702951', 'longitude': '-87.7356393075'}",21,16,22618,327,50,25
Gage Group,L- 98,"18,24, and 30 S Michigan Av",1899-1900,"Louis H. Sullivan (18),Holabird & Roche (25 & 30)",1996-09-11T07:00:00.000Z,41.88132378990,-87.62498014920,"{'latitude': '41.8813237899', 'longitude': '-87.6249801492'}",34,38,14311,367,36,22
Jewish People's Institute,L- 23,3500 W Douglas Blvd,1927,Klaber & Grunfeld,2000-06-28T07:00:00.000Z,41.86325562600,-87.71337291640,"{'latitude': '41.863255626', 'longitude': '-87.7133729164'}",57,30,21569,772,14,36
(Former) Fullerton State Bank Bldg,L-262,1425 W Fullerton Av,,,2008-07-09T07:00:00.000Z,41.92494552790,-87.66435202270,"{'latitude': '41.9249455279', 'longitude': '-87.6643520227'}",16,68,21190,210,11,16
McGraw-Hill Building,L-144,520 N Michigan Av,1928-29,Thielbar & Fugard,1997-02-07T08:00:00.000Z,41.89141092200,-87.62489268560,"{'latitude': '41.891410922', 'longitude': '-87.6248926856'}",6,37,21182,626,36,22
Site of the Sauganash Hotel/Wigwam,L-188,SE corner of Lake St & Wacker Dr,1831,,2002-11-06T08:00:00.000Z,41.88536539840,-87.63647274840,"{'latitude': '41.8853653984', 'longitude': '-87.6364727484'}",46,38,14914,92,36,22
Samuel M. Nickerson House,L-152,40 E Erie St,1883,Burling & Whitehouse,1977-09-28T07:00:00.000Z,41.89435057960,-87.62653378730,"{'latitude': '41.8943505796', 'longitude': '-87.6265337873'}",6,37,21182,626,36,22
Third Unitarian Church Building,L-259,301 N Mayfield Av,1936,"Paul Schweikher, addit in 1956:William Fyfe",2008-02-06T08:00:00.000Z,41.88587724480,-87.77151773360,"{'latitude': '41.8858772448', 'longitude': '-87.7715177336'}",32,26,22216,618,7,52
"Garfield Boulevard ""L"" Station and Overpass",L- 99,319 E Garfield Blvd,1892,Myron Church,2001-12-12T08:00:00.000Z,41.79373533440,-87.61830364720,"{'latitude': '41.7937353344', 'longitude': '-87.6183036472'}",60,7,22260,402,4,53
(Former) Schlitz BreweryTied-House@958W.69th St.,L-304,958 W. 69th St.,1898,Unknown,2011-07-06T07:00:00.000Z,41.76900628700,-87.64920136320,"{'latitude': '41.769006287', 'longitude': '-87.6492013632'}",11,66,21559,410,32,17
Leiter II Building,L- 25,403 S State St,1891,William LeBaron Jenney,1997-01-14T08:00:00.000Z,41.87633704030,-87.62718672480,"{'latitude': '41.8763370403', 'longitude': '-87.6271867248'}",35,38,14913,367,10,48
Chapin and Gore Building,L- 64,63 E Adams,1904,Richard E. Schmidt and Hugh M.G. Garden,1982-01-21T08:00:00.000Z,41.87932731970,-87.62561478180,"{'latitude': '41.8793273197', 'longitude': '-87.6256147818'}",29,38,14912,367,36,22
Carson Pirie Scott & Company Building,L- 63,1 S State St,1898-99,"Louis H. Sullivan, 1905-6:D.H. Burnham&Co.",1970-11-05T08:00:00.000Z,41.88140587570,-87.62698011140,"{'latitude': '41.8814058757', 'longitude': '-87.6269801114'}",34,38,14311,367,36,22
Albert F. Madlener House,L-136,4 W Burton Pl,1902,Richard E. Schmidt & Hugh M.G. Garden,1973-03-22T08:00:00.000Z,41.90964859710,-87.62922179490,"{'latitude': '41.9096485971', 'longitude': '-87.6292217949'}",54,37,14926,100,11,22
Chicago & Western Indiana  Railroad Bridge,L-243,"Calumet River, 126th St, W of Torrence Av",1967-68,James Peterson,2007-12-12T08:00:00.000Z,41.66934061360,-87.55896434700,"{'latitude': '41.6693406136', 'longitude': '-87.558964347'}",26,48,22250,174,47,47
Belle Shore Apartment Hotel,L- 55,1062 W Bryn Mawr Av,1928-29,Nathaniel Koenigsberg & Leon Weisfeld,2002-11-06T08:00:00.000Z,41.98385068590,-87.65762446920,"{'latitude': '41.9838506859', 'longitude': '-87.6576244692'}",14,76,4451,144,16,40
Site of the Origin of the Chicago Fire of 1871,L-187,Dekoven (1050s) & Jefferson (600w) St,1871,"comm sculpture,""Pillar of Fire"" Egon Weiner 1961",1971-09-15T07:00:00.000Z,41.86927206280,-87.64199071620,"{'latitude': '41.8692720628', 'longitude': '-87.6419907162'}",44,29,14917,97,26,48
Emil Bach House,L- 51,7415 N Sheridan Road,1915,Frank Lloyd Wright,1977-09-28T07:00:00.000Z,42.01658291330,-87.66477530310,"{'latitude': '42.0165829133', 'longitude': '-87.6647753031'}",9,10,21853,357,5,3
Field Building,L- 91,135 S LaSalle St,1924-34,"Graham, Anderson, Probst & White",1994-02-09T08:00:00.000Z,41.87976425340,-87.63154777220,"{'latitude': '41.8797642534', 'longitude': '-87.6315477722'}",34,38,14311,92,36,22
Rookery Building,L-156,209 S LaSalle St,1885-88,Burnham & Root,1972-07-05T07:00:00.000Z,41.87907612990,-87.63179743370,"{'latitude': '41.8790761299', 'longitude': '-87.6317974337'}",29,38,14912,92,36,22
Pulaski Park Fieldhouse,L-168,1419 W Blackhawk St,1912-14,William Carbys Zimmerman,2003-07-29T07:00:00.000Z,41.90648537060,-87.66328364910,"{'latitude': '41.9064853706', 'longitude': '-87.6632836491'}",49,25,22620,483,11,16
"Engine Company 45, Truck 15",L-233,4600 S Cottage Grove Av,1928,Argyle E. Robinson,2003-10-01T07:00:00.000Z,41.81118499390,-87.60700240030,"{'latitude': '41.8111849939', 'longitude': '-87.6070024003'}",36,4,4301,165,10,1
London Guarantee Building,L-134,360 N Michigan Av,1922-23,Alfred S. Alschuler,1996-04-16T07:00:00.000Z,41.88795570520,-87.62505785610,"{'latitude': '41.8879557052', 'longitude': '-87.6250578561'}",42,38,14309,580,36,22
McGill House,L- 28,4938 S Drexel Blvd,1891,Henry Ives Cobb,2006-04-26T07:00:00.000Z,41.80486125920,-87.60479118730,"{'latitude': '41.8048612592', 'longitude': '-87.6047911873'}",10,5,21192,461,10,1
Ludington Building,L-135,1104 S Wabash Av,1891,William LeBaron Jenney,1996-06-10T07:00:00.000Z,41.86900584890,-87.62635496800,"{'latitude': '41.8690058489', 'longitude': '-87.626354968'}",35,38,14913,368,10,48
(Former) Schlitz BreweryTied-House@3456SWestern,L-307,3456 S. Western Ave.,1899,Kley & Lang,2011-07-06T07:00:00.000Z,41.83042248330,-87.68544494190,"{'latitude': '41.8304224833', 'longitude': '-87.6854449419'}",43,56,14920,2,1,29
Second Presbyterian Church,L-182,1928-1936 S Michigan Av,1874,James Renwick Recon:1900;Howard Van Doren Shaw,1977-09-28T07:00:00.000Z,41.85572487950,-87.62435930540,"{'latitude': '41.8557248795', 'longitude': '-87.6243593054'}",40,34,21194,374,9,12
(Former) Schlitz Brewery-Tied House,L-300,5120 N. Broadway,1904,Charles Thisslew,2011-05-04T07:00:00.000Z,41.97522510560,-87.66025836620,"{'latitude': '41.9752251056', 'longitude': '-87.6602583662'}",15,31,22616,633,18,37
Lorado Taft's Midway Studios,L-192,6016 S Ingleside Dr,1890-1929,"Arch ?, recon:1929;O F Johnson Add:1964;E D Dart",1993-12-01T08:00:00.000Z,41.78552640910,-87.60320520250,"{'latitude': '41.7855264091', 'longitude': '-87.6032052025'}",60,9,22260,470,4,53
(Former) Sheridan Trust and Savings Bank Building,L-271,4753 N Broadway,1924-28,"Marshall & Fox, Huszagh & Hill",2008-10-08T07:00:00.000Z,41.96862254450,-87.65913012000,"{'latitude': '41.9686225445', 'longitude': '-87.65913012'}",15,31,22616,241,39,40
"Pennsylvania ""Eight Track"" Bridge",L-246,"San & Ship Canal, S of 31st & W of Western Av",,,2007-12-12T08:00:00.000Z,41.83707881070,-87.68759543750,"{'latitude': '41.8370788107', 'longitude': '-87.6875954375'}",43,32,14920,204,1,29
Uptown Theater,L-202,4816 N Broadway,1925,Rapp & Rapp,1991-10-02T07:00:00.000Z,41.96952571200,-87.66019566770,"{'latitude': '41.969525712', 'longitude': '-87.6601956677'}",15,31,22616,633,39,40
"Eighth Church of Christ, Scientist",L- 87,4359 S Michigan Av,1911,Leon E. Stanhope,1993-06-09T07:00:00.000Z,41.81498776870,-87.62250788340,"{'latitude': '41.8149877687', 'longitude': '-87.6225078834'}",36,4,4301,393,9,12
Chicago Harbor Lighthouse,L- 19,"S End of the North Breakwater,N side of Harbor Ent",1893,Unknown,2003-04-09T07:00:00.000Z,41.88927336520,-87.59040946910,"{'latitude': '41.8892733652', 'longitude': '-87.5904094691'}",,,,,,
Chess Records Office and Studio,L- 66,2120 S Michigan Av,1911,Horatio Wilson,1990-05-16T07:00:00.000Z,41.85360644090,-87.62421989530,"{'latitude': '41.8536064409', 'longitude': '-87.6242198953'}",40,34,21194,374,9,48
Isidore H. Heller House,L-111,5132 S Woodlawn Av,1897,Frank Lloyd Wright,1971-09-15T07:00:00.000Z,41.80140832150,-87.59711170090,"{'latitude': '41.8014083215', 'longitude': '-87.5971117009'}",10,8,21192,147,33,1
St Ignatius College Prep Building,L-221,1076 W Roosevelt Rd,1869,Toussaint Menard west add:1874;John P. Huber,1987-03-18T08:00:00.000Z,41.86741856200,-87.65412204130,"{'latitude': '41.867418562', 'longitude': '-87.6541220413'}",44,29,14917,87,26,8
Gauler Twin House,L-101,5921 N Magnolia Av,1908,Walter Burley Griffin,2000-06-28T07:00:00.000Z,41.98970697350,-87.66119343580,"{'latitude': '41.9897069735', 'longitude': '-87.6611934358'}",14,76,4451,539,16,40
Museum of Science and Industry,L- 27,57th St and Lake Shore Dr,1891-93,Charles B. Atwood,1995-11-01T08:00:00.000Z,41.79054723380,-87.58287466170,"{'latitude': '41.7905472338', 'longitude': '-87.5828746617'}",60,8,22260,502,33,32
Village Theatre,L-276,1546-1550 N Clark St,,,,41.91084527630,-87.63208883110,"{'latitude': '41.9108452763', 'longitude': '-87.6320888311'}",54,37,14926,100,11,22
Stephen A. Douglas Memorial,L- 84,35th St and Cottage Grove Av,1881,Leonard W. Volk,1977-09-28T07:00:00.000Z,41.83162805370,-87.60840331520,"{'latitude': '41.8316280537', 'longitude': '-87.6084033152'}",40,1,21194,581,10,1
Site of the 1st Self-Sustain Cont. Nuclear Chain,L-184,East Side of S Ellis Ave between 56th & 57th St,1942,"Commern. sculpture,""Nuclear Energy"" Henry Moore",1971-10-27T07:00:00.000Z,41.79216212110,-87.60086989510,"{'latitude': '41.7921621211', 'longitude': '-87.6008698951'}",60,8,22260,154,33,32
Fisher Building,L- 94,343 S Dearborn St,1896,D.H. Burnham & Co. 1907:side add. Peter Weber,1978-06-07T07:00:00.000Z,41.87719863540,-87.62899137760,"{'latitude': '41.8771986354', 'longitude': '-87.6289913776'}",29,38,14912,92,10,48
(Former) South Side Trust Bank Bldg,L-263,4659 S Cottage Grove Av,,,2008-07-09T07:00:00.000Z,41.80976634590,-87.60611328250,"{'latitude': '41.8097663459', 'longitude': '-87.6061132825'}",36,5,4301,398,10,1
Robert Lindblom Technical High Schoool building,L-296,6130 S. Wolcott Ave,1917-1919,Arthur F. Hussander,2010-06-09T07:00:00.000Z,41.78209705840,-87.67216458010,"{'latitude': '41.7820970584', 'longitude': '-87.6721645801'}",23,65,22257,275,3,44
Reliance Building,L-175,32 N State St,1890,base:Burham & Root Upper Stor: D.H. Burnham and Co,1975-07-11T07:00:00.000Z,41.88302855570,-87.62824150790,"{'latitude': '41.8830285557', 'longitude': '-87.6282415079'}",41,38,14310,92,36,22
Dr. Philip Weintraub House,L-283,3252 W. Victoria St,,Andrew N. Rebori,2009-09-03T07:00:00.000Z,41.98593714640,-87.71105090220,"{'latitude': '41.9859371464', 'longitude': '-87.7110509022'}",50,13,4450,799,38,46
Charles D. Iglehart House,L-117,11118 S Artesian Av,1857,Architect Unknown,1994-07-13T07:00:00.000Z,41.69118327280,-87.68276848590,"{'latitude': '41.6911832728', 'longitude': '-87.6827684859'}",33,74,4447,379,42,33
Engine Company 61,L-232,5349 S Wabash Av,1927-28,Charles W. Kallal,2003-10-01T07:00:00.000Z,41.79669781080,-87.62366077670,"{'latitude': '41.7966978108', 'longitude': '-87.6236607767'}",10,7,21192,401,9,12
Pilgrim Baptist Church,L-166,3301 S Indiana Av,1890-91,Adler & Sullivan,1981-12-18T08:00:00.000Z,41.83446443490,-87.62148250600,"{'latitude': '41.8344644349', 'longitude': '-87.621482506'}",40,1,21194,190,9,12
Kenwood United Church of Christ,L-311,4600-4608 South Greenwood Avenue,1930,"William W. Boyington, Henry B. Wheelock,Chatten",2011-10-05T07:00:00.000Z,41.81116725480,-87.59978106700,"{'latitude': '41.8111672548', 'longitude': '-87.599781067'}",36,5,4301,395,10,1
West Town State Bank Building,L-209,2400 W Madison St,1929-30,Mundie & Jensen,2003-10-01T07:00:00.000Z,41.88143107230,-87.68673537590,"{'latitude': '41.8814310723', 'longitude': '-87.6867353759'}",28,29,21184,37,46,48
Navy Pier (Headhouse and East End Building),L-150,Grand Av and Streeter Dr at Lake Michigan,1916,Charles Summer Frost,1977-11-14T08:00:00.000Z,41.89173525580,-87.60469642120,"{'latitude': '41.8917352558', 'longitude': '-87.6046964212'}",6,37,21182,534,36,22
Carl Sandburg House,L- 34,4646 N Hermitage Av,1886,Unknown,2006-10-04T07:00:00.000Z,41.96657208150,-87.67298945670,"{'latitude': '41.9665720815', 'longitude': '-87.6729894567'}",15,31,22616,559,18,13
63rd Street Bathing Pavilion,L-222,South Lake Shore Dr and 63rd St,1919,South Park Commission Architects,2004-12-08T08:00:00.000Z,41.78144143640,-87.57371254810,"{'latitude': '41.7814414364', 'longitude': '-87.5737125481'}",60,9,22260,469,33,32
Bryan Lathrop House,L- 31,120 E Bellevue Pl,1892,"McKim, Meade & White",1973-05-09T07:00:00.000Z,41.90187971460,-87.62506376200,"{'latitude': '41.9018797146', 'longitude': '-87.625063762'}",6,37,21182,105,36,22
Fisher Studio Houses,L- 80,1209 N State Pkwy,1936,Andrew Rebori & Edgar Miller,1996-07-31T07:00:00.000Z,41.90427606970,-87.62829419560,"{'latitude': '41.9042760697', 'longitude': '-87.6282941956'}",54,37,14926,308,34,51
(Former) Marshfield Trust and Savings Bank Bldg,L-272,3321 N Lincoln Av,,,,41.94219180250,-87.67016345450,"{'latitude': '41.9421918025', 'longitude': '-87.6701634545'}",22,57,4449,742,18,16
Chicago City  Bank & Trust Co,L-268,815-815 W 63RD ST,1920,,,41.77939885270,-87.64552885020,"{'latitude': '41.7793988527', 'longitude': '-87.6455288502'}",11,66,21559,436,4,53
Courthouse Place,L- 77,54 W Hubbard St,1893,Otto H. Matz,1993-06-09T07:00:00.000Z,41.89027097980,-87.63013194490,"{'latitude': '41.8902709798', 'longitude': '-87.6301319449'}",55,37,4446,670,36,22
Drake Fountain,L- 06,92nd St @ South Chicago & Exchange Ave,1892,Richard Henry Park,2004-03-10T08:00:00.000Z,41.72809409980,-87.55275866100,"{'latitude': '41.7280940998', 'longitude': '-87.552758661'}",25,42,21202,510,47,43
Marquette Building,L-140,140 S Dearborn St,1895,Holabird and Roche,1975-06-09T07:00:00.000Z,41.87978697320,-87.62974011830,"{'latitude': '41.8797869732', 'longitude': '-87.6297401183'}",34,38,14311,92,36,22
Powhatan Apartments,L- 24,4950 S Chicago Beach Dr,1927-29,Robert DeGolyer & Charles Morgan,1993-01-12T08:00:00.000Z,41.80460840450,-87.58447185190,"{'latitude': '41.8046084045', 'longitude': '-87.5844718519'}",10,5,21192,400,33,1
Chicago Motor Club Building,L-315,69 E. Wacker Place,1928,Holabird & Root,2012-05-09T07:00:00.000Z,41.88703478530,-87.62542509230,"{'latitude': '41.8870347853', 'longitude': '-87.6254250923'}",42,38,14309,580,36,22
Metropolitan Apostolic Community Church Building,L- 39,4100 S Dr Martin Luther King Jr Dr,1890,John Turner Long.1913 mn sanc alt Charles S Frost,2007-07-19T07:00:00.000Z,41.81999824470,-87.61752529820,"{'latitude': '41.8199982447', 'longitude': '-87.6175252982'}",36,4,4301,163,9,12
Delaware Building,L- 95,36 W Randolph St,1872-74,"Wheelock & Thomas,2 story add + atrium 1889 Huber",1983-11-23T08:00:00.000Z,41.88468606800,-87.62919338200,"{'latitude': '41.884686068', 'longitude': '-87.629193382'}",42,38,14309,92,36,22
Truevine Missionary Baptist Church Building,L- 37,6720 S Stewart Av,1892,Holabird and Roche,2007-02-07T08:00:00.000Z,41.77178450830,-87.63525635810,"{'latitude': '41.7717845083', 'longitude': '-87.6352563581'}",11,66,21559,479,32,31
First Church of Deliverance,L- 78,4315 S Wabash Av,1939,"Walter T. Bailey,1946 Add. Kocher,Buss & DeKlerk",1994-10-05T07:00:00.000Z,41.81588260880,-87.62415888400,"{'latitude': '41.8158826088', 'longitude': '-87.624158884'}",36,4,4301,393,9,12
Harris and Selwyn Theaters,L-108,180-90 N Dearborn st,1922,C. Howard Crane & H Kenneth Franzheim,1983-03-31T08:00:00.000Z,41.88505279440,-87.62987599730,"{'latitude': '41.8850527944', 'longitude': '-87.6298759973'}",42,38,14309,92,36,22
Rockefeller Memorial Chapel,L-178,1156-80 E 59th St,1925-28,Bertram Grosvenor Goodhue Associates,2004-11-03T08:00:00.000Z,41.78852590920,-87.59704430720,"{'latitude': '41.7885259092', 'longitude': '-87.5970443072'}",60,8,22260,154,33,32
John Jacob Walser House,L-204,42 N Central Av,1903,Frank Llyod Wright,1984-03-30T08:00:00.000Z,41.88152819610,-87.76537389900,"{'latitude': '41.8815281961', 'longitude': '-87.765373899'}",32,26,22216,618,7,52
Charles Turzak House,L-199,7059 N Olcott Av,1938-39,Bruce Goff,1992-12-09T08:00:00.000Z,42.00956307850,-87.81325193580,"{'latitude': '42.0095630785', 'longitude': '-87.8132519358'}",17,77,22243,654,29,34
Theurer-Wrigley House,L-194,2466 N Lakeview Av,1896,Richard E. Schmidt,1979-08-10T07:00:00.000Z,41.92755240150,-87.63953900640,"{'latitude': '41.9275524015', 'longitude': '-87.6395390064'}",16,68,21190,101,34,51
Holy Trinity Orthodox Cathedral and Rectory,L-114,1121 N Leavitt St,1903,Louis H. Sullivan,1979-03-21T08:00:00.000Z,41.90194370290,-87.68178870880,"{'latitude': '41.9019437029', 'longitude': '-87.6817887088'}",4,25,21560,476,11,16
(Former) Schlitz BreweryTied-House@2159 W.Belmont,L-305,2159 W. Belmont Ave.,1903-1904,Charles Thisslew,2011-07-06T07:00:00.000Z,41.93925020170,-87.68303312980,"{'latitude': '41.9392502017', 'longitude': '-87.6830331298'}",39,46,21538,616,40,16
South Side Community Art Center,L-190,3831 S Michigan Av,1892-93,Gustav Hallburg remod:1940;Hin Bredendieck&Lerner,1994-06-16T07:00:00.000Z,41.82458594830,-87.62264065730,"{'latitude': '41.8245859483', 'longitude': '-87.6226406573'}",36,1,4301,446,9,12
Humboldt Park Receptory Building and Stable,L-257,3015 W Divison St,,,2008-02-06T08:00:00.000Z,41.90230679480,-87.70333639000,"{'latitude': '41.9023067948', 'longitude': '-87.70333639'}",4,25,21560,301,49,10
Jackson-Thomas House,L-122,7053 N Ridge Blvd,1874,Architect Unknown,1984-10-16T07:00:00.000Z,42.01039242100,-87.68192947760,"{'latitude': '42.010392421', 'longitude': '-87.6819294776'}",12,10,22528,44,5,3
American School of Correspondence,L- 46,850 E 58th St,1907,Pond & Pond,1995-04-15T07:00:00.000Z,41.78975392200,-87.60410362840,"{'latitude': '41.789753922', 'longitude': '-87.6041036284'}",60,8,22260,154,33,32
Palmer House Hotel,L- 35,17 E Monroe St,1925-27,Holabird & Roche,2006-12-13T08:00:00.000Z,41.88030688660,-87.62695421770,"{'latitude': '41.8803068866', 'longitude': '-87.6269542177'}",34,38,14311,367,36,22
Site of Haymarket Tragedy,L-186,"Desplaines St(650W), bet Randolph & Lake",1886,,1992-03-25T08:00:00.000Z,41.88515606830,-87.64420847440,"{'latitude': '41.8851560683', 'longitude': '-87.6442084744'}",45,29,4452,784,36,22
"Engine Company 59, Truck 47",L-235,5714 N Ridge Av,1928,Argyle E. Robinson,2003-10-01T07:00:00.000Z,41.98572405950,-87.66403315120,"{'latitude': '41.9857240595', 'longitude': '-87.6640331512'}",14,76,4451,539,16,40
Schoenhofen Brewery,L-179,18th St & Canalport (500W),1886,Admin Bldg: Adolph Cudell,1988-07-13T07:00:00.000Z,41.85805569050,-87.63973187740,"{'latitude': '41.8580556905', 'longitude': '-87.6397318774'}",40,33,21194,126,26,8
Wheeler-Kohn House,L-210,2016-20 S Calumet Av,1870,Otis L. Wheelock,1998-02-05T08:00:00.000Z,41.85491184950,-87.61953359430,"{'latitude': '41.8549118495', 'longitude': '-87.6195335943'}",40,34,21194,374,9,48
"Abraham Lincoln Monument (""Standing Lincoln"")",L-107,Lincoln Park at Dearborn Parkway,1887,"A Saint-Gaudens,Sculptor & S White,Architect",2001-12-12T08:00:00.000Z,41.91260405620,-87.63025541950,"{'latitude': '41.9126040562', 'longitude': '-87.6302554195'}",16,68,21190,271,34,51
"Perkins, Fellows & Hamilton Office and Studio",L-165,814 N Michigan Av,1917,"Perkins, Fellows & Hamilton",1993-12-01T08:00:00.000Z,41.89723205070,-87.62507266760,"{'latitude': '41.8972320507', 'longitude': '-87.6250726676'}",6,37,21182,104,36,22
Lorraine Hansberry House,L-291,6140 S. Rhodes Avenue,1909,Albert G. Ferree,2010-02-10T08:00:00.000Z,41.78273878850,-87.61242010460,"{'latitude': '41.7827387885', 'longitude': '-87.6124201046'}",60,9,22260,331,4,53
(Former) Cosmopolitan State Bank Building,L-280,801 N Clark St,,,,41.89684722050,-87.63082574310,"{'latitude': '41.8968472205', 'longitude': '-87.6308257431'}",54,37,14926,310,11,22
Henry Gerber House,L-102,1710 N Crilly Court,1885,Architect Unknown,2001-06-06T07:00:00.000Z,41.91321332570,-87.63603058300,"{'latitude': '41.9132133257', 'longitude': '-87.636030583'}",16,68,21190,271,34,51
Union Stock Yard Gate,L-201,Exchange Av (4150S) at Peoria St (900W),1875,Burnham and Root,1972-02-24T08:00:00.000Z,41.81862876490,-87.64868075290,"{'latitude': '41.8186287649', 'longitude': '-87.6486807529'}",37,59,14924,123,48,26
Kenna Apartments,L-127,2214 E 69th St,1916,Barry Byrne,1990-09-12T07:00:00.000Z,41.77010031150,-87.57079824330,"{'latitude': '41.7701003115', 'longitude': '-87.5707982433'}",24,39,22538,134,33,32
Gauler Twin House,L-100,5917 N Magnolia Av,1908,Walter Burley Griffin,2000-06-28T07:00:00.000Z,41.98961170100,-87.66119005390,"{'latitude': '41.989611701', 'longitude': '-87.6611900539'}",14,76,4451,539,16,40
Henry V. Peters House,L- 09,4731 N Knox Ave,1906,Walter Burley Griffin,2004-05-05T07:00:00.000Z,41.96721992640,-87.74366993500,"{'latitude': '41.9672199264', 'longitude': '-87.743669935'}",48,16,21869,362,38,20
Daley Center,L- 78,50 West Washington St,1965,"C.F. Murphy Associates, Sculptor:Pablo Picasso",2002-11-06T08:00:00.000Z,41.88384711560,-87.63018306970,"{'latitude': '41.8838471156', 'longitude': '-87.6301830697'}",41,38,14310,92,36,22
Abraham Groesbeck House,L-106,1304 W  Washington Blvd,1869,Otis L. Wheelock,1993-01-12T08:00:00.000Z,41.88329082470,-87.66004766390,"{'latitude': '41.8832908247', 'longitude': '-87.6600476639'}",44,29,14917,63,46,41
George Cleveland Hall Branch Library,L-288,4801 S. Michigan Avenue,1931,Charles Hodgdon,2010-02-10T08:00:00.000Z,41.80711009000,-87.62230101970,"{'latitude': '41.80711009', 'longitude': '-87.6223010197'}",10,4,21192,448,9,12
Hazelton-Mikota House,L-110,5453 N Forest Glen Av,1881,Architect Unknown,2005-07-27T07:00:00.000Z,41.98103936230,-87.75387856350,"{'latitude': '41.9810393623', 'longitude': '-87.7538785635'}",48,12,21869,746,38,20
Holden Block,L-301,1027 W. Madison St.,1872,Stephen Vaughn Shipman,2011-05-04T07:00:00.000Z,41.88140272950,-87.65325227230,"{'latitude': '41.8814027295', 'longitude': '-87.6532522723'}",44,29,14917,91,26,48
Harriet F. Rees House,L-316,2110 S. Prairie Ave.,1888,Cobb & Frost,2012-03-14T07:00:00.000Z,41.85392212500,-87.62113487790,"{'latitude': '41.853922125', 'longitude': '-87.6211348779'}",40,34,21194,374,9,48
Ransom R Cable House,L- 38,25 E Erie St,1886,Cobb & Frost,2007-04-11T07:00:00.000Z,41.89388015980,-87.62716598700,"{'latitude': '41.8938801598', 'longitude': '-87.627165987'}",6,37,21182,626,36,22
Mather Tower,L-142,75 E Wacker Dr,1928,Herbert Hugh Riddle,2001-03-07T08:00:00.000Z,41.88760597760,-87.62542720140,"{'latitude': '41.8876059776', 'longitude': '-87.6254272014'}",42,38,14309,580,36,22
Site of Fort Dearborn,L-185,at the intersection of Miochigan av & Wacker Dr,1803-37,,1971-09-15T07:00:00.000Z,41.88835164850,-87.62450976990,"{'latitude': '41.8883516485', 'longitude': '-87.6245097699'}",42,38,14309,580,36,22
One North LaSalle Building,L-160,1 N LaSalle St,1929-30,K.M. Vizthum & Co with John Burns,1996-04-16T07:00:00.000Z,41.88231360510,-87.63200593550,"{'latitude': '41.8823136051', 'longitude': '-87.6320059355'}",41,38,14310,92,36,22
Allan Miller House,L-147,7121 S Paxton Av,1915,John S Van Bergan,1993-12-01T08:00:00.000Z,41.76547230180,-87.57101082020,"{'latitude': '41.7654723018', 'longitude': '-87.5710108202'}",24,39,22538,453,33,32
Canaan Baptist Church of Christ Building,L- 61,6657-59 S Harvard Av,1904-05,Solon S. Beman,2006-07-26T07:00:00.000Z,41.77296259190,-87.63278110670,"{'latitude': '41.7729625919', 'longitude': '-87.6327811067'}",11,66,21559,435,32,31
Oliver Building,L-158,159 N Dearborn St,1907,Top Addit 1920;Holabird & Roche,1984-05-09T07:00:00.000Z,41.88493929480,-87.62925372030,"{'latitude': '41.8849392948', 'longitude': '-87.6292537203'}",42,38,14309,92,36,22
Jessie and William Adams House,L- 42,9326 S Pleasant Av,1901,Frank Lloyd Wright,1994-06-16T07:00:00.000Z,41.72399694880,-87.67019014720,"{'latitude': '41.7239969488', 'longitude': '-87.6701901472'}",59,71,22212,627,42,33
Waller Apartments,L-203,2840-58 W Walnut St,1895,Frank Llyod Wright,1994-03-02T08:00:00.000Z,41.88563166880,-87.69836233470,"{'latitude': '41.8856316688', 'longitude': '-87.6983623347'}",28,28,21184,50,46,41
Fine Arts Building,L- 92,410 S Michigan Av,1885,add & remod. 1898 Solon S. Beman,1978-06-07T07:00:00.000Z,41.87646842990,-87.62484617300,"{'latitude': '41.8764684299', 'longitude': '-87.624846173'}",35,38,14913,367,36,48
(Former) Schlitz BreweryTied-House@3159NSouthport,L-306,3159 N. Southport Ave.,1903,Frommann and Jebsen,2011-07-06T07:00:00.000Z,41.93964771290,-87.66345089800,"{'latitude': '41.9396477129', 'longitude': '-87.663450898'}",22,57,4449,679,40,16
Yondorf Block and Hall,L-216,758 W North Av,1887,Frederick Ahlschlager,2001-07-25T07:00:00.000Z,41.91119341570,-87.64786907790,"{'latitude': '41.9111934157', 'longitude': '-87.6478690779'}",16,68,21190,273,11,51
Indian Boundary Park Fieldhouse,L-120,2500 W Lunt Av,1929,Clarence Hatzfeld,2005-05-11T07:00:00.000Z,42.00887610440,-87.69259933150,"{'latitude': '42.0088761044', 'longitude': '-87.6925993315'}",12,20,22528,42,27,42
R.R. Donnelley & Sons Co. Calumet Plant,L- 08,350 E Cermak Rd,1912-25,Howard Van Doren Shaw,2004-03-31T08:00:00.000Z,41.85368037500,-87.61828780930,"{'latitude': '41.853680375', 'longitude': '-87.6182878093'}",40,34,21194,374,9,48
Wendell Phillips High School,L- 22,244 E Pershing Rd,1904,William Bryce Mundie,2003-05-07T07:00:00.000Z,41.82475145430,-87.61980653440,"{'latitude': '41.8247514543', 'longitude': '-87.6198065344'}",36,1,4301,222,9,12
Chicago & North Western Railway Powerhouse,L- 16,211 N Clinton St,1909-11,Frost & Granger,2006-01-11T08:00:00.000Z,41.88618881540,-87.64090956540,"{'latitude': '41.8861888154', 'longitude': '-87.6409095654'}",45,29,4452,784,36,22
Shoreland Hotel,L-295,5454 South Shore Drive,1925-1926,Meyer Fridstein,2010-09-08T07:00:00.000Z,41.79618792060,-87.58146142190,"{'latitude': '41.7961879206', 'longitude': '-87.5814614219'}",10,8,21192,501,33,32
John and Clara Merchant House,L-273,3854 N Kostner Av,,,,41.95148124670,-87.73849061710,"{'latitude': '41.9514812467', 'longitude': '-87.7384906171'}",21,16,22618,327,50,25
Page Brothers Building,L- 40,177-191 N State St,1872,"John M. Van Osdel,1902 State St facade:Hill",1983-01-28T08:00:00.000Z,41.88548876220,-87.62758983190,"{'latitude': '41.8854887622', 'longitude': '-87.6275898319'}",42,38,14309,580,36,22
Henry B Clarke House,L- 74,1855 S Indiana Av,1836,Unknown,1970-10-14T07:00:00.000Z,41.85706685460,-87.62187158570,"{'latitude': '41.8570668546', 'longitude': '-87.6218715857'}",40,34,21194,374,9,48
Chicago and Alton Bridge,L-244,"S Fork of S Branch, N of Archer & E of Ashland",,,2007-12-12T08:00:00.000Z,41.83987359430,-87.66464136740,"{'latitude': '41.8398735943', 'longitude': '-87.6646413674'}",43,33,14920,126,26,26
Blackstone Hotel,L- 18,636 S Michigan Ave,1910,Marshall & Fox,1998-04-29T07:00:00.000Z,41.87335142220,-87.62477543920,"{'latitude': '41.8733514222', 'longitude': '-87.6247754392'}",35,38,14913,368,36,48
Carbide and Carbon Building,L- 62,230 N Michigan Av,1929,"Burnham Brothers, Inc.",1996-05-09T07:00:00.000Z,41.88652361430,-87.62499482360,"{'latitude': '41.8865236143', 'longitude': '-87.6249948236'}",42,38,14309,580,36,22
American Book Company,L-284,320 E. Cermak Rd & 2132 S. Calumet Ave,1909,,,41.85322454910,-87.61951752380,"{'latitude': '41.8532245491', 'longitude': '-87.6195175238'}",40,34,21194,374,9,48
All Saints Church and Rectory,L- 44,4550 N Hermitage Av,1883,John C. Cochrane,1982-12-27T08:00:00.000Z,41.96494522890,-87.67294861600,"{'latitude': '41.9649452289', 'longitude': '-87.672948616'}",15,31,22616,576,18,13
Old Dearborn Bank Building,L-157,203 N Wabash Av,1928,C.W. & George L. Rapp,2003-06-04T07:00:00.000Z,41.88605726540,-87.62601965210,"{'latitude': '41.8860572654', 'longitude': '-87.6260196521'}",42,38,14309,580,36,22
On Leong Merchants Association,L-159,2216 S Wentworth Av,1926-27,Michealsen & Rognstad,1993-12-01T08:00:00.000Z,41.85237350100,-87.63231507390,"{'latitude': '41.852373501', 'longitude': '-87.6323150739'}",40,35,21194,3,26,8
Jewelers  Building,L-123,15-17 S Wabash Av,1881-82,Dankmar Adler with Louis H. Sullivan,1981-12-08T08:00:00.000Z,41.88161746910,-87.62566716870,"{'latitude': '41.8816174691', 'longitude': '-87.6256671687'}",34,38,14311,367,36,22
Former Chicago Historical Society Building,L- 96,632 N Dearborn St,1892,Henry Ives Cobb,1997-02-26T08:00:00.000Z,41.89349504420,-87.63006344200,"{'latitude': '41.8934950442', 'longitude': '-87.630063442'}",55,37,4446,670,36,22
Dr. Wallace C. Abbott House,L- 17,4605 N Hermitage Ave,1891,Dahlgren & Lievendahl - rear addit 1906 - unknown,2006-03-01T08:00:00.000Z,41.96542986920,-87.67206060110,"{'latitude': '41.9654298692', 'longitude': '-87.6720606011'}",15,31,22616,559,18,13
Lake-Franklin Group,L-131,227-35 W Lake St & 173-91 N Franklin St,1872-75,"Burling & Adler, George Edbrooke. Addit 1896:Adler",1977-02-26T08:00:00.000Z,41.88536888680,-87.63510253380,"{'latitude': '41.8853688868', 'longitude': '-87.6351025338'}",46,38,14914,92,36,22
Heyworth Building,L-112,29 E Madison st,1904,D.H. Burnham & Co.,2000-09-27T07:00:00.000Z,41.88185955880,-87.62668738450,"{'latitude': '41.8818595588', 'longitude': '-87.6266873845'}",34,38,14311,367,36,22
Thalia Hall,L-193,1215-25 W 18th St,1892,Faber & Pagels,1989-10-25T07:00:00.000Z,41.85771018220,-87.65729385520,"{'latitude': '41.8577101822', 'longitude': '-87.6572938552'}",43,33,14920,365,26,8
Palmolive Building,L-161,919 N Michigan Av,1927-29,Holabird & Root,2000-02-16T08:00:00.000Z,41.89977946200,-87.62350152100,"{'latitude': '41.899779462', 'longitude': '-87.623501521'}",6,37,21182,233,11,22
St Charles Air Line Bridge,L-241,"S B Chgo River, N of 16th St & E of Lumber St",,,2007-12-12T08:00:00.000Z,41.86092399060,-87.63453041790,"{'latitude': '41.8609239906', 'longitude': '-87.6345304179'}",44,34,21194,97,26,48
LaSalle Street Cable Car Powerhouse,L-133,500 N LaSalle St,1887,North Chicago Street Railroad Co.,2001-06-27T07:00:00.000Z,41.89103913330,-87.63296225660,"{'latitude': '41.8910391333', 'longitude': '-87.6329622566'}",55,37,4446,670,36,22
Quinn Chapel,L-169,2401 S Wabash Av,1892,Henry F. Starbuck,1977-08-31T07:00:00.000Z,41.84907304410,-87.62507640520,"{'latitude': '41.8490730441', 'longitude': '-87.6250764052'}",40,34,21194,193,9,48
North Chicago Hospital Building,L-277,2551 N Clark Street,,,,41.92947135530,-87.64201185260,"{'latitude': '41.9294713553', 'longitude': '-87.6420118526'}",16,68,21190,18,34,51
Peoples Gas-South Chicago Neighborhood Store,L-164,8935 S Commercial Av,1925,George Grant Elmslie & Herman V. von Holst,1996-04-16T07:00:00.000Z,41.73264845090,-87.55092054680,"{'latitude': '41.7326484509', 'longitude': '-87.5509205468'}",25,42,21202,175,47,47
(Former) Schlitz BreweryTied-House@1944 N.Oakley,L-310,1944 N. Oakley Ave.,1898,Kley  & Lang,2011-10-05T07:00:00.000Z,41.91748423900,-87.68525569570,"{'latitude': '41.917484239', 'longitude': '-87.6852556957'}",1,23,22535,373,40,16
Getty Tomb,L-103,"Graceland Cemetery, 4011 N Clark St",1890,Louis H. Sullivan,1971-03-10T08:00:00.000Z,41.96123007490,-87.66118862080,"{'latitude': '41.9612300749', 'longitude': '-87.6611886208'}",53,31,21186,241,39,37
"Engine Company 129, Truck 50",L-236,8120 S Ashland Av,1928-29,Argyle E. Robinson,2003-10-01T07:00:00.000Z,41.74600513300,-87.66370577170,"{'latitude': '41.746005133', 'longitude': '-87.6637057717'}",59,70,21554,574,13,18
James Charnley House,L- 65,1365 N Astor st,1891,"Adler and Sullivan, Frank Lloyd Wright",1972-08-20T07:00:00.000Z,41.90764801710,-87.62747782300,"{'latitude': '41.9076480171', 'longitude': '-87.627477823'}",54,37,14926,308,34,51
Beeson House and Coach House,L-224,5810 W Midway Park,1892,Frederick Schock,1999-01-20T08:00:00.000Z,41.88931788920,-87.77060810720,"{'latitude': '41.8893178892', 'longitude': '-87.7706081072'}",32,26,22216,672,7,52
